station_id,timestamp,pm25,pm10,no2,so2,o3
1,2026-08-31T14:00:00,57.6,96.0,39.1,6.9,42.7
2,2026-08-31T14:00:00,85.4,144.5,50.9,4.5,39.4
3,2026-08-31T14:00:00,99.7,182.7,44.7,21.3,46.2
4,2026-08-31T14:00:00,88.6,163.8,57.4,7.7,37.2
5,2026-08-31T14:00:00,44.1,77.9,36.1,3.0,39.6
6,2026-08-31T14:00:00,76.3,127.6,49.5,6.7,43.8
1,2026-08-31T15:00:00,53.8,100.5,38.5,5.5,40.8
2,2026-08-31T15:00:00,99.2,176.4,51.2,6.5,43.8
3,2026-08-31T15:00:00,95.6,164.3,51.1,18.6,47.0
4,2026-08-31T15:00:00,88.1,148.3,58.3,6.5,39.1
5,2026-08-31T15:00:00,43.7,73.7,31.4,3.6,45.9
6,2026-08-31T15:00:00,66.9,111.1,37.5,8.5,54.9
1,2026-08-31T16:00:00,61.4,105.7,39.6,7.6,50.6
2,2026-08-31T16:00:00,90.2,149.3,58.1,3.3,45.3
3,2026-08-31T16:00:00,96.9,186.8,45.4,20.6,49.2
4,2026-08-31T16:00:00,81.4,142.8,59.1,8.3,46.2
5,2026-08-31T16:00:00,42.9,70.9,35.0,3.0,49.2
6,2026-08-31T16:00:00,75.7,144.2,45.8,10.0,52.6
1,2026-08-31T17:00:00,66.3,127.1,42.6,5.9,28.9
2,2026-08-31T17:00:00,90.2,153.6,55.1,5.9,20.9
3,2026-08-31T17:00:00,115.7,196.8,49.4,19.6,20.5
4,2026-08-31T17:00:00,90.2,167.8,59.4,4.5,14.2
5,2026-08-31T17:00:00,53.4,99.4,35.9,4.2,13.4
6,2026-08-31T17:00:00,71.4,130.5,44.6,7.4,22.4
1,2026-08-31T18:00:00,88.6,147.6,58.9,8.5,23.5
2,2026-08-31T18:00:00,119.1,199.3,61.0,7.4,21.5
3,2026-08-31T18:00:00,151.2,279.4,68.6,22.7,12.7
4,2026-08-31T18:00:00,114.6,205.4,70.7,6.8,13.0
5,2026-08-31T18:00:00,53.1,95.6,53.7,5.7,17.2
6,2026-08-31T18:00:00,105.0,190.4,69.3,8.0,20.4
1,2026-08-31T19:00:00,91.1,153.5,54.6,7.8,19.4
2,2026-08-31T19:00:00,111.8,210.5,61.6,7.5,17.2
3,2026-08-31T19:00:00,148.6,259.5,65.3,21.2,16.9
4,2026-08-31T19:00:00,142.2,266.7,65.4,8.5,20.5
5,2026-08-31T19:00:00,67.1,117.8,52.8,6.6,16.3
6,2026-08-31T19:00:00,104.8,175.5,62.6,9.0,23.9
1,2026-08-31T20:00:00,86.6,144.4,57.1,6.4,20.0
2,2026-08-31T20:00:00,121.9,237.4,71.2,6.6,14.9
3,2026-08-31T20:00:00,143.4,261.7,67.9,21.4,12.2
4,2026-08-31T20:00:00,123.5,233.9,67.1,5.5,20.0
5,2026-08-31T20:00:00,71.6,139.0,45.1,4.4,8.2
6,2026-08-31T20:00:00,115.3,222.9,60.9,7.4,20.5
1,2026-08-31T21:00:00,83.4,153.1,53.0,4.3,19.0
2,2026-08-31T21:00:00,127.0,224.9,71.0,7.7,23.5
3,2026-08-31T21:00:00,135.0,259.4,59.9,15.1,16.1
4,2026-08-31T21:00:00,133.3,259.1,67.8,3.2,17.6
5,2026-08-31T21:00:00,64.3,123.4,53.4,3.3,16.2
6,2026-08-31T21:00:00,108.3,201.1,52.4,6.9,18.9
1,2026-08-31T22:00:00,62.8,110.6,35.6,4.2,15.5
2,2026-08-31T22:00:00,84.7,151.1,46.7,3.2,18.8
3,2026-08-31T22:00:00,115.8,218.5,40.9,19.4,27.5
4,2026-08-31T22:00:00,108.4,197.4,41.1,4.5,20.3
5,2026-08-31T22:00:00,47.5,84.2,25.9,3.7,18.9
6,2026-08-31T22:00:00,89.8,155.7,40.9,7.0,20.3
1,2026-08-31T23:00:00,61.5,106.8,27.3,5.4,29.1
2,2026-08-31T23:00:00,96.0,175.6,48.1,3.0,14.8
3,2026-08-31T23:00:00,109.0,198.6,38.6,19.7,15.6
4,2026-08-31T23:00:00,86.8,166.1,50.6,9.7,16.4
5,2026-08-31T23:00:00,55.0,94.6,24.0,5.5,21.6
6,2026-08-31T23:00:00,75.8,143.1,36.3,9.6,27.1
1,2026-09-01T00:00:00,61.7,102.4,24.8,5.7,16.6
2,2026-09-01T00:00:00,95.2,175.4,33.7,7.2,25.5
3,2026-09-01T00:00:00,109.6,185.9,29.8,24.7,17.2
4,2026-09-01T00:00:00,101.5,185.9,32.6,10.5,16.0
5,2026-09-01T00:00:00,54.6,91.0,11.5,3.0,21.4
6,2026-09-01T00:00:00,72.8,130.0,21.0,7.8,16.9
1,2026-09-01T01:00:00,69.4,114.8,19.4,5.9,14.8
2,2026-09-01T01:00:00,85.8,164.7,34.3,5.2,15.8
3,2026-09-01T01:00:00,119.9,216.7,20.0,17.0,13.3
4,2026-09-01T01:00:00,105.0,186.1,32.8,9.2,23.1
5,2026-09-01T01:00:00,52.1,87.5,12.2,3.0,18.9
6,2026-09-01T01:00:00,72.0,138.1,27.0,7.3,22.2
1,2026-09-01T02:00:00,71.8,130.4,9.7,3.8,21.9
2,2026-09-01T02:00:00,86.6,164.6,32.5,6.4,19.4
3,2026-09-01T02:00:00,98.8,182.3,27.1,20.5,24.5
4,2026-09-01T02:00:00,102.3,170.2,30.4,8.3,15.1
5,2026-09-01T02:00:00,45.9,85.6,12.2,3.0,26.3
6,2026-09-01T02:00:00,80.0,146.3,18.3,10.6,15.2
1,2026-09-01T03:00:00,43.3,81.8,16.2,6.7,10.9
2,2026-09-01T03:00:00,67.4,124.5,34.1,8.0,19.8
3,2026-09-01T03:00:00,68.6,132.0,29.1,19.0,22.5
4,2026-09-01T03:00:00,63.7,119.0,40.6,6.9,16.2
5,2026-09-01T03:00:00,37.7,64.8,15.6,4.0,22.9
6,2026-09-01T03:00:00,47.9,89.6,19.5,7.5,16.9
1,2026-09-01T04:00:00,55.5,98.0,14.8,6.2,17.3
2,2026-09-01T04:00:00,67.1,114.3,36.2,5.1,15.8
3,2026-09-01T04:00:00,80.1,151.8,22.6,18.0,27.4
4,2026-09-01T04:00:00,73.3,133.1,40.0,6.9,14.8
5,2026-09-01T04:00:00,42.7,81.4,5.0,3.0,22.8
6,2026-09-01T04:00:00,57.2,105.7,26.4,10.0,20.0
1,2026-09-01T05:00:00,46.1,80.7,15.2,5.9,19.7
2,2026-09-01T05:00:00,63.1,109.0,28.0,7.7,26.7
3,2026-09-01T05:00:00,78.8,145.0,27.5,20.3,17.3
4,2026-09-01T05:00:00,81.1,155.0,37.9,6.2,19.5
5,2026-09-01T05:00:00,28.4,48.3,10.9,5.9,22.5
6,2026-09-01T05:00:00,50.1,86.8,30.5,8.2,19.0
1,2026-09-01T06:00:00,82.4,159.9,30.1,4.4,20.8
2,2026-09-01T06:00:00,96.7,173.5,45.7,5.0,25.2
3,2026-09-01T06:00:00,105.7,184.2,40.4,19.4,17.3
4,2026-09-01T06:00:00,122.2,203.1,45.7,5.4,17.8
5,2026-09-01T06:00:00,50.1,87.6,21.4,4.0,16.9
6,2026-09-01T06:00:00,84.7,144.8,34.9,11.1,21.7
1,2026-09-01T07:00:00,67.5,118.2,32.6,6.8,17.2
2,2026-09-01T07:00:00,84.4,159.3,42.7,6.3,26.6
3,2026-09-01T07:00:00,103.2,172.5,43.8,19.2,21.7
4,2026-09-01T07:00:00,99.4,190.1,57.8,6.9,21.5
5,2026-09-01T07:00:00,51.2,95.5,24.2,3.3,11.4
6,2026-09-01T07:00:00,74.5,131.7,37.7,5.7,22.6
1,2026-09-01T08:00:00,76.2,133.4,50.2,7.3,20.6
2,2026-09-01T08:00:00,141.6,267.9,68.0,8.4,19.0
3,2026-09-01T08:00:00,137.8,229.0,61.9,17.4,17.2
4,2026-09-01T08:00:00,124.2,224.1,72.3,11.5,17.4
5,2026-09-01T08:00:00,68.2,130.3,45.9,3.0,17.9
6,2026-09-01T08:00:00,100.9,187.0,58.3,9.6,13.4
1,2026-09-01T09:00:00,82.5,157.7,52.0,7.7,20.3
2,2026-09-01T09:00:00,116.4,207.3,67.9,6.1,18.5
3,2026-09-01T09:00:00,131.9,233.0,59.8,18.8,12.8
4,2026-09-01T09:00:00,111.5,212.9,70.0,3.0,27.2
5,2026-09-01T09:00:00,76.7,145.3,48.7,4.7,17.2
6,2026-09-01T09:00:00,104.7,189.7,52.1,10.2,11.7
1,2026-09-01T10:00:00,77.5,132.1,58.0,5.3,18.6
2,2026-09-01T10:00:00,115.0,210.5,64.9,6.5,18.2
3,2026-09-01T10:00:00,132.9,250.4,59.4,18.3,25.3
4,2026-09-01T10:00:00,128.1,244.5,62.3,6.9,17.5
5,2026-09-01T10:00:00,58.4,106.8,45.2,3.9,19.7
6,2026-09-01T10:00:00,101.5,185.1,58.4,7.6,17.2
1,2026-09-01T11:00:00,62.0,103.6,37.1,6.3,49.1
2,2026-09-01T11:00:00,93.8,175.3,55.3,5.0,44.8
3,2026-09-01T11:00:00,100.7,169.1,53.5,18.8,50.3
4,2026-09-01T11:00:00,100.5,184.6,61.4,7.7,43.8
5,2026-09-01T11:00:00,46.0,77.1,31.8,5.3,41.6
6,2026-09-01T11:00:00,81.2,154.7,45.0,8.5,44.6
1,2026-09-01T12:00:00,62.4,104.5,33.9,4.2,40.9
2,2026-09-01T12:00:00,94.3,177.2,52.3,6.4,39.8
3,2026-09-01T12:00:00,102.5,198.8,42.6,18.2,33.4
4,2026-09-01T12:00:00,84.2,140.5,53.8,6.9,51.0
5,2026-09-01T12:00:00,45.5,82.0,28.4,5.7,47.0
6,2026-09-01T12:00:00,69.6,123.5,43.7,9.4,48.0
1,2026-09-01T13:00:00,59.2,97.9,32.3,4.8,37.2
2,2026-09-01T13:00:00,68.6,121.3,48.9,9.3,44.2
3,2026-09-01T13:00:00,95.8,159.2,50.0,21.3,50.6
4,2026-09-01T13:00:00,82.9,155.1,56.4,11.3,45.5
5,2026-09-01T13:00:00,43.0,79.5,35.4,3.0,46.1
6,2026-09-01T13:00:00,66.0,111.3,47.2,11.0,47.2
1,2026-09-01T14:00:00,59.5,108.6,41.2,6.0,41.6
2,2026-09-01T14:00:00,71.6,131.3,43.7,5.9,43.9
3,2026-09-01T14:00:00,100.9,189.3,51.6,19.2,48.6
4,2026-09-01T14:00:00,89.4,167.0,56.0,6.2,47.3
5,2026-09-01T14:00:00,52.8,91.8,39.9,5.1,46.3
6,2026-09-01T14:00:00,76.0,148.0,42.2,7.9,41.6
1,2026-09-01T15:00:00,60.2,105.7,36.8,7.8,39.2
2,2026-09-01T15:00:00,84.2,153.9,48.3,3.5,38.0
3,2026-09-01T15:00:00,100.2,182.8,52.1,23.2,51.5
4,2026-09-01T15:00:00,96.7,180.1,57.3,7.5,50.9
5,2026-09-01T15:00:00,44.6,81.6,34.3,5.0,52.4
6,2026-09-01T15:00:00,77.8,142.1,38.4,7.4,40.5
1,2026-09-01T16:00:00,52.3,100.0,36.4,5.7,44.2
2,2026-09-01T16:00:00,65.5,122.4,51.3,5.2,46.9
3,2026-09-01T16:00:00,97.7,168.9,49.1,19.0,41.6
4,2026-09-01T16:00:00,90.6,160.7,52.9,8.8,43.9
5,2026-09-01T16:00:00,41.2,70.4,32.0,8.7,45.3
6,2026-09-01T16:00:00,75.0,136.4,42.2,6.3,45.2
1,2026-09-01T17:00:00,65.3,116.7,33.0,4.7,16.2
2,2026-09-01T17:00:00,84.0,150.2,53.4,5.1,14.8
3,2026-09-01T17:00:00,108.3,207.3,47.7,20.5,19.3
4,2026-09-01T17:00:00,94.2,174.0,58.5,6.4,22.6
5,2026-09-01T17:00:00,53.2,100.5,41.3,3.5,13.1
6,2026-09-01T17:00:00,78.7,153.1,45.7,7.7,16.4
1,2026-09-01T18:00:00,93.3,181.0,54.0,4.8,22.6
2,2026-09-01T18:00:00,113.0,216.6,67.4,6.8,16.6
3,2026-09-01T18:00:00,156.0,279.5,59.5,22.1,17.6
4,2026-09-01T18:00:00,131.6,230.9,67.0,10.5,16.7
5,2026-09-01T18:00:00,57.3,105.4,50.6,3.0,22.8
6,2026-09-01T18:00:00,114.6,206.7,64.5,6.3,15.3
1,2026-09-01T19:00:00,92.1,159.2,55.6,6.2,14.1
2,2026-09-01T19:00:00,122.9,206.9,70.3,5.3,17.6
3,2026-09-01T19:00:00,146.8,275.4,66.4,18.4,20.6
4,2026-09-01T19:00:00,123.7,226.3,69.6,5.2,13.7
5,2026-09-01T19:00:00,71.0,118.5,49.8,6.2,19.1
6,2026-09-01T19:00:00,115.1,210.7,56.7,8.1,21.8
1,2026-09-01T20:00:00,68.3,114.8,53.2,3.0,19.7
2,2026-09-01T20:00:00,120.9,212.6,66.9,5.1,17.9
3,2026-09-01T20:00:00,153.5,262.8,57.9,19.5,22.3
4,2026-09-01T20:00:00,130.3,239.1,69.2,6.7,14.8
5,2026-09-01T20:00:00,63.0,111.9,49.0,3.5,21.1
6,2026-09-01T20:00:00,104.6,184.6,58.8,4.0,15.1
1,2026-09-01T21:00:00,85.2,164.7,56.2,7.2,22.7
2,2026-09-01T21:00:00,121.8,206.2,66.8,6.3,17.2
3,2026-09-01T21:00:00,141.7,248.4,65.6,22.0,19.9
4,2026-09-01T21:00:00,133.4,252.1,71.8,7.9,19.0
5,2026-09-01T21:00:00,62.5,116.4,48.8,6.9,17.0
6,2026-09-01T21:00:00,101.2,169.2,62.9,5.0,14.8
1,2026-09-01T22:00:00,66.1,122.7,29.9,3.0,18.0
2,2026-09-01T22:00:00,80.3,154.2,41.7,7.8,16.7
3,2026-09-01T22:00:00,102.6,186.0,35.8,17.1,24.3
4,2026-09-01T22:00:00,92.4,179.2,41.7,3.3,21.0
5,2026-09-01T22:00:00,49.1,95.7,18.9,5.7,25.8
6,2026-09-01T22:00:00,72.7,141.0,35.2,8.8,19.9
1,2026-09-01T23:00:00,63.7,110.4,30.4,3.0,17.9
2,2026-09-01T23:00:00,93.5,165.1,39.1,3.0,30.6
3,2026-09-01T23:00:00,114.3,208.3,44.0,19.0,17.5
4,2026-09-01T23:00:00,105.7,178.7,49.8,5.3,12.5
5,2026-09-01T23:00:00,51.5,96.4,28.3,3.0,20.8
6,2026-09-01T23:00:00,76.1,134.9,35.9,7.0,17.4
1,2026-09-02T00:00:00,61.8,116.7,17.5,5.0,17.4
2,2026-09-02T00:00:00,89.2,171.4,32.1,5.8,10.0
3,2026-09-02T00:00:00,101.4,171.0,30.8,21.5,26.7
4,2026-09-02T00:00:00,105.1,198.8,38.4,9.4,29.0
5,2026-09-02T00:00:00,48.8,89.7,9.4,3.9,21.8
6,2026-09-02T00:00:00,83.5,145.6,20.3,8.9,18.8
1,2026-09-02T01:00:00,62.7,112.7,23.5,3.0,20.1
2,2026-09-02T01:00:00,91.1,167.9,33.6,6.1,16.2
3,2026-09-02T01:00:00,101.9,179.4,29.2,18.8,16.4
4,2026-09-02T01:00:00,105.8,183.9,40.8,8.0,14.4
5,2026-09-02T01:00:00,51.9,99.5,7.9,3.0,11.0
6,2026-09-02T01:00:00,83.7,153.0,10.0,8.3,16.9
1,2026-09-02T02:00:00,67.8,122.5,19.5,5.2,21.9
2,2026-09-02T02:00:00,93.6,167.3,30.5,3.2,14.7
3,2026-09-02T02:00:00,111.5,216.2,26.4,18.1,15.4
4,2026-09-02T02:00:00,102.0,187.8,37.9,10.5,13.9
5,2026-09-02T02:00:00,49.8,92.7,12.5,3.6,18.2
6,2026-09-02T02:00:00,84.0,150.2,22.9,3.9,24.1
1,2026-09-02T03:00:00,56.4,100.5,11.4,5.2,18.7
2,2026-09-02T03:00:00,62.5,116.6,30.0,7.8,12.8
3,2026-09-02T03:00:00,77.0,127.3,28.1,19.0,20.5
4,2026-09-02T03:00:00,69.1,114.6,34.1,11.5,17.0
5,2026-09-02T03:00:00,39.0,68.9,12.0,4.2,18.4
6,2026-09-02T03:00:00,62.6,107.8,15.8,8.4,14.2
1,2026-09-02T04:00:00,39.4,71.1,20.8,6.8,21.1
2,2026-09-02T04:00:00,65.2,111.2,18.5,8.1,16.3
3,2026-09-02T04:00:00,85.3,160.5,27.9,20.3,18.4
4,2026-09-02T04:00:00,65.6,114.2,25.4,8.7,13.4
5,2026-09-02T04:00:00,32.1,60.8,14.4,3.0,23.8
6,2026-09-02T04:00:00,69.5,126.8,23.0,9.6,12.0
1,2026-09-02T05:00:00,57.6,101.4,26.5,6.9,21.3
2,2026-09-02T05:00:00,60.1,105.4,35.4,7.2,21.1
3,2026-09-02T05:00:00,74.4,140.3,21.9,22.3,17.8
4,2026-09-02T05:00:00,80.9,154.4,38.4,8.3,15.9
5,2026-09-02T05:00:00,40.8,75.6,13.1,5.4,22.4
6,2026-09-02T05:00:00,62.0,108.5,16.5,7.1,24.1
1,2026-09-02T06:00:00,75.9,146.7,33.4,7.2,13.3
2,2026-09-02T06:00:00,87.3,169.7,37.0,6.4,15.0
3,2026-09-02T06:00:00,125.9,222.8,32.0,18.1,11.0
4,2026-09-02T06:00:00,99.5,166.9,48.6,10.6,23.4
5,2026-09-02T06:00:00,64.6,112.7,29.0,3.0,17.1
6,2026-09-02T06:00:00,80.2,138.4,39.7,9.5,17.8
1,2026-09-02T07:00:00,64.3,107.9,30.9,5.2,11.6
2,2026-09-02T07:00:00,116.5,200.7,47.4,5.4,19.1
3,2026-09-02T07:00:00,104.5,174.4,41.9,18.8,24.5
4,2026-09-02T07:00:00,108.5,203.0,49.3,5.8,18.2
5,2026-09-02T07:00:00,45.9,88.1,25.8,5.2,26.6
6,2026-09-02T07:00:00,98.6,164.6,31.3,7.2,21.4
1,2026-09-02T08:00:00,78.6,151.6,51.8,4.1,25.0
2,2026-09-02T08:00:00,135.7,251.8,62.7,5.7,15.6
3,2026-09-02T08:00:00,156.3,296.7,54.2,21.5,13.4
4,2026-09-02T08:00:00,141.6,270.1,62.3,9.1,19.9
5,2026-09-02T08:00:00,59.7,101.7,44.1,5.4,18.4
6,2026-09-02T08:00:00,100.5,184.1,51.7,5.6,15.7
1,2026-09-02T09:00:00,82.8,154.1,55.5,3.0,22.1
2,2026-09-02T09:00:00,110.7,187.4,59.9,4.4,20.6
3,2026-09-02T09:00:00,137.2,259.0,59.1,17.9,26.1
4,2026-09-02T09:00:00,127.2,228.4,69.3,9.5,15.5
5,2026-09-02T09:00:00,61.1,117.3,47.9,5.8,20.0
6,2026-09-02T09:00:00,98.6,192.2,58.8,4.6,20.5
1,2026-09-02T10:00:00,72.6,135.5,53.4,6.8,17.2
2,2026-09-02T10:00:00,116.6,210.5,67.9,7.2,14.6
3,2026-09-02T10:00:00,140.6,270.3,62.4,22.3,21.1
4,2026-09-02T10:00:00,119.1,203.7,67.3,5.1,14.9
5,2026-09-02T10:00:00,67.1,127.3,46.8,5.1,21.7
6,2026-09-02T10:00:00,96.1,178.6,58.2,9.3,12.5
1,2026-09-02T11:00:00,67.3,112.8,34.7,7.7,43.2
2,2026-09-02T11:00:00,83.3,159.9,56.7,5.7,47.9
3,2026-09-02T11:00:00,114.0,217.4,50.0,18.4,49.9
4,2026-09-02T11:00:00,108.0,179.5,59.6,8.1,49.4
5,2026-09-02T11:00:00,50.1,94.0,39.8,3.0,39.6
6,2026-09-02T11:00:00,72.9,142.1,46.9,9.6,48.5
1,2026-09-02T12:00:00,64.3,124.3,36.0,3.0,49.5
2,2026-09-02T12:00:00,74.5,138.7,51.4,10.3,42.9
3,2026-09-02T12:00:00,102.1,197.9,46.6,25.6,40.6
4,2026-09-02T12:00:00,79.6,132.6,61.1,7.1,43.2
5,2026-09-02T12:00:00,42.6,74.0,36.1,4.0,49.8
6,2026-09-02T12:00:00,68.8,117.9,45.2,8.0,38.8
1,2026-09-02T13:00:00,60.4,104.7,37.2,7.0,40.9
2,2026-09-02T13:00:00,79.0,138.5,51.2,6.3,41.6
3,2026-09-02T13:00:00,116.8,197.8,44.5,21.0,41.6
4,2026-09-02T13:00:00,93.3,172.6,55.2,8.3,46.5
5,2026-09-02T13:00:00,40.8,76.4,23.8,3.0,43.3
6,2026-09-02T13:00:00,69.6,118.9,40.8,12.1,51.5
1,2026-09-02T14:00:00,53.9,91.2,38.9,5.4,41.4
2,2026-09-02T14:00:00,81.4,137.8,53.8,8.8,42.9
3,2026-09-02T14:00:00,102.2,189.3,44.5,18.1,43.6
4,2026-09-02T14:00:00,89.1,156.4,54.2,7.2,41.4
5,2026-09-02T14:00:00,38.6,72.5,27.6,3.0,52.8
6,2026-09-02T14:00:00,83.6,160.8,42.7,9.3,60.7
1,2026-09-02T15:00:00,56.8,97.8,39.7,3.1,41.7
2,2026-09-02T15:00:00,82.8,142.5,49.7,7.7,52.4
3,2026-09-02T15:00:00,103.9,182.2,48.0,19.8,47.8
4,2026-09-02T15:00:00,84.2,163.3,54.8,9.0,50.9
5,2026-09-02T15:00:00,43.6,84.2,35.3,3.0,40.6
6,2026-09-02T15:00:00,82.0,153.8,43.9,9.3,51.1
1,2026-09-02T16:00:00,54.2,93.8,40.5,3.9,41.7
2,2026-09-02T16:00:00,85.2,151.7,43.1,8.2,45.4
3,2026-09-02T16:00:00,107.4,198.4,48.1,21.2,46.9
4,2026-09-02T16:00:00,90.9,170.1,53.5,7.4,44.2
5,2026-09-02T16:00:00,44.5,84.4,34.3,4.8,43.3
6,2026-09-02T16:00:00,65.2,118.9,46.2,10.5,43.1
1,2026-09-02T17:00:00,69.0,118.2,37.3,3.2,22.9
2,2026-09-02T17:00:00,85.7,149.2,47.3,6.7,19.8
3,2026-09-02T17:00:00,103.5,200.9,54.7,20.4,17.5
4,2026-09-02T17:00:00,98.7,179.2,55.1,9.6,16.7
5,2026-09-02T17:00:00,47.6,84.4,36.5,6.5,17.3
6,2026-09-02T17:00:00,80.7,138.8,47.3,11.8,18.1
1,2026-09-02T18:00:00,94.1,174.4,58.9,3.9,16.8
2,2026-09-02T18:00:00,125.5,216.5,69.9,6.3,22.9
3,2026-09-02T18:00:00,151.3,282.7,66.2,17.1,23.4
4,2026-09-02T18:00:00,137.7,236.4,70.0,8.2,10.5
5,2026-09-02T18:00:00,68.3,114.4,47.0,3.4,13.5
6,2026-09-02T18:00:00,108.4,191.6,57.7,8.5,16.4
1,2026-09-02T19:00:00,89.5,155.1,50.2,6.7,17.0
2,2026-09-02T19:00:00,118.3,203.2,68.7,6.1,14.4
3,2026-09-02T19:00:00,137.7,249.1,60.8,17.1,20.4
4,2026-09-02T19:00:00,145.2,242.0,64.2,7.1,16.3
5,2026-09-02T19:00:00,65.2,115.6,48.0,3.0,20.1
6,2026-09-02T19:00:00,114.7,198.6,54.3,10.1,25.3
1,2026-09-02T20:00:00,80.4,140.6,52.9,5.3,21.7
2,2026-09-02T20:00:00,124.7,209.6,64.1,8.2,19.8
3,2026-09-02T20:00:00,160.3,285.1,67.3,17.9,20.9
4,2026-09-02T20:00:00,141.4,235.2,73.0,5.6,23.0
5,2026-09-02T20:00:00,73.2,132.8,44.1,3.0,18.9
6,2026-09-02T20:00:00,108.9,190.8,56.9,8.0,21.1
1,2026-09-02T21:00:00,88.9,167.8,58.3,7.2,17.5
2,2026-09-02T21:00:00,127.8,232.2,68.3,4.6,16.5
3,2026-09-02T21:00:00,153.3,258.4,61.4,17.9,18.1
4,2026-09-02T21:00:00,143.5,253.5,63.5,6.6,17.2
5,2026-09-02T21:00:00,68.5,119.7,49.3,3.0,22.8
6,2026-09-02T21:00:00,116.3,216.3,62.1,9.4,19.4
1,2026-09-02T22:00:00,61.0,116.2,34.4,4.4,28.2
2,2026-09-02T22:00:00,93.5,177.3,45.7,6.4,15.6
3,2026-09-02T22:00:00,113.8,200.2,41.9,23.8,20.4
4,2026-09-02T22:00:00,104.6,183.0,49.5,5.4,24.5
5,2026-09-02T22:00:00,49.0,89.4,23.0,4.6,17.3
6,2026-09-02T22:00:00,75.5,144.6,33.0,4.7,12.6
1,2026-09-02T23:00:00,65.5,111.1,38.1,3.8,10.8
2,2026-09-02T23:00:00,85.5,142.6,44.8,10.7,22.8
3,2026-09-02T23:00:00,110.5,201.1,36.1,21.1,14.9
4,2026-09-02T23:00:00,107.2,179.5,48.2,11.8,16.4
5,2026-09-02T23:00:00,42.4,77.3,26.8,4.8,23.5
6,2026-09-02T23:00:00,73.9,123.1,37.6,10.0,18.8
1,2026-09-03T00:00:00,66.6,121.6,22.2,3.7,23.1
2,2026-09-03T00:00:00,90.3,165.4,38.5,7.5,12.9
3,2026-09-03T00:00:00,120.5,207.0,26.0,19.9,13.1
4,2026-09-03T00:00:00,101.7,182.6,27.0,9.5,16.5
5,2026-09-03T00:00:00,53.1,102.9,19.8,5.1,16.0
6,2026-09-03T00:00:00,78.4,142.4,21.0,10.6,23.5
1,2026-09-03T01:00:00,63.0,105.8,15.3,5.9,14.3
2,2026-09-03T01:00:00,82.4,158.8,42.4,6.0,16.6
3,2026-09-03T01:00:00,100.9,178.9,23.7,21.6,15.8
4,2026-09-03T01:00:00,101.0,170.9,34.9,9.9,9.1
5,2026-09-03T01:00:00,46.5,86.1,5.0,3.0,22.6
6,2026-09-03T01:00:00,73.3,137.3,21.3,8.2,17.4
1,2026-09-03T02:00:00,66.2,123.8,21.0,9.7,16.4
2,2026-09-03T02:00:00,90.0,156.2,31.6,7.6,18.5
3,2026-09-03T02:00:00,117.9,213.0,21.6,19.5,21.7
4,2026-09-03T02:00:00,100.9,172.0,36.2,5.6,15.4
5,2026-09-03T02:00:00,46.3,77.5,13.5,4.1,15.1
6,2026-09-03T02:00:00,89.1,165.2,28.5,6.4,22.0
1,2026-09-03T03:00:00,45.5,78.3,25.6,6.4,14.8
2,2026-09-03T03:00:00,79.7,154.6,33.2,4.4,16.9
3,2026-09-03T03:00:00,77.3,137.5,25.6,21.0,16.0
4,2026-09-03T03:00:00,92.0,176.6,33.2,6.6,19.5
5,2026-09-03T03:00:00,34.9,60.2,13.5,3.0,16.5
6,2026-09-03T03:00:00,50.6,91.1,27.7,8.7,26.9
1,2026-09-03T04:00:00,40.6,76.1,23.5,4.0,19.6
2,2026-09-03T04:00:00,61.9,117.9,36.2,4.1,16.4
3,2026-09-03T04:00:00,78.7,140.7,34.9,20.2,15.6
4,2026-09-03T04:00:00,72.2,121.6,40.8,9.2,17.1
5,2026-09-03T04:00:00,35.9,67.6,9.7,3.3,18.1
6,2026-09-03T04:00:00,42.9,82.1,23.8,14.8,27.2
1,2026-09-03T05:00:00,38.5,72.6,15.0,3.9,14.0
2,2026-09-03T05:00:00,67.8,132.1,31.0,7.9,17.5
3,2026-09-03T05:00:00,95.8,161.5,25.9,18.9,17.5
4,2026-09-03T05:00:00,78.7,132.5,33.9,9.8,16.2
5,2026-09-03T05:00:00,41.9,75.2,14.2,3.0,19.2
6,2026-09-03T05:00:00,62.1,106.8,24.6,4.8,19.9
1,2026-09-03T06:00:00,76.7,133.4,26.5,3.9,16.5
2,2026-09-03T06:00:00,85.7,166.0,43.0,7.5,16.4
3,2026-09-03T06:00:00,111.4,193.3,35.7,16.5,21.7
4,2026-09-03T06:00:00,128.7,240.9,44.3,5.3,19.7
5,2026-09-03T06:00:00,59.6,101.5,25.7,3.6,19.6
6,2026-09-03T06:00:00,94.2,181.9,31.3,10.7,19.9
1,2026-09-03T07:00:00,63.4,116.0,25.7,7.2,16.9
2,2026-09-03T07:00:00,102.7,194.8,52.2,6.1,12.3
3,2026-09-03T07:00:00,131.0,240.1,36.4,16.7,15.9
4,2026-09-03T07:00:00,104.0,188.7,44.1,7.6,22.0
5,2026-09-03T07:00:00,63.6,123.1,24.4,6.9,17.0
6,2026-09-03T07:00:00,97.4,173.7,37.9,3.9,17.4
1,2026-09-03T08:00:00,73.8,140.6,52.3,3.8,18.6
2,2026-09-03T08:00:00,111.8,207.1,65.8,9.6,16.7
3,2026-09-03T08:00:00,138.9,241.3,55.9,22.8,14.5
4,2026-09-03T08:00:00,143.8,246.2,69.3,9.2,19.8
5,2026-09-03T08:00:00,77.3,150.2,42.4,5.6,15.7
6,2026-09-03T08:00:00,105.6,185.0,60.5,9.4,19.7
1,2026-09-03T09:00:00,83.5,142.7,58.1,3.0,19.6
2,2026-09-03T09:00:00,103.4,172.2,65.8,5.1,19.5
3,2026-09-03T09:00:00,130.2,238.9,59.5,19.7,12.9
4,2026-09-03T09:00:00,112.7,203.5,74.6,8.4,15.8
5,2026-09-03T09:00:00,64.8,125.1,40.5,5.5,22.7
6,2026-09-03T09:00:00,100.1,187.4,55.4,6.6,17.9
1,2026-09-03T10:00:00,78.8,131.8,41.4,3.6,24.3
2,2026-09-03T10:00:00,109.7,182.3,59.8,10.7,12.3
3,2026-09-03T10:00:00,135.8,255.3,58.6,21.5,13.7
4,2026-09-03T10:00:00,119.2,229.7,64.0,7.2,15.2
5,2026-09-03T10:00:00,61.3,111.4,45.2,4.0,23.5
6,2026-09-03T10:00:00,101.1,190.1,55.5,10.3,17.1
1,2026-09-03T11:00:00,62.5,120.2,39.0,7.1,41.3
2,2026-09-03T11:00:00,89.5,160.3,48.8,5.6,43.8
3,2026-09-03T11:00:00,108.5,207.8,52.0,17.7,44.2
4,2026-09-03T11:00:00,103.4,179.2,56.5,9.8,40.9
5,2026-09-03T11:00:00,47.7,83.1,33.6,3.0,49.2
6,2026-09-03T11:00:00,74.8,140.1,55.1,7.8,37.4
1,2026-09-03T12:00:00,59.3,100.5,46.3,6.9,51.8
2,2026-09-03T12:00:00,81.8,145.3,53.1,8.1,45.0
3,2026-09-03T12:00:00,81.6,144.1,42.0,19.4,36.2
4,2026-09-03T12:00:00,78.8,141.1,59.6,6.4,48.2
5,2026-09-03T12:00:00,44.5,75.6,31.4,3.5,39.7
6,2026-09-03T12:00:00,71.5,131.0,43.9,7.5,44.7
1,2026-09-03T13:00:00,56.6,108.5,32.1,6.3,47.7
2,2026-09-03T13:00:00,72.1,125.0,53.6,6.6,42.5
3,2026-09-03T13:00:00,95.4,185.1,46.8,20.3,48.4
4,2026-09-03T13:00:00,96.6,188.2,54.5,7.9,37.8
5,2026-09-03T13:00:00,46.6,84.5,30.5,7.8,50.1
6,2026-09-03T13:00:00,71.6,135.2,44.3,4.6,48.6
1,2026-09-03T14:00:00,67.1,119.7,40.0,5.8,49.2
2,2026-09-03T14:00:00,68.8,131.4,49.8,7.9,43.8
3,2026-09-03T14:00:00,105.1,196.6,40.3,17.0,44.6
4,2026-09-03T14:00:00,91.7,158.0,50.4,9.6,48.9
5,2026-09-03T14:00:00,46.8,80.2,37.8,6.3,43.2
6,2026-09-03T14:00:00,70.2,120.9,49.0,7.5,39.5
1,2026-09-03T15:00:00,61.4,102.6,34.1,3.1,51.1
2,2026-09-03T15:00:00,78.9,146.8,49.7,6.3,44.6
3,2026-09-03T15:00:00,104.9,187.1,49.3,21.6,49.3
4,2026-09-03T15:00:00,95.2,182.5,46.3,11.2,49.1
5,2026-09-03T15:00:00,43.3,78.0,28.0,3.0,40.6
6,2026-09-03T15:00:00,70.0,129.0,47.4,8.9,49.8
1,2026-09-03T16:00:00,59.4,105.8,38.7,3.0,46.6
2,2026-09-03T16:00:00,75.8,139.8,55.3,6.7,45.7
3,2026-09-03T16:00:00,89.5,173.0,49.9,20.2,42.5
4,2026-09-03T16:00:00,91.9,152.3,58.8,9.5,48.8
5,2026-09-03T16:00:00,47.5,78.9,37.0,3.0,43.5
6,2026-09-03T16:00:00,54.5,98.5,48.1,7.6,36.1
1,2026-09-03T17:00:00,50.8,85.7,35.8,5.1,22.0
2,2026-09-03T17:00:00,95.4,164.4,54.1,8.7,16.9
3,2026-09-03T17:00:00,114.5,190.6,48.9,21.8,20.4
4,2026-09-03T17:00:00,97.0,161.7,55.5,9.6,19.2
5,2026-09-03T17:00:00,44.5,73.8,32.2,6.7,24.2
6,2026-09-03T17:00:00,81.8,156.0,41.8,8.5,19.5
1,2026-09-03T18:00:00,89.8,149.7,57.4,5.8,21.6
2,2026-09-03T18:00:00,124.3,211.7,63.5,6.3,11.6
3,2026-09-03T18:00:00,142.2,244.6,65.2,17.7,23.9
4,2026-09-03T18:00:00,128.8,226.2,67.4,4.1,19.7
5,2026-09-03T18:00:00,67.3,124.7,47.5,3.0,15.7
6,2026-09-03T18:00:00,114.5,207.4,57.0,10.7,22.6
1,2026-09-03T19:00:00,91.4,173.6,57.3,7.3,13.6
2,2026-09-03T19:00:00,129.7,230.7,63.4,3.0,15.6
3,2026-09-03T19:00:00,147.0,270.5,60.9,21.2,23.8
4,2026-09-03T19:00:00,144.8,243.6,62.7,8.9,15.7
5,2026-09-03T19:00:00,66.6,115.3,45.2,6.2,17.0
6,2026-09-03T19:00:00,106.4,177.4,58.0,8.8,14.1
1,2026-09-03T20:00:00,91.3,155.4,60.3,3.0,17.2
2,2026-09-03T20:00:00,128.9,235.7,65.8,5.9,21.7
3,2026-09-03T20:00:00,129.5,221.9,58.9,21.7,13.0
4,2026-09-03T20:00:00,128.0,231.1,78.1,7.3,17.6
5,2026-09-03T20:00:00,71.3,122.2,51.4,3.0,16.8
6,2026-09-03T20:00:00,101.1,185.8,64.3,4.3,6.7
1,2026-09-03T21:00:00,94.1,169.2,54.3,3.0,19.1
2,2026-09-03T21:00:00,115.7,203.9,69.4,6.9,14.8
3,2026-09-03T21:00:00,147.5,274.8,66.2,14.2,13.1
4,2026-09-03T21:00:00,140.6,260.4,74.9,9.0,19.0
5,2026-09-03T21:00:00,69.5,119.7,43.8,3.0,12.9
6,2026-09-03T21:00:00,105.7,194.1,58.1,6.3,12.2
1,2026-09-03T22:00:00,63.1,113.3,35.2,6.0,20.3
2,2026-09-03T22:00:00,100.1,165.7,43.4,7.8,18.4
3,2026-09-03T22:00:00,89.1,148.9,39.1,23.4,17.6
4,2026-09-03T22:00:00,93.5,181.3,47.6,5.7,18.1
5,2026-09-03T22:00:00,51.2,91.5,23.1,4.7,26.0
6,2026-09-03T22:00:00,81.9,137.6,32.5,5.3,23.1
1,2026-09-03T23:00:00,66.5,112.3,32.3,6.9,17.2
2,2026-09-03T23:00:00,97.3,187.9,44.3,7.7,18.1
3,2026-09-03T23:00:00,89.0,169.5,35.0,21.8,17.6
4,2026-09-03T23:00:00,95.6,164.6,50.1,7.1,19.1
5,2026-09-03T23:00:00,52.2,93.1,19.2,4.6,14.6
6,2026-09-03T23:00:00,79.7,150.1,32.0,9.8,10.3
1,2026-09-04T00:00:00,61.6,107.5,21.7,3.0,20.7
2,2026-09-04T00:00:00,88.0,148.2,35.7,7.5,20.5
3,2026-09-04T00:00:00,105.7,191.5,30.2,17.7,18.7
4,2026-09-04T00:00:00,101.8,173.1,35.7,3.0,28.2
5,2026-09-04T00:00:00,52.8,89.3,14.2,4.4,13.8
6,2026-09-04T00:00:00,77.4,147.1,23.7,14.5,23.4
1,2026-09-04T01:00:00,66.7,112.4,16.0,6.1,15.0
2,2026-09-04T01:00:00,90.9,154.2,34.9,7.6,16.1
3,2026-09-04T01:00:00,102.0,180.6,24.7,18.1,17.0
4,2026-09-04T01:00:00,91.7,155.5,31.6,8.6,21.7
5,2026-09-04T01:00:00,54.0,98.5,11.6,5.6,16.3
6,2026-09-04T01:00:00,80.5,150.7,22.1,9.5,23.7
1,2026-09-04T02:00:00,64.4,112.8,14.1,4.4,26.6
2,2026-09-04T02:00:00,89.0,172.9,32.1,6.4,22.9
3,2026-09-04T02:00:00,105.2,192.2,24.0,21.0,22.1
4,2026-09-04T02:00:00,94.5,172.1,38.0,6.9,22.2
5,2026-09-04T02:00:00,50.9,97.2,11.8,5.6,18.9
6,2026-09-04T02:00:00,77.3,137.8,20.4,5.4,12.5
1,2026-09-04T03:00:00,49.0,84.9,15.4,5.4,25.4
2,2026-09-04T03:00:00,59.4,101.5,33.1,6.1,20.3
3,2026-09-04T03:00:00,71.4,121.4,28.7,16.7,14.1
4,2026-09-04T03:00:00,69.0,134.1,37.3,10.5,20.9
5,2026-09-04T03:00:00,41.1,79.5,6.1,4.3,11.6
6,2026-09-04T03:00:00,56.1,106.5,23.2,5.9,23.0
1,2026-09-04T04:00:00,42.8,77.8,21.4,6.8,14.6
2,2026-09-04T04:00:00,59.4,113.3,21.3,7.8,19.4
3,2026-09-04T04:00:00,77.1,128.3,32.1,18.7,12.9
4,2026-09-04T04:00:00,71.8,128.5,36.0,4.9,17.1
5,2026-09-04T04:00:00,38.1,71.7,18.0,8.0,11.1
6,2026-09-04T04:00:00,52.5,95.3,23.9,4.7,15.2
1,2026-09-04T05:00:00,50.2,97.1,22.7,3.7,18.2
2,2026-09-04T05:00:00,75.8,127.7,36.9,4.2,18.3
3,2026-09-04T05:00:00,95.8,170.3,29.2,22.5,15.1
4,2026-09-04T05:00:00,83.7,138.4,34.3,7.6,18.4
5,2026-09-04T05:00:00,35.2,67.0,7.7,3.0,20.5
6,2026-09-04T05:00:00,71.0,136.1,23.5,12.9,14.6
1,2026-09-04T06:00:00,76.4,129.4,24.2,3.5,28.2
2,2026-09-04T06:00:00,83.8,147.2,42.8,7.5,25.2
3,2026-09-04T06:00:00,129.1,248.6,37.4,16.7,22.0
4,2026-09-04T06:00:00,98.6,171.6,44.8,9.4,16.7
5,2026-09-04T06:00:00,62.3,112.8,20.4,6.3,18.4
6,2026-09-04T06:00:00,76.3,126.7,36.9,8.9,16.0
1,2026-09-04T07:00:00,74.4,133.6,33.2,5.2,19.8
2,2026-09-04T07:00:00,110.2,199.2,45.4,3.6,22.8
3,2026-09-04T07:00:00,114.3,205.6,40.3,20.5,21.5
4,2026-09-04T07:00:00,96.7,171.7,46.7,5.7,13.5
5,2026-09-04T07:00:00,57.7,110.7,25.5,6.2,15.4
6,2026-09-04T07:00:00,81.7,141.0,40.4,10.9,28.4
1,2026-09-04T08:00:00,92.6,167.9,49.3,3.0,19.1
2,2026-09-04T08:00:00,115.7,216.8,57.8,3.4,14.3
3,2026-09-04T08:00:00,139.3,234.0,63.8,17.5,19.1
4,2026-09-04T08:00:00,130.8,218.8,64.5,6.7,22.9
5,2026-09-04T08:00:00,74.3,143.4,39.0,3.0,20.6
6,2026-09-04T08:00:00,92.3,167.7,57.9,7.3,17.0
1,2026-09-04T09:00:00,78.1,147.4,50.8,4.3,15.0
2,2026-09-04T09:00:00,117.9,210.6,58.8,5.8,9.2
3,2026-09-04T09:00:00,172.7,327.7,58.3,16.2,16.6
4,2026-09-04T09:00:00,148.6,265.9,67.3,10.0,16.8
5,2026-09-04T09:00:00,62.3,107.2,42.3,7.6,19.8
6,2026-09-04T09:00:00,103.3,173.2,53.5,10.0,18.1
1,2026-09-04T10:00:00,81.9,140.7,52.0,3.0,19.8
2,2026-09-04T10:00:00,107.9,183.9,57.5,7.4,18.4
3,2026-09-04T10:00:00,144.9,247.5,61.0,18.1,21.5
4,2026-09-04T10:00:00,119.1,214.7,66.3,9.1,17.6
5,2026-09-04T10:00:00,57.2,98.3,39.6,5.5,19.7
6,2026-09-04T10:00:00,98.0,188.5,50.6,5.6,25.1
1,2026-09-04T11:00:00,60.7,112.9,39.3,7.0,44.4
2,2026-09-04T11:00:00,95.2,181.8,55.3,5.7,45.5
3,2026-09-04T11:00:00,120.8,215.5,49.9,15.2,49.7
4,2026-09-04T11:00:00,91.8,155.0,58.4,6.5,49.1
5,2026-09-04T11:00:00,48.0,87.1,38.5,3.1,47.0
6,2026-09-04T11:00:00,77.0,137.9,40.5,7.9,44.4
1,2026-09-04T12:00:00,52.6,87.4,43.3,4.0,42.3
2,2026-09-04T12:00:00,77.6,132.5,53.6,8.6,45.1
3,2026-09-04T12:00:00,100.4,194.6,53.1,22.0,42.7
4,2026-09-04T12:00:00,93.9,171.5,49.1,9.7,44.2
5,2026-09-04T12:00:00,49.0,90.3,37.4,3.0,49.2
6,2026-09-04T12:00:00,73.0,125.9,36.0,8.4,47.8
1,2026-09-04T13:00:00,56.4,95.7,37.6,3.0,52.9
2,2026-09-04T13:00:00,85.5,160.0,55.6,8.7,42.1
3,2026-09-04T13:00:00,97.3,163.2,47.2,20.4,43.6
4,2026-09-04T13:00:00,92.9,164.9,56.8,8.1,45.9
5,2026-09-04T13:00:00,50.3,96.7,36.3,3.0,44.1
6,2026-09-04T13:00:00,71.6,128.0,42.5,6.5,46.9
1,2026-09-04T14:00:00,59.9,115.8,37.8,3.9,45.8
2,2026-09-04T14:00:00,88.2,148.3,50.5,7.9,42.8
3,2026-09-04T14:00:00,109.4,201.2,49.7,21.5,38.3
4,2026-09-04T14:00:00,87.7,157.2,59.2,7.3,39.1
5,2026-09-04T14:00:00,49.0,88.2,32.8,8.0,50.1
6,2026-09-04T14:00:00,71.3,120.5,46.5,6.3,45.2
1,2026-09-04T15:00:00,57.8,100.0,32.5,4.9,49.7
2,2026-09-04T15:00:00,84.4,163.9,50.8,6.2,47.5
3,2026-09-04T15:00:00,85.2,156.3,48.4,21.1,50.1
4,2026-09-04T15:00:00,89.2,168.9,55.9,8.2,44.0
5,2026-09-04T15:00:00,43.2,80.0,31.3,3.0,39.5
6,2026-09-04T15:00:00,70.2,117.8,46.4,9.5,50.6
1,2026-09-04T16:00:00,52.8,95.8,39.3,4.7,47.0
2,2026-09-04T16:00:00,76.1,135.4,53.5,7.5,43.7
3,2026-09-04T16:00:00,89.7,149.8,43.6,23.4,38.8
4,2026-09-04T16:00:00,71.8,130.8,56.6,8.2,43.6
5,2026-09-04T16:00:00,51.3,99.2,40.0,3.0,56.3
6,2026-09-04T16:00:00,71.2,118.4,45.6,14.5,44.0
1,2026-09-04T17:00:00,72.1,130.7,38.0,7.2,17.5
2,2026-09-04T17:00:00,85.8,157.1,55.5,3.0,20.7
3,2026-09-04T17:00:00,111.8,207.5,46.1,18.9,25.4
4,2026-09-04T17:00:00,104.0,184.2,63.1,4.8,15.6
5,2026-09-04T17:00:00,48.4,86.9,30.4,4.7,14.4
6,2026-09-04T17:00:00,76.2,132.8,37.5,10.8,22.9
1,2026-09-04T18:00:00,85.0,147.4,52.8,3.1,12.6
2,2026-09-04T18:00:00,103.8,184.9,60.7,7.7,12.0
3,2026-09-04T18:00:00,146.2,281.3,52.8,16.6,22.4
4,2026-09-04T18:00:00,120.0,215.9,69.9,7.0,22.2
5,2026-09-04T18:00:00,64.8,115.1,52.8,4.8,17.5
6,2026-09-04T18:00:00,106.1,196.4,61.5,10.8,18.6
1,2026-09-04T19:00:00,88.4,168.1,56.3,3.1,15.7
2,2026-09-04T19:00:00,137.1,256.2,66.8,8.8,11.7
3,2026-09-04T19:00:00,116.0,220.6,65.9,20.8,13.6
4,2026-09-04T19:00:00,139.2,259.1,67.4,7.0,20.4
5,2026-09-04T19:00:00,63.4,114.7,50.6,5.5,14.9
6,2026-09-04T19:00:00,102.4,191.9,58.9,11.6,20.5
1,2026-09-04T20:00:00,89.3,158.5,59.0,8.4,20.0
2,2026-09-04T20:00:00,120.0,222.1,65.7,7.3,13.3
3,2026-09-04T20:00:00,154.0,265.4,56.5,18.3,22.4
4,2026-09-04T20:00:00,139.7,249.0,74.4,7.8,19.6
5,2026-09-04T20:00:00,52.9,88.2,50.9,3.1,15.2
6,2026-09-04T20:00:00,105.0,191.9,61.4,10.0,21.3
1,2026-09-04T21:00:00,86.1,162.2,47.3,4.9,21.4
2,2026-09-04T21:00:00,126.9,229.5,65.7,11.6,20.4
3,2026-09-04T21:00:00,146.7,274.9,59.6,17.3,16.6
4,2026-09-04T21:00:00,128.6,222.9,77.4,4.6,23.3
5,2026-09-04T21:00:00,66.5,114.5,45.7,3.7,17.5
6,2026-09-04T21:00:00,111.4,201.9,59.6,6.0,18.3
1,2026-09-04T22:00:00,66.4,124.2,26.0,3.0,13.3
2,2026-09-04T22:00:00,85.9,152.7,46.2,8.0,14.7
3,2026-09-04T22:00:00,111.4,196.9,39.6,22.0,12.2
4,2026-09-04T22:00:00,94.0,164.2,54.3,9.5,15.7
5,2026-09-04T22:00:00,52.0,91.1,28.7,8.3,16.5
6,2026-09-04T22:00:00,76.6,128.8,33.5,9.8,19.8
1,2026-09-04T23:00:00,68.4,120.1,26.1,3.0,16.5
2,2026-09-04T23:00:00,102.1,189.7,39.9,8.3,16.8
3,2026-09-04T23:00:00,117.7,223.6,36.6,19.4,21.9
4,2026-09-04T23:00:00,96.9,165.6,41.6,6.2,13.6
5,2026-09-04T23:00:00,50.4,84.0,30.5,3.0,16.0
6,2026-09-04T23:00:00,86.8,154.7,35.3,10.7,17.9
1,2026-09-05T00:00:00,60.0,103.8,11.4,7.4,22.2
2,2026-09-05T00:00:00,90.5,168.7,24.6,5.2,20.0
3,2026-09-05T00:00:00,96.6,174.2,18.6,21.6,9.1
4,2026-09-05T00:00:00,92.1,172.1,27.8,7.0,19.2
5,2026-09-05T00:00:00,46.5,78.8,11.9,3.1,27.6
6,2026-09-05T00:00:00,72.2,122.5,26.7,8.6,18.7
1,2026-09-05T01:00:00,61.2,109.0,16.3,6.2,23.7
2,2026-09-05T01:00:00,77.1,133.5,26.7,5.9,12.2
3,2026-09-05T01:00:00,104.7,194.5,30.2,17.9,20.8
4,2026-09-05T01:00:00,90.0,171.2,42.7,6.5,23.2
5,2026-09-05T01:00:00,45.3,79.5,11.2,5.3,18.7
6,2026-09-05T01:00:00,69.9,117.4,30.2,8.0,17.3
1,2026-09-05T02:00:00,55.7,99.9,19.8,6.5,17.9
2,2026-09-05T02:00:00,89.5,166.1,33.5,5.3,20.7
3,2026-09-05T02:00:00,96.2,164.9,24.9,18.1,19.6
4,2026-09-05T02:00:00,88.5,161.6,30.5,6.3,17.5
5,2026-09-05T02:00:00,47.3,85.1,10.6,7.3,21.9
6,2026-09-05T02:00:00,67.8,125.2,24.1,7.6,20.0
1,2026-09-05T03:00:00,41.7,73.8,15.9,5.9,15.4
2,2026-09-05T03:00:00,55.4,95.6,31.6,9.0,18.6
3,2026-09-05T03:00:00,66.2,128.4,28.6,17.4,8.7
4,2026-09-05T03:00:00,66.1,125.0,36.8,3.5,17.5
5,2026-09-05T03:00:00,36.4,62.7,9.9,5.4,21.6
6,2026-09-05T03:00:00,55.9,97.1,16.0,6.9,18.5
1,2026-09-05T04:00:00,44.1,74.4,13.0,4.2,16.7
2,2026-09-05T04:00:00,50.6,94.6,28.4,5.9,19.2
3,2026-09-05T04:00:00,85.8,146.8,32.0,19.0,14.6
4,2026-09-05T04:00:00,65.8,121.9,34.4,7.2,16.6
5,2026-09-05T04:00:00,30.7,53.0,14.4,4.3,20.3
6,2026-09-05T04:00:00,53.2,99.6,33.9,3.0,19.4
1,2026-09-05T05:00:00,50.2,89.5,21.0,4.9,16.2
2,2026-09-05T05:00:00,55.5,105.4,33.2,5.0,21.3
3,2026-09-05T05:00:00,65.5,117.4,21.6,22.6,21.0
4,2026-09-05T05:00:00,69.7,124.2,35.7,7.1,22.4
5,2026-09-05T05:00:00,35.9,69.4,5.0,3.0,20.3
6,2026-09-05T05:00:00,53.9,89.5,24.3,12.6,16.1
1,2026-09-05T06:00:00,51.5,85.8,28.1,4.0,16.5
2,2026-09-05T06:00:00,100.0,168.4,48.1,5.9,13.3
3,2026-09-05T06:00:00,95.0,173.2,36.1,14.1,20.0
4,2026-09-05T06:00:00,113.8,190.8,38.4,5.7,18.8
5,2026-09-05T06:00:00,45.0,82.1,16.6,7.7,18.2
6,2026-09-05T06:00:00,93.7,158.8,33.5,5.2,19.8
1,2026-09-05T07:00:00,65.1,108.7,26.8,3.0,18.1
2,2026-09-05T07:00:00,74.3,138.0,36.5,8.6,18.8
3,2026-09-05T07:00:00,111.0,214.6,35.6,17.6,19.9
4,2026-09-05T07:00:00,87.6,158.2,40.2,5.9,14.3
5,2026-09-05T07:00:00,52.0,96.0,22.9,3.7,18.6
6,2026-09-05T07:00:00,74.3,125.6,31.5,9.8,17.8
1,2026-09-05T08:00:00,70.4,122.1,42.1,5.2,14.5
2,2026-09-05T08:00:00,100.8,191.9,63.9,3.0,12.4
3,2026-09-05T08:00:00,121.8,225.8,59.9,19.9,18.2
4,2026-09-05T08:00:00,112.0,214.3,63.8,10.8,21.4
5,2026-09-05T08:00:00,59.8,105.6,39.0,3.0,11.1
6,2026-09-05T08:00:00,106.2,203.8,52.9,10.0,19.3
1,2026-09-05T09:00:00,67.3,116.8,42.5,4.0,18.8
2,2026-09-05T09:00:00,103.5,177.7,65.4,3.0,8.5
3,2026-09-05T09:00:00,122.5,229.3,60.6,24.4,19.2
4,2026-09-05T09:00:00,134.0,237.5,59.4,5.1,21.3
5,2026-09-05T09:00:00,56.3,93.2,38.2,5.3,16.3
6,2026-09-05T09:00:00,92.6,165.5,50.4,11.4,24.3
1,2026-09-05T10:00:00,79.6,141.9,39.0,3.9,15.5
2,2026-09-05T10:00:00,110.4,188.9,61.3,3.0,12.1
3,2026-09-05T10:00:00,127.4,219.8,51.7,17.2,14.5
4,2026-09-05T10:00:00,102.7,187.5,66.2,6.1,17.0
5,2026-09-05T10:00:00,57.6,111.7,43.4,8.8,21.0
6,2026-09-05T10:00:00,98.1,176.7,48.1,8.6,16.8
1,2026-09-05T11:00:00,59.5,113.9,33.8,4.8,41.9
2,2026-09-05T11:00:00,77.7,134.8,55.7,7.5,42.1
3,2026-09-05T11:00:00,97.8,164.0,47.1,22.5,38.6
4,2026-09-05T11:00:00,91.4,156.2,49.2,5.9,42.8
5,2026-09-05T11:00:00,45.2,76.8,34.0,5.1,43.9
6,2026-09-05T11:00:00,74.8,126.3,35.6,7.0,49.7
1,2026-09-05T12:00:00,52.5,88.0,41.1,5.5,43.0
2,2026-09-05T12:00:00,81.5,140.8,54.3,6.9,45.0
3,2026-09-05T12:00:00,80.5,153.2,46.6,16.9,47.7
4,2026-09-05T12:00:00,87.1,152.3,47.0,4.4,42.3
5,2026-09-05T12:00:00,40.8,78.6,37.0,3.0,43.3
6,2026-09-05T12:00:00,62.5,116.1,45.7,6.2,44.8
1,2026-09-05T13:00:00,56.6,93.6,33.1,8.3,52.8
2,2026-09-05T13:00:00,66.8,114.5,48.0,3.6,53.4
3,2026-09-05T13:00:00,96.2,167.7,45.6,18.4,43.9
4,2026-09-05T13:00:00,80.0,153.9,53.3,8.7,48.1
5,2026-09-05T13:00:00,40.6,75.9,31.3,4.5,54.0
6,2026-09-05T13:00:00,65.3,124.0,46.0,9.0,40.5
1,2026-09-05T14:00:00,48.8,89.4,33.9,5.3,44.0
2,2026-09-05T14:00:00,71.8,137.1,55.3,7.3,38.9
3,2026-09-05T14:00:00,81.5,150.2,41.5,21.6,43.2
4,2026-09-05T14:00:00,86.9,162.6,56.2,5.9,45.5
5,2026-09-05T14:00:00,34.3,60.0,36.4,6.6,49.7
6,2026-09-05T14:00:00,60.3,116.5,44.9,9.0,50.0
1,2026-09-05T15:00:00,45.3,77.0,39.8,5.3,53.0
2,2026-09-05T15:00:00,63.9,112.5,64.1,5.9,44.5
3,2026-09-05T15:00:00,88.1,159.0,41.5,15.4,37.5
4,2026-09-05T15:00:00,77.6,147.7,55.7,5.6,47.7
5,2026-09-05T15:00:00,34.7,67.2,37.0,4.0,42.8
6,2026-09-05T15:00:00,66.8,118.1,40.6,3.0,46.6
1,2026-09-05T16:00:00,42.3,74.5,38.5,6.3,48.1
2,2026-09-05T16:00:00,68.7,116.2,57.5,6.9,44.8
3,2026-09-05T16:00:00,88.3,159.3,47.6,20.8,49.7
4,2026-09-05T16:00:00,76.4,144.7,51.2,8.8,41.3
5,2026-09-05T16:00:00,34.4,63.0,34.8,3.0,44.1
6,2026-09-05T16:00:00,65.5,113.4,47.8,8.9,51.0
1,2026-09-05T17:00:00,56.9,110.3,36.0,5.0,10.9
2,2026-09-05T17:00:00,74.9,134.7,60.7,6.2,17.8
3,2026-09-05T17:00:00,103.8,195.2,45.5,19.2,19.3
4,2026-09-05T17:00:00,88.9,152.0,47.7,8.7,15.5
5,2026-09-05T17:00:00,42.8,79.6,32.9,5.8,19.7
6,2026-09-05T17:00:00,75.0,133.7,41.6,7.2,27.8
1,2026-09-05T18:00:00,64.6,107.0,47.8,3.0,21.5
2,2026-09-05T18:00:00,91.6,171.4,64.9,4.3,17.7
3,2026-09-05T18:00:00,133.4,233.5,64.0,21.6,17.7
4,2026-09-05T18:00:00,102.3,188.2,62.8,5.6,13.8
5,2026-09-05T18:00:00,61.8,110.4,46.4,4.0,22.6
6,2026-09-05T18:00:00,92.4,166.9,48.4,6.1,24.2
1,2026-09-05T19:00:00,78.5,146.5,50.9,7.8,16.5
2,2026-09-05T19:00:00,96.3,185.0,67.0,6.8,19.2
3,2026-09-05T19:00:00,136.4,235.4,51.8,20.5,12.8
4,2026-09-05T19:00:00,130.2,243.2,54.7,7.9,17.1
5,2026-09-05T19:00:00,59.1,109.8,43.2,6.9,14.9
6,2026-09-05T19:00:00,88.4,166.1,52.2,9.5,19.6
1,2026-09-05T20:00:00,80.2,134.2,47.3,5.8,18.9
2,2026-09-05T20:00:00,106.0,191.0,61.1,9.1,18.6
3,2026-09-05T20:00:00,132.4,246.1,58.5,19.0,20.7
4,2026-09-05T20:00:00,125.3,244.3,59.5,8.9,14.4
5,2026-09-05T20:00:00,63.8,116.0,36.4,3.0,12.3
6,2026-09-05T20:00:00,102.8,173.0,54.8,6.8,17.8
1,2026-09-05T21:00:00,82.0,149.6,48.9,4.6,15.1
2,2026-09-05T21:00:00,112.6,195.6,58.7,4.3,13.8
3,2026-09-05T21:00:00,133.4,259.0,51.1,21.8,15.8
4,2026-09-05T21:00:00,117.4,224.4,58.8,4.8,23.1
5,2026-09-05T21:00:00,59.7,114.3,45.4,5.1,21.3
6,2026-09-05T21:00:00,99.6,178.2,48.5,3.0,17.3
1,2026-09-05T22:00:00,49.8,83.5,20.2,6.4,18.6
2,2026-09-05T22:00:00,80.3,149.8,40.2,3.0,20.7
3,2026-09-05T22:00:00,93.8,179.8,35.4,20.6,16.9
4,2026-09-05T22:00:00,82.3,147.4,41.1,5.8,16.8
5,2026-09-05T22:00:00,46.4,78.0,30.5,4.0,22.7
6,2026-09-05T22:00:00,77.5,148.6,29.9,11.0,17.9
1,2026-09-05T23:00:00,61.9,103.1,27.1,3.1,13.4
2,2026-09-05T23:00:00,81.3,137.3,41.9,5.1,23.9
3,2026-09-05T23:00:00,89.6,148.4,32.7,20.5,18.5
4,2026-09-05T23:00:00,95.3,164.3,46.7,8.1,18.7
5,2026-09-05T23:00:00,43.0,75.9,28.4,3.0,13.7
6,2026-09-05T23:00:00,71.8,118.9,34.2,8.8,4.0
1,2026-09-06T00:00:00,64.3,117.5,15.3,3.0,16.0
2,2026-09-06T00:00:00,83.9,159.0,27.3,3.2,19.6
3,2026-09-06T00:00:00,96.2,169.9,29.7,17.2,20.4
4,2026-09-06T00:00:00,91.3,163.0,32.4,5.3,13.8
5,2026-09-06T00:00:00,44.0,78.2,9.7,4.5,18.9
6,2026-09-06T00:00:00,69.3,117.9,23.6,8.3,17.8
1,2026-09-06T01:00:00,55.6,99.8,9.8,4.8,14.9
2,2026-09-06T01:00:00,77.5,150.3,31.3,5.4,20.2
3,2026-09-06T01:00:00,97.9,183.5,34.8,21.2,13.5
4,2026-09-06T01:00:00,89.9,169.1,32.3,5.8,14.5
5,2026-09-06T01:00:00,47.0,91.5,16.6,3.0,13.9
6,2026-09-06T01:00:00,64.6,114.2,21.2,9.1,18.7
1,2026-09-06T02:00:00,52.0,86.0,17.6,3.0,21.0
2,2026-09-06T02:00:00,84.5,159.4,35.7,7.8,23.6
3,2026-09-06T02:00:00,99.8,182.5,19.8,18.2,23.2
4,2026-09-06T02:00:00,89.3,161.7,34.4,8.7,22.7
5,2026-09-06T02:00:00,46.8,89.3,11.6,4.6,22.4
6,2026-09-06T02:00:00,77.2,138.5,23.2,8.6,14.8
1,2026-09-06T03:00:00,39.7,76.4,11.1,3.2,11.1
2,2026-09-06T03:00:00,45.3,82.4,33.0,7.5,17.3
3,2026-09-06T03:00:00,63.4,118.2,26.9,21.3,19.2
4,2026-09-06T03:00:00,67.9,120.0,33.3,8.6,16.9
5,2026-09-06T03:00:00,30.4,50.4,5.5,3.0,19.1
6,2026-09-06T03:00:00,49.3,81.4,19.3,7.0,16.7
1,2026-09-06T04:00:00,37.6,65.8,14.5,3.0,20.4
2,2026-09-06T04:00:00,74.9,140.6,26.9,4.1,20.9
3,2026-09-06T04:00:00,67.0,124.9,33.9,18.5,17.6
4,2026-09-06T04:00:00,53.3,102.5,39.4,7.6,22.2
5,2026-09-06T04:00:00,37.4,63.1,14.6,5.0,15.7
6,2026-09-06T04:00:00,66.5,124.9,31.3,9.0,20.3
1,2026-09-06T05:00:00,39.2,66.8,16.7,6.4,19.2
2,2026-09-06T05:00:00,54.6,99.2,24.7,7.6,23.4
3,2026-09-06T05:00:00,85.3,152.2,20.7,22.5,13.5
4,2026-09-06T05:00:00,83.5,156.6,35.6,9.2,18.0
5,2026-09-06T05:00:00,44.1,81.4,13.5,3.9,24.0
6,2026-09-06T05:00:00,48.5,92.3,17.8,7.5,22.5
1,2026-09-06T06:00:00,59.8,116.3,30.8,3.0,15.1
2,2026-09-06T06:00:00,92.3,157.0,38.2,6.8,14.6
3,2026-09-06T06:00:00,98.8,180.8,40.8,16.8,15.8
4,2026-09-06T06:00:00,94.8,167.7,43.3,9.8,20.3
5,2026-09-06T06:00:00,46.3,80.3,16.7,3.0,19.2
6,2026-09-06T06:00:00,90.0,151.9,38.4,4.7,14.2
1,2026-09-06T07:00:00,70.5,120.2,28.3,3.0,21.7
2,2026-09-06T07:00:00,87.5,167.3,36.7,6.0,17.3
3,2026-09-06T07:00:00,114.1,206.1,32.9,17.7,14.4
4,2026-09-06T07:00:00,103.3,188.1,43.2,7.5,18.6
5,2026-09-06T07:00:00,56.8,110.2,30.2,4.7,15.6
6,2026-09-06T07:00:00,78.8,143.7,31.1,6.9,22.6
1,2026-09-06T08:00:00,72.1,124.7,41.0,4.6,18.1
2,2026-09-06T08:00:00,107.5,207.8,60.7,3.0,15.3
3,2026-09-06T08:00:00,129.2,237.4,51.9,21.6,10.3
4,2026-09-06T08:00:00,136.4,230.9,56.8,6.8,18.0
5,2026-09-06T08:00:00,58.9,98.0,37.6,4.2,19.9
6,2026-09-06T08:00:00,81.3,139.6,58.1,6.5,20.4
1,2026-09-06T09:00:00,85.9,154.4,41.7,6.2,14.7
2,2026-09-06T09:00:00,91.5,174.5,57.7,6.7,13.9
3,2026-09-06T09:00:00,123.6,223.3,63.5,18.6,15.3
4,2026-09-06T09:00:00,117.8,225.7,61.7,6.4,22.5
5,2026-09-06T09:00:00,57.1,111.3,26.8,3.8,23.4
6,2026-09-06T09:00:00,88.5,171.9,51.7,8.5,22.0
1,2026-09-06T10:00:00,77.9,132.5,32.2,3.9,16.1
2,2026-09-06T10:00:00,97.6,169.5,59.2,5.4,19.0
3,2026-09-06T10:00:00,130.1,245.1,48.1,21.3,17.0
4,2026-09-06T10:00:00,104.2,187.6,58.8,3.2,15.7
5,2026-09-06T10:00:00,53.4,95.7,38.6,3.4,17.4
6,2026-09-06T10:00:00,84.7,148.9,44.6,8.6,23.7
1,2026-09-06T11:00:00,65.2,113.3,32.9,3.6,39.9
2,2026-09-06T11:00:00,74.9,123.8,47.9,5.3,43.4
3,2026-09-06T11:00:00,106.5,201.2,36.7,15.0,52.4
4,2026-09-06T11:00:00,102.0,183.4,50.9,8.9,53.8
5,2026-09-06T11:00:00,48.1,85.3,30.6,6.8,45.5
6,2026-09-06T11:00:00,67.4,123.6,38.1,10.1,48.1
1,2026-09-06T12:00:00,47.5,86.6,33.8,5.9,41.1
2,2026-09-06T12:00:00,76.9,140.5,49.2,8.4,46.6
3,2026-09-06T12:00:00,89.0,159.5,48.5,24.5,42.9
4,2026-09-06T12:00:00,73.4,126.7,55.5,8.1,48.1
5,2026-09-06T12:00:00,38.7,71.5,27.2,5.5,47.4
6,2026-09-06T12:00:00,62.0,108.8,44.7,8.8,35.2
1,2026-09-06T13:00:00,53.5,103.7,39.7,5.8,39.2
2,2026-09-06T13:00:00,65.3,126.5,46.1,9.5,43.6
3,2026-09-06T13:00:00,88.9,152.4,47.1,19.8,46.3
4,2026-09-06T13:00:00,67.2,122.3,58.2,6.0,44.8
5,2026-09-06T13:00:00,41.4,79.6,25.8,3.0,46.8
6,2026-09-06T13:00:00,62.7,109.1,41.0,6.8,44.7
1,2026-09-06T14:00:00,53.4,103.6,40.5,4.5,40.4
2,2026-09-06T14:00:00,83.9,141.4,53.2,3.0,46.8
3,2026-09-06T14:00:00,89.3,165.9,41.6,16.8,39.8
4,2026-09-06T14:00:00,71.5,122.5,57.1,7.1,51.2
5,2026-09-06T14:00:00,35.8,63.9,33.0,4.3,44.4
6,2026-09-06T14:00:00,60.1,110.8,47.0,9.5,42.1
1,2026-09-06T15:00:00,55.5,104.8,35.8,8.4,43.9
2,2026-09-06T15:00:00,69.6,115.0,51.4,8.5,41.6
3,2026-09-06T15:00:00,92.3,172.3,47.7,18.2,49.1
4,2026-09-06T15:00:00,88.3,148.3,45.1,9.3,43.2
5,2026-09-06T15:00:00,42.6,71.8,34.6,5.6,48.8
6,2026-09-06T15:00:00,66.7,120.2,30.8,8.5,49.7
1,2026-09-06T16:00:00,52.7,96.0,36.9,6.4,49.7
2,2026-09-06T16:00:00,74.3,142.4,50.5,3.0,45.1
3,2026-09-06T16:00:00,91.8,173.9,43.6,19.7,42.0
4,2026-09-06T16:00:00,77.4,142.2,55.0,4.1,47.5
5,2026-09-06T16:00:00,39.9,70.5,28.8,8.9,43.7
6,2026-09-06T16:00:00,62.8,109.5,35.1,13.5,46.7
1,2026-09-06T17:00:00,55.5,105.6,24.4,6.0,27.9
2,2026-09-06T17:00:00,83.9,149.0,49.6,8.4,18.8
3,2026-09-06T17:00:00,97.1,186.6,40.6,19.1,12.9
4,2026-09-06T17:00:00,85.7,143.5,53.9,10.5,14.9
5,2026-09-06T17:00:00,37.6,72.1,23.2,3.4,25.4
6,2026-09-06T17:00:00,75.4,141.1,42.5,12.9,12.4
1,2026-09-06T18:00:00,76.3,126.8,47.7,7.4,22.2
2,2026-09-06T18:00:00,103.6,188.5,62.6,4.1,18.4
3,2026-09-06T18:00:00,142.8,257.6,53.9,19.6,20.2
4,2026-09-06T18:00:00,121.9,202.7,65.7,7.2,21.6
5,2026-09-06T18:00:00,49.9,94.3,46.2,5.0,19.0
6,2026-09-06T18:00:00,93.0,173.3,57.5,8.1,16.2
1,2026-09-06T19:00:00,79.5,135.2,51.6,6.5,18.5
2,2026-09-06T19:00:00,109.0,197.2,61.8,3.2,15.5
3,2026-09-06T19:00:00,143.7,276.1,48.8,23.6,19.7
4,2026-09-06T19:00:00,124.8,243.0,63.1,8.5,16.5
5,2026-09-06T19:00:00,65.1,113.1,45.8,6.6,25.4
6,2026-09-06T19:00:00,94.7,174.3,48.1,7.6,22.6
1,2026-09-06T20:00:00,74.4,135.3,48.0,3.1,19.2
2,2026-09-06T20:00:00,100.8,178.9,63.2,5.3,21.6
3,2026-09-06T20:00:00,137.8,241.0,54.9,19.6,17.7
4,2026-09-06T20:00:00,134.3,261.0,68.0,6.8,18.3
5,2026-09-06T20:00:00,58.8,102.0,46.5,7.1,16.4
6,2026-09-06T20:00:00,96.5,186.5,45.6,7.2,12.6
1,2026-09-06T21:00:00,77.9,131.8,49.4,7.4,16.3
2,2026-09-06T21:00:00,117.0,225.2,58.4,3.2,10.7
3,2026-09-06T21:00:00,142.0,239.0,53.5,20.4,30.6
4,2026-09-06T21:00:00,121.0,215.1,61.8,8.4,15.4
5,2026-09-06T21:00:00,62.0,119.0,45.6,5.2,21.3
6,2026-09-06T21:00:00,105.2,201.8,47.4,6.2,20.5
1,2026-09-06T22:00:00,55.5,96.3,29.1,5.7,14.8
2,2026-09-06T22:00:00,84.0,157.0,39.3,4.2,17.5
3,2026-09-06T22:00:00,99.8,165.4,34.3,17.9,5.4
4,2026-09-06T22:00:00,90.8,165.6,43.7,7.0,19.4
5,2026-09-06T22:00:00,46.7,79.4,17.1,5.2,19.1
6,2026-09-06T22:00:00,70.4,136.3,32.7,8.8,17.1
1,2026-09-06T23:00:00,64.3,120.9,32.3,4.0,12.7
2,2026-09-06T23:00:00,85.4,152.4,38.6,5.9,24.7
3,2026-09-06T23:00:00,104.9,182.0,37.9,19.4,17.5
4,2026-09-06T23:00:00,95.0,176.4,42.7,8.3,10.2
5,2026-09-06T23:00:00,48.4,82.6,23.1,9.3,14.2
6,2026-09-06T23:00:00,74.2,130.8,29.4,8.7,24.4
1,2026-09-07T00:00:00,69.2,116.3,12.3,4.6,18.7
2,2026-09-07T00:00:00,86.3,156.5,44.2,5.8,12.1
3,2026-09-07T00:00:00,102.6,170.1,29.0,19.4,17.3
4,2026-09-07T00:00:00,101.3,177.4,34.7,7.1,18.2
5,2026-09-07T00:00:00,51.7,94.8,7.7,6.2,19.5
6,2026-09-07T00:00:00,71.9,127.3,21.6,8.1,24.4
1,2026-09-07T01:00:00,72.8,121.3,18.7,3.5,19.4
2,2026-09-07T01:00:00,88.3,161.5,28.9,5.7,22.1
3,2026-09-07T01:00:00,113.0,209.7,29.6,18.0,16.2
4,2026-09-07T01:00:00,115.5,215.1,32.8,7.1,23.5
5,2026-09-07T01:00:00,50.2,85.5,16.7,5.1,21.8
6,2026-09-07T01:00:00,78.7,135.8,27.4,7.9,22.2
1,2026-09-07T02:00:00,63.5,110.0,16.2,4.6,21.8
2,2026-09-07T02:00:00,89.8,154.9,33.1,7.0,20.3
3,2026-09-07T02:00:00,117.0,209.6,28.4,20.9,20.8
4,2026-09-07T02:00:00,93.1,177.0,38.5,9.8,15.9
5,2026-09-07T02:00:00,51.0,87.3,10.0,6.0,18.6
6,2026-09-07T02:00:00,83.5,160.6,22.8,9.6,19.4
1,2026-09-07T03:00:00,43.7,85.0,10.5,7.4,14.2
2,2026-09-07T03:00:00,60.3,110.0,34.8,6.9,21.5
3,2026-09-07T03:00:00,100.3,182.8,27.0,21.2,16.4
4,2026-09-07T03:00:00,66.7,114.8,39.9,3.8,18.1
5,2026-09-07T03:00:00,31.1,53.9,20.2,4.7,17.5
6,2026-09-07T03:00:00,51.5,94.8,22.8,11.0,11.3
1,2026-09-07T04:00:00,52.7,91.0,16.6,4.1,17.9
2,2026-09-07T04:00:00,60.0,100.9,31.9,4.5,20.7
3,2026-09-07T04:00:00,85.4,159.2,27.7,17.1,10.8
4,2026-09-07T04:00:00,67.2,121.1,32.7,8.1,19.6
5,2026-09-07T04:00:00,36.2,64.4,5.0,5.4,16.9
6,2026-09-07T04:00:00,50.3,91.5,27.8,10.3,21.7
1,2026-09-07T05:00:00,41.8,79.2,22.9,3.0,16.7
2,2026-09-07T05:00:00,55.7,108.5,26.4,5.5,16.4
3,2026-09-07T05:00:00,84.1,162.0,22.4,23.3,20.3
4,2026-09-07T05:00:00,73.7,141.9,35.8,5.4,18.3
5,2026-09-07T05:00:00,37.2,72.3,11.8,5.8,19.5
6,2026-09-07T05:00:00,57.4,95.0,23.1,7.5,19.2
1,2026-09-07T06:00:00,59.1,112.2,38.7,3.0,17.9
2,2026-09-07T06:00:00,92.9,164.4,37.4,5.6,18.6
3,2026-09-07T06:00:00,112.4,187.7,41.8,18.1,21.1
4,2026-09-07T06:00:00,102.0,175.4,49.1,8.7,16.4
5,2026-09-07T06:00:00,58.7,110.8,19.2,3.5,14.4
6,2026-09-07T06:00:00,81.8,152.7,33.1,8.5,17.0
1,2026-09-07T07:00:00,65.1,126.3,30.9,6.6,18.9
2,2026-09-07T07:00:00,106.0,185.1,43.4,9.4,12.3
3,2026-09-07T07:00:00,108.3,183.3,34.5,19.2,17.0
4,2026-09-07T07:00:00,122.3,213.4,44.5,6.0,18.9
5,2026-09-07T07:00:00,49.4,88.2,30.0,3.2,16.4
6,2026-09-07T07:00:00,79.2,144.4,34.7,7.0,17.6
1,2026-09-07T08:00:00,81.4,152.8,48.1,5.1,11.7
2,2026-09-07T08:00:00,117.9,210.6,60.3,5.4,19.1
3,2026-09-07T08:00:00,129.5,238.9,60.2,21.1,23.5
4,2026-09-07T08:00:00,127.2,234.6,72.3,7.0,20.9
5,2026-09-07T08:00:00,61.8,105.5,46.7,4.0,19.8
6,2026-09-07T08:00:00,109.6,198.9,56.8,6.5,14.7
1,2026-09-07T09:00:00,86.1,152.6,51.3,6.8,19.8
2,2026-09-07T09:00:00,107.3,203.4,67.3,9.2,17.5
3,2026-09-07T09:00:00,138.0,241.3,60.2,20.1,27.1
4,2026-09-07T09:00:00,119.9,228.5,66.7,8.2,18.4
5,2026-09-07T09:00:00,60.8,108.2,41.6,3.8,21.7
6,2026-09-07T09:00:00,103.8,178.5,60.4,10.6,11.7
1,2026-09-07T10:00:00,80.0,132.9,52.8,5.0,16.6
2,2026-09-07T10:00:00,108.6,202.5,67.1,8.1,24.1
3,2026-09-07T10:00:00,169.2,295.0,64.1,19.0,16.0
4,2026-09-07T10:00:00,114.0,196.1,72.0,7.7,27.6
5,2026-09-07T10:00:00,60.4,101.0,49.5,3.7,9.6
6,2026-09-07T10:00:00,99.3,192.7,48.8,9.0,18.9
1,2026-09-07T11:00:00,70.1,122.3,43.8,9.8,50.8
2,2026-09-07T11:00:00,96.9,163.4,47.7,6.7,46.6
3,2026-09-07T11:00:00,120.5,216.5,40.7,18.1,48.0
4,2026-09-07T11:00:00,101.0,180.9,55.4,8.3,43.8
5,2026-09-07T11:00:00,51.8,90.8,36.7,4.3,45.2
6,2026-09-07T11:00:00,85.4,146.4,45.3,5.8,43.7
1,2026-09-07T12:00:00,56.1,105.8,41.9,3.0,44.5
2,2026-09-07T12:00:00,74.8,138.3,46.4,9.1,44.4
3,2026-09-07T12:00:00,91.3,165.4,47.5,18.3,42.9
4,2026-09-07T12:00:00,90.8,154.0,50.9,6.4,49.2
5,2026-09-07T12:00:00,42.4,81.6,30.7,7.5,43.8
6,2026-09-07T12:00:00,75.1,134.1,40.5,9.1,45.7
1,2026-09-07T13:00:00,59.8,108.3,38.3,3.2,35.1
2,2026-09-07T13:00:00,81.9,145.8,53.9,6.1,40.3
3,2026-09-07T13:00:00,90.3,175.7,45.5,20.2,44.9
4,2026-09-07T13:00:00,94.5,162.5,55.4,7.5,45.0
5,2026-09-07T13:00:00,43.6,74.9,24.0,3.0,41.6
6,2026-09-07T13:00:00,72.7,133.2,40.2,10.4,49.7
1,2026-09-07T14:00:00,53.6,92.8,36.3,5.9,45.3
2,2026-09-07T14:00:00,77.7,131.3,50.7,7.5,53.2
3,2026-09-07T14:00:00,98.8,182.7,47.5,21.1,50.8
4,2026-09-07T14:00:00,86.5,164.6,57.4,5.1,51.9
5,2026-09-07T14:00:00,41.7,69.5,32.7,3.0,52.2
6,2026-09-07T14:00:00,68.6,115.3,42.5,11.6,48.8
1,2026-09-07T15:00:00,53.6,98.3,47.1,5.5,48.4
2,2026-09-07T15:00:00,79.8,150.3,52.7,6.0,45.4
3,2026-09-07T15:00:00,95.6,168.9,48.5,20.0,42.9
4,2026-09-07T15:00:00,82.3,146.3,61.7,6.2,52.2
5,2026-09-07T15:00:00,43.2,81.9,34.3,3.0,43.7
6,2026-09-07T15:00:00,78.6,150.0,48.0,6.2,41.9
1,2026-09-07T16:00:00,58.5,97.7,42.8,5.5,47.8
2,2026-09-07T16:00:00,87.0,169.4,59.3,4.3,38.0
3,2026-09-07T16:00:00,96.4,167.3,39.6,18.7,48.1
4,2026-09-07T16:00:00,99.9,184.5,61.5,3.3,42.2
5,2026-09-07T16:00:00,45.3,79.3,29.8,5.9,48.1
6,2026-09-07T16:00:00,72.5,139.7,44.3,6.2,46.8
1,2026-09-07T17:00:00,65.3,121.9,39.6,5.6,17.9
2,2026-09-07T17:00:00,89.2,168.5,54.5,3.0,16.0
3,2026-09-07T17:00:00,108.6,202.4,49.0,18.1,19.1
4,2026-09-07T17:00:00,106.6,181.4,49.6,6.8,11.3
5,2026-09-07T17:00:00,55.3,99.3,35.0,3.5,15.2
6,2026-09-07T17:00:00,80.8,153.6,42.9,10.2,16.8
1,2026-09-07T18:00:00,82.7,155.4,65.0,6.4,17.3
2,2026-09-07T18:00:00,118.3,210.1,61.5,6.1,24.4
3,2026-09-07T18:00:00,149.8,248.8,65.9,20.1,12.5
4,2026-09-07T18:00:00,147.2,262.1,71.3,5.9,18.4
5,2026-09-07T18:00:00,64.1,115.0,41.7,5.3,11.5
6,2026-09-07T18:00:00,102.3,185.7,60.9,9.0,13.9
1,2026-09-07T19:00:00,80.6,140.3,52.1,5.3,13.0
2,2026-09-07T19:00:00,120.6,209.1,70.0,6.4,14.6
3,2026-09-07T19:00:00,144.4,272.9,58.3,24.0,15.4
4,2026-09-07T19:00:00,131.0,223.2,67.2,10.8,21.6
5,2026-09-07T19:00:00,69.1,126.9,49.7,7.9,20.6
6,2026-09-07T19:00:00,106.8,186.2,57.4,8.8,26.5
1,2026-09-07T20:00:00,90.0,149.6,56.9,8.6,20.2
2,2026-09-07T20:00:00,118.4,213.3,67.9,5.7,19.6
3,2026-09-07T20:00:00,130.4,239.9,64.6,22.2,18.6
4,2026-09-07T20:00:00,129.0,238.9,70.5,5.5,13.6
5,2026-09-07T20:00:00,70.0,124.3,43.3,5.4,16.3
6,2026-09-07T20:00:00,106.5,176.8,56.0,9.4,14.9
1,2026-09-07T21:00:00,87.6,168.4,50.1,4.9,17.0
2,2026-09-07T21:00:00,122.9,226.3,65.9,4.8,20.3
3,2026-09-07T21:00:00,148.1,270.2,65.4,23.3,15.8
4,2026-09-07T21:00:00,137.6,245.4,72.0,9.5,19.8
5,2026-09-07T21:00:00,63.7,123.9,51.1,4.0,15.9
6,2026-09-07T21:00:00,103.7,201.4,55.9,10.8,11.3
1,2026-09-07T22:00:00,63.9,108.9,34.1,5.0,22.6
2,2026-09-07T22:00:00,89.7,166.9,40.4,6.8,17.7
3,2026-09-07T22:00:00,96.8,165.7,34.6,18.2,21.0
4,2026-09-07T22:00:00,94.7,168.7,45.2,8.7,28.3
5,2026-09-07T22:00:00,47.8,80.4,30.0,5.0,20.4
6,2026-09-07T22:00:00,76.2,127.8,28.6,9.0,15.7
1,2026-09-07T23:00:00,64.4,123.9,29.6,3.0,22.3
2,2026-09-07T23:00:00,91.4,169.8,38.0,3.0,22.9
3,2026-09-07T23:00:00,119.9,208.5,34.8,19.3,18.1
4,2026-09-07T23:00:00,110.2,209.9,52.5,7.3,18.7
5,2026-09-07T23:00:00,50.7,91.3,28.4,5.3,17.2
6,2026-09-07T23:00:00,70.7,130.8,33.3,7.5,22.1
1,2026-09-08T00:00:00,63.6,112.8,12.5,5.5,23.0
2,2026-09-08T00:00:00,91.6,164.4,31.6,5.5,24.7
3,2026-09-08T00:00:00,105.3,174.9,28.0,18.0,22.7
4,2026-09-08T00:00:00,94.2,172.4,33.7,5.3,22.6
5,2026-09-08T00:00:00,51.8,94.1,5.0,3.0,18.8
6,2026-09-08T00:00:00,80.2,137.5,25.0,10.8,18.5
1,2026-09-08T01:00:00,68.0,118.4,14.0,4.5,18.0
2,2026-09-08T01:00:00,99.9,175.0,33.5,3.2,26.5
3,2026-09-08T01:00:00,109.4,186.5,28.1,15.5,17.0
4,2026-09-08T01:00:00,106.3,176.8,29.4,9.5,13.3
5,2026-09-08T01:00:00,41.6,79.9,14.6,3.1,13.8
6,2026-09-08T01:00:00,74.8,142.4,22.2,8.1,23.5
1,2026-09-08T02:00:00,43.4,81.6,16.6,8.1,10.6
2,2026-09-08T02:00:00,57.5,98.9,31.6,6.8,12.8
3,2026-09-08T02:00:00,70.1,122.9,25.0,20.1,19.6
4,2026-09-08T02:00:00,67.0,129.3,39.0,8.4,16.1
5,2026-09-08T02:00:00,35.1,61.4,11.8,3.0,19.8
6,2026-09-08T02:00:00,58.6,112.7,25.0,6.8,21.0
1,2026-09-08T03:00:00,34.9,66.9,18.6,3.0,16.1
2,2026-09-08T03:00:00,38.5,68.6,40.0,7.0,13.5
3,2026-09-08T03:00:00,46.1,82.0,29.0,21.0,18.5
4,2026-09-08T03:00:00,52.2,88.8,36.9,6.5,11.3
5,2026-09-08T03:00:00,19.2,32.6,15.3,5.4,15.6
6,2026-09-08T03:00:00,35.8,62.0,31.4,5.4,16.0
1,2026-09-08T04:00:00,22.7,38.0,18.2,6.4,11.7
2,2026-09-08T04:00:00,46.4,83.1,33.4,5.9,19.3
3,2026-09-08T04:00:00,45.1,81.7,24.6,20.7,16.3
4,2026-09-08T04:00:00,44.4,81.3,31.3,3.1,23.0
5,2026-09-08T04:00:00,27.5,45.6,12.9,5.4,24.0
6,2026-09-08T04:00:00,39.5,68.7,21.9,6.8,15.0
1,2026-09-08T05:00:00,33.4,59.8,15.3,4.8,16.6
2,2026-09-08T05:00:00,47.4,80.1,28.4,9.7,17.7
3,2026-09-08T05:00:00,57.3,102.3,27.5,14.2,23.0
4,2026-09-08T05:00:00,46.3,83.0,38.9,8.9,26.0
5,2026-09-08T05:00:00,23.4,41.8,24.2,6.6,17.7
6,2026-09-08T05:00:00,35.0,67.0,26.1,4.8,16.2
1,2026-09-08T06:00:00,46.1,80.4,29.4,7.3,15.7
2,2026-09-08T06:00:00,55.4,104.1,42.0,7.2,13.7
3,2026-09-08T06:00:00,85.3,143.6,25.3,20.2,13.5
4,2026-09-08T06:00:00,86.6,151.1,46.6,7.1,14.6
5,2026-09-08T06:00:00,35.6,62.1,20.8,5.1,16.5
6,2026-09-08T06:00:00,58.3,97.6,36.6,6.4,14.6
1,2026-09-08T07:00:00,37.0,61.2,27.2,4.8,14.5
2,2026-09-08T07:00:00,61.6,116.5,42.5,9.2,10.2
3,2026-09-08T07:00:00,66.7,124.2,37.4,18.8,13.7
4,2026-09-08T07:00:00,70.0,132.5,48.5,7.2,20.1
5,2026-09-08T07:00:00,31.4,59.4,24.2,3.0,14.6
6,2026-09-08T07:00:00,69.9,120.4,30.4,6.7,17.9
1,2026-09-08T08:00:00,63.8,121.2,56.8,4.3,18.1
2,2026-09-08T08:00:00,85.6,154.9,70.1,6.9,18.2
3,2026-09-08T08:00:00,84.1,146.3,57.6,18.8,21.7
4,2026-09-08T08:00:00,77.1,142.1,76.6,6.8,21.8
5,2026-09-08T08:00:00,42.5,76.1,43.5,4.5,19.2
6,2026-09-08T08:00:00,66.8,121.3,57.2,9.9,24.5
1,2026-09-08T09:00:00,86.1,151.8,49.8,5.9,21.8
2,2026-09-08T09:00:00,112.0,190.6,69.1,6.7,13.5
3,2026-09-08T09:00:00,158.5,297.8,64.8,19.0,16.1
4,2026-09-08T09:00:00,124.2,224.8,65.2,6.4,18.9
5,2026-09-08T09:00:00,62.9,104.4,49.5,5.7,18.5
6,2026-09-08T09:00:00,97.1,177.7,59.5,7.9,17.3
1,2026-09-08T10:00:00,82.7,145.4,46.6,7.0,18.0
2,2026-09-08T10:00:00,120.3,216.6,65.5,5.9,19.4
3,2026-09-08T10:00:00,128.9,221.1,52.4,21.5,23.1
4,2026-09-08T10:00:00,120.8,218.3,64.1,8.0,13.9
5,2026-09-08T10:00:00,63.9,121.7,46.0,3.8,18.9
6,2026-09-08T10:00:00,99.7,188.4,58.2,8.8,12.2
1,2026-09-08T11:00:00,62.0,112.8,39.8,3.8,44.2
2,2026-09-08T11:00:00,89.4,158.8,53.2,7.3,51.8
3,2026-09-08T11:00:00,105.4,183.3,46.3,20.2,46.5
4,2026-09-08T11:00:00,96.8,188.4,52.7,7.4,44.3
5,2026-09-08T11:00:00,53.3,89.8,32.2,5.7,44.7
6,2026-09-08T11:00:00,78.1,145.0,47.5,4.5,48.5
1,2026-09-08T12:00:00,63.2,109.8,42.4,4.6,48.6
2,2026-09-08T12:00:00,82.4,157.2,56.8,6.9,42.9
3,2026-09-08T12:00:00,99.9,175.4,51.0,20.5,48.3
4,2026-09-08T12:00:00,87.9,159.9,57.3,4.4,35.7
5,2026-09-08T12:00:00,47.8,87.0,39.0,3.7,47.7
6,2026-09-08T12:00:00,75.1,132.7,43.9,7.4,42.4
1,2026-09-08T13:00:00,67.0,121.4,45.0,4.9,46.2
2,2026-09-08T13:00:00,73.9,139.8,53.4,9.4,43.4
3,2026-09-08T13:00:00,101.9,196.1,50.1,19.3,49.9
4,2026-09-08T13:00:00,88.2,158.8,59.6,4.8,43.8
5,2026-09-08T13:00:00,44.8,81.6,38.3,5.5,49.4
6,2026-09-08T13:00:00,75.4,142.8,49.6,8.3,44.2
1,2026-09-08T14:00:00,53.3,98.4,38.1,4.2,42.4
2,2026-09-08T14:00:00,85.0,143.5,60.5,6.5,44.2
3,2026-09-08T14:00:00,93.0,157.7,43.3,18.6,45.9
4,2026-09-08T14:00:00,88.5,151.0,51.4,5.5,43.7
5,2026-09-08T14:00:00,44.9,78.5,37.2,4.7,44.7
6,2026-09-08T14:00:00,74.2,129.2,52.2,5.0,47.8
1,2026-09-08T15:00:00,64.0,111.4,35.9,3.4,58.5
2,2026-09-08T15:00:00,81.6,154.4,51.9,9.9,36.9
3,2026-09-08T15:00:00,104.0,191.0,51.9,20.7,42.3
4,2026-09-08T15:00:00,88.6,165.3,58.2,11.2,42.1
5,2026-09-08T15:00:00,48.1,85.1,33.0,5.8,47.3
6,2026-09-08T15:00:00,71.0,132.9,40.8,6.9,48.1
1,2026-09-08T16:00:00,57.6,112.2,41.3,3.0,41.7
2,2026-09-08T16:00:00,80.1,133.1,50.4,5.5,47.1
3,2026-09-08T16:00:00,96.6,170.7,47.8,22.5,42.4
4,2026-09-08T16:00:00,89.8,172.0,53.2,8.5,44.2
5,2026-09-08T16:00:00,40.9,69.6,22.3,3.0,44.7
6,2026-09-08T16:00:00,63.9,121.3,41.4,11.0,34.3
1,2026-09-08T17:00:00,53.8,94.0,43.4,3.0,15.7
2,2026-09-08T17:00:00,100.4,174.9,57.2,7.1,16.0
3,2026-09-08T17:00:00,112.9,187.7,53.3,19.7,23.1
4,2026-09-08T17:00:00,107.0,187.5,60.3,5.0,18.3
5,2026-09-08T17:00:00,48.8,85.7,35.1,4.2,18.9
6,2026-09-08T17:00:00,66.8,125.6,42.2,9.1,20.0
1,2026-09-08T18:00:00,91.3,169.8,57.8,5.0,15.3
2,2026-09-08T18:00:00,126.1,225.6,68.1,3.0,18.8
3,2026-09-08T18:00:00,159.1,271.3,62.6,16.3,21.9
4,2026-09-08T18:00:00,110.9,212.3,76.8,9.6,19.7
5,2026-09-08T18:00:00,73.2,139.1,51.5,6.2,19.7
6,2026-09-08T18:00:00,108.8,200.7,52.8,8.3,8.2
1,2026-09-08T19:00:00,92.0,152.4,52.2,5.5,15.9
2,2026-09-08T19:00:00,119.1,225.4,69.6,4.2,20.2
3,2026-09-08T19:00:00,146.6,267.1,63.0,21.2,11.5
4,2026-09-08T19:00:00,108.1,208.6,72.3,9.6,11.7
5,2026-09-08T19:00:00,70.8,127.9,50.2,3.0,16.5
6,2026-09-08T19:00:00,106.5,179.3,65.5,5.4,8.9
1,2026-09-08T20:00:00,93.5,175.9,54.5,5.6,21.9
2,2026-09-08T20:00:00,123.5,211.2,68.9,6.2,22.4
3,2026-09-08T20:00:00,146.1,278.7,62.9,21.4,24.0
4,2026-09-08T20:00:00,143.8,246.4,72.3,6.3,21.3
5,2026-09-08T20:00:00,70.4,136.7,49.2,3.0,11.5
6,2026-09-08T20:00:00,108.1,189.2,55.9,6.9,11.9
1,2026-09-08T21:00:00,93.1,168.1,51.6,7.5,15.7
2,2026-09-08T21:00:00,118.1,203.0,60.8,9.0,19.4
3,2026-09-08T21:00:00,146.2,273.2,63.0,20.7,22.5
4,2026-09-08T21:00:00,138.5,233.6,66.2,9.5,21.6
5,2026-09-08T21:00:00,66.5,118.0,49.3,3.0,20.1
6,2026-09-08T21:00:00,112.5,200.4,65.4,8.8,20.1
1,2026-09-08T22:00:00,64.1,108.9,29.6,6.1,19.7
2,2026-09-08T22:00:00,85.0,160.2,46.5,9.1,14.9
3,2026-09-08T22:00:00,109.4,195.5,39.2,17.4,18.0
4,2026-09-08T22:00:00,107.8,193.6,46.0,6.7,17.0
5,2026-09-08T22:00:00,44.8,75.9,24.3,6.1,24.4
6,2026-09-08T22:00:00,86.4,153.7,34.3,6.5,11.0
1,2026-09-08T23:00:00,61.2,114.6,29.1,3.0,16.9
2,2026-09-08T23:00:00,90.7,156.1,47.0,9.2,15.8
3,2026-09-08T23:00:00,99.0,185.5,36.5,19.7,15.8
4,2026-09-08T23:00:00,99.9,190.8,48.3,7.4,22.8
5,2026-09-08T23:00:00,50.6,96.9,27.1,3.0,8.9
6,2026-09-08T23:00:00,77.3,147.7,29.8,10.3,8.4
1,2026-09-09T00:00:00,62.0,111.5,13.8,5.8,24.7
2,2026-09-09T00:00:00,88.9,149.4,26.8,4.4,19.3
3,2026-09-09T00:00:00,108.5,191.8,24.4,23.5,14.3
4,2026-09-09T00:00:00,89.7,154.1,39.1,6.0,26.5
5,2026-09-09T00:00:00,52.0,86.2,15.9,3.8,19.0
6,2026-09-09T00:00:00,83.7,160.8,27.3,9.4,21.9
1,2026-09-09T01:00:00,66.7,115.5,13.5,9.2,16.4
2,2026-09-09T01:00:00,86.5,160.9,35.0,7.0,15.4
3,2026-09-09T01:00:00,114.1,199.7,27.1,14.3,16.4
4,2026-09-09T01:00:00,95.0,183.9,39.2,5.4,22.8
5,2026-09-09T01:00:00,50.0,92.6,13.2,3.0,19.1
6,2026-09-09T01:00:00,81.0,149.1,16.0,3.0,21.5
1,2026-09-09T02:00:00,66.5,111.5,16.7,6.6,28.2
2,2026-09-09T02:00:00,92.4,177.9,25.7,4.5,17.7
3,2026-09-09T02:00:00,127.1,246.1,22.1,18.6,15.6
4,2026-09-09T02:00:00,103.7,191.1,31.6,8.3,15.9
5,2026-09-09T02:00:00,48.4,84.2,20.0,3.0,17.5
6,2026-09-09T02:00:00,88.3,155.1,14.8,11.7,8.6
1,2026-09-09T03:00:00,48.9,90.8,22.7,3.5,17.3
2,2026-09-09T03:00:00,59.9,110.6,28.3,6.7,15.1
3,2026-09-09T03:00:00,79.8,149.5,31.6,16.4,13.8
4,2026-09-09T03:00:00,77.6,128.8,37.0,6.8,11.1
5,2026-09-09T03:00:00,38.4,69.9,13.8,3.0,18.0
6,2026-09-09T03:00:00,59.4,105.1,23.0,9.8,16.7
1,2026-09-09T04:00:00,49.5,88.9,22.1,4.2,20.0
2,2026-09-09T04:00:00,63.9,109.9,35.2,5.9,11.4
3,2026-09-09T04:00:00,86.3,160.1,24.6,20.2,16.5
4,2026-09-09T04:00:00,63.1,118.3,34.2,9.3,18.6
5,2026-09-09T04:00:00,27.5,48.3,15.5,3.0,20.8
6,2026-09-09T04:00:00,65.2,119.6,26.9,8.5,19.2
1,2026-09-09T05:00:00,63.5,111.3,10.0,4.2,10.1
2,2026-09-09T05:00:00,75.0,143.2,28.8,3.8,18.7
3,2026-09-09T05:00:00,94.2,173.2,31.4,20.5,15.4
4,2026-09-09T05:00:00,62.1,113.9,41.2,9.2,21.9
5,2026-09-09T05:00:00,40.9,69.8,6.3,6.4,22.9
6,2026-09-09T05:00:00,69.9,129.2,23.5,9.2,20.4
1,2026-09-09T06:00:00,78.9,147.3,28.2,4.7,17.4
2,2026-09-09T06:00:00,102.1,192.9,43.1,6.8,25.4
3,2026-09-09T06:00:00,129.2,248.2,41.0,16.9,27.5
4,2026-09-09T06:00:00,92.4,153.1,52.4,7.2,23.6
5,2026-09-09T06:00:00,62.7,107.6,22.9,5.1,14.5
6,2026-09-09T06:00:00,96.9,185.4,36.1,7.4,16.3
1,2026-09-09T07:00:00,76.2,138.3,25.3,3.6,16.2
2,2026-09-09T07:00:00,106.1,179.2,45.3,7.3,20.7
3,2026-09-09T07:00:00,137.4,235.4,39.5,21.5,20.2
4,2026-09-09T07:00:00,97.7,177.2,45.8,3.5,11.1
5,2026-09-09T07:00:00,45.2,86.5,23.4,3.0,16.5
6,2026-09-09T07:00:00,68.7,131.8,33.6,6.3,14.7
1,2026-09-09T08:00:00,77.7,134.1,53.9,4.8,15.4
2,2026-09-09T08:00:00,140.0,253.9,66.2,6.5,16.5
3,2026-09-09T08:00:00,143.7,262.4,57.7,20.6,21.0
4,2026-09-09T08:00:00,119.9,208.1,65.4,9.6,18.3
5,2026-09-09T08:00:00,59.6,98.8,44.0,3.0,15.8
6,2026-09-09T08:00:00,96.7,181.8,54.3,8.3,15.4
1,2026-09-09T09:00:00,72.1,126.8,53.6,3.2,14.7
2,2026-09-09T09:00:00,143.2,263.8,65.5,6.3,15.8
3,2026-09-09T09:00:00,143.9,249.0,60.5,18.2,15.1
4,2026-09-09T09:00:00,115.3,203.1,73.0,6.9,16.9
5,2026-09-09T09:00:00,65.0,114.9,40.2,7.8,14.8
6,2026-09-09T09:00:00,102.6,174.1,59.2,7.2,13.1
1,2026-09-09T10:00:00,75.0,126.3,45.8,4.3,16.8
2,2026-09-09T10:00:00,114.2,190.7,62.7,7.0,19.6
3,2026-09-09T10:00:00,140.2,234.4,52.7,21.6,13.8
4,2026-09-09T10:00:00,129.2,225.7,70.9,6.4,17.5
5,2026-09-09T10:00:00,61.8,114.2,40.5,3.0,17.4
6,2026-09-09T10:00:00,96.3,182.0,58.9,5.8,13.3
1,2026-09-09T11:00:00,65.1,110.9,31.4,6.2,40.7
2,2026-09-09T11:00:00,91.5,158.6,55.0,9.6,41.3
3,2026-09-09T11:00:00,106.1,179.2,44.5,17.9,44.1
4,2026-09-09T11:00:00,103.1,197.6,53.6,6.8,44.8
5,2026-09-09T11:00:00,49.0,81.2,34.7,3.7,40.6
6,2026-09-09T11:00:00,74.9,129.4,44.3,5.2,46.1
1,2026-09-09T12:00:00,56.7,107.3,36.5,8.1,42.2
2,2026-09-09T12:00:00,74.7,135.5,58.2,3.0,44.0
3,2026-09-09T12:00:00,106.6,202.6,46.9,18.8,48.4
4,2026-09-09T12:00:00,91.3,167.3,62.0,8.1,44.6
5,2026-09-09T12:00:00,47.6,91.5,35.3,3.8,42.1
6,2026-09-09T12:00:00,73.1,142.3,39.9,8.3,47.0
1,2026-09-09T13:00:00,58.7,110.0,45.9,4.1,39.2
2,2026-09-09T13:00:00,87.5,159.7,55.6,4.6,44.0
3,2026-09-09T13:00:00,91.4,171.8,49.2,22.7,50.4
4,2026-09-09T13:00:00,84.6,142.7,55.3,7.0,44.7
5,2026-09-09T13:00:00,45.2,86.5,34.9,4.2,43.8
6,2026-09-09T13:00:00,77.0,142.0,47.1,8.2,45.6
1,2026-09-09T14:00:00,60.1,106.2,42.5,4.7,43.4
2,2026-09-09T14:00:00,88.7,147.6,55.1,5.7,40.5
3,2026-09-09T14:00:00,95.6,177.2,47.6,16.8,58.1
4,2026-09-09T14:00:00,91.0,174.9,58.8,3.0,41.4
5,2026-09-09T14:00:00,45.0,87.3,30.9,3.8,47.8
6,2026-09-09T14:00:00,63.6,116.1,47.5,4.7,42.8
1,2026-09-09T15:00:00,64.4,113.8,47.1,4.3,46.2
2,2026-09-09T15:00:00,73.3,133.3,58.3,6.7,44.4
3,2026-09-09T15:00:00,106.4,204.6,48.5,22.2,42.7
4,2026-09-09T15:00:00,88.5,162.8,57.3,8.8,47.8
5,2026-09-09T15:00:00,44.8,75.3,26.2,3.7,49.6
6,2026-09-09T15:00:00,73.0,121.5,41.1,7.7,46.2
1,2026-09-09T16:00:00,61.4,114.8,46.5,4.9,41.1
2,2026-09-09T16:00:00,79.8,139.8,50.5,4.7,44.3
3,2026-09-09T16:00:00,104.1,182.3,56.8,18.0,45.8
4,2026-09-09T16:00:00,92.8,161.2,49.2,8.5,47.2
5,2026-09-09T16:00:00,43.5,82.8,32.7,3.0,46.1
6,2026-09-09T16:00:00,64.4,118.5,38.6,5.1,47.9
1,2026-09-09T17:00:00,62.6,112.7,41.7,3.9,20.1
2,2026-09-09T17:00:00,92.7,173.7,49.9,6.8,20.4
3,2026-09-09T17:00:00,115.5,216.5,51.2,15.2,13.9
4,2026-09-09T17:00:00,100.7,176.7,54.3,6.5,22.1
5,2026-09-09T17:00:00,46.6,80.4,36.3,3.7,23.9
6,2026-09-09T17:00:00,83.1,138.9,42.1,9.6,27.7
1,2026-09-09T18:00:00,68.6,116.7,54.7,3.0,19.8
2,2026-09-09T18:00:00,117.6,211.5,59.6,5.8,20.7
3,2026-09-09T18:00:00,125.6,230.3,61.2,22.0,13.3
4,2026-09-09T18:00:00,138.9,247.7,66.7,4.1,21.0
5,2026-09-09T18:00:00,70.6,131.4,48.9,7.1,12.2
6,2026-09-09T18:00:00,107.1,203.9,62.5,6.7,21.3
1,2026-09-09T19:00:00,90.6,151.4,47.2,4.7,14.4
2,2026-09-09T19:00:00,119.0,199.3,65.1,4.8,10.8
3,2026-09-09T19:00:00,149.1,268.8,58.2,17.6,17.4
4,2026-09-09T19:00:00,141.5,259.5,66.8,4.3,16.3
5,2026-09-09T19:00:00,54.5,97.9,54.4,6.0,21.2
6,2026-09-09T19:00:00,108.8,197.6,61.5,6.5,26.1
1,2026-09-09T20:00:00,83.3,154.0,48.5,7.9,22.8
2,2026-09-09T20:00:00,122.8,239.2,77.8,6.3,15.3
3,2026-09-09T20:00:00,149.4,274.6,66.2,22.8,27.6
4,2026-09-09T20:00:00,139.2,231.7,73.4,11.1,18.2
5,2026-09-09T20:00:00,58.1,100.6,47.6,3.0,22.8
6,2026-09-09T20:00:00,110.2,203.0,56.6,7.4,23.6
1,2026-09-09T21:00:00,89.0,160.9,42.4,6.5,15.8
2,2026-09-09T21:00:00,136.0,244.5,64.9,7.3,24.5
3,2026-09-09T21:00:00,143.1,258.2,65.4,18.5,12.7
4,2026-09-09T21:00:00,134.1,226.9,71.9,7.2,16.9
5,2026-09-09T21:00:00,54.2,104.1,46.8,6.5,11.2
6,2026-09-09T21:00:00,107.6,207.6,61.2,6.9,18.9
1,2026-09-09T22:00:00,73.9,132.8,30.1,7.2,15.7
2,2026-09-09T22:00:00,86.8,165.4,49.5,9.5,20.0
3,2026-09-09T22:00:00,96.4,185.6,36.4,17.9,15.9
4,2026-09-09T22:00:00,104.7,173.8,50.5,12.2,22.2
5,2026-09-09T22:00:00,50.5,91.5,30.5,4.0,18.5
6,2026-09-09T22:00:00,79.4,147.3,34.8,6.3,25.7
1,2026-09-09T23:00:00,65.5,112.3,28.9,5.2,19.5
2,2026-09-09T23:00:00,93.8,166.5,46.5,4.5,11.7
3,2026-09-09T23:00:00,117.6,215.7,32.9,19.6,14.4
4,2026-09-09T23:00:00,102.9,197.0,49.6,7.2,19.9
5,2026-09-09T23:00:00,44.6,73.8,26.3,3.5,23.4
6,2026-09-09T23:00:00,76.0,138.8,35.3,12.7,22.8
1,2026-09-10T00:00:00,61.0,113.0,20.4,6.3,23.8
2,2026-09-10T00:00:00,90.8,169.1,28.0,5.5,11.0
3,2026-09-10T00:00:00,113.2,196.9,31.9,17.2,20.7
4,2026-09-10T00:00:00,95.5,172.0,30.5,8.5,21.0
5,2026-09-10T00:00:00,51.2,88.0,10.5,8.7,22.0
6,2026-09-10T00:00:00,70.1,130.0,20.3,8.1,19.3
1,2026-09-10T01:00:00,64.6,122.5,15.8,5.8,21.6
2,2026-09-10T01:00:00,81.9,139.2,33.0,3.2,16.8
3,2026-09-10T01:00:00,107.7,193.2,26.4,19.1,17.1
4,2026-09-10T01:00:00,97.4,186.7,34.5,7.7,21.1
5,2026-09-10T01:00:00,55.8,96.0,13.0,7.2,21.7
6,2026-09-10T01:00:00,81.7,137.2,20.3,10.6,20.4
1,2026-09-10T02:00:00,63.7,123.6,19.3,3.3,14.5
2,2026-09-10T02:00:00,86.0,162.9,34.3,7.8,19.3
3,2026-09-10T02:00:00,108.9,203.0,25.8,20.0,15.5
4,2026-09-10T02:00:00,97.5,184.0,32.2,9.0,16.2
5,2026-09-10T02:00:00,48.0,91.4,11.3,3.8,18.2
6,2026-09-10T02:00:00,80.7,147.0,19.3,8.4,21.4
1,2026-09-10T03:00:00,42.2,81.4,16.8,5.3,20.8
2,2026-09-10T03:00:00,66.5,116.8,33.6,10.6,22.0
3,2026-09-10T03:00:00,72.2,139.0,37.1,18.2,23.8
4,2026-09-10T03:00:00,71.6,138.8,33.5,8.8,16.3
5,2026-09-10T03:00:00,38.0,66.7,14.6,3.5,19.7
6,2026-09-10T03:00:00,60.2,111.1,27.3,6.8,17.3
1,2026-09-10T04:00:00,45.9,86.8,23.1,3.7,16.3
2,2026-09-10T04:00:00,68.1,132.6,35.6,6.5,20.4
3,2026-09-10T04:00:00,80.3,147.8,29.1,21.3,14.5
4,2026-09-10T04:00:00,66.1,125.6,39.3,10.4,21.6
5,2026-09-10T04:00:00,35.1,68.1,11.2,5.4,12.0
6,2026-09-10T04:00:00,56.2,100.5,26.0,6.3,15.1
1,2026-09-10T05:00:00,59.8,106.9,14.9,3.0,18.3
2,2026-09-10T05:00:00,65.7,110.3,29.2,9.9,29.6
3,2026-09-10T05:00:00,70.3,117.7,25.0,22.5,11.7
4,2026-09-10T05:00:00,78.2,141.4,37.7,7.6,14.7
5,2026-09-10T05:00:00,36.9,65.4,10.0,3.0,13.8
6,2026-09-10T05:00:00,58.3,106.1,18.5,10.0,21.2
1,2026-09-10T06:00:00,61.6,111.8,26.3,3.0,22.7
2,2026-09-10T06:00:00,99.1,167.1,40.1,5.2,12.8
3,2026-09-10T06:00:00,132.2,227.3,46.1,23.0,23.4
4,2026-09-10T06:00:00,121.0,221.5,50.9,6.5,24.2
5,2026-09-10T06:00:00,61.4,110.6,33.8,4.0,27.9
6,2026-09-10T06:00:00,86.8,157.5,36.1,10.1,15.2
1,2026-09-10T07:00:00,62.5,103.4,30.5,7.0,15.3
2,2026-09-10T07:00:00,85.4,160.9,42.9,8.2,23.1
3,2026-09-10T07:00:00,128.1,235.9,36.1,20.1,13.3
4,2026-09-10T07:00:00,98.1,190.3,39.1,8.9,14.2
5,2026-09-10T07:00:00,63.9,114.6,24.1,5.4,20.2
6,2026-09-10T07:00:00,87.3,148.3,32.1,9.8,20.9
1,2026-09-10T08:00:00,96.8,169.9,45.1,3.7,8.5
2,2026-09-10T08:00:00,110.2,184.5,64.8,3.0,16.0
3,2026-09-10T08:00:00,167.0,282.9,60.4,18.9,18.2
4,2026-09-10T08:00:00,151.8,293.6,62.3,6.0,17.4
5,2026-09-10T08:00:00,72.8,133.4,44.8,3.8,15.3
6,2026-09-10T08:00:00,96.1,175.6,57.6,9.0,20.5
1,2026-09-10T09:00:00,89.3,163.5,45.7,4.8,14.8
2,2026-09-10T09:00:00,114.1,193.1,63.7,4.9,17.3
3,2026-09-10T09:00:00,131.2,239.9,70.2,18.8,18.9
4,2026-09-10T09:00:00,117.8,210.9,75.4,7.9,9.1
5,2026-09-10T09:00:00,64.5,116.0,48.4,6.2,14.4
6,2026-09-10T09:00:00,95.3,177.0,56.5,8.6,19.5
1,2026-09-10T10:00:00,85.3,163.7,57.5,6.2,14.3
2,2026-09-10T10:00:00,100.0,168.2,63.8,4.6,22.6
3,2026-09-10T10:00:00,143.0,270.0,54.5,18.5,20.8
4,2026-09-10T10:00:00,132.1,222.9,65.9,6.5,18.0
5,2026-09-10T10:00:00,62.3,109.6,42.2,6.5,14.6
6,2026-09-10T10:00:00,86.0,158.5,51.2,12.4,21.4
1,2026-09-10T11:00:00,73.2,130.8,41.5,4.8,45.7
2,2026-09-10T11:00:00,84.4,153.6,49.4,5.5,46.8
3,2026-09-10T11:00:00,109.7,213.6,46.9,20.1,58.1
4,2026-09-10T11:00:00,110.7,205.3,62.5,7.7,42.1
5,2026-09-10T11:00:00,47.1,91.4,35.0,3.5,49.0
6,2026-09-10T11:00:00,80.7,136.2,45.3,9.5,49.7
1,2026-09-10T12:00:00,64.1,124.5,38.8,3.6,45.4
2,2026-09-10T12:00:00,84.2,161.7,45.3,4.5,42.7
3,2026-09-10T12:00:00,114.7,209.9,47.0,16.8,41.8
4,2026-09-10T12:00:00,88.0,162.8,53.1,6.5,49.0
5,2026-09-10T12:00:00,39.9,70.8,34.2,3.0,48.0
6,2026-09-10T12:00:00,69.5,115.1,37.8,7.3,50.6
1,2026-09-10T13:00:00,60.5,100.1,45.1,3.3,45.5
2,2026-09-10T13:00:00,82.5,142.1,47.7,7.4,43.8
3,2026-09-10T13:00:00,96.2,176.4,51.3,18.0,41.5
4,2026-09-10T13:00:00,84.1,160.9,51.3,8.7,39.0
5,2026-09-10T13:00:00,43.3,74.5,33.8,7.6,46.4
6,2026-09-10T13:00:00,68.8,113.7,40.3,3.2,41.0
1,2026-09-10T14:00:00,52.0,91.3,41.3,4.0,42.1
2,2026-09-10T14:00:00,76.7,144.8,45.8,6.6,37.4
3,2026-09-10T14:00:00,101.9,176.1,36.2,18.9,48.6
4,2026-09-10T14:00:00,91.7,172.8,46.6,6.0,49.9
5,2026-09-10T14:00:00,45.9,87.7,25.1,4.6,44.4
6,2026-09-10T14:00:00,66.6,113.3,46.9,8.4,44.1
1,2026-09-10T15:00:00,61.1,112.9,42.7,3.7,49.2
2,2026-09-10T15:00:00,83.4,154.0,54.8,7.4,44.8
3,2026-09-10T15:00:00,107.9,188.0,48.0,15.7,38.6
4,2026-09-10T15:00:00,91.9,160.5,56.2,7.2,44.2
5,2026-09-10T15:00:00,39.2,66.4,30.4,3.0,45.4
6,2026-09-10T15:00:00,78.6,140.6,44.9,9.3,42.1
1,2026-09-10T16:00:00,61.5,102.1,42.6,4.1,45.1
2,2026-09-10T16:00:00,86.0,158.6,57.2,5.0,35.3
3,2026-09-10T16:00:00,103.7,176.7,50.4,20.9,46.4
4,2026-09-10T16:00:00,79.5,148.2,55.0,7.4,45.7
5,2026-09-10T16:00:00,50.6,93.0,30.6,5.6,52.5
6,2026-09-10T16:00:00,68.6,130.6,44.8,10.1,46.8
1,2026-09-10T17:00:00,66.3,117.9,37.1,3.0,24.0
2,2026-09-10T17:00:00,81.4,135.7,57.5,4.0,22.8
3,2026-09-10T17:00:00,84.7,142.6,46.7,20.3,16.6
4,2026-09-10T17:00:00,108.9,183.3,49.7,5.8,11.1
5,2026-09-10T17:00:00,47.4,91.2,36.2,5.1,20.3
6,2026-09-10T17:00:00,54.5,96.6,43.6,3.7,18.3
1,2026-09-10T18:00:00,90.6,157.9,49.7,7.0,17.4
2,2026-09-10T18:00:00,124.2,221.0,71.4,5.4,14.3
3,2026-09-10T18:00:00,130.2,245.4,62.7,23.2,18.2
4,2026-09-10T18:00:00,130.3,240.8,66.9,8.9,16.6
5,2026-09-10T18:00:00,69.6,128.8,45.8,3.0,24.5
6,2026-09-10T18:00:00,93.1,181.3,67.1,9.8,10.8
1,2026-09-10T19:00:00,90.4,158.0,56.1,5.1,19.2
2,2026-09-10T19:00:00,121.2,226.7,64.4,7.8,20.7
3,2026-09-10T19:00:00,146.4,273.0,58.2,18.4,16.2
4,2026-09-10T19:00:00,135.8,229.0,64.8,6.2,16.1
5,2026-09-10T19:00:00,65.2,113.6,46.0,3.0,23.8
6,2026-09-10T19:00:00,106.6,196.0,54.3,9.7,22.2
1,2026-09-10T20:00:00,86.9,155.8,53.0,7.1,17.3
2,2026-09-10T20:00:00,124.0,206.8,64.5,7.8,23.3
3,2026-09-10T20:00:00,162.8,304.1,57.5,19.1,21.8
4,2026-09-10T20:00:00,139.6,263.0,68.8,5.7,14.6
5,2026-09-10T20:00:00,67.5,120.1,44.1,3.7,15.2
6,2026-09-10T20:00:00,110.8,199.6,67.3,9.2,20.4
1,2026-09-10T21:00:00,89.1,160.5,48.6,4.3,14.2
2,2026-09-10T21:00:00,128.7,236.9,68.8,9.9,21.8
3,2026-09-10T21:00:00,159.0,263.0,65.7,21.3,17.1
4,2026-09-10T21:00:00,137.0,266.6,71.6,6.1,18.5
5,2026-09-10T21:00:00,67.8,128.8,45.5,4.2,24.6
6,2026-09-10T21:00:00,103.4,199.8,62.0,9.9,21.4
1,2026-09-10T22:00:00,61.3,103.8,30.3,3.0,17.1
2,2026-09-10T22:00:00,88.9,152.7,45.0,5.6,26.3
3,2026-09-10T22:00:00,103.6,196.1,35.4,19.8,12.7
4,2026-09-10T22:00:00,101.0,183.8,44.6,8.6,12.1
5,2026-09-10T22:00:00,49.5,86.2,20.2,6.9,26.8
6,2026-09-10T22:00:00,77.0,141.5,44.4,8.9,24.1
1,2026-09-10T23:00:00,64.7,124.4,30.9,7.1,15.0
2,2026-09-10T23:00:00,93.2,162.5,41.8,6.0,19.1
3,2026-09-10T23:00:00,100.1,175.1,38.5,23.1,22.1
4,2026-09-10T23:00:00,85.6,163.2,39.3,7.3,22.7
5,2026-09-10T23:00:00,50.9,89.7,25.0,5.5,18.4
6,2026-09-10T23:00:00,82.4,153.1,31.3,6.1,17.5
1,2026-09-11T00:00:00,67.6,115.3,22.3,7.3,15.0
2,2026-09-11T00:00:00,91.5,152.6,31.2,4.5,13.1
3,2026-09-11T00:00:00,112.8,191.9,30.2,21.0,11.9
4,2026-09-11T00:00:00,92.3,169.1,33.6,5.3,26.1
5,2026-09-11T00:00:00,50.7,88.3,16.9,5.9,19.8
6,2026-09-11T00:00:00,81.7,146.8,26.0,10.6,16.4
1,2026-09-11T01:00:00,69.9,120.8,16.6,7.4,19.9
2,2026-09-11T01:00:00,90.6,166.1,22.4,6.2,19.1
3,2026-09-11T01:00:00,110.0,212.8,31.6,20.7,20.2
4,2026-09-11T01:00:00,87.0,157.9,34.5,9.3,22.6
5,2026-09-11T01:00:00,47.5,89.0,12.7,3.1,22.8
6,2026-09-11T01:00:00,79.8,151.4,24.0,8.9,25.2
1,2026-09-11T02:00:00,68.9,132.9,21.8,4.9,11.0
2,2026-09-11T02:00:00,92.8,154.5,30.3,3.0,19.9
3,2026-09-11T02:00:00,99.5,183.9,22.9,17.9,19.0
4,2026-09-11T02:00:00,108.1,202.7,37.4,3.7,20.7
5,2026-09-11T02:00:00,53.9,92.0,13.5,3.0,19.3
6,2026-09-11T02:00:00,81.0,150.5,22.6,8.4,19.7
1,2026-09-11T03:00:00,50.1,97.1,19.0,4.7,14.5
2,2026-09-11T03:00:00,68.0,126.0,31.1,9.4,21.4
3,2026-09-11T03:00:00,83.8,161.1,27.4,18.5,18.7
4,2026-09-11T03:00:00,69.1,122.0,34.9,6.2,19.8
5,2026-09-11T03:00:00,40.1,68.4,16.4,3.0,17.5
6,2026-09-11T03:00:00,49.0,93.1,26.6,6.5,23.3
1,2026-09-11T04:00:00,32.9,59.6,20.4,3.0,22.0
2,2026-09-11T04:00:00,62.8,103.9,28.7,8.9,17.0
3,2026-09-11T04:00:00,83.7,150.4,34.1,18.4,18.8
4,2026-09-11T04:00:00,65.5,122.6,31.4,6.3,18.0
5,2026-09-11T04:00:00,44.1,82.8,12.0,4.4,17.8
6,2026-09-11T04:00:00,57.4,95.7,23.9,9.6,24.6
1,2026-09-11T05:00:00,49.0,92.8,20.4,4.2,14.2
2,2026-09-11T05:00:00,55.3,99.6,39.2,8.0,13.6
3,2026-09-11T05:00:00,98.7,162.9,25.4,19.9,16.8
4,2026-09-11T05:00:00,83.1,159.5,34.4,9.7,18.4
5,2026-09-11T05:00:00,41.5,74.0,16.3,6.2,21.3
6,2026-09-11T05:00:00,59.3,104.0,23.7,6.2,20.5
1,2026-09-11T06:00:00,73.4,129.9,27.9,8.3,14.0
2,2026-09-11T06:00:00,87.8,155.6,39.6,4.6,16.2
3,2026-09-11T06:00:00,109.5,186.9,34.6,19.0,17.2
4,2026-09-11T06:00:00,129.5,222.0,44.4,5.7,19.1
5,2026-09-11T06:00:00,45.7,79.0,28.7,7.1,19.2
6,2026-09-11T06:00:00,94.9,184.5,35.0,8.4,27.4
1,2026-09-11T07:00:00,63.9,108.9,29.1,5.3,19.4
2,2026-09-11T07:00:00,98.0,170.7,36.2,3.4,21.1
3,2026-09-11T07:00:00,104.1,199.6,43.0,19.8,16.7
4,2026-09-11T07:00:00,116.1,210.9,52.0,7.7,16.9
5,2026-09-11T07:00:00,61.0,109.0,22.6,3.0,15.3
6,2026-09-11T07:00:00,81.5,139.1,41.4,10.7,21.9
1,2026-09-11T08:00:00,73.6,125.2,56.3,4.0,20.4
2,2026-09-11T08:00:00,110.7,203.4,67.2,5.5,16.0
3,2026-09-11T08:00:00,146.4,249.7,59.9,15.7,17.4
4,2026-09-11T08:00:00,125.8,237.8,71.3,3.9,14.5
5,2026-09-11T08:00:00,72.1,140.5,44.2,3.4,22.8
6,2026-09-11T08:00:00,100.5,167.2,53.4,5.2,11.0
1,2026-09-11T09:00:00,86.2,148.4,53.6,6.1,20.0
2,2026-09-11T09:00:00,116.8,227.7,66.6,8.1,14.4
3,2026-09-11T09:00:00,166.6,291.8,57.2,19.3,20.2
4,2026-09-11T09:00:00,123.8,207.5,65.5,7.8,22.2
5,2026-09-11T09:00:00,68.1,122.3,50.0,5.9,20.4
6,2026-09-11T09:00:00,99.2,188.1,51.1,9.3,20.8
1,2026-09-11T10:00:00,86.2,152.1,45.8,7.0,22.9
2,2026-09-11T10:00:00,117.9,215.4,65.5,8.5,18.5
3,2026-09-11T10:00:00,136.7,257.9,63.1,17.5,20.7
4,2026-09-11T10:00:00,135.2,254.6,74.4,5.9,16.2
5,2026-09-11T10:00:00,60.5,106.5,38.5,6.1,20.1
6,2026-09-11T10:00:00,85.1,140.6,57.9,4.2,14.4
1,2026-09-11T11:00:00,56.5,106.4,33.2,4.8,47.5
2,2026-09-11T11:00:00,87.9,169.5,47.2,3.6,45.4
3,2026-09-11T11:00:00,96.7,166.6,49.9,19.0,49.6
4,2026-09-11T11:00:00,98.5,174.4,60.5,5.6,44.2
5,2026-09-11T11:00:00,47.4,92.4,32.2,3.0,38.5
6,2026-09-11T11:00:00,88.7,150.8,40.7,12.3,41.1
1,2026-09-11T12:00:00,61.8,114.6,45.5,3.0,46.3
2,2026-09-11T12:00:00,72.6,139.9,57.9,9.2,46.0
3,2026-09-11T12:00:00,105.4,180.8,46.1,21.0,39.7
4,2026-09-11T12:00:00,89.1,171.9,59.3,11.2,44.8
5,2026-09-11T12:00:00,42.0,80.5,36.4,3.0,45.7
6,2026-09-11T12:00:00,68.9,125.3,49.8,7.9,42.6
1,2026-09-11T13:00:00,58.6,109.6,41.4,5.7,42.4
2,2026-09-11T13:00:00,90.9,177.2,56.8,7.9,43.9
3,2026-09-11T13:00:00,94.3,160.5,47.1,21.0,47.4
4,2026-09-11T13:00:00,86.5,147.5,52.1,9.7,49.5
5,2026-09-11T13:00:00,46.1,77.9,26.5,3.0,46.7
6,2026-09-11T13:00:00,66.7,116.0,45.8,12.2,44.3
1,2026-09-11T14:00:00,58.4,97.7,45.5,7.5,40.7
2,2026-09-11T14:00:00,86.4,147.8,59.8,9.9,42.4
3,2026-09-11T14:00:00,100.4,178.0,38.6,21.6,44.6
4,2026-09-11T14:00:00,93.6,173.7,54.1,3.2,43.3
5,2026-09-11T14:00:00,44.8,81.4,29.1,3.2,44.5
6,2026-09-11T14:00:00,58.3,100.9,44.9,6.9,46.5
1,2026-09-11T15:00:00,53.8,96.8,39.5,5.4,41.6
2,2026-09-11T15:00:00,82.8,158.9,59.7,7.1,45.4
3,2026-09-11T15:00:00,101.1,176.4,53.1,20.6,40.6
4,2026-09-11T15:00:00,91.1,161.0,64.8,3.2,45.9
5,2026-09-11T15:00:00,44.0,80.2,31.5,3.6,46.0
6,2026-09-11T15:00:00,77.9,146.0,46.3,9.1,43.7
1,2026-09-11T16:00:00,60.7,114.2,34.9,4.9,44.2
2,2026-09-11T16:00:00,75.0,135.0,52.4,7.6,44.4
3,2026-09-11T16:00:00,97.7,181.1,47.9,21.0,46.9
4,2026-09-11T16:00:00,90.2,169.8,57.6,8.2,48.1
5,2026-09-11T16:00:00,47.7,92.1,39.0,5.7,47.8
6,2026-09-11T16:00:00,67.7,117.0,39.9,7.9,44.1
1,2026-09-11T17:00:00,60.4,109.3,43.1,5.3,15.5
2,2026-09-11T17:00:00,88.7,152.1,51.2,3.0,15.2
3,2026-09-11T17:00:00,106.2,186.8,45.3,18.1,13.1
4,2026-09-11T17:00:00,105.4,181.5,51.5,8.9,20.6
5,2026-09-11T17:00:00,50.2,95.2,38.6,3.0,14.9
6,2026-09-11T17:00:00,87.6,147.9,49.6,7.9,22.0
1,2026-09-11T18:00:00,73.1,126.6,58.4,6.7,22.0
2,2026-09-11T18:00:00,120.8,231.6,65.7,8.7,17.6
3,2026-09-11T18:00:00,153.3,296.6,65.3,20.3,17.9
4,2026-09-11T18:00:00,130.2,228.4,71.5,6.8,26.4
5,2026-09-11T18:00:00,63.6,122.1,41.4,5.0,13.2
6,2026-09-11T18:00:00,106.5,200.8,60.1,9.0,15.7
1,2026-09-11T19:00:00,86.8,144.4,56.7,3.3,13.9
2,2026-09-11T19:00:00,111.8,209.4,72.7,5.0,25.6
3,2026-09-11T19:00:00,138.2,252.7,56.6,18.9,25.7
4,2026-09-11T19:00:00,132.5,246.3,71.6,4.0,18.2
5,2026-09-11T19:00:00,67.5,126.5,51.4,7.0,22.4
6,2026-09-11T19:00:00,87.3,167.2,58.0,9.3,22.1
1,2026-09-11T20:00:00,94.6,172.8,53.4,3.0,17.1
2,2026-09-11T20:00:00,115.0,213.7,70.2,6.0,16.6
3,2026-09-11T20:00:00,147.1,250.6,60.1,21.6,16.0
4,2026-09-11T20:00:00,141.2,236.3,73.4,4.6,21.0
5,2026-09-11T20:00:00,62.9,121.6,54.3,5.2,12.5
6,2026-09-11T20:00:00,103.4,197.6,58.3,9.6,19.0
1,2026-09-11T21:00:00,84.0,139.6,55.9,3.8,23.5
2,2026-09-11T21:00:00,120.7,216.8,65.7,8.2,15.2
3,2026-09-11T21:00:00,145.4,255.9,64.1,22.6,20.2
4,2026-09-11T21:00:00,136.6,255.6,73.6,9.2,16.0
5,2026-09-11T21:00:00,71.5,123.2,44.8,4.2,16.2
6,2026-09-11T21:00:00,117.9,197.0,59.0,8.5,20.4
1,2026-09-11T22:00:00,61.4,107.8,24.7,4.0,22.8
2,2026-09-11T22:00:00,91.5,168.5,40.0,4.9,15.2
3,2026-09-11T22:00:00,119.0,228.9,36.3,18.5,19.4
4,2026-09-11T22:00:00,109.1,192.1,49.5,7.7,12.1
5,2026-09-11T22:00:00,51.4,84.9,26.1,5.9,18.1
6,2026-09-11T22:00:00,81.6,149.2,31.5,5.7,20.1
1,2026-09-11T23:00:00,62.2,103.3,34.4,5.0,15.2
2,2026-09-11T23:00:00,90.2,156.5,44.7,3.8,14.6
3,2026-09-11T23:00:00,118.1,203.8,39.4,18.4,18.1
4,2026-09-11T23:00:00,110.1,200.9,44.2,6.4,21.2
5,2026-09-11T23:00:00,45.5,78.2,28.9,5.5,20.7
6,2026-09-11T23:00:00,81.9,153.2,36.2,9.3,17.4
1,2026-09-12T00:00:00,61.0,108.3,23.2,3.0,18.1
2,2026-09-12T00:00:00,87.8,160.5,31.1,7.9,18.3
3,2026-09-12T00:00:00,106.1,194.5,29.5,18.4,15.6
4,2026-09-12T00:00:00,94.9,181.1,30.8,7.4,18.9
5,2026-09-12T00:00:00,47.6,84.9,5.0,4.0,15.8
6,2026-09-12T00:00:00,67.7,115.8,21.7,8.2,15.5
1,2026-09-12T01:00:00,56.8,95.2,19.3,7.2,16.0
2,2026-09-12T01:00:00,81.8,152.7,30.2,6.2,19.9
3,2026-09-12T01:00:00,98.9,177.6,29.1,18.3,13.6
4,2026-09-12T01:00:00,81.3,141.8,35.9,3.6,17.9
5,2026-09-12T01:00:00,44.9,81.9,5.0,3.1,25.3
6,2026-09-12T01:00:00,78.7,148.5,24.6,8.6,21.2
1,2026-09-12T02:00:00,63.9,118.5,19.3,5.3,23.2
2,2026-09-12T02:00:00,76.7,126.9,29.3,7.6,18.5
3,2026-09-12T02:00:00,102.7,176.4,24.3,18.1,22.0
4,2026-09-12T02:00:00,96.8,174.0,37.1,6.1,19.0
5,2026-09-12T02:00:00,44.9,83.4,16.7,3.0,19.8
6,2026-09-12T02:00:00,67.5,117.3,24.0,8.2,19.5
1,2026-09-12T03:00:00,47.0,78.0,15.9,6.8,19.3
2,2026-09-12T03:00:00,50.2,83.6,26.7,6.0,17.1
3,2026-09-12T03:00:00,63.4,120.0,27.6,17.2,15.3
4,2026-09-12T03:00:00,62.3,114.5,33.8,5.9,17.2
5,2026-09-12T03:00:00,28.5,48.1,9.0,3.7,15.3
6,2026-09-12T03:00:00,50.9,96.7,18.3,4.4,20.2
1,2026-09-12T04:00:00,42.5,81.7,13.4,7.9,21.7
2,2026-09-12T04:00:00,58.1,97.8,22.0,8.9,16.4
3,2026-09-12T04:00:00,72.9,125.4,27.0,20.1,18.0
4,2026-09-12T04:00:00,59.8,103.3,28.3,8.1,16.7
5,2026-09-12T04:00:00,27.8,49.8,10.9,5.8,22.1
6,2026-09-12T04:00:00,61.9,109.1,26.7,8.2,14.5
1,2026-09-12T05:00:00,45.9,77.3,15.0,3.0,19.2
2,2026-09-12T05:00:00,64.9,111.3,31.5,7.4,23.2
3,2026-09-12T05:00:00,85.3,163.5,23.1,19.8,19.0
4,2026-09-12T05:00:00,65.5,117.5,26.9,6.7,10.5
5,2026-09-12T05:00:00,31.6,58.8,10.7,3.0,13.1
6,2026-09-12T05:00:00,53.2,91.9,24.5,7.4,18.4
1,2026-09-12T06:00:00,62.2,111.0,25.6,4.7,18.1
2,2026-09-12T06:00:00,80.0,154.6,40.2,4.7,13.6
3,2026-09-12T06:00:00,97.8,173.1,38.2,21.4,14.8
4,2026-09-12T06:00:00,118.7,226.5,45.5,5.6,25.7
5,2026-09-12T06:00:00,47.8,89.2,21.1,4.5,18.6
6,2026-09-12T06:00:00,77.7,143.0,37.7,7.8,14.8
1,2026-09-12T07:00:00,61.8,107.0,27.9,3.0,20.1
2,2026-09-12T07:00:00,74.9,142.8,37.5,8.0,18.1
3,2026-09-12T07:00:00,99.0,183.9,38.6,19.0,14.4
4,2026-09-12T07:00:00,109.1,201.9,45.8,11.1,17.7
5,2026-09-12T07:00:00,39.3,69.9,19.9,7.0,18.9
6,2026-09-12T07:00:00,93.5,157.8,33.0,8.0,19.8
1,2026-09-12T08:00:00,77.8,142.1,46.1,3.0,21.4
2,2026-09-12T08:00:00,97.1,180.8,60.9,6.8,18.2
3,2026-09-12T08:00:00,114.1,204.2,59.1,23.8,18.2
4,2026-09-12T08:00:00,107.8,197.2,50.4,11.0,22.3
5,2026-09-12T08:00:00,67.2,111.3,41.2,3.0,17.6
6,2026-09-12T08:00:00,99.8,184.8,49.0,7.2,15.8
1,2026-09-12T09:00:00,77.2,128.7,53.2,3.0,19.1
2,2026-09-12T09:00:00,108.4,188.0,58.2,3.9,25.1
3,2026-09-12T09:00:00,129.9,245.3,54.6,17.8,25.9
4,2026-09-12T09:00:00,113.9,208.6,59.0,5.5,24.4
5,2026-09-12T09:00:00,58.4,105.7,42.1,5.0,15.6
6,2026-09-12T09:00:00,91.2,176.3,53.4,6.3,18.8
1,2026-09-12T10:00:00,68.8,116.8,41.1,4.9,19.6
2,2026-09-12T10:00:00,98.4,188.1,57.1,8.0,21.8
3,2026-09-12T10:00:00,120.1,224.2,59.5,15.9,21.6
4,2026-09-12T10:00:00,115.2,198.7,61.9,7.2,20.4
5,2026-09-12T10:00:00,58.8,100.6,38.7,3.0,16.5
6,2026-09-12T10:00:00,90.5,156.0,46.3,7.8,15.1
1,2026-09-12T11:00:00,62.2,115.7,34.5,3.9,45.1
2,2026-09-12T11:00:00,80.3,145.7,54.9,3.7,46.7
3,2026-09-12T11:00:00,104.3,200.6,40.9,22.4,44.0
4,2026-09-12T11:00:00,86.3,150.9,52.8,4.3,37.2
5,2026-09-12T11:00:00,45.2,85.4,32.4,4.2,50.6
6,2026-09-12T11:00:00,70.1,123.2,42.6,9.3,45.1
1,2026-09-12T12:00:00,49.7,91.9,38.7,4.9,45.2
2,2026-09-12T12:00:00,78.2,148.5,49.8,3.7,46.0
3,2026-09-12T12:00:00,84.6,149.9,39.2,20.8,39.8
4,2026-09-12T12:00:00,73.8,133.5,55.6,7.5,41.8
5,2026-09-12T12:00:00,41.0,74.6,22.1,5.9,39.0
6,2026-09-12T12:00:00,67.1,121.4,44.2,7.4,46.0
1,2026-09-12T13:00:00,51.6,90.2,39.5,6.7,45.5
2,2026-09-12T13:00:00,75.4,131.2,47.8,6.9,39.3
3,2026-09-12T13:00:00,81.7,141.4,43.9,19.8,41.1
4,2026-09-12T13:00:00,69.5,133.5,56.1,9.1,43.8
5,2026-09-12T13:00:00,44.1,82.6,35.7,6.4,46.7
6,2026-09-12T13:00:00,62.3,103.3,46.1,8.7,42.8
1,2026-09-12T14:00:00,46.0,78.6,34.5,3.9,42.8
2,2026-09-12T14:00:00,77.7,134.3,55.8,5.8,47.5
3,2026-09-12T14:00:00,97.3,171.2,45.2,17.2,43.2
4,2026-09-12T14:00:00,76.3,139.7,51.4,6.4,50.1
5,2026-09-12T14:00:00,38.8,73.5,29.0,7.4,48.5
6,2026-09-12T14:00:00,57.2,101.9,44.9,7.1,43.5
1,2026-09-12T15:00:00,47.8,80.5,34.7,3.0,39.8
2,2026-09-12T15:00:00,73.2,131.1,51.7,10.0,38.0
3,2026-09-12T15:00:00,88.8,163.8,39.7,20.1,42.6
4,2026-09-12T15:00:00,79.0,131.5,53.0,7.2,50.0
5,2026-09-12T15:00:00,41.7,72.8,28.7,3.6,44.9
6,2026-09-12T15:00:00,65.6,118.5,43.2,10.2,48.6
1,2026-09-12T16:00:00,52.6,102.3,30.8,5.0,46.0
2,2026-09-12T16:00:00,71.4,138.6,51.0,5.1,46.9
3,2026-09-12T16:00:00,74.5,136.4,44.6,23.3,48.2
4,2026-09-12T16:00:00,77.9,134.0,50.1,7.5,46.2
5,2026-09-12T16:00:00,39.0,75.7,29.1,4.0,48.6
6,2026-09-12T16:00:00,63.4,113.5,45.3,9.0,46.9
1,2026-09-12T17:00:00,56.9,102.8,20.3,5.9,20.1
2,2026-09-12T17:00:00,80.8,153.6,51.1,6.3,19.1
3,2026-09-12T17:00:00,103.6,174.2,43.7,15.1,16.0
4,2026-09-12T17:00:00,85.5,150.5,52.1,8.2,17.5
5,2026-09-12T17:00:00,49.2,88.5,27.2,7.5,18.1
6,2026-09-12T17:00:00,74.0,135.2,46.3,12.0,19.4
1,2026-09-12T18:00:00,67.3,129.8,43.6,8.2,12.5
2,2026-09-12T18:00:00,92.2,168.9,61.4,4.6,18.6
3,2026-09-12T18:00:00,120.4,222.5,53.8,21.1,13.3
4,2026-09-12T18:00:00,128.8,230.5,56.8,9.3,15.1
5,2026-09-12T18:00:00,60.9,101.0,35.1,5.7,19.9
6,2026-09-12T18:00:00,102.8,185.5,58.8,8.4,21.2
1,2026-09-12T19:00:00,74.2,137.9,45.2,4.7,14.7
2,2026-09-12T19:00:00,110.5,187.1,68.0,10.2,14.8
3,2026-09-12T19:00:00,134.7,223.9,51.1,19.9,17.3
4,2026-09-12T19:00:00,128.2,234.1,59.7,8.8,15.7
5,2026-09-12T19:00:00,61.3,109.3,43.1,3.1,14.8
6,2026-09-12T19:00:00,100.1,165.2,54.3,10.5,21.0
1,2026-09-12T20:00:00,81.5,143.0,48.3,6.3,24.1
2,2026-09-12T20:00:00,102.8,197.8,63.9,8.7,22.2
3,2026-09-12T20:00:00,137.0,258.4,56.2,20.6,20.4
4,2026-09-12T20:00:00,119.5,218.3,57.6,4.2,21.1
5,2026-09-12T20:00:00,55.4,97.2,37.5,3.0,22.4
6,2026-09-12T20:00:00,95.0,175.1,60.0,8.6,21.5
1,2026-09-12T21:00:00,80.2,142.9,48.7,8.0,23.7
2,2026-09-12T21:00:00,110.0,204.0,65.7,6.7,25.3
3,2026-09-12T21:00:00,139.5,248.1,57.2,20.3,16.8
4,2026-09-12T21:00:00,113.3,196.6,65.0,7.0,21.1
5,2026-09-12T21:00:00,63.7,110.4,46.4,4.6,21.1
6,2026-09-12T21:00:00,95.1,182.4,50.8,9.4,27.3
1,2026-09-12T22:00:00,62.0,111.8,30.4,4.1,11.5
2,2026-09-12T22:00:00,75.8,125.8,49.9,5.8,18.9
3,2026-09-12T22:00:00,101.1,172.0,43.1,19.1,23.5
4,2026-09-12T22:00:00,74.9,142.5,44.3,7.0,14.7
5,2026-09-12T22:00:00,41.8,80.5,16.8,4.1,19.3
6,2026-09-12T22:00:00,70.8,130.2,33.8,11.4,15.1
1,2026-09-12T23:00:00,54.3,98.1,24.8,3.0,18.5
2,2026-09-12T23:00:00,78.9,150.7,45.3,3.0,16.9
3,2026-09-12T23:00:00,98.2,182.4,36.1,18.3,15.0
4,2026-09-12T23:00:00,81.3,135.7,43.9,8.2,22.0
5,2026-09-12T23:00:00,52.8,92.1,17.0,3.0,21.4
6,2026-09-12T23:00:00,70.3,127.1,35.1,7.9,14.1
1,2026-09-13T00:00:00,56.8,98.4,18.6,5.7,23.0
2,2026-09-13T00:00:00,82.4,157.0,34.8,4.0,19.2
3,2026-09-13T00:00:00,104.7,202.1,31.9,20.9,14.6
4,2026-09-13T00:00:00,92.2,174.9,37.0,8.7,19.8
5,2026-09-13T00:00:00,43.0,80.1,14.1,3.1,21.6
6,2026-09-13T00:00:00,72.2,128.5,20.7,6.5,19.2
1,2026-09-13T01:00:00,55.3,94.6,22.9,4.8,20.1
2,2026-09-13T01:00:00,78.8,139.8,40.2,5.8,21.6
3,2026-09-13T01:00:00,95.9,180.2,19.5,20.0,13.7
4,2026-09-13T01:00:00,87.7,160.6,40.5,6.2,18.2
5,2026-09-13T01:00:00,47.8,85.2,9.4,3.0,13.2
6,2026-09-13T01:00:00,59.4,113.9,22.8,6.3,19.5
1,2026-09-13T02:00:00,53.6,97.3,18.9,3.2,18.8
2,2026-09-13T02:00:00,89.4,160.9,37.5,7.0,10.4
3,2026-09-13T02:00:00,102.4,199.6,28.4,18.7,14.0
4,2026-09-13T02:00:00,93.3,181.3,31.8,5.6,21.9
5,2026-09-13T02:00:00,46.9,90.6,8.1,4.0,23.0
6,2026-09-13T02:00:00,79.4,151.6,21.3,10.8,19.6
1,2026-09-13T03:00:00,37.1,65.6,21.6,7.5,18.5
2,2026-09-13T03:00:00,65.8,125.7,31.9,4.8,10.8
3,2026-09-13T03:00:00,76.6,144.4,28.3,17.6,9.7
4,2026-09-13T03:00:00,67.2,120.1,30.1,6.7,15.8
5,2026-09-13T03:00:00,35.4,66.5,15.2,3.0,18.6
6,2026-09-13T03:00:00,48.8,87.2,22.3,8.9,19.2
1,2026-09-13T04:00:00,39.2,70.6,22.8,6.4,18.2
2,2026-09-13T04:00:00,58.6,106.4,37.9,3.3,16.6
3,2026-09-13T04:00:00,61.1,113.6,28.1,13.9,23.7
4,2026-09-13T04:00:00,57.6,99.0,30.1,7.3,19.6
5,2026-09-13T04:00:00,33.9,62.1,15.5,3.0,19.5
6,2026-09-13T04:00:00,42.7,81.7,24.1,9.2,14.3
1,2026-09-13T05:00:00,44.9,74.9,20.4,5.5,13.3
2,2026-09-13T05:00:00,79.5,136.2,26.0,7.7,13.4
3,2026-09-13T05:00:00,87.6,146.6,25.0,17.4,17.5
4,2026-09-13T05:00:00,73.2,137.3,38.2,7.7,17.7
5,2026-09-13T05:00:00,37.3,64.7,9.3,5.3,15.8
6,2026-09-13T05:00:00,49.9,93.8,19.6,9.0,20.1
1,2026-09-13T06:00:00,50.4,88.7,27.4,3.4,19.0
2,2026-09-13T06:00:00,105.8,191.8,45.9,8.9,14.0
3,2026-09-13T06:00:00,111.4,189.0,30.7,19.0,13.0
4,2026-09-13T06:00:00,74.8,143.3,45.5,6.1,12.2
5,2026-09-13T06:00:00,47.3,91.1,25.7,5.2,9.0
6,2026-09-13T06:00:00,57.6,108.2,35.2,6.3,22.9
1,2026-09-13T07:00:00,53.3,103.2,30.0,5.3,20.8
2,2026-09-13T07:00:00,77.4,127.9,45.5,6.5,23.6
3,2026-09-13T07:00:00,91.8,173.4,29.3,19.1,17.8
4,2026-09-13T07:00:00,113.4,192.5,43.6,8.9,24.6
5,2026-09-13T07:00:00,55.9,104.6,18.8,6.6,24.2
6,2026-09-13T07:00:00,91.9,176.1,35.9,9.7,16.2
1,2026-09-13T08:00:00,77.9,146.6,36.8,6.3,19.5
2,2026-09-13T08:00:00,122.1,229.4,54.9,8.8,19.1
3,2026-09-13T08:00:00,129.9,239.7,57.1,18.3,22.4
4,2026-09-13T08:00:00,118.2,222.5,65.3,8.0,14.6
5,2026-09-13T08:00:00,57.1,105.5,39.6,3.0,21.0
6,2026-09-13T08:00:00,94.3,183.2,60.4,8.1,20.7
1,2026-09-13T09:00:00,72.2,129.9,41.1,9.1,16.0
2,2026-09-13T09:00:00,100.0,174.7,56.4,3.0,20.9
3,2026-09-13T09:00:00,116.3,221.5,53.9,14.9,12.7
4,2026-09-13T09:00:00,111.5,194.7,58.1,7.5,19.9
5,2026-09-13T09:00:00,58.4,113.5,41.6,5.6,21.9
6,2026-09-13T09:00:00,95.8,161.7,49.9,7.7,14.8
1,2026-09-13T10:00:00,69.8,126.0,41.4,5.4,19.7
2,2026-09-13T10:00:00,106.3,180.5,58.7,8.0,15.2
3,2026-09-13T10:00:00,119.6,205.3,56.5,18.2,21.8
4,2026-09-13T10:00:00,113.2,213.5,57.9,5.6,18.6
5,2026-09-13T10:00:00,50.2,90.5,41.1,3.6,14.6
6,2026-09-13T10:00:00,90.7,155.6,51.4,8.4,13.8
1,2026-09-13T11:00:00,54.0,90.1,31.5,8.1,50.6
2,2026-09-13T11:00:00,84.1,154.3,55.2,8.7,37.5
3,2026-09-13T11:00:00,99.7,165.1,50.8,19.3,52.0
4,2026-09-13T11:00:00,86.2,152.5,55.4,9.3,46.9
5,2026-09-13T11:00:00,44.0,83.9,37.1,4.9,48.7
6,2026-09-13T11:00:00,70.7,130.0,37.9,7.2,43.4
1,2026-09-13T12:00:00,54.4,96.2,36.7,4.9,45.8
2,2026-09-13T12:00:00,71.5,129.4,55.4,9.8,42.6
3,2026-09-13T12:00:00,85.0,158.5,48.9,20.0,46.7
4,2026-09-13T12:00:00,77.9,144.5,56.0,9.4,41.5
5,2026-09-13T12:00:00,41.6,68.9,32.0,3.0,42.2
6,2026-09-13T12:00:00,71.1,130.3,38.0,8.8,42.3
1,2026-09-13T13:00:00,55.5,106.6,38.3,4.7,43.2
2,2026-09-13T13:00:00,71.8,118.6,57.0,4.4,52.4
3,2026-09-13T13:00:00,93.7,155.8,39.7,20.2,35.7
4,2026-09-13T13:00:00,89.3,165.1,50.1,7.5,34.5
5,2026-09-13T13:00:00,40.2,76.9,28.9,3.0,39.7
6,2026-09-13T13:00:00,69.9,126.1,40.2,8.5,42.3
1,2026-09-13T14:00:00,53.7,94.0,30.5,6.6,44.6
2,2026-09-13T14:00:00,79.2,152.6,52.5,10.8,44.1
3,2026-09-13T14:00:00,89.9,159.8,50.0,18.7,45.4
4,2026-09-13T14:00:00,73.2,124.0,57.8,5.8,46.6
5,2026-09-13T14:00:00,36.2,67.2,25.0,7.3,49.9
6,2026-09-13T14:00:00,65.6,123.7,40.5,7.5,40.9
1,2026-09-13T15:00:00,59.9,104.0,30.1,7.5,45.2
2,2026-09-13T15:00:00,73.3,133.8,46.9,8.0,45.4
3,2026-09-13T15:00:00,82.9,157.6,43.6,21.2,38.9
4,2026-09-13T15:00:00,88.9,160.5,43.9,8.7,40.3
5,2026-09-13T15:00:00,39.7,76.4,36.7,5.2,56.4
6,2026-09-13T15:00:00,65.4,108.9,40.8,6.4,45.3
1,2026-09-13T16:00:00,50.0,92.6,33.3,3.2,45.7
2,2026-09-13T16:00:00,70.4,117.3,53.1,8.8,40.8
3,2026-09-13T16:00:00,85.2,142.2,39.7,22.3,43.7
4,2026-09-13T16:00:00,86.7,151.1,53.0,7.1,41.8
5,2026-09-13T16:00:00,29.3,51.5,30.9,6.5,47.7
6,2026-09-13T16:00:00,64.3,121.2,50.5,8.6,46.1
1,2026-09-13T17:00:00,49.5,84.8,34.6,3.0,12.1
2,2026-09-13T17:00:00,80.7,147.4,47.5,3.0,14.9
3,2026-09-13T17:00:00,108.3,209.8,40.0,21.3,19.9
4,2026-09-13T17:00:00,83.5,143.0,52.8,7.6,26.6
5,2026-09-13T17:00:00,47.0,87.0,28.2,4.7,13.3
6,2026-09-13T17:00:00,69.2,127.5,38.3,6.5,18.2
1,2026-09-13T18:00:00,59.1,109.9,46.5,4.5,28.1
2,2026-09-13T18:00:00,112.9,191.2,62.6,7.6,18.0
3,2026-09-13T18:00:00,123.1,207.2,61.8,19.3,17.2
4,2026-09-13T18:00:00,117.7,206.5,64.7,9.6,22.2
5,2026-09-13T18:00:00,57.2,103.7,40.8,4.8,18.1
6,2026-09-13T18:00:00,97.0,188.8,49.8,10.6,21.0
1,2026-09-13T19:00:00,73.8,134.8,50.4,5.0,15.6
2,2026-09-13T19:00:00,114.8,207.2,63.3,6.2,26.7
3,2026-09-13T19:00:00,129.8,232.7,46.7,21.4,15.1
4,2026-09-13T19:00:00,114.3,207.3,61.5,10.4,17.8
5,2026-09-13T19:00:00,60.3,104.6,43.2,3.9,29.8
6,2026-09-13T19:00:00,92.0,158.9,54.7,7.7,20.9
1,2026-09-13T20:00:00,78.2,136.6,52.6,3.8,20.9
2,2026-09-13T20:00:00,103.9,176.0,60.8,8.7,19.2
3,2026-09-13T20:00:00,132.4,220.8,53.1,17.7,21.1
4,2026-09-13T20:00:00,118.0,216.3,62.8,10.2,13.6
5,2026-09-13T20:00:00,62.5,107.6,48.0,5.4,15.7
6,2026-09-13T20:00:00,90.3,154.2,49.0,7.3,21.9
1,2026-09-13T21:00:00,75.5,138.0,46.4,3.1,13.6
2,2026-09-13T21:00:00,118.2,201.7,56.4,6.1,19.8
3,2026-09-13T21:00:00,135.8,255.3,59.1,21.7,15.1
4,2026-09-13T21:00:00,128.2,243.1,55.8,9.1,17.3
5,2026-09-13T21:00:00,62.0,108.4,39.6,4.4,18.2
6,2026-09-13T21:00:00,94.0,158.9,57.7,6.7,17.4
1,2026-09-13T22:00:00,56.8,103.4,34.5,3.1,22.0
2,2026-09-13T22:00:00,76.5,140.0,40.9,8.7,16.2
3,2026-09-13T22:00:00,88.7,163.8,40.4,19.5,19.8
4,2026-09-13T22:00:00,99.4,193.0,52.4,4.9,14.8
5,2026-09-13T22:00:00,47.7,79.0,26.7,3.4,9.4
6,2026-09-13T22:00:00,71.8,130.8,32.0,5.1,15.3
1,2026-09-13T23:00:00,64.6,121.8,29.4,5.4,18.9
2,2026-09-13T23:00:00,74.5,137.6,54.5,10.8,14.8
3,2026-09-13T23:00:00,98.6,163.9,28.3,20.8,18.1
4,2026-09-13T23:00:00,96.6,161.5,43.0,9.8,14.7
5,2026-09-13T23:00:00,48.5,84.5,16.0,3.0,10.2
6,2026-09-13T23:00:00,71.8,131.7,40.0,4.5,15.9
1,2026-09-14T00:00:00,62.9,118.4,14.2,3.6,12.4
2,2026-09-14T00:00:00,88.7,147.7,24.4,5.1,18.9
3,2026-09-14T00:00:00,113.8,200.9,21.2,16.6,11.3
4,2026-09-14T00:00:00,95.7,177.8,35.5,7.4,17.7
5,2026-09-14T00:00:00,51.3,89.9,11.3,5.3,15.1
6,2026-09-14T00:00:00,76.7,146.0,24.8,8.9,17.8
1,2026-09-14T01:00:00,63.9,114.1,15.7,6.4,21.1
2,2026-09-14T01:00:00,90.7,159.8,36.0,7.9,20.4
3,2026-09-14T01:00:00,105.7,192.1,25.9,20.5,21.9
4,2026-09-14T01:00:00,98.0,177.6,32.1,6.2,19.3
5,2026-09-14T01:00:00,55.1,106.0,12.0,3.4,16.7
6,2026-09-14T01:00:00,76.4,139.3,25.2,8.4,16.5
1,2026-09-14T02:00:00,63.0,121.6,27.2,5.4,18.2
2,2026-09-14T02:00:00,90.5,172.2,33.1,8.2,25.6
3,2026-09-14T02:00:00,110.3,213.5,24.1,20.2,27.4
4,2026-09-14T02:00:00,106.3,198.5,33.4,8.2,16.8
5,2026-09-14T02:00:00,51.0,97.3,9.0,3.8,22.9
6,2026-09-14T02:00:00,82.1,154.3,23.7,9.0,17.5
1,2026-09-14T03:00:00,40.2,72.7,21.3,5.2,23.4
2,2026-09-14T03:00:00,65.6,121.1,36.3,6.7,14.2
3,2026-09-14T03:00:00,76.8,140.4,26.6,18.6,17.7
4,2026-09-14T03:00:00,62.6,108.0,33.3,6.1,17.2
5,2026-09-14T03:00:00,32.3,58.7,5.3,3.0,16.1
6,2026-09-14T03:00:00,50.3,93.1,30.6,10.2,19.3
1,2026-09-14T04:00:00,46.3,82.1,22.1,9.0,11.0
2,2026-09-14T04:00:00,64.4,116.8,32.5,4.1,17.1
3,2026-09-14T04:00:00,74.0,127.4,24.8,18.2,20.6
4,2026-09-14T04:00:00,78.4,148.0,34.9,9.2,15.0
5,2026-09-14T04:00:00,32.0,58.3,12.9,4.7,14.1
6,2026-09-14T04:00:00,53.7,98.9,28.6,10.7,19.1
1,2026-09-14T05:00:00,61.0,104.9,21.1,4.1,26.3
2,2026-09-14T05:00:00,78.6,145.3,37.1,5.8,15.9
3,2026-09-14T05:00:00,95.8,185.2,24.0,18.4,14.8
4,2026-09-14T05:00:00,87.0,168.2,38.6,7.6,17.6
5,2026-09-14T05:00:00,33.2,63.4,8.6,5.3,14.1
6,2026-09-14T05:00:00,67.6,112.5,21.3,5.3,15.6
1,2026-09-14T06:00:00,75.5,132.8,31.3,3.0,16.2
2,2026-09-14T06:00:00,92.1,162.7,43.2,7.8,24.7
3,2026-09-14T06:00:00,107.0,202.7,35.9,19.7,17.6
4,2026-09-14T06:00:00,103.4,177.5,43.7,7.5,19.2
5,2026-09-14T06:00:00,60.9,111.2,29.8,3.0,13.8
6,2026-09-14T06:00:00,93.4,176.9,40.1,6.3,20.6
1,2026-09-14T07:00:00,58.9,108.3,30.1,3.6,22.5
2,2026-09-14T07:00:00,117.1,226.0,41.3,7.7,22.9
3,2026-09-14T07:00:00,106.0,202.7,49.1,17.3,16.7
4,2026-09-14T07:00:00,104.9,183.5,42.0,7.3,15.6
5,2026-09-14T07:00:00,53.2,88.5,25.4,4.3,25.0
6,2026-09-14T07:00:00,104.1,187.2,34.5,8.7,13.9
1,2026-09-14T08:00:00,89.5,173.2,53.8,6.6,27.0
2,2026-09-14T08:00:00,116.0,196.8,60.8,6.3,15.2
3,2026-09-14T08:00:00,133.7,240.6,58.8,16.8,20.6
4,2026-09-14T08:00:00,144.8,250.0,69.8,6.5,16.4
5,2026-09-14T08:00:00,59.6,115.8,48.3,4.1,10.0
6,2026-09-14T08:00:00,119.7,215.9,55.6,5.3,20.9
1,2026-09-14T09:00:00,86.1,167.9,47.4,6.2,15.6
2,2026-09-14T09:00:00,115.9,201.1,62.8,7.0,15.2
3,2026-09-14T09:00:00,134.4,262.1,62.1,20.7,14.5
4,2026-09-14T09:00:00,118.8,215.9,68.6,5.9,12.2
5,2026-09-14T09:00:00,61.7,107.2,38.3,3.0,21.4
6,2026-09-14T09:00:00,114.1,221.5,63.3,5.7,21.8
1,2026-09-14T10:00:00,81.7,153.5,50.5,5.1,11.3
2,2026-09-14T10:00:00,110.0,184.0,68.5,6.1,18.9
3,2026-09-14T10:00:00,139.1,258.2,55.7,19.6,18.3
4,2026-09-14T10:00:00,132.6,245.3,77.9,6.0,14.7
5,2026-09-14T10:00:00,60.5,103.7,43.6,7.4,15.3
6,2026-09-14T10:00:00,106.2,192.5,59.5,6.8,12.8
1,2026-09-14T11:00:00,69.2,119.8,32.3,3.5,41.9
2,2026-09-14T11:00:00,86.6,168.7,57.5,5.5,45.0
3,2026-09-14T11:00:00,104.1,195.7,52.3,19.8,41.3
4,2026-09-14T11:00:00,93.0,176.2,56.2,7.2,41.1
5,2026-09-14T11:00:00,52.3,90.9,32.4,4.0,48.3
6,2026-09-14T11:00:00,79.4,148.0,44.3,7.7,43.9
1,2026-09-14T12:00:00,61.1,112.8,44.4,3.0,43.9
2,2026-09-14T12:00:00,82.4,160.6,58.1,6.2,38.3
3,2026-09-14T12:00:00,98.2,187.9,53.9,22.8,44.9
4,2026-09-14T12:00:00,80.7,146.6,52.0,5.7,48.6
5,2026-09-14T12:00:00,45.4,75.9,35.2,4.0,46.5
6,2026-09-14T12:00:00,79.3,132.9,47.9,6.8,53.6
1,2026-09-14T13:00:00,53.1,92.5,37.1,3.4,29.6
2,2026-09-14T13:00:00,86.4,161.4,59.2,8.5,43.7
3,2026-09-14T13:00:00,103.3,199.9,50.0,19.6,42.4
4,2026-09-14T13:00:00,90.2,167.0,58.2,9.2,45.8
5,2026-09-14T13:00:00,43.6,77.4,31.8,3.7,43.8
6,2026-09-14T13:00:00,73.3,125.7,50.7,12.0,43.1
1,2026-09-14T14:00:00,67.0,122.5,35.2,4.4,44.3
2,2026-09-14T14:00:00,76.3,138.8,53.8,4.9,39.0
3,2026-09-14T14:00:00,90.6,166.8,47.3,21.1,51.2
4,2026-09-14T14:00:00,95.8,168.3,62.7,6.9,39.3
5,2026-09-14T14:00:00,45.7,87.8,31.8,4.1,46.9
6,2026-09-14T14:00:00,77.9,129.8,46.6,8.4,37.2
1,2026-09-14T15:00:00,55.9,93.9,36.5,4.8,52.6
2,2026-09-14T15:00:00,82.5,151.0,49.0,5.2,42.5
3,2026-09-14T15:00:00,103.2,199.1,45.2,21.3,45.8
4,2026-09-14T15:00:00,94.9,177.3,57.2,10.7,39.7
5,2026-09-14T15:00:00,44.5,79.9,39.1,3.0,49.7
6,2026-09-14T15:00:00,68.0,112.7,48.7,10.5,42.8
1,2026-09-14T16:00:00,52.6,87.0,32.8,4.2,49.5
2,2026-09-14T16:00:00,80.4,155.5,48.7,6.1,46.3
3,2026-09-14T16:00:00,103.9,186.9,48.3,21.1,44.2
4,2026-09-14T16:00:00,88.2,164.2,57.0,5.6,44.3
5,2026-09-14T16:00:00,42.9,83.2,39.6,3.0,45.9
6,2026-09-14T16:00:00,63.1,109.1,44.2,11.7,47.6
1,2026-09-14T17:00:00,68.8,122.6,39.4,3.0,20.2
2,2026-09-14T17:00:00,79.5,142.4,50.5,7.8,14.1
3,2026-09-14T17:00:00,105.3,192.9,48.3,17.8,15.9
4,2026-09-14T17:00:00,98.9,185.2,63.0,8.0,13.7
5,2026-09-14T17:00:00,47.8,92.1,31.4,4.5,16.5
6,2026-09-14T17:00:00,88.4,147.1,39.9,7.3,17.6
1,2026-09-14T18:00:00,86.7,161.6,58.9,5.2,23.2
2,2026-09-14T18:00:00,115.8,199.0,66.5,8.5,13.3
3,2026-09-14T18:00:00,152.5,261.7,63.9,18.6,22.9
4,2026-09-14T18:00:00,143.3,254.3,72.4,6.1,18.5
5,2026-09-14T18:00:00,62.6,111.2,48.8,8.2,21.2
6,2026-09-14T18:00:00,101.6,187.6,54.7,9.5,17.6
1,2026-09-14T19:00:00,91.8,161.4,61.9,3.1,17.7
2,2026-09-14T19:00:00,125.4,228.2,67.8,6.0,16.1
3,2026-09-14T19:00:00,146.2,253.5,64.6,17.8,21.3
4,2026-09-14T19:00:00,138.4,228.6,69.4,5.6,24.7
5,2026-09-14T19:00:00,63.8,113.4,49.2,4.9,18.5
6,2026-09-14T19:00:00,106.0,188.4,58.8,7.5,21.2
1,2026-09-14T20:00:00,82.2,152.7,44.1,4.6,17.2
2,2026-09-14T20:00:00,124.7,230.1,72.9,7.4,17.7
3,2026-09-14T20:00:00,157.2,275.5,66.9,21.1,15.8
4,2026-09-14T20:00:00,125.3,214.5,69.5,9.4,16.8
5,2026-09-14T20:00:00,64.8,120.2,52.0,6.7,32.4
6,2026-09-14T20:00:00,106.0,183.2,62.3,8.6,18.8
1,2026-09-14T21:00:00,84.4,154.8,52.8,3.0,18.1
2,2026-09-14T21:00:00,130.4,223.4,68.6,5.7,15.9
3,2026-09-14T21:00:00,157.6,302.7,65.0,18.0,17.3
4,2026-09-14T21:00:00,134.2,227.5,76.5,6.3,21.1
5,2026-09-14T21:00:00,68.8,129.1,49.2,3.0,16.4
6,2026-09-14T21:00:00,108.8,195.0,62.2,5.9,16.2
1,2026-09-14T22:00:00,67.4,121.5,21.5,3.0,19.4
2,2026-09-14T22:00:00,95.0,183.5,41.3,6.8,17.1
3,2026-09-14T22:00:00,115.1,220.1,39.8,19.9,15.2
4,2026-09-14T22:00:00,95.7,173.3,33.9,10.2,17.7
5,2026-09-14T22:00:00,51.2,88.5,23.3,3.0,14.8
6,2026-09-14T22:00:00,80.0,155.2,38.0,4.8,18.1
1,2026-09-14T23:00:00,68.6,114.1,32.7,7.7,21.2
2,2026-09-14T23:00:00,86.2,146.4,40.5,5.6,13.7
3,2026-09-14T23:00:00,106.0,206.5,34.2,19.9,14.9
4,2026-09-14T23:00:00,103.7,179.1,40.7,9.4,12.7
5,2026-09-14T23:00:00,50.4,95.2,22.9,5.8,19.4
6,2026-09-14T23:00:00,76.1,144.4,32.9,7.0,17.0
1,2026-09-15T00:00:00,66.0,121.5,16.3,7.3,13.2
2,2026-09-15T00:00:00,87.3,166.7,30.1,3.0,17.8
3,2026-09-15T00:00:00,105.8,200.2,24.7,22.3,25.6
4,2026-09-15T00:00:00,104.4,182.8,37.1,8.7,16.2
5,2026-09-15T00:00:00,51.1,91.9,10.2,8.2,20.8
6,2026-09-15T00:00:00,76.8,144.2,22.8,11.9,16.2
1,2026-09-15T01:00:00,61.8,116.2,17.1,5.0,17.6
2,2026-09-15T01:00:00,77.4,148.9,28.6,6.1,22.7
3,2026-09-15T01:00:00,118.7,229.9,27.5,16.3,14.7
4,2026-09-15T01:00:00,109.0,201.5,38.9,7.1,15.0
5,2026-09-15T01:00:00,49.9,86.6,18.5,4.3,21.9
6,2026-09-15T01:00:00,82.5,148.5,26.6,9.5,13.1
1,2026-09-15T02:00:00,65.0,117.9,20.5,4.5,16.7
2,2026-09-15T02:00:00,91.2,156.5,27.1,4.5,16.7
3,2026-09-15T02:00:00,124.7,212.2,25.1,15.4,20.1
4,2026-09-15T02:00:00,103.1,175.5,37.6,4.7,13.5
5,2026-09-15T02:00:00,51.5,98.6,9.6,3.0,18.3
6,2026-09-15T02:00:00,75.3,137.7,20.1,8.3,18.5
1,2026-09-15T03:00:00,49.5,85.3,14.5,6.9,22.8
2,2026-09-15T03:00:00,67.4,112.4,34.6,6.3,12.2
3,2026-09-15T03:00:00,78.1,141.9,23.7,20.9,21.5
4,2026-09-15T03:00:00,68.1,120.0,34.8,7.8,21.5
5,2026-09-15T03:00:00,36.5,61.2,8.9,3.0,14.9
6,2026-09-15T03:00:00,67.2,115.9,25.4,7.5,18.1
1,2026-09-15T04:00:00,37.3,68.9,17.8,5.2,19.4
2,2026-09-15T04:00:00,62.3,121.1,29.5,9.2,15.2
3,2026-09-15T04:00:00,80.5,135.7,31.5,18.0,20.4
4,2026-09-15T04:00:00,61.7,107.9,33.7,7.3,22.7
5,2026-09-15T04:00:00,36.6,70.6,19.6,3.0,17.4
6,2026-09-15T04:00:00,57.2,97.3,31.9,8.6,15.7
1,2026-09-15T05:00:00,53.5,96.3,20.7,8.2,17.1
2,2026-09-15T05:00:00,60.3,104.1,32.2,5.7,15.3
3,2026-09-15T05:00:00,74.5,127.2,26.3,19.7,9.6
4,2026-09-15T05:00:00,68.8,122.5,34.2,5.9,17.0
5,2026-09-15T05:00:00,44.9,76.7,19.8,4.7,23.0
6,2026-09-15T05:00:00,55.7,102.6,28.5,8.7,18.6
1,2026-09-15T06:00:00,78.7,135.7,31.7,3.0,16.7
2,2026-09-15T06:00:00,93.0,175.4,42.2,3.0,15.7
3,2026-09-15T06:00:00,136.9,242.0,45.0,21.3,15.7
4,2026-09-15T06:00:00,121.6,231.6,51.1,6.4,20.9
5,2026-09-15T06:00:00,59.0,109.7,28.1,3.4,18.3
6,2026-09-15T06:00:00,82.4,144.4,40.1,9.6,26.0
1,2026-09-15T07:00:00,75.3,126.9,21.9,3.7,15.2
2,2026-09-15T07:00:00,93.0,162.7,40.3,3.4,19.8
3,2026-09-15T07:00:00,121.7,222.7,38.1,19.7,16.6
4,2026-09-15T07:00:00,101.5,197.5,40.7,8.9,16.1
5,2026-09-15T07:00:00,48.5,84.1,18.8,6.0,22.2
6,2026-09-15T07:00:00,94.8,171.2,37.2,9.0,19.3
1,2026-09-15T08:00:00,78.1,133.1,52.9,8.9,24.4
2,2026-09-15T08:00:00,131.8,230.5,61.2,7.0,19.1
3,2026-09-15T08:00:00,161.9,287.8,60.4,20.4,20.8
4,2026-09-15T08:00:00,142.5,276.3,64.4,6.8,22.7
5,2026-09-15T08:00:00,63.1,114.4,43.9,3.0,6.6
6,2026-09-15T08:00:00,108.2,197.3,62.7,8.1,16.3
1,2026-09-15T09:00:00,78.0,143.1,48.1,7.5,19.2
2,2026-09-15T09:00:00,114.0,216.0,67.3,11.3,20.1
3,2026-09-15T09:00:00,136.3,263.6,55.2,18.9,21.1
4,2026-09-15T09:00:00,124.0,240.9,65.2,4.7,14.8
5,2026-09-15T09:00:00,66.8,128.2,39.6,5.4,20.6
6,2026-09-15T09:00:00,92.5,179.2,57.5,6.3,8.9
1,2026-09-15T10:00:00,82.3,152.7,50.4,4.3,23.9
2,2026-09-15T10:00:00,119.1,197.5,61.2,3.2,20.8
3,2026-09-15T10:00:00,148.4,246.1,63.7,17.5,16.6
4,2026-09-15T10:00:00,119.5,210.8,69.7,9.6,14.7
5,2026-09-15T10:00:00,62.3,117.2,47.5,4.2,16.7
6,2026-09-15T10:00:00,98.4,180.8,54.6,8.1,22.3
1,2026-09-15T11:00:00,66.5,114.7,39.0,6.1,44.0
2,2026-09-15T11:00:00,87.8,163.2,54.7,7.6,41.8
3,2026-09-15T11:00:00,108.8,194.5,46.3,20.0,48.6
4,2026-09-15T11:00:00,98.9,185.7,54.3,9.7,46.1
5,2026-09-15T11:00:00,49.3,91.8,32.2,3.0,50.8
6,2026-09-15T11:00:00,78.5,149.1,43.4,7.2,48.2
1,2026-09-15T12:00:00,61.3,104.3,42.8,6.6,44.0
2,2026-09-15T12:00:00,82.6,148.6,48.9,6.5,44.5
3,2026-09-15T12:00:00,107.4,199.9,55.9,19.1,43.0
4,2026-09-15T12:00:00,83.0,137.4,56.8,3.8,42.0
5,2026-09-15T12:00:00,47.2,84.6,35.8,3.0,44.9
6,2026-09-15T12:00:00,72.4,129.3,46.9,9.9,51.3
1,2026-09-15T13:00:00,63.2,116.5,40.7,5.5,51.0
2,2026-09-15T13:00:00,82.8,143.9,52.4,6.1,41.6
3,2026-09-15T13:00:00,89.9,169.3,49.8,22.1,38.6
4,2026-09-15T13:00:00,101.6,177.7,55.6,8.2,45.7
5,2026-09-15T13:00:00,47.6,84.6,34.8,8.8,40.9
6,2026-09-15T13:00:00,76.7,128.6,46.7,6.1,46.0
1,2026-09-15T14:00:00,57.7,111.8,41.8,3.0,45.6
2,2026-09-15T14:00:00,85.6,148.4,50.4,8.1,45.1
3,2026-09-15T14:00:00,96.6,182.0,49.9,18.4,43.3
4,2026-09-15T14:00:00,86.5,163.0,50.4,4.5,49.6
5,2026-09-15T14:00:00,47.7,79.8,39.0,4.5,40.0
6,2026-09-15T14:00:00,77.7,143.4,48.5,6.5,46.3
1,2026-09-15T15:00:00,67.7,117.0,43.9,4.7,52.7
2,2026-09-15T15:00:00,78.7,137.7,49.4,3.0,48.7
3,2026-09-15T15:00:00,112.2,211.6,47.3,19.7,47.4
4,2026-09-15T15:00:00,83.3,147.1,53.3,6.1,41.9
5,2026-09-15T15:00:00,47.7,90.4,40.2,3.7,42.9
6,2026-09-15T15:00:00,68.7,114.3,44.1,9.5,52.2
1,2026-09-15T16:00:00,65.7,113.1,37.7,5.8,44.0
2,2026-09-15T16:00:00,77.0,140.7,52.2,8.4,50.2
3,2026-09-15T16:00:00,98.7,182.1,47.3,19.6,47.9
4,2026-09-15T16:00:00,80.9,145.1,54.5,6.5,47.3
5,2026-09-15T16:00:00,46.7,81.4,38.9,3.3,44.3
6,2026-09-15T16:00:00,79.6,133.9,38.9,3.0,42.8
1,2026-09-15T17:00:00,68.6,128.7,41.7,4.0,19.0
2,2026-09-15T17:00:00,88.2,157.8,48.7,4.5,8.6
3,2026-09-15T17:00:00,99.6,179.0,53.1,22.8,17.0
4,2026-09-15T17:00:00,83.1,148.0,52.7,8.1,18.4
5,2026-09-15T17:00:00,47.8,80.6,37.5,5.1,19.6
6,2026-09-15T17:00:00,79.4,132.4,47.3,6.5,15.0
1,2026-09-15T18:00:00,90.6,164.6,56.6,6.2,13.5
2,2026-09-15T18:00:00,132.3,255.4,66.8,8.6,20.5
3,2026-09-15T18:00:00,129.3,239.4,56.2,18.2,13.9
4,2026-09-15T18:00:00,135.7,259.9,73.1,11.4,21.7
5,2026-09-15T18:00:00,64.3,118.9,44.0,3.0,18.5
6,2026-09-15T18:00:00,95.6,185.0,54.4,7.5,17.1
1,2026-09-15T19:00:00,91.0,174.7,50.7,3.0,10.5
2,2026-09-15T19:00:00,99.9,186.0,65.6,5.8,18.0
3,2026-09-15T19:00:00,149.5,247.7,65.8,19.1,19.2
4,2026-09-15T19:00:00,135.0,248.0,66.0,6.5,17.8
5,2026-09-15T19:00:00,60.0,103.4,48.8,3.0,23.7
6,2026-09-15T19:00:00,103.4,193.8,61.5,5.0,23.0
1,2026-09-15T20:00:00,86.1,152.5,51.7,7.6,18.2
2,2026-09-15T20:00:00,126.7,235.9,64.3,7.9,19.8
3,2026-09-15T20:00:00,154.6,256.2,64.5,20.6,22.0
4,2026-09-15T20:00:00,128.6,231.5,75.8,6.5,19.4
5,2026-09-15T20:00:00,65.7,124.1,44.0,4.4,21.3
6,2026-09-15T20:00:00,109.1,189.2,52.8,12.0,19.5
1,2026-09-15T21:00:00,93.8,158.9,52.3,4.9,23.8
2,2026-09-15T21:00:00,120.5,229.3,62.4,8.6,16.4
3,2026-09-15T21:00:00,146.3,268.7,58.4,18.7,22.1
4,2026-09-15T21:00:00,135.4,246.4,68.7,7.3,12.7
5,2026-09-15T21:00:00,66.1,119.4,49.1,6.9,19.4
6,2026-09-15T21:00:00,103.9,192.0,54.3,10.9,20.5
1,2026-09-15T22:00:00,65.7,115.0,29.8,6.0,21.6
2,2026-09-15T22:00:00,88.4,146.1,49.7,6.0,17.5
3,2026-09-15T22:00:00,119.8,216.1,41.8,18.7,15.5
4,2026-09-15T22:00:00,101.9,188.8,45.7,9.4,16.4
5,2026-09-15T22:00:00,50.3,83.6,28.1,3.0,18.9
6,2026-09-15T22:00:00,85.0,146.3,37.6,7.1,16.5
1,2026-09-15T23:00:00,61.2,116.0,25.5,3.0,20.4
2,2026-09-15T23:00:00,89.0,157.7,40.2,5.9,19.3
3,2026-09-15T23:00:00,123.1,215.8,37.4,16.8,17.5
4,2026-09-15T23:00:00,105.9,190.0,44.2,6.3,18.1
5,2026-09-15T23:00:00,53.0,91.2,26.1,4.5,18.8
6,2026-09-15T23:00:00,73.2,132.2,34.7,5.9,25.4
1,2026-09-16T00:00:00,57.3,94.9,19.5,5.5,22.6
2,2026-09-16T00:00:00,91.4,152.8,33.6,3.6,16.1
3,2026-09-16T00:00:00,116.3,211.8,26.4,20.5,24.5
4,2026-09-16T00:00:00,107.7,180.1,36.2,8.4,11.2
5,2026-09-16T00:00:00,43.1,80.6,14.8,4.2,12.3
6,2026-09-16T00:00:00,77.4,138.8,22.1,8.5,24.8
1,2026-09-16T01:00:00,62.8,107.3,17.6,6.2,22.0
2,2026-09-16T01:00:00,86.7,160.8,26.7,7.5,21.3
3,2026-09-16T01:00:00,107.5,182.2,26.4,19.5,16.0
4,2026-09-16T01:00:00,104.9,191.6,34.0,4.9,13.6
5,2026-09-16T01:00:00,47.6,85.5,16.0,3.0,16.1
6,2026-09-16T01:00:00,74.9,142.7,22.5,8.5,13.9
1,2026-09-16T02:00:00,63.8,106.0,15.4,3.2,16.4
2,2026-09-16T02:00:00,84.3,162.0,26.5,8.4,18.7
3,2026-09-16T02:00:00,110.4,186.7,24.5,19.4,17.9
4,2026-09-16T02:00:00,104.5,183.7,36.1,7.6,15.6
5,2026-09-16T02:00:00,58.9,111.7,7.2,4.2,14.2
6,2026-09-16T02:00:00,79.9,146.1,27.4,8.9,15.5
1,2026-09-16T03:00:00,46.5,87.4,14.9,3.5,11.6
2,2026-09-16T03:00:00,64.3,114.1,32.3,4.5,22.0
3,2026-09-16T03:00:00,79.4,151.3,27.5,20.4,15.1
4,2026-09-16T03:00:00,72.3,119.8,36.5,9.9,13.5
5,2026-09-16T03:00:00,36.4,67.6,14.3,5.9,16.6
6,2026-09-16T03:00:00,51.2,87.0,26.8,9.3,20.1
1,2026-09-16T04:00:00,55.9,108.8,11.4,7.1,18.0
2,2026-09-16T04:00:00,57.9,96.7,25.4,5.3,16.9
3,2026-09-16T04:00:00,71.8,124.9,28.8,20.0,24.5
4,2026-09-16T04:00:00,71.6,135.2,33.1,9.7,10.4
5,2026-09-16T04:00:00,37.4,63.2,17.6,3.0,16.9
6,2026-09-16T04:00:00,49.5,89.4,24.4,7.5,21.2
1,2026-09-16T05:00:00,48.5,85.8,19.7,6.7,16.1
2,2026-09-16T05:00:00,59.1,107.8,35.2,5.3,11.5
3,2026-09-16T05:00:00,73.9,126.0,21.8,22.6,19.6
4,2026-09-16T05:00:00,73.4,141.0,33.8,4.1,14.3
5,2026-09-16T05:00:00,33.4,60.6,14.3,4.4,23.3
6,2026-09-16T05:00:00,54.2,102.6,22.4,8.9,16.1
1,2026-09-16T06:00:00,62.5,120.9,20.3,3.7,23.7
2,2026-09-16T06:00:00,116.8,224.8,44.9,5.0,10.2
3,2026-09-16T06:00:00,136.8,239.0,39.6,19.0,16.9
4,2026-09-16T06:00:00,104.1,172.5,50.9,5.9,24.5
5,2026-09-16T06:00:00,52.4,93.9,23.9,3.0,14.3
6,2026-09-16T06:00:00,76.3,138.4,33.4,9.6,15.9
1,2026-09-16T07:00:00,65.0,117.5,33.1,3.9,20.5
2,2026-09-16T07:00:00,110.6,184.7,44.7,7.2,16.6
3,2026-09-16T07:00:00,129.7,234.8,41.1,18.0,19.0
4,2026-09-16T07:00:00,122.1,222.2,49.9,4.3,15.3
5,2026-09-16T07:00:00,52.3,90.7,22.2,7.8,18.1
6,2026-09-16T07:00:00,90.1,165.3,34.9,7.6,17.0
1,2026-09-16T08:00:00,97.8,189.6,48.0,3.0,22.0
2,2026-09-16T08:00:00,132.1,237.8,61.8,5.1,21.5
3,2026-09-16T08:00:00,134.7,228.0,61.5,17.2,16.1
4,2026-09-16T08:00:00,128.2,231.3,68.5,5.6,18.8
5,2026-09-16T08:00:00,57.0,103.9,49.8,4.4,19.4
6,2026-09-16T08:00:00,118.3,196.5,54.1,5.4,18.2
1,2026-09-16T09:00:00,78.8,137.2,52.0,3.0,25.1
2,2026-09-16T09:00:00,101.7,191.8,59.4,6.9,16.4
3,2026-09-16T09:00:00,152.1,258.0,58.3,19.2,15.2
4,2026-09-16T09:00:00,121.9,233.7,66.9,8.5,15.1
5,2026-09-16T09:00:00,64.8,111.6,41.2,5.1,15.0
6,2026-09-16T09:00:00,93.0,163.3,53.9,6.5,17.9
1,2026-09-16T10:00:00,77.7,145.1,48.6,5.5,15.3
2,2026-09-16T10:00:00,106.3,201.9,63.8,5.9,21.7
3,2026-09-16T10:00:00,132.6,239.4,66.3,16.6,15.5
4,2026-09-16T10:00:00,126.4,227.8,65.2,5.1,22.4
5,2026-09-16T10:00:00,64.5,114.1,47.8,3.4,18.7
6,2026-09-16T10:00:00,96.4,163.6,56.7,8.6,20.1
1,2026-09-16T11:00:00,64.9,115.9,33.7,3.0,42.3
2,2026-09-16T11:00:00,93.0,170.4,53.1,7.7,40.9
3,2026-09-16T11:00:00,108.3,181.5,47.0,19.5,52.5
4,2026-09-16T11:00:00,104.1,197.8,52.2,5.1,48.7
5,2026-09-16T11:00:00,50.9,89.5,36.2,3.0,50.1
6,2026-09-16T11:00:00,77.6,138.0,40.6,8.7,48.8
1,2026-09-16T12:00:00,62.1,114.4,40.1,5.9,52.1
2,2026-09-16T12:00:00,86.7,145.3,53.6,6.5,43.5
3,2026-09-16T12:00:00,89.6,174.0,52.5,19.6,49.1
4,2026-09-16T12:00:00,86.0,143.6,55.3,9.3,41.9
5,2026-09-16T12:00:00,44.7,77.6,33.7,4.5,50.8
6,2026-09-16T12:00:00,70.0,119.8,44.9,8.3,50.8
1,2026-09-16T13:00:00,55.4,99.7,37.2,3.0,49.5
2,2026-09-16T13:00:00,70.1,131.6,51.2,12.1,46.6
3,2026-09-16T13:00:00,97.8,166.3,48.0,21.6,47.5
4,2026-09-16T13:00:00,78.6,142.8,58.7,12.3,44.8
5,2026-09-16T13:00:00,41.0,69.1,42.6,3.0,43.8
6,2026-09-16T13:00:00,64.5,107.2,47.6,9.1,43.9
1,2026-09-16T14:00:00,56.5,98.4,46.5,6.5,48.9
2,2026-09-16T14:00:00,82.5,152.4,52.7,8.2,43.4
3,2026-09-16T14:00:00,104.6,200.7,46.3,19.3,46.2
4,2026-09-16T14:00:00,88.0,166.4,66.9,7.8,41.9
5,2026-09-16T14:00:00,41.6,70.0,28.8,3.7,42.4
6,2026-09-16T14:00:00,69.8,132.8,52.7,11.5,45.7
1,2026-09-16T15:00:00,59.4,112.0,42.3,3.8,46.2
2,2026-09-16T15:00:00,83.2,142.3,53.0,4.8,45.6
3,2026-09-16T15:00:00,90.5,160.1,54.2,17.3,41.2
4,2026-09-16T15:00:00,83.8,141.4,53.5,8.8,36.2
5,2026-09-16T15:00:00,45.5,86.5,32.9,5.4,42.8
6,2026-09-16T15:00:00,71.1,123.5,42.7,8.1,50.5
1,2026-09-16T16:00:00,52.5,86.9,40.1,3.9,39.7
2,2026-09-16T16:00:00,81.5,149.7,42.6,6.3,45.2
3,2026-09-16T16:00:00,92.4,160.8,50.4,17.0,44.8
4,2026-09-16T16:00:00,90.4,158.2,58.0,6.1,41.7
5,2026-09-16T16:00:00,43.5,82.7,29.0,5.0,46.1
6,2026-09-16T16:00:00,65.8,119.6,49.2,8.8,48.7
1,2026-09-16T17:00:00,70.3,120.7,41.9,3.6,10.4
2,2026-09-16T17:00:00,95.1,185.3,55.2,7.1,19.3
3,2026-09-16T17:00:00,104.0,200.1,44.0,16.5,23.6
4,2026-09-16T17:00:00,96.2,163.5,59.4,11.7,18.2
5,2026-09-16T17:00:00,52.9,94.8,34.7,5.4,20.9
6,2026-09-16T17:00:00,84.9,156.7,37.4,4.2,13.2
1,2026-09-16T18:00:00,80.2,150.9,56.5,4.6,19.2
2,2026-09-16T18:00:00,132.0,235.4,71.5,3.0,20.3
3,2026-09-16T18:00:00,146.3,250.0,68.5,18.7,13.7
4,2026-09-16T18:00:00,118.6,195.8,63.8,3.0,22.3
5,2026-09-16T18:00:00,69.9,125.4,48.3,3.7,22.0
6,2026-09-16T18:00:00,108.8,194.1,55.2,10.3,26.8
1,2026-09-16T19:00:00,87.0,145.0,54.0,3.0,19.8
2,2026-09-16T19:00:00,101.5,189.1,65.7,5.2,28.2
3,2026-09-16T19:00:00,132.0,245.4,67.8,19.0,15.6
4,2026-09-16T19:00:00,138.1,242.3,74.2,11.4,22.2
5,2026-09-16T19:00:00,70.2,117.3,49.9,5.0,19.9
6,2026-09-16T19:00:00,102.9,186.1,56.1,8.1,25.9
1,2026-09-16T20:00:00,82.7,149.7,52.7,4.2,14.9
2,2026-09-16T20:00:00,123.6,216.8,72.0,9.6,15.9
3,2026-09-16T20:00:00,163.1,278.9,67.8,14.6,20.6
4,2026-09-16T20:00:00,127.9,235.0,67.7,9.3,13.4
5,2026-09-16T20:00:00,71.6,121.4,43.9,3.3,16.9
6,2026-09-16T20:00:00,111.5,200.6,63.6,6.7,16.7
1,2026-09-16T21:00:00,88.3,154.5,54.9,3.4,16.3
2,2026-09-16T21:00:00,121.6,207.4,68.7,9.4,17.7
3,2026-09-16T21:00:00,150.0,281.6,66.8,19.2,23.0
4,2026-09-16T21:00:00,137.3,261.3,70.6,7.0,20.2
5,2026-09-16T21:00:00,68.0,125.7,47.3,5.0,24.3
6,2026-09-16T21:00:00,118.6,226.9,64.0,5.2,10.9
1,2026-09-16T22:00:00,64.8,124.4,33.7,8.2,14.6
2,2026-09-16T22:00:00,87.1,158.2,34.1,5.2,20.4
3,2026-09-16T22:00:00,116.3,196.6,45.1,18.7,14.2
4,2026-09-16T22:00:00,94.6,180.9,45.2,5.9,14.2
5,2026-09-16T22:00:00,49.0,88.8,25.6,3.0,20.2
6,2026-09-16T22:00:00,78.0,130.0,30.7,5.4,17.5
1,2026-09-16T23:00:00,66.2,124.9,28.3,4.0,20.1
2,2026-09-16T23:00:00,82.4,148.3,44.7,7.3,15.4
3,2026-09-16T23:00:00,109.3,201.1,40.5,19.0,20.9
4,2026-09-16T23:00:00,83.3,137.7,45.9,5.2,18.7
5,2026-09-16T23:00:00,52.2,90.3,22.2,3.0,16.0
6,2026-09-16T23:00:00,80.2,142.3,34.0,7.7,14.3
1,2026-09-17T00:00:00,66.2,121.8,13.0,5.9,26.8
2,2026-09-17T00:00:00,93.0,154.0,25.6,10.7,18.4
3,2026-09-17T00:00:00,111.2,200.8,26.4,22.2,11.9
4,2026-09-17T00:00:00,102.7,179.8,34.2,9.4,24.7
5,2026-09-17T00:00:00,55.6,107.5,20.3,5.5,20.2
6,2026-09-17T00:00:00,78.7,144.7,24.6,8.1,16.1
1,2026-09-17T01:00:00,68.4,127.4,17.9,10.9,23.0
2,2026-09-17T01:00:00,95.4,160.2,27.5,3.0,12.4
3,2026-09-17T01:00:00,110.1,214.0,32.7,25.3,16.6
4,2026-09-17T01:00:00,105.2,173.7,38.0,9.7,12.9
5,2026-09-17T01:00:00,49.1,81.3,7.4,4.5,11.0
6,2026-09-17T01:00:00,76.5,147.4,25.2,8.3,16.9
1,2026-09-17T02:00:00,66.4,127.2,11.8,7.7,15.2
2,2026-09-17T02:00:00,92.1,170.6,27.7,6.2,9.4
3,2026-09-17T02:00:00,115.5,198.0,30.5,20.5,19.9
4,2026-09-17T02:00:00,89.4,152.8,39.1,4.0,15.5
5,2026-09-17T02:00:00,46.5,87.1,6.0,3.4,22.8
6,2026-09-17T02:00:00,81.4,148.5,27.2,10.2,19.6
1,2026-09-17T03:00:00,45.8,86.7,15.9,7.5,22.0
2,2026-09-17T03:00:00,75.3,131.5,40.2,8.2,17.2
3,2026-09-17T03:00:00,78.0,147.8,25.5,16.7,23.2
4,2026-09-17T03:00:00,61.4,103.6,33.4,6.8,14.7
5,2026-09-17T03:00:00,35.4,64.7,13.5,3.0,14.4
6,2026-09-17T03:00:00,60.5,117.8,22.7,6.6,16.6
1,2026-09-17T04:00:00,41.0,68.6,21.8,3.0,23.2
2,2026-09-17T04:00:00,55.9,96.8,30.9,3.0,20.9
3,2026-09-17T04:00:00,80.1,151.4,26.0,18.7,19.2
4,2026-09-17T04:00:00,65.4,113.6,33.8,4.9,19.7
5,2026-09-17T04:00:00,34.5,59.6,14.0,3.9,24.4
6,2026-09-17T04:00:00,68.7,121.2,25.5,6.7,19.2
1,2026-09-17T05:00:00,38.8,75.3,18.1,6.2,20.9
2,2026-09-17T05:00:00,76.1,128.4,32.2,7.2,11.7
3,2026-09-17T05:00:00,82.9,154.7,27.7,20.8,22.8
4,2026-09-17T05:00:00,71.5,127.1,40.0,4.6,24.7
5,2026-09-17T05:00:00,33.0,55.8,15.2,6.2,19.8
6,2026-09-17T05:00:00,57.1,107.7,24.8,8.6,18.1
1,2026-09-17T06:00:00,79.1,141.6,27.5,9.0,22.0
2,2026-09-17T06:00:00,87.1,168.0,44.5,9.2,19.8
3,2026-09-17T06:00:00,134.5,248.8,46.5,20.5,15.1
4,2026-09-17T06:00:00,106.9,193.4,45.0,8.4,12.8
5,2026-09-17T06:00:00,62.2,111.3,25.4,5.0,17.3
6,2026-09-17T06:00:00,85.8,160.7,38.5,7.7,18.0
1,2026-09-17T07:00:00,73.1,125.3,30.5,6.1,23.4
2,2026-09-17T07:00:00,110.0,190.7,44.3,7.1,9.5
3,2026-09-17T07:00:00,110.5,195.5,34.9,18.2,15.2
4,2026-09-17T07:00:00,109.5,183.1,51.9,7.2,9.7
5,2026-09-17T07:00:00,57.4,95.9,20.9,3.5,14.6
6,2026-09-17T07:00:00,80.1,138.3,33.4,9.0,15.6
1,2026-09-17T08:00:00,86.0,142.1,49.4,4.8,16.3
2,2026-09-17T08:00:00,135.5,242.5,70.2,5.9,18.6
3,2026-09-17T08:00:00,143.3,264.3,58.6,21.1,16.8
4,2026-09-17T08:00:00,120.0,222.0,64.3,11.0,22.0
5,2026-09-17T08:00:00,57.2,99.9,47.3,4.3,15.1
6,2026-09-17T08:00:00,102.5,197.6,55.9,9.9,17.2
1,2026-09-17T09:00:00,82.2,156.0,53.9,6.3,17.3
2,2026-09-17T09:00:00,115.6,192.9,63.8,10.3,22.0
3,2026-09-17T09:00:00,141.9,276.6,54.8,16.3,19.5
4,2026-09-17T09:00:00,127.6,216.5,66.4,10.5,23.4
5,2026-09-17T09:00:00,63.9,107.8,39.8,3.0,15.5
6,2026-09-17T09:00:00,94.6,168.4,63.2,6.7,23.7
1,2026-09-17T10:00:00,74.5,138.1,45.3,8.0,20.7
2,2026-09-17T10:00:00,112.9,219.7,66.1,6.6,17.8
3,2026-09-17T10:00:00,129.3,238.0,58.5,18.2,21.2
4,2026-09-17T10:00:00,120.8,224.5,69.3,8.9,12.5
5,2026-09-17T10:00:00,56.9,98.3,42.2,3.0,16.6
6,2026-09-17T10:00:00,103.7,179.4,64.0,9.5,18.9
1,2026-09-17T11:00:00,64.5,107.4,35.8,6.4,44.7
2,2026-09-17T11:00:00,83.8,143.2,53.8,4.7,44.1
3,2026-09-17T11:00:00,114.4,199.4,48.2,20.3,44.3
4,2026-09-17T11:00:00,95.1,177.4,53.2,9.4,41.7
5,2026-09-17T11:00:00,48.5,82.8,37.7,5.0,38.6
6,2026-09-17T11:00:00,82.5,157.4,44.5,8.9,46.3
1,2026-09-17T12:00:00,51.5,90.1,37.6,3.0,39.3
2,2026-09-17T12:00:00,84.1,147.9,55.8,7.4,40.3
3,2026-09-17T12:00:00,101.0,190.1,49.1,21.1,45.9
4,2026-09-17T12:00:00,86.7,153.6,55.8,8.8,55.7
5,2026-09-17T12:00:00,46.2,77.2,31.4,3.5,46.9
6,2026-09-17T12:00:00,68.9,127.5,48.9,10.1,43.5
1,2026-09-17T13:00:00,55.9,101.7,40.7,6.9,38.5
2,2026-09-17T13:00:00,76.6,132.9,56.0,4.4,41.9
3,2026-09-17T13:00:00,97.4,187.1,46.6,19.3,49.0
4,2026-09-17T13:00:00,86.7,164.3,49.2,5.7,40.7
5,2026-09-17T13:00:00,43.9,84.5,34.4,3.1,40.1
6,2026-09-17T13:00:00,69.4,122.0,45.7,9.7,39.5
1,2026-09-17T14:00:00,51.1,98.5,39.2,5.2,46.8
2,2026-09-17T14:00:00,79.0,145.6,45.4,5.3,44.1
3,2026-09-17T14:00:00,105.3,202.9,43.1,19.6,46.3
4,2026-09-17T14:00:00,94.1,168.9,56.5,8.7,41.3
5,2026-09-17T14:00:00,47.2,89.5,35.2,6.2,45.3
6,2026-09-17T14:00:00,67.0,112.9,42.9,6.4,42.2
1,2026-09-17T15:00:00,62.1,115.3,42.3,5.7,46.2
2,2026-09-17T15:00:00,77.4,141.6,51.9,3.0,47.5
3,2026-09-17T15:00:00,102.9,192.0,48.8,20.1,46.0
4,2026-09-17T15:00:00,91.2,155.9,55.4,6.8,46.3
5,2026-09-17T15:00:00,44.5,81.4,35.6,4.9,37.9
6,2026-09-17T15:00:00,66.3,112.4,46.6,11.9,45.1
1,2026-09-17T16:00:00,61.7,107.7,36.6,4.1,50.8
2,2026-09-17T16:00:00,80.7,153.7,50.4,6.1,50.1
3,2026-09-17T16:00:00,85.8,150.3,51.4,22.6,39.0
4,2026-09-17T16:00:00,98.5,170.7,59.3,4.4,43.9
5,2026-09-17T16:00:00,44.0,80.3,32.3,3.7,41.1
6,2026-09-17T16:00:00,72.0,139.6,43.5,12.5,41.9
1,2026-09-17T17:00:00,62.3,119.8,35.9,4.8,24.4
2,2026-09-17T17:00:00,88.5,157.2,51.3,6.1,14.3
3,2026-09-17T17:00:00,107.2,200.8,51.1,21.4,17.3
4,2026-09-17T17:00:00,103.9,195.3,58.1,10.6,17.5
5,2026-09-17T17:00:00,47.4,89.8,32.2,6.6,22.9
6,2026-09-17T17:00:00,77.3,129.0,48.6,10.4,19.7
1,2026-09-17T18:00:00,93.6,163.4,52.9,5.4,17.5
2,2026-09-17T18:00:00,120.7,224.5,72.9,4.6,19.2
3,2026-09-17T18:00:00,143.8,255.8,61.2,17.8,11.7
4,2026-09-17T18:00:00,130.7,252.8,70.9,8.3,21.7
5,2026-09-17T18:00:00,67.7,119.5,49.0,3.0,18.0
6,2026-09-17T18:00:00,108.9,180.3,62.4,6.7,22.8
1,2026-09-17T19:00:00,87.4,149.3,54.6,3.7,15.2
2,2026-09-17T19:00:00,114.9,207.8,73.6,4.9,21.1
3,2026-09-17T19:00:00,139.0,261.6,59.8,20.8,15.3
4,2026-09-17T19:00:00,138.6,259.0,76.8,5.1,14.5
5,2026-09-17T19:00:00,63.6,123.0,49.9,3.2,27.9
6,2026-09-17T19:00:00,101.3,174.0,57.5,5.7,17.9
1,2026-09-17T20:00:00,88.3,164.4,49.2,6.1,20.2
2,2026-09-17T20:00:00,123.9,223.1,65.4,6.7,16.7
3,2026-09-17T20:00:00,148.2,259.7,66.8,22.6,20.1
4,2026-09-17T20:00:00,128.5,220.3,74.9,5.2,20.2
5,2026-09-17T20:00:00,69.5,126.4,49.2,4.7,16.2
6,2026-09-17T20:00:00,105.6,198.2,56.3,9.4,11.4
1,2026-09-17T21:00:00,78.0,133.6,60.9,9.5,16.0
2,2026-09-17T21:00:00,111.5,206.6,68.7,7.4,24.2
3,2026-09-17T21:00:00,159.0,308.4,56.4,20.5,18.4
4,2026-09-17T21:00:00,130.9,242.7,64.4,7.8,19.4
5,2026-09-17T21:00:00,69.4,129.7,47.8,3.0,23.3
6,2026-09-17T21:00:00,115.8,209.4,65.8,9.8,21.2
1,2026-09-17T22:00:00,64.8,107.5,30.2,3.0,14.0
2,2026-09-17T22:00:00,93.4,156.6,47.0,5.9,16.0
3,2026-09-17T22:00:00,97.5,170.7,40.6,17.2,21.8
4,2026-09-17T22:00:00,100.1,172.2,47.2,5.4,16.4
5,2026-09-17T22:00:00,47.4,88.6,29.9,3.0,21.1
6,2026-09-17T22:00:00,77.6,137.7,31.6,9.9,20.7
1,2026-09-17T23:00:00,66.2,110.7,28.9,6.2,22.5
2,2026-09-17T23:00:00,89.3,164.3,41.5,7.3,20.2
3,2026-09-17T23:00:00,122.5,217.8,29.8,20.8,20.2
4,2026-09-17T23:00:00,103.8,176.7,45.0,7.4,15.1
5,2026-09-17T23:00:00,48.6,94.7,25.7,3.0,19.1
6,2026-09-17T23:00:00,86.6,152.6,26.4,6.1,16.7
1,2026-09-18T00:00:00,64.8,118.1,20.7,3.0,20.2
2,2026-09-18T00:00:00,94.9,174.2,25.8,9.2,12.0
3,2026-09-18T00:00:00,115.7,223.1,27.6,20.1,22.9
4,2026-09-18T00:00:00,100.5,175.2,36.4,7.4,23.6
5,2026-09-18T00:00:00,52.5,101.8,15.8,5.3,21.2
6,2026-09-18T00:00:00,79.5,148.8,22.1,8.9,15.0
1,2026-09-18T01:00:00,64.6,117.4,20.0,3.0,16.6
2,2026-09-18T01:00:00,99.5,172.7,30.9,4.8,17.0
3,2026-09-18T01:00:00,114.3,209.0,24.6,18.9,15.9
4,2026-09-18T01:00:00,107.4,203.0,37.7,6.4,20.8
5,2026-09-18T01:00:00,52.1,92.5,12.3,3.0,12.0
6,2026-09-18T01:00:00,71.8,124.0,19.9,6.4,16.1
1,2026-09-18T02:00:00,61.3,107.1,16.9,6.2,21.5
2,2026-09-18T02:00:00,91.2,160.0,26.2,8.9,21.8
3,2026-09-18T02:00:00,94.3,156.9,29.4,19.9,15.5
4,2026-09-18T02:00:00,103.6,186.7,38.5,4.1,16.7
5,2026-09-18T02:00:00,48.7,95.0,17.0,3.0,22.9
6,2026-09-18T02:00:00,82.2,146.0,25.1,8.8,12.1
1,2026-09-18T03:00:00,49.0,92.6,15.0,3.0,15.5
2,2026-09-18T03:00:00,82.7,138.3,33.7,5.9,13.6
3,2026-09-18T03:00:00,72.4,122.0,30.1,20.7,13.3
4,2026-09-18T03:00:00,68.7,132.0,32.1,5.4,20.4
5,2026-09-18T03:00:00,38.1,73.8,17.8,6.1,20.8
6,2026-09-18T03:00:00,56.4,98.1,28.9,6.9,22.2
1,2026-09-18T04:00:00,56.0,94.2,17.3,3.3,20.7
2,2026-09-18T04:00:00,76.6,149.1,32.9,9.5,21.1
3,2026-09-18T04:00:00,85.8,144.1,25.3,19.4,18.0
4,2026-09-18T04:00:00,67.2,118.8,34.8,8.9,17.0
5,2026-09-18T04:00:00,45.2,77.6,10.9,5.7,17.9
6,2026-09-18T04:00:00,68.3,127.2,19.3,6.4,24.5
1,2026-09-18T05:00:00,41.5,79.6,15.4,3.0,15.0
2,2026-09-18T05:00:00,52.2,95.6,34.7,6.3,26.2
3,2026-09-18T05:00:00,82.0,159.0,27.8,19.7,21.8
4,2026-09-18T05:00:00,73.6,132.7,31.3,7.1,23.5
5,2026-09-18T05:00:00,36.2,60.2,11.1,3.0,16.5
6,2026-09-18T05:00:00,54.0,102.3,20.9,8.1,14.0
1,2026-09-18T06:00:00,61.6,116.9,31.3,6.7,14.4
2,2026-09-18T06:00:00,108.8,192.8,39.4,7.3,13.1
3,2026-09-18T06:00:00,134.8,224.6,43.2,15.8,21.0
4,2026-09-18T06:00:00,119.7,231.7,51.5,10.8,8.2
5,2026-09-18T06:00:00,49.6,94.7,28.1,5.0,19.1
6,2026-09-18T06:00:00,88.5,154.1,36.7,7.8,15.6
1,2026-09-18T07:00:00,58.2,102.6,22.7,7.6,17.8
2,2026-09-18T07:00:00,119.1,229.4,44.7,4.2,16.4
3,2026-09-18T07:00:00,131.3,229.1,41.5,19.0,24.8
4,2026-09-18T07:00:00,115.3,190.8,53.5,5.7,16.7
5,2026-09-18T07:00:00,52.7,102.0,26.0,3.9,16.3
6,2026-09-18T07:00:00,77.1,145.2,31.5,5.5,16.2
1,2026-09-18T08:00:00,94.3,173.8,46.3,3.0,21.1
2,2026-09-18T08:00:00,112.3,198.3,62.9,3.8,13.2
3,2026-09-18T08:00:00,135.7,228.6,61.2,18.3,19.6
4,2026-09-18T08:00:00,136.0,239.6,72.9,5.5,17.6
5,2026-09-18T08:00:00,65.9,111.4,41.9,3.0,22.8
6,2026-09-18T08:00:00,102.1,191.0,54.8,9.0,13.7
1,2026-09-18T09:00:00,82.3,140.4,47.9,9.0,14.4
2,2026-09-18T09:00:00,109.8,213.7,64.9,7.3,14.9
3,2026-09-18T09:00:00,164.4,314.9,49.3,18.2,11.0
4,2026-09-18T09:00:00,129.6,225.5,62.2,6.5,19.0
5,2026-09-18T09:00:00,64.0,109.2,48.6,3.0,23.3
6,2026-09-18T09:00:00,109.5,186.2,59.8,10.1,12.8
1,2026-09-18T10:00:00,83.4,145.5,56.7,3.0,13.8
2,2026-09-18T10:00:00,116.3,224.2,60.6,6.0,14.7
3,2026-09-18T10:00:00,131.2,237.8,49.3,14.8,23.3
4,2026-09-18T10:00:00,125.2,210.2,66.8,6.2,18.7
5,2026-09-18T10:00:00,68.3,132.1,41.6,5.3,14.3
6,2026-09-18T10:00:00,103.4,181.3,58.8,3.6,13.6
1,2026-09-18T11:00:00,63.2,107.7,38.1,3.0,44.5
2,2026-09-18T11:00:00,86.8,145.5,51.9,4.6,47.8
3,2026-09-18T11:00:00,116.6,218.4,50.7,16.3,42.6
4,2026-09-18T11:00:00,93.7,167.0,61.9,6.1,48.9
5,2026-09-18T11:00:00,52.0,93.1,34.8,7.1,47.3
6,2026-09-18T11:00:00,75.4,135.1,44.0,8.7,41.7
1,2026-09-18T12:00:00,63.7,112.1,41.5,8.3,39.1
2,2026-09-18T12:00:00,79.2,131.3,53.3,8.7,36.9
3,2026-09-18T12:00:00,96.1,171.6,49.3,18.1,46.7
4,2026-09-18T12:00:00,95.1,168.1,54.7,8.6,49.3
5,2026-09-18T12:00:00,45.4,80.5,35.1,5.5,39.4
6,2026-09-18T12:00:00,67.3,112.2,42.7,11.0,45.3
1,2026-09-18T13:00:00,52.4,101.4,39.4,3.0,48.5
2,2026-09-18T13:00:00,71.4,130.7,53.8,7.9,47.3
3,2026-09-18T13:00:00,99.9,168.5,41.3,19.3,52.5
4,2026-09-18T13:00:00,90.9,167.8,51.8,6.1,47.8
5,2026-09-18T13:00:00,42.2,75.0,37.1,3.7,43.9
6,2026-09-18T13:00:00,69.1,119.4,39.1,8.6,41.5
1,2026-09-18T14:00:00,60.5,104.2,42.5,3.5,47.4
2,2026-09-18T14:00:00,92.8,165.9,52.4,3.0,51.2
3,2026-09-18T14:00:00,106.8,202.4,46.0,18.6,40.5
4,2026-09-18T14:00:00,97.3,179.3,54.8,8.3,41.2
5,2026-09-18T14:00:00,48.9,82.1,36.7,3.0,38.2
6,2026-09-18T14:00:00,71.2,122.2,47.9,7.9,43.4
1,2026-09-18T15:00:00,59.3,101.6,42.0,6.6,45.2
2,2026-09-18T15:00:00,60.3,111.7,51.5,6.0,44.4
3,2026-09-18T15:00:00,98.8,191.4,48.0,17.5,46.0
4,2026-09-18T15:00:00,98.9,163.5,57.0,8.4,48.1
5,2026-09-18T15:00:00,46.3,78.8,33.4,6.2,43.1
6,2026-09-18T15:00:00,59.8,101.9,47.8,9.1,44.5
1,2026-09-18T16:00:00,61.7,111.6,30.6,9.0,42.9
2,2026-09-18T16:00:00,89.1,156.6,55.3,4.9,43.4
3,2026-09-18T16:00:00,96.0,163.5,54.4,16.5,42.1
4,2026-09-18T16:00:00,91.8,164.4,57.2,5.4,48.9
5,2026-09-18T16:00:00,43.1,75.4,40.0,4.0,42.3
6,2026-09-18T16:00:00,76.5,147.9,45.5,6.7,44.6
1,2026-09-18T17:00:00,65.9,126.3,40.8,8.2,17.3
2,2026-09-18T17:00:00,87.7,162.8,58.9,7.2,17.9
3,2026-09-18T17:00:00,113.9,191.2,48.0,20.6,24.8
4,2026-09-18T17:00:00,108.7,211.2,59.4,3.0,22.8
5,2026-09-18T17:00:00,46.9,81.2,41.0,4.5,20.2
6,2026-09-18T17:00:00,74.7,129.5,50.7,9.8,11.8
1,2026-09-18T18:00:00,84.3,144.7,55.1,3.8,22.7
2,2026-09-18T18:00:00,120.7,216.4,65.4,7.5,21.9
3,2026-09-18T18:00:00,142.3,245.1,64.9,21.9,14.6
4,2026-09-18T18:00:00,137.0,247.8,74.2,6.3,17.3
5,2026-09-18T18:00:00,67.5,113.6,46.1,4.2,16.4
6,2026-09-18T18:00:00,106.5,196.9,59.8,11.1,14.5
1,2026-09-18T19:00:00,69.3,116.8,50.9,6.4,20.3
2,2026-09-18T19:00:00,117.6,210.3,67.5,9.8,27.6
3,2026-09-18T19:00:00,139.6,239.0,64.3,23.2,19.9
4,2026-09-18T19:00:00,136.7,237.1,71.8,6.7,15.8
5,2026-09-18T19:00:00,67.4,111.3,47.9,3.0,27.2
6,2026-09-18T19:00:00,102.1,191.9,55.6,8.4,13.5
1,2026-09-18T20:00:00,87.5,159.4,56.5,4.5,18.3
2,2026-09-18T20:00:00,128.1,218.0,64.0,6.9,16.5
3,2026-09-18T20:00:00,151.8,287.8,63.1,19.2,15.5
4,2026-09-18T20:00:00,127.7,211.6,73.6,8.6,28.8
5,2026-09-18T20:00:00,73.6,136.7,46.1,3.0,13.2
6,2026-09-18T20:00:00,105.2,179.6,62.8,8.8,15.7
1,2026-09-18T21:00:00,93.1,177.7,58.0,3.0,18.4
2,2026-09-18T21:00:00,120.4,232.4,62.6,9.9,18.1
3,2026-09-18T21:00:00,137.7,261.5,62.2,19.2,13.8
4,2026-09-18T21:00:00,132.8,249.1,72.5,5.1,16.7
5,2026-09-18T21:00:00,67.0,113.0,47.7,3.0,10.4
6,2026-09-18T21:00:00,95.2,159.0,65.9,6.4,25.8
1,2026-09-18T22:00:00,63.1,116.9,33.8,5.8,20.6
2,2026-09-18T22:00:00,82.5,158.7,45.2,3.7,16.3
3,2026-09-18T22:00:00,118.6,224.4,36.5,19.9,18.8
4,2026-09-18T22:00:00,101.6,180.1,41.8,8.6,22.0
5,2026-09-18T22:00:00,55.9,108.5,26.0,3.0,23.8
6,2026-09-18T22:00:00,83.4,137.8,36.8,8.8,20.3
1,2026-09-18T23:00:00,60.8,108.8,25.7,3.0,22.4
2,2026-09-18T23:00:00,95.4,180.9,42.9,4.9,16.3
3,2026-09-18T23:00:00,106.2,193.5,38.2,24.0,20.2
4,2026-09-18T23:00:00,100.9,177.0,43.8,5.9,19.2
5,2026-09-18T23:00:00,55.3,103.0,31.7,3.8,15.0
6,2026-09-18T23:00:00,79.6,143.4,35.3,7.9,13.8
1,2026-09-19T00:00:00,60.8,112.3,13.1,3.4,13.7
2,2026-09-19T00:00:00,70.7,123.9,35.5,7.3,17.2
3,2026-09-19T00:00:00,90.1,164.9,18.8,19.2,12.9
4,2026-09-19T00:00:00,101.3,181.2,37.0,7.1,17.7
5,2026-09-19T00:00:00,43.6,77.9,9.4,4.2,20.1
6,2026-09-19T00:00:00,76.8,138.6,24.7,13.3,18.1
1,2026-09-19T01:00:00,62.4,103.7,23.4,4.4,23.3
2,2026-09-19T01:00:00,78.9,153.7,37.5,7.2,23.8
3,2026-09-19T01:00:00,88.0,160.5,26.8,19.2,22.8
4,2026-09-19T01:00:00,97.3,177.6,40.1,4.6,18.4
5,2026-09-19T01:00:00,50.5,85.2,5.8,5.2,10.2
6,2026-09-19T01:00:00,68.6,126.1,17.8,8.1,21.3
1,2026-09-19T02:00:00,53.0,94.5,13.9,6.7,13.1
2,2026-09-19T02:00:00,84.5,142.9,33.7,8.3,22.5
3,2026-09-19T02:00:00,88.4,146.7,25.7,21.3,18.7
4,2026-09-19T02:00:00,89.9,169.3,30.8,5.7,20.7
5,2026-09-19T02:00:00,42.6,75.8,20.6,7.0,15.4
6,2026-09-19T02:00:00,71.0,126.1,17.1,11.0,21.8
1,2026-09-19T03:00:00,42.6,77.4,13.2,3.3,16.2
2,2026-09-19T03:00:00,49.9,89.1,37.2,5.2,16.6
3,2026-09-19T03:00:00,70.2,127.9,23.7,22.1,19.0
4,2026-09-19T03:00:00,68.3,127.8,33.0,9.3,13.4
5,2026-09-19T03:00:00,30.7,51.9,9.0,3.0,17.0
6,2026-09-19T03:00:00,49.5,89.6,14.7,9.0,23.8
1,2026-09-19T04:00:00,37.7,62.4,15.6,3.1,17.7
2,2026-09-19T04:00:00,69.9,122.3,25.6,5.0,23.4
3,2026-09-19T04:00:00,66.5,127.6,27.3,17.7,22.6
4,2026-09-19T04:00:00,66.6,114.3,29.1,7.3,16.9
5,2026-09-19T04:00:00,42.3,81.4,5.0,5.0,14.5
6,2026-09-19T04:00:00,47.7,82.9,23.1,9.3,17.7
1,2026-09-19T05:00:00,37.6,68.6,17.0,4.1,22.0
2,2026-09-19T05:00:00,62.7,106.1,26.6,6.1,15.6
3,2026-09-19T05:00:00,70.6,132.3,27.7,19.4,21.0
4,2026-09-19T05:00:00,62.4,120.5,37.7,4.4,17.3
5,2026-09-19T05:00:00,38.4,69.3,12.1,5.7,21.6
6,2026-09-19T05:00:00,58.4,97.1,28.3,8.4,13.4
1,2026-09-19T06:00:00,61.1,101.3,31.7,4.8,15.1
2,2026-09-19T06:00:00,86.5,145.6,36.6,4.6,24.7
3,2026-09-19T06:00:00,129.8,214.7,40.3,19.3,20.9
4,2026-09-19T06:00:00,97.2,182.3,45.6,5.6,14.5
5,2026-09-19T06:00:00,48.3,83.4,23.6,4.7,19.1
6,2026-09-19T06:00:00,90.6,173.9,32.3,7.7,22.0
1,2026-09-19T07:00:00,70.7,137.3,25.8,6.5,16.8
2,2026-09-19T07:00:00,92.2,177.9,35.4,3.0,18.9
3,2026-09-19T07:00:00,102.1,195.0,34.7,20.5,21.3
4,2026-09-19T07:00:00,91.1,165.7,48.0,6.4,19.6
5,2026-09-19T07:00:00,46.0,78.6,22.3,3.0,17.2
6,2026-09-19T07:00:00,79.9,138.6,26.5,7.1,20.2
1,2026-09-19T08:00:00,39.7,75.5,41.3,3.0,15.2
2,2026-09-19T08:00:00,73.3,131.3,59.2,6.0,21.3
3,2026-09-19T08:00:00,78.6,139.9,49.0,20.0,21.3
4,2026-09-19T08:00:00,71.9,133.2,60.3,11.1,22.8
5,2026-09-19T08:00:00,38.9,67.5,37.2,3.0,24.8
6,2026-09-19T08:00:00,62.5,117.5,54.9,6.6,21.9
1,2026-09-19T09:00:00,50.8,92.4,44.6,10.5,18.9
2,2026-09-19T09:00:00,66.1,114.6,58.5,9.6,19.7
3,2026-09-19T09:00:00,84.6,144.2,54.3,17.5,13.3
4,2026-09-19T09:00:00,76.4,148.5,62.6,7.5,18.6
5,2026-09-19T09:00:00,38.2,68.5,36.0,7.9,12.0
6,2026-09-19T09:00:00,50.4,86.2,51.3,4.4,22.9
1,2026-09-19T10:00:00,47.6,79.3,45.9,5.7,13.1
2,2026-09-19T10:00:00,72.5,124.8,61.1,4.1,17.1
3,2026-09-19T10:00:00,72.1,126.9,55.8,20.4,23.8
4,2026-09-19T10:00:00,80.0,154.4,52.3,7.6,13.8
5,2026-09-19T10:00:00,37.2,63.0,39.0,5.5,19.9
6,2026-09-19T10:00:00,67.8,118.7,53.9,7.8,18.7
1,2026-09-19T11:00:00,40.3,70.2,40.1,4.7,42.3
2,2026-09-19T11:00:00,61.2,102.1,47.2,8.7,40.4
3,2026-09-19T11:00:00,71.7,118.7,40.5,17.6,44.4
4,2026-09-19T11:00:00,55.1,95.6,51.7,7.6,44.9
5,2026-09-19T11:00:00,24.8,46.1,28.1,3.0,40.1
6,2026-09-19T11:00:00,43.4,73.8,44.7,8.6,42.7
1,2026-09-19T12:00:00,49.5,92.6,33.2,7.1,44.9
2,2026-09-19T12:00:00,70.1,119.5,42.3,4.7,47.6
3,2026-09-19T12:00:00,83.8,148.7,50.4,21.0,49.2
4,2026-09-19T12:00:00,84.5,155.8,43.2,10.0,49.6
5,2026-09-19T12:00:00,39.0,65.8,33.8,3.0,38.0
6,2026-09-19T12:00:00,68.4,115.7,42.6,6.2,43.5
1,2026-09-19T13:00:00,53.3,89.8,31.7,7.8,49.6
2,2026-09-19T13:00:00,74.8,123.9,40.7,7.4,50.0
3,2026-09-19T13:00:00,91.5,170.0,44.3,16.3,43.8
4,2026-09-19T13:00:00,87.0,148.6,47.1,10.2,46.0
5,2026-09-19T13:00:00,43.6,72.8,31.7,3.6,45.7
6,2026-09-19T13:00:00,64.1,106.5,45.0,9.8,46.5
1,2026-09-19T14:00:00,50.5,93.6,41.2,4.7,45.7
2,2026-09-19T14:00:00,65.5,115.7,45.9,5.9,47.8
3,2026-09-19T14:00:00,76.7,136.3,39.4,17.4,42.8
4,2026-09-19T14:00:00,78.8,147.2,42.4,6.1,42.9
5,2026-09-19T14:00:00,39.0,70.5,25.9,4.0,44.0
6,2026-09-19T14:00:00,67.9,114.1,40.5,7.1,49.3
1,2026-09-19T15:00:00,55.8,97.4,39.0,6.2,54.0
2,2026-09-19T15:00:00,69.8,130.2,48.5,8.1,45.6
3,2026-09-19T15:00:00,83.1,143.2,40.0,20.4,45.6
4,2026-09-19T15:00:00,76.1,127.7,44.3,3.3,49.5
5,2026-09-19T15:00:00,40.5,77.9,24.7,7.6,47.8
6,2026-09-19T15:00:00,68.0,124.1,39.8,8.3,41.0
1,2026-09-19T16:00:00,53.6,91.3,32.6,4.2,57.6
2,2026-09-19T16:00:00,79.2,148.7,45.2,4.5,43.1
3,2026-09-19T16:00:00,92.7,163.8,52.7,18.7,46.9
4,2026-09-19T16:00:00,88.9,168.4,50.9,7.7,41.9
5,2026-09-19T16:00:00,43.7,79.5,22.4,7.5,40.0
6,2026-09-19T16:00:00,57.8,97.1,37.4,7.8,44.0
1,2026-09-19T17:00:00,53.9,91.7,37.1,5.6,17.6
2,2026-09-19T17:00:00,89.1,150.0,51.4,5.1,14.9
3,2026-09-19T17:00:00,82.7,155.1,40.3,16.9,13.9
4,2026-09-19T17:00:00,85.3,153.2,53.7,7.2,21.1
5,2026-09-19T17:00:00,47.1,90.6,27.2,3.1,21.1
6,2026-09-19T17:00:00,77.2,133.7,43.9,8.2,17.0
1,2026-09-19T18:00:00,84.4,142.9,45.1,7.7,17.0
2,2026-09-19T18:00:00,91.8,166.6,56.8,5.1,12.6
3,2026-09-19T18:00:00,124.0,215.2,48.5,20.4,22.8
4,2026-09-19T18:00:00,111.6,197.9,56.8,5.3,21.3
5,2026-09-19T18:00:00,57.4,98.8,41.9,4.0,17.8
6,2026-09-19T18:00:00,96.1,180.3,57.4,10.6,19.1
1,2026-09-19T19:00:00,80.9,141.3,51.3,6.9,21.4
2,2026-09-19T19:00:00,106.8,177.4,62.4,6.4,18.1
3,2026-09-19T19:00:00,132.7,242.8,54.2,18.9,17.4
4,2026-09-19T19:00:00,91.4,173.9,64.6,8.8,17.0
5,2026-09-19T19:00:00,62.0,118.4,41.7,4.1,18.6
6,2026-09-19T19:00:00,89.6,160.9,50.6,12.1,16.4
1,2026-09-19T20:00:00,77.8,136.2,43.9,7.5,15.8
2,2026-09-19T20:00:00,109.7,185.9,57.5,8.6,13.1
3,2026-09-19T20:00:00,128.3,214.5,56.3,18.6,21.0
4,2026-09-19T20:00:00,121.4,201.4,61.3,5.4,13.7
5,2026-09-19T20:00:00,57.6,104.9,43.2,3.6,13.5
6,2026-09-19T20:00:00,99.2,172.9,54.7,6.3,23.3
1,2026-09-19T21:00:00,89.5,169.5,40.2,3.1,24.7
2,2026-09-19T21:00:00,113.5,217.5,62.6,4.3,16.9
3,2026-09-19T21:00:00,141.2,258.4,53.9,19.5,20.0
4,2026-09-19T21:00:00,123.4,212.3,64.5,11.2,19.0
5,2026-09-19T21:00:00,62.1,106.6,40.1,5.4,12.1
6,2026-09-19T21:00:00,94.1,158.2,42.0,8.2,19.4
1,2026-09-19T22:00:00,52.0,94.8,27.5,7.0,19.4
2,2026-09-19T22:00:00,77.9,149.3,51.2,8.9,12.3
3,2026-09-19T22:00:00,96.2,172.6,35.2,17.8,22.3
4,2026-09-19T22:00:00,96.6,160.3,46.1,4.8,14.1
5,2026-09-19T22:00:00,46.8,86.3,24.8,5.6,9.7
6,2026-09-19T22:00:00,74.1,136.3,34.9,8.6,20.7
1,2026-09-19T23:00:00,55.8,105.0,22.9,3.2,15.7
2,2026-09-19T23:00:00,84.3,161.4,43.6,6.1,19.9
3,2026-09-19T23:00:00,101.7,176.8,39.8,19.5,18.6
4,2026-09-19T23:00:00,88.1,157.7,51.9,9.9,16.9
5,2026-09-19T23:00:00,47.9,80.6,24.2,3.0,12.9
6,2026-09-19T23:00:00,75.3,125.6,29.6,8.5,22.5
1,2026-09-20T00:00:00,60.6,102.9,17.9,5.3,20.9
2,2026-09-20T00:00:00,73.6,124.8,28.5,3.2,13.1
3,2026-09-20T00:00:00,110.2,193.8,13.3,15.5,13.2
4,2026-09-20T00:00:00,88.1,149.1,32.7,4.9,13.6
5,2026-09-20T00:00:00,46.5,90.2,16.5,5.0,18.7
6,2026-09-20T00:00:00,76.3,145.2,25.1,7.9,11.3
1,2026-09-20T01:00:00,54.2,96.6,19.8,6.8,17.9
2,2026-09-20T01:00:00,84.8,154.5,32.3,6.2,17.9
3,2026-09-20T01:00:00,102.8,186.2,28.6,24.6,9.6
4,2026-09-20T01:00:00,102.9,193.6,35.0,6.7,21.8
5,2026-09-20T01:00:00,48.1,90.0,5.0,3.0,22.0
6,2026-09-20T01:00:00,85.3,143.8,27.4,9.8,15.2
1,2026-09-20T02:00:00,56.6,93.4,16.5,3.0,20.0
2,2026-09-20T02:00:00,69.4,120.6,22.2,8.7,16.5
3,2026-09-20T02:00:00,88.3,153.4,27.0,21.0,18.9
4,2026-09-20T02:00:00,94.3,174.2,31.2,8.0,20.0
5,2026-09-20T02:00:00,48.7,92.4,15.3,3.0,18.9
6,2026-09-20T02:00:00,75.2,136.5,26.0,9.7,18.1
1,2026-09-20T03:00:00,38.7,66.5,17.6,3.0,13.5
2,2026-09-20T03:00:00,59.8,109.2,30.9,4.2,19.3
3,2026-09-20T03:00:00,75.9,125.4,21.6,19.4,14.6
4,2026-09-20T03:00:00,57.4,105.4,34.2,11.8,15.8
5,2026-09-20T03:00:00,40.3,78.4,10.5,3.0,14.9
6,2026-09-20T03:00:00,57.4,107.3,22.1,7.7,22.0
1,2026-09-20T04:00:00,44.7,79.5,20.7,6.4,13.4
2,2026-09-20T04:00:00,55.3,99.1,32.9,8.1,21.5
3,2026-09-20T04:00:00,86.6,155.0,24.6,19.6,21.9
4,2026-09-20T04:00:00,56.3,104.0,28.2,8.2,19.3
5,2026-09-20T04:00:00,34.2,59.4,11.4,3.0,15.4
6,2026-09-20T04:00:00,58.5,104.7,14.8,9.4,18.1
1,2026-09-20T05:00:00,39.0,68.9,13.9,3.0,12.8
2,2026-09-20T05:00:00,54.1,98.4,27.3,7.9,25.4
3,2026-09-20T05:00:00,82.2,159.9,20.1,22.0,17.8
4,2026-09-20T05:00:00,81.7,138.2,35.5,7.1,11.2
5,2026-09-20T05:00:00,30.6,54.0,13.0,7.4,21.9
6,2026-09-20T05:00:00,53.5,98.5,29.8,5.1,6.3
1,2026-09-20T06:00:00,53.4,91.2,32.2,6.3,19.4
2,2026-09-20T06:00:00,96.4,179.9,45.5,6.6,23.5
3,2026-09-20T06:00:00,112.6,197.1,35.0,21.7,15.6
4,2026-09-20T06:00:00,99.9,179.2,45.2,7.6,16.7
5,2026-09-20T06:00:00,47.6,86.8,21.0,4.4,19.6
6,2026-09-20T06:00:00,72.8,128.4,28.6,8.6,17.6
1,2026-09-20T07:00:00,73.3,135.0,29.4,4.0,18.5
2,2026-09-20T07:00:00,81.1,149.0,46.2,5.5,20.2
3,2026-09-20T07:00:00,92.7,169.4,33.9,21.1,20.2
4,2026-09-20T07:00:00,111.0,188.0,46.7,6.1,21.9
5,2026-09-20T07:00:00,43.4,73.7,25.2,7.2,25.2
6,2026-09-20T07:00:00,69.9,118.0,42.8,7.1,14.6
1,2026-09-20T08:00:00,73.1,138.1,40.7,3.0,18.8
2,2026-09-20T08:00:00,104.5,173.0,58.1,9.5,16.5
3,2026-09-20T08:00:00,131.8,232.3,51.1,18.9,29.6
4,2026-09-20T08:00:00,112.0,216.8,62.8,8.8,24.8
5,2026-09-20T08:00:00,64.2,110.9,40.6,3.0,21.2
6,2026-09-20T08:00:00,90.6,150.5,51.0,10.1,22.0
1,2026-09-20T09:00:00,79.2,152.7,46.2,3.0,18.6
2,2026-09-20T09:00:00,98.2,179.9,62.2,7.0,20.4
3,2026-09-20T09:00:00,138.4,251.0,55.6,17.1,21.8
4,2026-09-20T09:00:00,118.5,225.8,65.1,7.0,13.6
5,2026-09-20T09:00:00,60.0,100.9,40.1,3.7,23.1
6,2026-09-20T09:00:00,88.6,172.1,55.7,13.1,17.9
1,2026-09-20T10:00:00,74.3,126.5,36.2,3.8,20.9
2,2026-09-20T10:00:00,113.2,195.8,56.8,5.7,18.8
3,2026-09-20T10:00:00,131.9,237.3,58.6,20.6,12.6
4,2026-09-20T10:00:00,113.2,208.9,59.6,8.7,14.5
5,2026-09-20T10:00:00,58.2,108.6,42.1,6.6,14.6
6,2026-09-20T10:00:00,89.3,173.5,41.5,9.5,19.7
1,2026-09-20T11:00:00,56.5,100.2,36.5,6.4,46.0
2,2026-09-20T11:00:00,89.0,154.2,52.6,5.5,45.8
3,2026-09-20T11:00:00,98.1,180.7,42.5,17.9,45.5
4,2026-09-20T11:00:00,94.9,170.4,52.0,6.4,50.4
5,2026-09-20T11:00:00,47.5,86.8,26.5,3.2,44.1
6,2026-09-20T11:00:00,68.4,117.0,41.8,7.4,50.7
1,2026-09-20T12:00:00,46.4,82.1,39.0,7.3,48.1
2,2026-09-20T12:00:00,75.7,139.6,53.5,6.8,46.2
3,2026-09-20T12:00:00,76.7,135.4,40.0,20.4,47.5
4,2026-09-20T12:00:00,76.6,128.7,59.9,5.1,43.6
5,2026-09-20T12:00:00,46.1,88.8,30.8,3.0,46.4
6,2026-09-20T12:00:00,70.8,122.9,38.3,7.4,42.1
1,2026-09-20T13:00:00,56.0,92.4,34.4,4.4,47.1
2,2026-09-20T13:00:00,77.0,130.6,52.9,10.1,44.7
3,2026-09-20T13:00:00,79.5,145.9,41.5,18.7,48.4
4,2026-09-20T13:00:00,84.0,138.7,44.8,8.8,43.4
5,2026-09-20T13:00:00,41.4,73.1,26.6,6.1,53.5
6,2026-09-20T13:00:00,59.6,98.6,36.7,9.2,43.1
1,2026-09-20T14:00:00,44.3,73.9,27.9,7.2,37.3
2,2026-09-20T14:00:00,77.8,146.3,53.4,6.8,39.0
3,2026-09-20T14:00:00,87.3,162.8,43.3,18.6,41.6
4,2026-09-20T14:00:00,74.0,129.4,48.0,6.0,47.1
5,2026-09-20T14:00:00,35.9,66.8,29.2,6.1,44.4
6,2026-09-20T14:00:00,64.9,111.1,36.5,10.4,40.5
1,2026-09-20T15:00:00,54.0,100.7,31.5,6.4,39.3
2,2026-09-20T15:00:00,71.3,137.2,50.5,8.1,41.2
3,2026-09-20T15:00:00,104.8,177.1,38.2,18.9,49.3
4,2026-09-20T15:00:00,74.7,125.9,54.9,9.3,46.6
5,2026-09-20T15:00:00,37.5,71.6,32.9,5.0,47.2
6,2026-09-20T15:00:00,67.0,112.1,34.9,8.0,46.1
1,2026-09-20T16:00:00,51.7,87.0,37.5,8.0,42.4
2,2026-09-20T16:00:00,68.3,119.7,45.3,6.9,45.5
3,2026-09-20T16:00:00,97.4,167.3,43.1,20.3,47.0
4,2026-09-20T16:00:00,85.2,147.1,45.5,7.5,34.9
5,2026-09-20T16:00:00,39.4,72.4,26.4,3.9,46.3
6,2026-09-20T16:00:00,64.4,122.9,40.5,9.0,45.3
1,2026-09-20T17:00:00,62.8,111.8,30.3,5.2,15.5
2,2026-09-20T17:00:00,81.3,154.5,47.3,4.8,16.4
3,2026-09-20T17:00:00,103.9,180.1,42.6,21.1,15.0
4,2026-09-20T17:00:00,88.8,150.9,52.8,8.3,19.5
5,2026-09-20T17:00:00,44.6,78.4,32.0,3.2,17.1
6,2026-09-20T17:00:00,71.6,131.8,48.3,8.3,20.1
1,2026-09-20T18:00:00,82.0,150.2,44.7,7.3,19.5
2,2026-09-20T18:00:00,116.2,223.2,57.4,8.2,19.2
3,2026-09-20T18:00:00,132.6,235.4,56.5,20.4,18.6
4,2026-09-20T18:00:00,109.3,189.6,61.3,3.9,18.4
5,2026-09-20T18:00:00,61.6,112.5,40.2,6.6,25.1
6,2026-09-20T18:00:00,104.0,196.1,57.2,8.5,13.9
1,2026-09-20T19:00:00,73.2,124.2,52.7,7.7,10.7
2,2026-09-20T19:00:00,113.2,195.9,63.6,3.7,19.8
3,2026-09-20T19:00:00,127.9,239.1,51.3,15.6,18.0
4,2026-09-20T19:00:00,124.6,221.1,64.0,7.8,20.7
5,2026-09-20T19:00:00,63.2,122.2,35.6,3.0,20.7
6,2026-09-20T19:00:00,97.5,188.2,50.0,7.6,21.8
1,2026-09-20T20:00:00,77.2,146.6,42.8,4.4,15.7
2,2026-09-20T20:00:00,109.8,197.0,56.1,4.6,19.9
3,2026-09-20T20:00:00,130.5,230.1,55.0,16.3,20.5
4,2026-09-20T20:00:00,133.0,251.9,69.0,8.4,20.5
5,2026-09-20T20:00:00,60.4,100.2,46.0,3.4,23.1
6,2026-09-20T20:00:00,92.6,166.6,49.3,8.0,15.3
1,2026-09-20T21:00:00,73.5,134.5,45.4,5.1,22.1
2,2026-09-20T21:00:00,118.0,208.2,61.5,6.4,13.5
3,2026-09-20T21:00:00,137.5,254.1,55.1,20.5,12.0
4,2026-09-20T21:00:00,130.3,225.3,63.6,5.7,24.7
5,2026-09-20T21:00:00,66.0,119.9,44.6,4.7,19.3
6,2026-09-20T21:00:00,85.8,141.9,48.5,8.6,16.5
1,2026-09-20T22:00:00,60.2,115.3,27.5,4.8,22.8
2,2026-09-20T22:00:00,84.1,163.1,37.7,5.9,14.2
3,2026-09-20T22:00:00,106.6,205.5,36.9,17.7,13.2
4,2026-09-20T22:00:00,87.6,147.4,47.0,7.3,19.5
5,2026-09-20T22:00:00,42.8,78.8,14.3,3.0,18.3
6,2026-09-20T22:00:00,73.3,125.7,32.4,9.9,12.3
1,2026-09-20T23:00:00,60.7,102.9,21.9,8.3,14.0
2,2026-09-20T23:00:00,80.6,156.9,35.3,7.0,21.6
3,2026-09-20T23:00:00,102.6,182.1,32.5,19.7,16.7
4,2026-09-20T23:00:00,79.2,154.0,43.7,10.7,17.8
5,2026-09-20T23:00:00,50.8,85.1,19.1,3.0,21.5
6,2026-09-20T23:00:00,65.2,110.2,24.7,9.0,17.8
1,2026-09-21T00:00:00,69.1,129.6,17.3,5.0,13.0
2,2026-09-21T00:00:00,89.1,164.2,34.0,8.4,21.5
3,2026-09-21T00:00:00,99.3,167.1,17.8,17.7,14.9
4,2026-09-21T00:00:00,102.3,177.8,35.4,5.4,23.2
5,2026-09-21T00:00:00,49.4,82.4,20.5,5.2,14.1
6,2026-09-21T00:00:00,72.8,129.1,27.2,10.8,12.8
1,2026-09-21T01:00:00,72.9,140.7,16.3,3.0,13.4
2,2026-09-21T01:00:00,89.5,154.3,32.9,4.4,19.2
3,2026-09-21T01:00:00,120.5,227.1,28.4,18.3,15.7
4,2026-09-21T01:00:00,95.2,172.2,34.0,5.2,15.1
5,2026-09-21T01:00:00,46.7,84.5,12.5,3.0,18.8
6,2026-09-21T01:00:00,79.4,138.5,20.3,6.1,11.1
1,2026-09-21T02:00:00,60.0,104.6,12.5,4.0,14.4
2,2026-09-21T02:00:00,87.0,162.8,29.7,8.7,20.6
3,2026-09-21T02:00:00,101.5,184.1,26.5,21.2,20.2
4,2026-09-21T02:00:00,94.3,177.7,33.1,6.2,19.0
5,2026-09-21T02:00:00,49.0,87.1,16.2,4.9,16.1
6,2026-09-21T02:00:00,79.7,144.8,14.2,10.3,21.0
1,2026-09-21T03:00:00,56.3,108.7,11.8,6.7,25.5
2,2026-09-21T03:00:00,60.1,109.6,35.6,4.5,22.0
3,2026-09-21T03:00:00,82.8,139.7,23.0,16.3,15.3
4,2026-09-21T03:00:00,66.6,125.1,30.8,6.2,24.1
5,2026-09-21T03:00:00,35.9,63.0,10.3,6.4,12.6
6,2026-09-21T03:00:00,58.9,114.7,22.7,8.3,14.5
1,2026-09-21T04:00:00,48.8,93.3,14.6,6.3,19.5
2,2026-09-21T04:00:00,58.8,99.5,26.9,4.9,21.0
3,2026-09-21T04:00:00,82.6,143.6,29.8,21.5,20.3
4,2026-09-21T04:00:00,63.4,106.1,33.4,6.6,12.7
5,2026-09-21T04:00:00,33.8,59.0,15.1,4.1,20.7
6,2026-09-21T04:00:00,72.4,121.4,30.8,10.8,20.6
1,2026-09-21T05:00:00,48.8,84.1,13.6,3.7,21.7
2,2026-09-21T05:00:00,56.9,96.7,32.1,7.7,18.7
3,2026-09-21T05:00:00,78.3,130.2,17.4,18.2,18.3
4,2026-09-21T05:00:00,79.0,150.9,33.4,7.0,16.0
5,2026-09-21T05:00:00,35.2,67.7,17.5,3.0,11.7
6,2026-09-21T05:00:00,52.9,102.6,28.1,8.4,17.7
1,2026-09-21T06:00:00,70.3,121.3,31.0,5.0,19.3
2,2026-09-21T06:00:00,115.0,208.5,36.3,6.7,20.6
3,2026-09-21T06:00:00,110.0,213.5,43.6,19.8,21.5
4,2026-09-21T06:00:00,123.9,232.6,47.0,9.2,18.3
5,2026-09-21T06:00:00,45.3,87.9,22.2,3.4,14.7
6,2026-09-21T06:00:00,96.5,178.1,36.3,7.3,15.3
1,2026-09-21T07:00:00,67.4,129.1,34.5,8.0,17.3
2,2026-09-21T07:00:00,87.5,154.8,46.0,6.1,19.2
3,2026-09-21T07:00:00,104.9,182.5,40.8,18.6,16.8
4,2026-09-21T07:00:00,127.5,230.2,53.1,9.8,16.0
5,2026-09-21T07:00:00,56.1,107.4,22.6,8.2,20.6
6,2026-09-21T07:00:00,76.1,148.1,37.4,10.6,17.8
1,2026-09-21T08:00:00,82.5,144.0,48.2,4.2,15.4
2,2026-09-21T08:00:00,112.5,219.0,70.5,8.5,25.4
3,2026-09-21T08:00:00,133.4,249.0,64.1,19.1,29.4
4,2026-09-21T08:00:00,118.4,224.3,68.5,8.6,23.7
5,2026-09-21T08:00:00,58.8,108.6,47.1,5.5,15.7
6,2026-09-21T08:00:00,106.7,204.3,57.4,3.8,21.5
1,2026-09-21T09:00:00,83.2,141.4,64.3,7.3,24.3
2,2026-09-21T09:00:00,116.2,204.0,64.6,3.0,22.2
3,2026-09-21T09:00:00,142.7,236.4,62.5,16.5,15.8
4,2026-09-21T09:00:00,134.6,257.0,66.0,8.9,13.5
5,2026-09-21T09:00:00,62.8,103.9,44.9,3.0,15.0
6,2026-09-21T09:00:00,96.3,169.3,53.1,7.6,23.3
1,2026-09-21T10:00:00,83.9,157.5,49.7,5.5,20.8
2,2026-09-21T10:00:00,113.1,194.9,58.3,10.3,15.8
3,2026-09-21T10:00:00,143.3,258.3,59.3,21.9,19.9
4,2026-09-21T10:00:00,125.5,227.4,73.2,7.6,20.9
5,2026-09-21T10:00:00,60.3,114.6,36.3,3.0,15.4
6,2026-09-21T10:00:00,93.8,181.1,49.4,8.5,16.4
1,2026-09-21T11:00:00,62.3,120.9,45.2,6.3,46.8
2,2026-09-21T11:00:00,87.0,160.6,60.0,8.0,37.9
3,2026-09-21T11:00:00,105.1,195.7,52.5,20.9,49.2
4,2026-09-21T11:00:00,103.3,194.3,55.0,5.9,48.8
5,2026-09-21T11:00:00,50.6,94.3,28.2,6.1,46.4
6,2026-09-21T11:00:00,76.3,125.9,46.9,9.5,45.8
1,2026-09-21T12:00:00,58.3,111.1,42.9,7.1,37.2
2,2026-09-21T12:00:00,82.6,158.5,52.7,10.0,42.6
3,2026-09-21T12:00:00,98.9,172.2,54.2,17.7,49.4
4,2026-09-21T12:00:00,99.6,164.7,55.8,8.9,42.8
5,2026-09-21T12:00:00,45.2,82.6,30.3,3.1,35.7
6,2026-09-21T12:00:00,76.4,130.3,45.4,8.3,48.3
1,2026-09-21T13:00:00,55.1,100.2,33.3,3.0,47.9
2,2026-09-21T13:00:00,67.3,127.2,54.1,7.8,37.6
3,2026-09-21T13:00:00,102.0,194.1,44.9,16.9,36.6
4,2026-09-21T13:00:00,89.3,169.0,51.9,8.1,44.3
5,2026-09-21T13:00:00,44.4,81.4,30.7,5.4,49.8
6,2026-09-21T13:00:00,74.4,144.3,46.4,7.2,45.6
1,2026-09-21T14:00:00,64.5,115.6,40.1,3.0,41.7
2,2026-09-21T14:00:00,87.1,168.9,53.2,5.5,51.3
3,2026-09-21T14:00:00,104.0,181.7,47.8,18.1,46.5
4,2026-09-21T14:00:00,96.2,165.2,52.5,7.7,41.9
5,2026-09-21T14:00:00,38.6,65.4,31.3,3.0,51.7
6,2026-09-21T14:00:00,70.1,124.3,42.9,6.0,46.7
1,2026-09-21T15:00:00,61.6,117.5,45.0,6.4,37.9
2,2026-09-21T15:00:00,77.1,146.6,47.9,5.7,47.3
3,2026-09-21T15:00:00,100.7,176.3,56.0,20.3,43.5
4,2026-09-21T15:00:00,90.6,150.2,56.3,8.2,47.1
5,2026-09-21T15:00:00,44.4,74.5,42.4,3.1,39.1
6,2026-09-21T15:00:00,75.4,134.6,45.7,6.0,43.3
1,2026-09-21T16:00:00,56.8,108.6,34.7,3.0,43.5
2,2026-09-21T16:00:00,81.3,140.5,46.6,6.4,48.0
3,2026-09-21T16:00:00,105.8,181.7,50.8,21.4,49.9
4,2026-09-21T16:00:00,88.3,171.2,58.0,11.0,52.4
5,2026-09-21T16:00:00,43.7,83.2,37.3,4.3,42.8
6,2026-09-21T16:00:00,73.0,134.7,51.7,8.2,52.7
1,2026-09-21T17:00:00,59.5,101.9,39.0,4.0,11.0
2,2026-09-21T17:00:00,85.2,152.3,53.5,9.2,17.4
3,2026-09-21T17:00:00,116.6,217.7,49.5,18.9,23.5
4,2026-09-21T17:00:00,107.6,182.4,48.9,7.0,12.7
5,2026-09-21T17:00:00,49.0,83.2,31.9,7.5,17.9
6,2026-09-21T17:00:00,62.8,118.0,38.7,8.0,25.5
1,2026-09-21T18:00:00,82.3,150.1,53.8,7.8,21.3
2,2026-09-21T18:00:00,119.3,231.8,65.4,4.4,10.7
3,2026-09-21T18:00:00,142.1,235.1,63.9,17.4,17.9
4,2026-09-21T18:00:00,135.2,254.9,72.2,7.0,15.2
5,2026-09-21T18:00:00,69.6,125.9,48.6,6.1,10.9
6,2026-09-21T18:00:00,114.9,206.5,62.7,8.0,18.5
1,2026-09-21T19:00:00,88.0,165.1,45.6,8.8,17.0
2,2026-09-21T19:00:00,121.2,217.5,65.7,5.7,22.9
3,2026-09-21T19:00:00,143.8,237.8,63.5,18.1,16.4
4,2026-09-21T19:00:00,135.7,241.8,75.7,6.1,16.4
5,2026-09-21T19:00:00,65.9,118.3,50.3,7.9,24.0
6,2026-09-21T19:00:00,105.9,204.5,58.1,7.9,21.7
1,2026-09-21T20:00:00,85.9,161.0,49.9,5.8,21.7
2,2026-09-21T20:00:00,134.7,224.1,59.6,6.3,14.4
3,2026-09-21T20:00:00,164.4,317.7,64.0,19.5,15.7
4,2026-09-21T20:00:00,140.7,251.5,75.5,3.0,14.6
5,2026-09-21T20:00:00,62.9,106.0,47.3,3.2,16.4
6,2026-09-21T20:00:00,112.2,197.6,60.8,7.4,12.5
1,2026-09-21T21:00:00,91.6,161.4,51.5,5.2,22.1
2,2026-09-21T21:00:00,120.0,211.9,61.6,6.4,12.8
3,2026-09-21T21:00:00,132.2,248.8,63.6,18.6,22.4
4,2026-09-21T21:00:00,134.8,239.0,68.1,5.5,25.1
5,2026-09-21T21:00:00,65.1,109.1,51.7,3.0,11.9
6,2026-09-21T21:00:00,111.3,185.4,50.5,12.0,17.5
1,2026-09-21T22:00:00,64.5,118.2,32.0,5.4,22.4
2,2026-09-21T22:00:00,92.1,173.7,43.6,7.9,23.2
3,2026-09-21T22:00:00,108.4,189.8,36.2,15.9,14.6
4,2026-09-21T22:00:00,106.2,194.2,48.7,6.6,24.4
5,2026-09-21T22:00:00,53.7,93.4,26.0,5.1,22.3
6,2026-09-21T22:00:00,78.2,146.1,37.5,8.7,23.6
1,2026-09-21T23:00:00,59.3,113.0,29.7,7.7,23.6
2,2026-09-21T23:00:00,85.4,155.5,43.5,8.1,18.7
3,2026-09-21T23:00:00,111.8,190.6,39.9,17.2,13.6
4,2026-09-21T23:00:00,99.9,183.6,52.6,9.2,16.4
5,2026-09-21T23:00:00,48.6,89.1,30.3,3.0,23.4
6,2026-09-21T23:00:00,78.2,129.7,38.9,4.7,21.0
1,2026-09-22T00:00:00,64.1,109.3,19.7,6.3,18.0
2,2026-09-22T00:00:00,90.9,173.2,33.8,6.6,17.0
3,2026-09-22T00:00:00,109.0,211.7,28.5,18.2,21.0
4,2026-09-22T00:00:00,100.4,173.5,31.9,6.4,22.0
5,2026-09-22T00:00:00,49.7,87.4,15.2,3.0,4.0
6,2026-09-22T00:00:00,77.8,148.6,26.0,8.1,15.3
1,2026-09-22T01:00:00,67.0,124.3,15.0,4.6,16.3
2,2026-09-22T01:00:00,89.6,149.7,29.6,6.5,20.3
3,2026-09-22T01:00:00,92.1,154.7,27.5,18.0,9.0
4,2026-09-22T01:00:00,109.4,189.4,34.4,8.8,17.6
5,2026-09-22T01:00:00,49.2,94.5,9.4,3.0,15.4
6,2026-09-22T01:00:00,79.1,136.7,19.4,8.2,20.1
1,2026-09-22T02:00:00,68.2,129.7,18.0,5.5,19.0
2,2026-09-22T02:00:00,101.6,168.1,30.5,9.4,22.8
3,2026-09-22T02:00:00,109.0,211.2,26.2,21.6,19.1
4,2026-09-22T02:00:00,100.1,188.9,42.0,5.7,14.4
5,2026-09-22T02:00:00,45.9,81.5,15.6,6.5,10.8
6,2026-09-22T02:00:00,82.8,139.9,22.9,8.7,23.6
1,2026-09-22T03:00:00,45.9,85.3,11.7,3.0,28.8
2,2026-09-22T03:00:00,67.3,124.5,33.2,8.2,13.8
3,2026-09-22T03:00:00,84.5,140.6,28.4,23.7,18.4
4,2026-09-22T03:00:00,74.6,136.1,37.3,6.7,15.4
5,2026-09-22T03:00:00,35.3,61.4,6.6,6.1,21.6
6,2026-09-22T03:00:00,57.4,97.1,21.8,6.3,20.2
1,2026-09-22T04:00:00,46.5,83.5,17.7,4.3,16.7
2,2026-09-22T04:00:00,55.8,108.7,25.5,6.6,25.2
3,2026-09-22T04:00:00,75.2,127.0,28.1,17.5,28.4
4,2026-09-22T04:00:00,72.9,124.4,36.4,5.5,15.6
5,2026-09-22T04:00:00,34.9,64.7,11.2,5.1,21.1
6,2026-09-22T04:00:00,77.0,148.2,26.9,5.0,19.2
1,2026-09-22T05:00:00,51.5,90.1,17.3,7.6,20.8
2,2026-09-22T05:00:00,82.7,142.3,29.0,6.4,13.9
3,2026-09-22T05:00:00,80.6,146.8,27.3,19.2,20.2
4,2026-09-22T05:00:00,58.9,113.2,34.5,8.5,20.3
5,2026-09-22T05:00:00,43.3,73.3,18.3,5.6,20.3
6,2026-09-22T05:00:00,51.5,92.3,33.0,8.1,17.7
1,2026-09-22T06:00:00,65.5,110.8,32.8,4.6,18.4
2,2026-09-22T06:00:00,105.4,190.1,41.7,9.4,10.6
3,2026-09-22T06:00:00,141.3,238.2,45.0,17.5,21.5
4,2026-09-22T06:00:00,104.2,176.8,54.2,8.2,18.2
5,2026-09-22T06:00:00,52.5,94.6,26.3,4.8,15.8
6,2026-09-22T06:00:00,98.0,185.7,40.0,9.2,16.1
1,2026-09-22T07:00:00,68.1,114.9,32.9,3.6,19.9
2,2026-09-22T07:00:00,90.1,167.8,41.8,5.1,13.7
3,2026-09-22T07:00:00,107.5,207.1,37.3,15.8,17.1
4,2026-09-22T07:00:00,119.6,224.9,50.2,5.2,21.4
5,2026-09-22T07:00:00,54.1,104.0,27.8,8.8,21.4
6,2026-09-22T07:00:00,80.4,138.9,46.3,9.1,21.6
1,2026-09-22T08:00:00,79.5,131.2,61.3,7.7,26.9
2,2026-09-22T08:00:00,110.8,203.5,53.1,6.2,23.0
3,2026-09-22T08:00:00,124.3,216.1,62.4,18.7,16.3
4,2026-09-22T08:00:00,131.1,241.2,67.1,11.3,20.0
5,2026-09-22T08:00:00,63.7,105.9,46.6,3.1,14.3
6,2026-09-22T08:00:00,118.7,198.6,60.4,9.1,23.4
1,2026-09-22T09:00:00,85.1,157.3,55.9,9.5,16.0
2,2026-09-22T09:00:00,99.8,174.9,62.4,5.4,14.0
3,2026-09-22T09:00:00,145.3,248.0,60.3,19.0,18.6
4,2026-09-22T09:00:00,125.9,212.3,69.8,3.7,19.2
5,2026-09-22T09:00:00,65.5,124.8,46.7,3.0,14.7
6,2026-09-22T09:00:00,113.2,214.0,54.6,7.6,13.4
1,2026-09-22T10:00:00,75.7,147.1,50.4,5.7,21.0
2,2026-09-22T10:00:00,118.8,200.8,63.7,4.7,17.0
3,2026-09-22T10:00:00,163.0,290.8,60.5,19.8,21.6
4,2026-09-22T10:00:00,116.8,227.5,69.6,5.4,15.2
5,2026-09-22T10:00:00,58.7,98.3,52.6,5.4,20.4
6,2026-09-22T10:00:00,98.1,183.3,58.3,8.3,20.1
1,2026-09-22T11:00:00,66.6,120.0,39.6,3.2,48.7
2,2026-09-22T11:00:00,87.2,155.5,49.8,3.0,45.9
3,2026-09-22T11:00:00,103.3,199.2,52.8,21.8,50.3
4,2026-09-22T11:00:00,95.5,172.1,55.7,7.6,50.9
5,2026-09-22T11:00:00,52.1,87.4,30.5,6.3,43.7
6,2026-09-22T11:00:00,79.7,149.8,40.9,9.7,51.3
1,2026-09-22T12:00:00,59.3,101.5,36.9,6.3,45.8
2,2026-09-22T12:00:00,85.4,154.6,59.2,3.5,47.9
3,2026-09-22T12:00:00,96.8,167.0,51.0,18.1,45.6
4,2026-09-22T12:00:00,90.2,173.3,62.4,7.3,46.9
5,2026-09-22T12:00:00,46.5,76.7,34.8,6.2,46.6
6,2026-09-22T12:00:00,65.7,118.6,51.6,7.7,44.4
1,2026-09-22T13:00:00,51.2,90.4,36.1,3.7,40.8
2,2026-09-22T13:00:00,77.7,141.3,52.1,5.1,41.4
3,2026-09-22T13:00:00,101.3,174.6,49.7,17.8,40.4
4,2026-09-22T13:00:00,95.9,160.5,59.5,7.0,53.4
5,2026-09-22T13:00:00,43.8,82.1,32.9,5.0,46.9
6,2026-09-22T13:00:00,72.0,136.2,47.4,9.2,38.4
1,2026-09-22T14:00:00,56.5,108.8,39.4,3.0,41.4
2,2026-09-22T14:00:00,73.9,137.5,58.2,3.0,54.0
3,2026-09-22T14:00:00,96.8,181.3,45.3,19.5,40.3
4,2026-09-22T14:00:00,92.4,152.8,48.9,4.0,41.8
5,2026-09-22T14:00:00,46.2,88.5,35.8,4.3,45.6
6,2026-09-22T14:00:00,66.4,116.7,48.7,10.8,47.7
1,2026-09-22T15:00:00,55.0,104.2,43.0,7.1,49.8
2,2026-09-22T15:00:00,68.8,120.6,49.3,4.8,39.8
3,2026-09-22T15:00:00,88.7,156.6,51.9,17.1,51.7
4,2026-09-22T15:00:00,92.1,175.0,55.0,4.0,44.6
5,2026-09-22T15:00:00,46.1,89.1,25.7,5.7,47.8
6,2026-09-22T15:00:00,74.7,134.0,49.0,7.7,41.3
1,2026-09-22T16:00:00,54.1,96.8,35.8,4.5,43.3
2,2026-09-22T16:00:00,71.6,125.0,51.7,11.7,47.5
3,2026-09-22T16:00:00,93.5,177.4,48.5,20.3,53.8
4,2026-09-22T16:00:00,97.6,176.7,54.7,4.9,52.4
5,2026-09-22T16:00:00,45.6,81.5,32.7,4.2,44.3
6,2026-09-22T16:00:00,77.3,140.3,48.3,6.8,42.3
1,2026-09-22T17:00:00,58.9,111.0,39.5,9.0,15.0
2,2026-09-22T17:00:00,91.3,176.8,56.9,4.4,18.6
3,2026-09-22T17:00:00,103.7,181.4,54.1,20.0,16.4
4,2026-09-22T17:00:00,100.6,173.9,55.0,8.2,18.1
5,2026-09-22T17:00:00,53.4,91.8,30.8,5.5,19.6
6,2026-09-22T17:00:00,75.0,134.9,51.4,7.0,21.1
1,2026-09-22T18:00:00,94.5,178.9,53.4,6.0,26.6
2,2026-09-22T18:00:00,119.1,207.4,64.8,3.6,25.4
3,2026-09-22T18:00:00,121.2,226.8,66.5,18.4,12.5
4,2026-09-22T18:00:00,134.3,259.0,69.6,6.4,16.8
5,2026-09-22T18:00:00,70.7,131.2,41.7,3.3,14.2
6,2026-09-22T18:00:00,99.8,192.6,60.9,8.5,20.2
1,2026-09-22T19:00:00,84.2,141.0,56.6,5.3,19.8
2,2026-09-22T19:00:00,123.6,220.6,63.7,5.1,22.4
3,2026-09-22T19:00:00,148.0,244.8,48.1,21.9,21.7
4,2026-09-22T19:00:00,139.1,261.6,69.8,5.7,16.8
5,2026-09-22T19:00:00,62.8,120.4,46.7,6.6,23.7
6,2026-09-22T19:00:00,106.5,194.7,57.4,9.5,23.8
1,2026-09-22T20:00:00,85.7,166.3,53.0,7.0,12.3
2,2026-09-22T20:00:00,119.2,226.8,70.1,5.1,25.9
3,2026-09-22T20:00:00,145.4,270.6,65.5,17.7,19.7
4,2026-09-22T20:00:00,132.3,236.6,67.9,6.7,19.3
5,2026-09-22T20:00:00,65.3,117.6,50.9,3.0,10.5
6,2026-09-22T20:00:00,109.9,204.1,63.6,8.6,18.1
1,2026-09-22T21:00:00,85.9,154.2,50.5,7.7,19.0
2,2026-09-22T21:00:00,115.1,207.3,72.0,6.2,17.2
3,2026-09-22T21:00:00,149.8,264.3,59.0,21.0,16.8
4,2026-09-22T21:00:00,129.7,244.9,63.8,5.5,26.1
5,2026-09-22T21:00:00,66.6,117.9,43.6,3.2,20.1
6,2026-09-22T21:00:00,103.9,181.2,61.6,9.1,24.0
1,2026-09-22T22:00:00,67.2,119.9,31.9,4.8,18.7
2,2026-09-22T22:00:00,91.1,160.2,46.6,7.5,23.0
3,2026-09-22T22:00:00,99.4,174.5,38.1,22.0,15.8
4,2026-09-22T22:00:00,96.7,163.5,45.7,11.4,20.4
5,2026-09-22T22:00:00,50.9,87.9,32.7,3.5,18.1
6,2026-09-22T22:00:00,77.9,133.0,40.3,10.4,17.6
1,2026-09-22T23:00:00,62.9,119.3,26.5,5.2,17.1
2,2026-09-22T23:00:00,90.6,170.3,50.0,5.4,11.4
3,2026-09-22T23:00:00,104.4,186.5,30.9,19.6,18.5
4,2026-09-22T23:00:00,102.5,173.9,48.6,3.9,18.4
5,2026-09-22T23:00:00,55.5,98.7,21.5,3.0,25.2
6,2026-09-22T23:00:00,77.4,142.5,34.9,8.1,15.3
1,2026-09-23T00:00:00,60.6,114.1,10.5,7.1,19.8
2,2026-09-23T00:00:00,86.3,162.9,28.0,7.8,19.2
3,2026-09-23T00:00:00,117.1,209.5,26.8,18.0,18.6
4,2026-09-23T00:00:00,109.1,201.5,40.2,9.1,21.2
5,2026-09-23T00:00:00,50.8,85.5,14.8,3.0,20.0
6,2026-09-23T00:00:00,79.6,154.5,19.3,9.6,16.9
1,2026-09-23T01:00:00,64.8,122.8,21.3,5.7,20.8
2,2026-09-23T01:00:00,90.5,161.3,28.6,6.2,21.4
3,2026-09-23T01:00:00,109.0,207.7,31.5,17.0,14.6
4,2026-09-23T01:00:00,106.2,181.5,35.2,6.6,23.1
5,2026-09-23T01:00:00,44.2,74.6,11.7,6.8,18.5
6,2026-09-23T01:00:00,79.9,151.3,24.4,9.2,18.5
1,2026-09-23T02:00:00,58.1,106.8,18.5,4.2,20.7
2,2026-09-23T02:00:00,87.7,154.5,31.9,3.3,19.3
3,2026-09-23T02:00:00,113.5,212.2,26.0,20.6,21.6
4,2026-09-23T02:00:00,106.9,196.1,26.2,8.6,20.4
5,2026-09-23T02:00:00,50.5,93.6,13.5,7.0,16.8
6,2026-09-23T02:00:00,71.4,136.8,25.9,13.2,21.7
1,2026-09-23T03:00:00,43.3,81.6,15.5,4.1,20.7
2,2026-09-23T03:00:00,67.5,130.6,22.0,6.5,20.7
3,2026-09-23T03:00:00,76.0,135.1,33.4,20.2,22.1
4,2026-09-23T03:00:00,80.0,155.8,33.9,8.8,17.5
5,2026-09-23T03:00:00,33.8,58.8,15.7,3.0,17.2
6,2026-09-23T03:00:00,63.3,115.0,23.6,8.3,17.3
1,2026-09-23T04:00:00,56.0,104.5,9.4,3.0,18.1
2,2026-09-23T04:00:00,55.1,101.0,30.8,4.9,16.2
3,2026-09-23T04:00:00,81.4,150.5,28.0,16.8,21.1
4,2026-09-23T04:00:00,78.6,151.1,39.3,8.2,12.0
5,2026-09-23T04:00:00,34.3,57.7,16.5,4.7,19.1
6,2026-09-23T04:00:00,77.8,148.1,20.7,7.4,21.6
1,2026-09-23T05:00:00,44.9,79.3,13.9,3.7,14.6
2,2026-09-23T05:00:00,72.7,135.0,27.7,7.2,15.5
3,2026-09-23T05:00:00,93.9,182.0,24.8,19.5,17.5
4,2026-09-23T05:00:00,81.7,158.0,39.9,3.5,14.3
5,2026-09-23T05:00:00,34.7,57.7,15.0,6.8,14.4
6,2026-09-23T05:00:00,69.7,121.9,28.5,11.8,21.7
1,2026-09-23T06:00:00,59.8,102.1,27.5,3.0,13.8
2,2026-09-23T06:00:00,95.1,171.3,47.3,5.8,15.8
3,2026-09-23T06:00:00,115.8,199.1,41.8,17.5,15.9
4,2026-09-23T06:00:00,95.1,173.9,43.2,5.7,17.4
5,2026-09-23T06:00:00,49.0,94.8,23.8,3.0,12.3
6,2026-09-23T06:00:00,82.2,136.8,40.2,7.0,14.3
1,2026-09-23T07:00:00,75.6,131.9,19.6,5.4,13.0
2,2026-09-23T07:00:00,98.3,178.1,40.2,6.0,25.1
3,2026-09-23T07:00:00,133.1,222.8,38.8,18.0,15.9
4,2026-09-23T07:00:00,104.8,189.1,43.6,5.5,19.4
5,2026-09-23T07:00:00,58.8,99.1,34.7,3.2,14.6
6,2026-09-23T07:00:00,83.6,147.2,32.4,5.8,18.4
1,2026-09-23T08:00:00,84.2,162.2,55.5,5.4,14.8
2,2026-09-23T08:00:00,117.3,199.7,63.2,4.4,16.1
3,2026-09-23T08:00:00,138.1,266.2,69.4,17.2,21.6
4,2026-09-23T08:00:00,121.4,208.6,63.9,7.3,11.3
5,2026-09-23T08:00:00,62.7,105.3,46.6,6.5,27.0
6,2026-09-23T08:00:00,107.6,189.0,58.9,7.0,15.4
1,2026-09-23T09:00:00,81.1,146.1,43.0,3.0,19.6
2,2026-09-23T09:00:00,112.9,198.1,65.6,11.2,17.1
3,2026-09-23T09:00:00,132.1,252.5,64.8,18.7,24.8
4,2026-09-23T09:00:00,122.6,207.8,68.8,12.7,19.8
5,2026-09-23T09:00:00,61.5,115.5,36.8,6.3,14.1
6,2026-09-23T09:00:00,99.4,169.7,60.1,6.7,22.6
1,2026-09-23T10:00:00,87.0,155.2,41.6,4.2,22.3
2,2026-09-23T10:00:00,115.4,205.0,60.8,10.0,9.7
3,2026-09-23T10:00:00,133.3,243.3,63.7,21.9,16.8
4,2026-09-23T10:00:00,120.3,226.1,70.5,4.3,14.6
5,2026-09-23T10:00:00,64.0,108.9,45.0,5.9,17.4
6,2026-09-23T10:00:00,93.6,168.3,54.0,9.6,22.6
1,2026-09-23T11:00:00,64.1,117.0,28.8,3.7,49.3
2,2026-09-23T11:00:00,91.9,174.8,49.4,6.7,44.4
3,2026-09-23T11:00:00,107.6,202.9,42.8,20.3,42.0
4,2026-09-23T11:00:00,104.1,179.0,59.4,9.7,41.0
5,2026-09-23T11:00:00,47.7,87.4,36.7,6.9,45.4
6,2026-09-23T11:00:00,71.2,131.7,43.1,9.9,45.4
1,2026-09-23T12:00:00,56.9,98.7,38.2,3.0,43.9
2,2026-09-23T12:00:00,80.6,156.9,54.6,5.1,47.2
3,2026-09-23T12:00:00,104.9,195.2,51.1,21.6,47.7
4,2026-09-23T12:00:00,85.6,154.9,57.5,7.8,41.8
5,2026-09-23T12:00:00,45.0,75.2,31.5,6.7,50.9
6,2026-09-23T12:00:00,74.0,140.9,48.2,12.2,42.4
1,2026-09-23T13:00:00,60.1,101.2,38.6,3.0,49.9
2,2026-09-23T13:00:00,70.9,120.5,57.5,5.8,47.1
3,2026-09-23T13:00:00,95.2,169.5,53.0,20.1,42.9
4,2026-09-23T13:00:00,84.7,149.4,59.3,7.5,44.8
5,2026-09-23T13:00:00,47.8,86.0,30.2,3.0,49.4
6,2026-09-23T13:00:00,74.0,128.2,44.3,7.1,46.2
1,2026-09-23T14:00:00,64.5,110.7,38.2,3.6,45.4
2,2026-09-23T14:00:00,87.9,160.9,54.8,5.2,52.1
3,2026-09-23T14:00:00,94.1,157.3,42.1,21.5,47.9
4,2026-09-23T14:00:00,93.3,160.6,67.3,6.8,43.7
5,2026-09-23T14:00:00,46.4,80.4,34.6,3.9,45.0
6,2026-09-23T14:00:00,71.2,127.5,46.7,4.9,37.6
1,2026-09-23T15:00:00,54.0,102.0,35.2,5.9,41.0
2,2026-09-23T15:00:00,92.7,169.6,52.0,3.8,47.6
3,2026-09-23T15:00:00,103.3,184.0,47.8,17.1,46.8
4,2026-09-23T15:00:00,99.3,187.3,49.7,8.0,46.5
5,2026-09-23T15:00:00,48.0,83.5,35.0,3.0,46.4
6,2026-09-23T15:00:00,73.7,142.7,49.4,5.7,52.6
1,2026-09-23T16:00:00,62.8,112.4,37.5,5.5,43.2
2,2026-09-23T16:00:00,76.6,145.9,52.5,10.5,42.8
3,2026-09-23T16:00:00,91.6,168.5,51.8,10.5,42.0
4,2026-09-23T16:00:00,94.9,184.8,59.8,7.9,44.0
5,2026-09-23T16:00:00,42.7,79.2,32.3,4.7,46.9
6,2026-09-23T16:00:00,75.5,127.0,39.1,8.2,45.5
1,2026-09-23T17:00:00,61.9,102.9,38.3,3.4,11.0
2,2026-09-23T17:00:00,87.9,156.8,47.5,6.3,15.7
3,2026-09-23T17:00:00,91.8,156.3,48.6,21.0,20.5
4,2026-09-23T17:00:00,101.9,177.5,56.5,3.9,23.6
5,2026-09-23T17:00:00,50.9,86.5,37.1,3.0,31.1
6,2026-09-23T17:00:00,67.5,127.7,38.7,7.8,16.0
1,2026-09-23T18:00:00,92.3,166.3,56.5,3.0,19.8
2,2026-09-23T18:00:00,115.9,220.2,71.9,3.5,26.6
3,2026-09-23T18:00:00,149.2,266.8,60.4,25.3,16.1
4,2026-09-23T18:00:00,138.8,229.5,69.1,7.4,21.7
5,2026-09-23T18:00:00,71.5,133.2,55.2,6.0,15.1
6,2026-09-23T18:00:00,105.8,195.5,46.2,6.8,14.2
1,2026-09-23T19:00:00,94.2,161.2,60.2,7.4,18.7
2,2026-09-23T19:00:00,127.0,216.3,70.4,3.9,21.7
3,2026-09-23T19:00:00,148.4,284.2,55.7,21.1,19.2
4,2026-09-23T19:00:00,142.4,263.2,68.6,5.4,16.5
5,2026-09-23T19:00:00,57.8,110.9,50.6,3.0,23.6
6,2026-09-23T19:00:00,105.1,194.3,51.0,5.1,14.2
1,2026-09-23T20:00:00,83.2,153.7,50.3,4.7,23.8
2,2026-09-23T20:00:00,120.1,198.6,71.7,6.4,19.3
3,2026-09-23T20:00:00,149.9,252.6,55.4,19.7,13.7
4,2026-09-23T20:00:00,128.5,225.8,70.6,5.8,14.5
5,2026-09-23T20:00:00,67.7,128.2,41.4,3.7,19.8
6,2026-09-23T20:00:00,112.2,203.8,55.7,9.3,13.8
1,2026-09-23T21:00:00,94.7,168.7,56.4,6.1,22.6
2,2026-09-23T21:00:00,128.6,217.2,67.4,5.4,22.5
3,2026-09-23T21:00:00,153.0,255.9,57.7,17.7,19.1
4,2026-09-23T21:00:00,133.5,225.7,70.9,4.6,19.6
5,2026-09-23T21:00:00,65.0,125.8,44.6,4.7,20.4
6,2026-09-23T21:00:00,108.3,183.8,56.1,5.6,17.0
1,2026-09-23T22:00:00,67.1,111.9,31.0,3.4,11.4
2,2026-09-23T22:00:00,81.9,153.2,42.1,5.7,17.6
3,2026-09-23T22:00:00,109.4,197.3,33.9,18.4,25.4
4,2026-09-23T22:00:00,103.7,184.3,49.2,6.6,10.0
5,2026-09-23T22:00:00,46.5,80.4,32.2,3.0,17.3
6,2026-09-23T22:00:00,82.1,141.1,24.4,9.9,19.2
1,2026-09-23T23:00:00,63.7,113.1,23.9,6.0,20.7
2,2026-09-23T23:00:00,98.5,179.7,43.9,8.5,16.5
3,2026-09-23T23:00:00,109.8,206.5,34.6,20.7,15.2
4,2026-09-23T23:00:00,100.4,194.2,47.8,5.3,11.8
5,2026-09-23T23:00:00,46.4,77.6,26.7,3.0,18.8
6,2026-09-23T23:00:00,67.4,111.9,33.5,8.8,19.1
1,2026-09-24T00:00:00,66.3,122.5,22.1,7.4,16.5
2,2026-09-24T00:00:00,87.4,156.9,32.7,11.1,17.1
3,2026-09-24T00:00:00,115.9,216.4,23.2,20.9,16.5
4,2026-09-24T00:00:00,101.4,171.9,34.2,12.0,14.9
5,2026-09-24T00:00:00,48.7,88.5,16.9,7.6,22.4
6,2026-09-24T00:00:00,84.9,145.3,25.6,10.4,18.1
1,2026-09-24T01:00:00,64.6,122.4,18.7,3.3,19.6
2,2026-09-24T01:00:00,92.8,158.3,29.2,6.2,18.9
3,2026-09-24T01:00:00,116.6,200.1,29.5,19.0,19.2
4,2026-09-24T01:00:00,100.4,183.8,38.5,8.6,18.4
5,2026-09-24T01:00:00,43.8,83.2,8.4,3.0,19.0
6,2026-09-24T01:00:00,82.2,145.0,28.1,7.6,15.8
1,2026-09-24T02:00:00,69.0,133.8,17.6,4.0,21.7
2,2026-09-24T02:00:00,88.7,166.5,34.5,3.2,17.3
3,2026-09-24T02:00:00,120.2,207.1,24.2,17.3,16.7
4,2026-09-24T02:00:00,105.5,175.8,37.2,8.8,13.6
5,2026-09-24T02:00:00,50.6,90.2,14.4,4.5,19.4
6,2026-09-24T02:00:00,84.1,156.8,27.6,7.8,22.4
1,2026-09-24T03:00:00,46.6,80.3,18.1,3.0,15.3
2,2026-09-24T03:00:00,64.5,108.1,38.0,6.2,17.1
3,2026-09-24T03:00:00,80.4,135.3,23.1,20.8,15.4
4,2026-09-24T03:00:00,65.6,109.8,28.9,7.7,24.1
5,2026-09-24T03:00:00,31.7,58.1,12.5,6.6,12.6
6,2026-09-24T03:00:00,55.4,92.2,18.6,8.6,22.0
1,2026-09-24T04:00:00,44.8,85.5,14.3,5.7,22.5
2,2026-09-24T04:00:00,55.7,94.9,31.0,5.6,16.0
3,2026-09-24T04:00:00,70.1,136.5,29.6,19.8,24.2
4,2026-09-24T04:00:00,74.2,134.1,32.3,6.4,15.1
5,2026-09-24T04:00:00,34.9,63.5,13.3,3.2,14.5
6,2026-09-24T04:00:00,50.2,93.6,21.1,9.7,19.4
1,2026-09-24T05:00:00,50.1,95.3,22.2,7.4,19.4
2,2026-09-24T05:00:00,64.3,115.2,35.1,6.9,20.5
3,2026-09-24T05:00:00,72.6,137.2,33.4,20.2,23.3
4,2026-09-24T05:00:00,83.8,153.7,40.7,7.9,15.1
5,2026-09-24T05:00:00,30.6,54.1,9.3,6.9,14.0
6,2026-09-24T05:00:00,53.9,91.6,20.7,10.6,9.9
1,2026-09-24T06:00:00,62.6,107.1,31.1,6.0,21.5
2,2026-09-24T06:00:00,110.1,209.3,46.6,10.0,20.8
3,2026-09-24T06:00:00,107.3,189.7,31.5,17.2,21.8
4,2026-09-24T06:00:00,101.6,178.9,50.7,10.7,15.0
5,2026-09-24T06:00:00,50.6,90.2,23.2,3.0,24.0
6,2026-09-24T06:00:00,80.6,139.7,39.5,7.3,14.5
1,2026-09-24T07:00:00,62.7,111.6,31.9,4.8,15.0
2,2026-09-24T07:00:00,107.2,186.1,44.4,4.1,21.2
3,2026-09-24T07:00:00,100.2,179.8,45.6,20.9,19.3
4,2026-09-24T07:00:00,96.4,162.7,43.9,3.1,17.1
5,2026-09-24T07:00:00,58.7,109.7,33.8,5.2,17.7
6,2026-09-24T07:00:00,94.9,184.1,31.3,10.5,22.1
1,2026-09-24T08:00:00,76.7,140.3,54.7,4.2,20.0
2,2026-09-24T08:00:00,131.6,229.6,59.1,6.3,13.7
3,2026-09-24T08:00:00,136.2,236.5,53.7,17.8,18.5
4,2026-09-24T08:00:00,134.4,236.0,63.5,8.7,19.4
5,2026-09-24T08:00:00,61.3,118.3,42.9,5.7,17.9
6,2026-09-24T08:00:00,104.2,194.3,52.0,8.6,20.4
1,2026-09-24T09:00:00,84.9,165.5,54.0,6.0,18.8
2,2026-09-24T09:00:00,101.6,178.2,70.8,8.0,16.2
3,2026-09-24T09:00:00,137.9,242.1,62.0,19.3,25.5
4,2026-09-24T09:00:00,128.0,247.8,70.5,5.3,13.2
5,2026-09-24T09:00:00,63.3,123.2,50.9,3.0,22.1
6,2026-09-24T09:00:00,95.7,168.0,56.4,10.8,17.6
1,2026-09-24T10:00:00,83.8,154.2,55.6,6.3,18.5
2,2026-09-24T10:00:00,115.8,199.3,62.8,5.3,24.2
3,2026-09-24T10:00:00,140.5,250.7,48.4,20.2,17.3
4,2026-09-24T10:00:00,122.6,209.6,65.8,5.9,15.1
5,2026-09-24T10:00:00,60.9,101.7,47.9,3.9,18.3
6,2026-09-24T10:00:00,101.6,192.2,55.9,7.2,14.7
1,2026-09-24T11:00:00,69.4,127.6,35.8,6.0,44.0
2,2026-09-24T11:00:00,99.8,184.7,47.8,10.2,41.4
3,2026-09-24T11:00:00,109.4,197.1,41.9,20.4,45.2
4,2026-09-24T11:00:00,95.3,180.3,56.3,7.7,42.6
5,2026-09-24T11:00:00,43.5,82.6,40.0,4.8,40.6
6,2026-09-24T11:00:00,73.6,140.8,44.6,8.7,42.3
1,2026-09-24T12:00:00,64.3,124.3,38.8,3.0,50.3
2,2026-09-24T12:00:00,74.5,137.8,44.2,8.6,45.2
3,2026-09-24T12:00:00,93.0,164.9,53.2,21.0,44.8
4,2026-09-24T12:00:00,82.6,150.9,59.1,8.0,50.5
5,2026-09-24T12:00:00,50.8,88.1,34.7,6.8,46.8
6,2026-09-24T12:00:00,65.8,112.4,51.5,6.4,40.9
1,2026-09-24T13:00:00,55.1,99.4,33.2,3.0,47.9
2,2026-09-24T13:00:00,81.0,151.1,54.6,7.7,52.4
3,2026-09-24T13:00:00,112.4,196.6,42.9,21.9,44.2
4,2026-09-24T13:00:00,100.7,168.2,59.5,9.5,37.3
5,2026-09-24T13:00:00,45.3,86.8,29.4,5.9,45.5
6,2026-09-24T13:00:00,66.6,122.5,42.0,10.2,42.9
1,2026-09-24T14:00:00,58.3,99.8,36.9,3.0,38.5
2,2026-09-24T14:00:00,87.3,153.8,48.2,7.7,42.0
3,2026-09-24T14:00:00,102.1,171.0,45.6,17.3,39.8
4,2026-09-24T14:00:00,87.0,154.7,55.2,8.2,51.3
5,2026-09-24T14:00:00,39.6,68.4,32.5,5.6,53.8
6,2026-09-24T14:00:00,69.5,115.5,39.8,7.3,42.2
1,2026-09-24T15:00:00,55.8,101.7,50.4,6.7,50.8
2,2026-09-24T15:00:00,78.2,143.7,54.3,6.5,39.5
3,2026-09-24T15:00:00,97.4,165.7,47.4,21.5,44.9
4,2026-09-24T15:00:00,80.0,138.6,52.4,10.8,52.9
5,2026-09-24T15:00:00,42.2,72.0,33.2,3.1,45.1
6,2026-09-24T15:00:00,75.0,144.8,44.7,10.1,39.4
1,2026-09-24T16:00:00,55.0,96.6,34.5,3.0,46.7
2,2026-09-24T16:00:00,90.6,156.8,52.5,6.5,43.5
3,2026-09-24T16:00:00,99.3,186.6,48.7,18.9,39.8
4,2026-09-24T16:00:00,89.6,170.7,56.7,8.3,41.2
5,2026-09-24T16:00:00,47.6,81.9,29.5,3.8,41.6
6,2026-09-24T16:00:00,76.7,142.1,42.0,10.7,40.9
1,2026-09-24T17:00:00,72.1,129.8,38.9,3.0,14.0
2,2026-09-24T17:00:00,95.9,183.4,55.2,4.4,20.5
3,2026-09-24T17:00:00,116.9,208.3,41.2,21.5,18.2
4,2026-09-24T17:00:00,99.5,166.3,56.8,5.0,24.0
5,2026-09-24T17:00:00,46.7,81.8,33.1,3.1,17.4
6,2026-09-24T17:00:00,73.0,126.1,42.7,7.5,22.6
1,2026-09-24T18:00:00,89.6,170.1,49.1,3.8,11.5
2,2026-09-24T18:00:00,111.0,215.1,64.8,3.8,23.0
3,2026-09-24T18:00:00,149.3,274.5,58.1,23.1,22.6
4,2026-09-24T18:00:00,132.3,219.5,74.9,6.9,13.1
5,2026-09-24T18:00:00,54.0,91.2,50.7,3.0,22.4
6,2026-09-24T18:00:00,105.6,191.1,58.4,9.9,19.2
1,2026-09-24T19:00:00,94.5,175.8,59.0,4.3,28.4
2,2026-09-24T19:00:00,116.5,220.0,69.5,5.9,10.2
3,2026-09-24T19:00:00,145.0,257.1,62.2,20.8,20.9
4,2026-09-24T19:00:00,135.6,255.1,75.7,3.0,23.1
5,2026-09-24T19:00:00,70.1,118.8,45.0,3.0,8.8
6,2026-09-24T19:00:00,104.8,182.2,65.5,11.0,20.3
1,2026-09-24T20:00:00,91.9,171.8,43.1,7.3,19.8
2,2026-09-24T20:00:00,120.9,221.5,68.9,4.5,21.0
3,2026-09-24T20:00:00,153.7,269.6,66.4,20.2,13.0
4,2026-09-24T20:00:00,111.9,193.9,77.1,4.8,10.7
5,2026-09-24T20:00:00,67.4,116.7,50.1,3.0,17.9
6,2026-09-24T20:00:00,109.3,191.1,53.2,9.6,17.5
1,2026-09-24T21:00:00,90.0,162.4,56.7,5.8,16.1
2,2026-09-24T21:00:00,121.3,224.0,67.2,7.2,15.8
3,2026-09-24T21:00:00,148.1,262.8,59.2,19.3,17.2
4,2026-09-24T21:00:00,139.9,264.1,61.6,9.1,18.5
5,2026-09-24T21:00:00,65.3,124.5,49.0,6.3,21.5
6,2026-09-24T21:00:00,109.4,185.6,58.4,5.2,16.6
1,2026-09-24T22:00:00,68.8,122.1,30.0,5.4,15.4
2,2026-09-24T22:00:00,87.2,159.9,41.8,9.3,14.6
3,2026-09-24T22:00:00,101.8,169.1,33.4,16.5,11.1
4,2026-09-24T22:00:00,102.0,173.8,48.1,7.7,19.1
5,2026-09-24T22:00:00,47.8,81.2,20.7,3.6,10.0
6,2026-09-24T22:00:00,77.0,144.4,40.7,10.4,18.9
1,2026-09-24T23:00:00,75.1,139.0,29.3,5.6,13.7
2,2026-09-24T23:00:00,98.4,177.2,39.8,3.3,17.1
3,2026-09-24T23:00:00,97.1,164.0,43.2,20.4,11.1
4,2026-09-24T23:00:00,103.4,185.5,44.9,6.0,21.2
5,2026-09-24T23:00:00,48.8,87.7,22.4,3.0,15.4
6,2026-09-24T23:00:00,83.5,139.1,35.8,10.4,16.6
1,2026-09-25T00:00:00,65.0,121.7,15.1,4.5,14.8
2,2026-09-25T00:00:00,94.1,159.5,37.2,8.1,19.6
3,2026-09-25T00:00:00,112.7,212.0,27.0,20.1,16.1
4,2026-09-25T00:00:00,104.5,198.4,31.1,8.8,15.7
5,2026-09-25T00:00:00,57.2,100.1,9.4,5.8,19.6
6,2026-09-25T00:00:00,85.8,152.8,22.4,7.2,21.5
1,2026-09-25T01:00:00,63.4,105.9,14.4,3.0,13.6
2,2026-09-25T01:00:00,88.2,150.0,27.3,3.0,15.3
3,2026-09-25T01:00:00,110.7,195.9,22.2,21.4,14.7
4,2026-09-25T01:00:00,99.8,181.3,35.2,9.0,17.7
5,2026-09-25T01:00:00,54.7,99.4,19.4,3.0,16.2
6,2026-09-25T01:00:00,71.0,127.0,21.5,7.8,14.3
1,2026-09-25T02:00:00,65.4,114.1,14.1,4.8,10.4
2,2026-09-25T02:00:00,88.3,155.1,29.7,4.2,20.0
3,2026-09-25T02:00:00,107.6,200.1,30.3,17.5,17.1
4,2026-09-25T02:00:00,91.5,156.3,28.5,9.8,19.5
5,2026-09-25T02:00:00,50.4,91.7,14.7,8.0,19.8
6,2026-09-25T02:00:00,76.5,140.7,27.7,8.1,15.3
1,2026-09-25T03:00:00,54.2,100.8,20.1,6.4,24.5
2,2026-09-25T03:00:00,69.4,134.9,37.1,7.3,21.3
3,2026-09-25T03:00:00,75.4,135.7,31.3,20.7,21.1
4,2026-09-25T03:00:00,63.1,106.4,38.3,6.5,10.7
5,2026-09-25T03:00:00,34.6,57.6,10.8,7.0,21.8
6,2026-09-25T03:00:00,61.4,109.6,19.4,7.2,23.3
1,2026-09-25T04:00:00,51.6,85.5,18.0,4.4,19.3
2,2026-09-25T04:00:00,64.1,107.4,33.1,4.9,17.1
3,2026-09-25T04:00:00,86.9,150.2,23.4,16.7,14.2
4,2026-09-25T04:00:00,72.3,136.5,31.1,10.5,14.4
5,2026-09-25T04:00:00,41.0,76.8,13.7,6.4,10.5
6,2026-09-25T04:00:00,55.2,98.4,24.3,10.7,23.4
1,2026-09-25T05:00:00,45.4,78.2,21.6,3.3,25.7
2,2026-09-25T05:00:00,75.8,136.8,35.6,4.7,17.0
3,2026-09-25T05:00:00,81.0,155.7,19.8,21.1,23.2
4,2026-09-25T05:00:00,72.9,140.0,26.9,5.4,17.7
5,2026-09-25T05:00:00,36.0,65.8,9.3,3.0,25.3
6,2026-09-25T05:00:00,48.7,91.1,28.5,9.3,12.4
1,2026-09-25T06:00:00,77.9,140.3,20.3,10.4,18.5
2,2026-09-25T06:00:00,87.5,147.1,50.0,5.7,19.7
3,2026-09-25T06:00:00,137.2,242.1,48.4,18.6,18.2
4,2026-09-25T06:00:00,121.9,236.8,45.2,6.5,16.9
5,2026-09-25T06:00:00,60.5,102.1,30.4,8.0,16.9
6,2026-09-25T06:00:00,82.3,143.6,36.6,9.3,22.9
1,2026-09-25T07:00:00,64.0,119.7,29.8,4.1,16.1
2,2026-09-25T07:00:00,110.1,194.5,45.6,8.4,21.3
3,2026-09-25T07:00:00,117.4,213.1,42.5,16.5,19.4
4,2026-09-25T07:00:00,99.1,164.4,37.1,3.8,22.6
5,2026-09-25T07:00:00,50.0,93.0,29.5,3.0,18.7
6,2026-09-25T07:00:00,77.9,136.0,39.5,4.4,14.9
1,2026-09-25T08:00:00,85.6,154.6,42.9,4.3,20.0
2,2026-09-25T08:00:00,113.0,190.4,63.4,10.0,17.3
3,2026-09-25T08:00:00,140.9,236.5,60.5,21.4,18.8
4,2026-09-25T08:00:00,153.4,278.9,71.2,3.0,15.5
5,2026-09-25T08:00:00,77.3,132.8,43.7,5.2,16.0
6,2026-09-25T08:00:00,94.4,175.4,63.9,4.4,17.7
1,2026-09-25T09:00:00,77.5,132.0,52.3,3.0,21.9
2,2026-09-25T09:00:00,114.3,211.5,58.9,7.4,26.1
3,2026-09-25T09:00:00,137.7,245.1,59.8,20.9,16.4
4,2026-09-25T09:00:00,117.2,208.5,67.2,6.3,13.2
5,2026-09-25T09:00:00,70.9,132.7,35.2,6.0,13.0
6,2026-09-25T09:00:00,87.6,150.0,51.5,7.2,23.7
1,2026-09-25T10:00:00,77.6,149.0,51.0,3.6,25.9
2,2026-09-25T10:00:00,110.8,184.9,63.5,9.2,23.8
3,2026-09-25T10:00:00,130.9,230.1,62.3,20.9,19.5
4,2026-09-25T10:00:00,135.0,242.1,73.5,9.2,17.1
5,2026-09-25T10:00:00,61.3,107.3,48.5,8.0,23.2
6,2026-09-25T10:00:00,104.4,179.0,59.6,8.1,22.0
1,2026-09-25T11:00:00,69.6,134.0,39.9,3.5,43.6
2,2026-09-25T11:00:00,97.4,161.9,57.5,4.8,44.6
3,2026-09-25T11:00:00,114.0,193.4,40.7,17.0,44.9
4,2026-09-25T11:00:00,97.7,171.3,57.6,5.2,42.6
5,2026-09-25T11:00:00,49.8,84.8,35.7,7.1,45.4
6,2026-09-25T11:00:00,81.7,156.0,42.3,10.1,49.9
1,2026-09-25T12:00:00,63.8,115.9,34.0,3.9,45.0
2,2026-09-25T12:00:00,85.2,161.2,53.2,8.2,45.5
3,2026-09-25T12:00:00,105.1,180.2,47.4,21.1,46.8
4,2026-09-25T12:00:00,90.2,152.9,52.1,10.6,46.9
5,2026-09-25T12:00:00,47.0,81.9,35.9,3.0,48.0
6,2026-09-25T12:00:00,64.7,124.5,42.9,8.3,42.5
1,2026-09-25T13:00:00,54.6,102.9,37.6,7.3,47.5
2,2026-09-25T13:00:00,78.0,133.0,56.0,6.7,41.7
3,2026-09-25T13:00:00,90.6,159.0,48.1,20.7,37.6
4,2026-09-25T13:00:00,93.2,160.0,52.2,7.1,51.2
5,2026-09-25T13:00:00,48.0,87.2,30.9,3.4,50.8
6,2026-09-25T13:00:00,76.6,127.9,34.3,7.4,46.8
1,2026-09-25T14:00:00,54.4,92.9,39.1,3.7,44.6
2,2026-09-25T14:00:00,85.4,155.2,49.9,8.3,43.4
3,2026-09-25T14:00:00,96.9,175.6,49.1,20.3,44.7
4,2026-09-25T14:00:00,90.9,169.2,57.4,5.5,42.6
5,2026-09-25T14:00:00,42.2,72.9,28.5,6.6,49.3
6,2026-09-25T14:00:00,68.1,121.7,45.3,13.2,45.5
1,2026-09-25T15:00:00,58.0,98.9,41.4,3.7,44.7
2,2026-09-25T15:00:00,83.8,148.6,48.9,9.9,40.4
3,2026-09-25T15:00:00,95.4,172.7,48.6,16.2,44.2
4,2026-09-25T15:00:00,101.2,180.9,52.2,7.1,48.6
5,2026-09-25T15:00:00,47.2,82.9,36.6,3.8,44.9
6,2026-09-25T15:00:00,67.5,126.5,39.7,10.4,40.9
1,2026-09-25T16:00:00,59.5,100.7,39.5,3.9,46.5
2,2026-09-25T16:00:00,81.4,138.0,57.8,5.3,53.2
3,2026-09-25T16:00:00,105.7,184.7,42.2,20.4,46.6
4,2026-09-25T16:00:00,98.9,181.0,52.9,8.6,43.0
5,2026-09-25T16:00:00,43.0,74.0,26.2,3.4,37.2
6,2026-09-25T16:00:00,78.1,141.0,40.2,9.9,42.0
1,2026-09-25T17:00:00,66.2,119.6,38.6,4.8,13.6
2,2026-09-25T17:00:00,97.0,175.6,48.9,5.4,19.7
3,2026-09-25T17:00:00,91.9,160.2,44.1,18.5,16.2
4,2026-09-25T17:00:00,99.8,169.6,51.8,4.5,20.1
5,2026-09-25T17:00:00,50.0,91.8,29.6,4.9,20.4
6,2026-09-25T17:00:00,78.9,134.2,37.6,7.0,15.4
1,2026-09-25T18:00:00,87.6,147.3,51.6,7.2,22.6
2,2026-09-25T18:00:00,117.5,210.8,69.5,6.5,18.5
3,2026-09-25T18:00:00,151.5,290.5,60.0,17.7,17.8
4,2026-09-25T18:00:00,135.8,226.9,70.5,6.9,22.2
5,2026-09-25T18:00:00,67.8,127.6,50.1,5.9,14.3
6,2026-09-25T18:00:00,108.5,193.2,69.8,10.2,11.6
1,2026-09-25T19:00:00,89.5,168.7,51.0,4.8,22.5
2,2026-09-25T19:00:00,121.9,214.1,65.6,8.0,23.9
3,2026-09-25T19:00:00,141.1,263.5,61.5,22.2,18.5
4,2026-09-25T19:00:00,140.6,240.5,70.0,7.7,19.7
5,2026-09-25T19:00:00,67.5,117.1,55.4,3.0,18.7
6,2026-09-25T19:00:00,107.6,190.1,62.0,10.0,14.8
1,2026-09-25T20:00:00,82.6,160.2,51.9,3.0,27.9
2,2026-09-25T20:00:00,112.1,191.3,63.7,6.5,20.3
3,2026-09-25T20:00:00,143.8,243.4,65.3,21.3,11.7
4,2026-09-25T20:00:00,129.5,225.1,78.0,7.0,17.1
5,2026-09-25T20:00:00,56.0,102.2,57.0,3.0,12.8
6,2026-09-25T20:00:00,106.5,197.5,61.5,8.5,21.0
1,2026-09-25T21:00:00,88.2,170.1,47.3,6.6,15.9
2,2026-09-25T21:00:00,111.5,194.1,68.4,5.8,20.8
3,2026-09-25T21:00:00,140.2,265.7,62.7,19.7,13.8
4,2026-09-25T21:00:00,136.6,251.1,74.0,5.7,16.9
5,2026-09-25T21:00:00,73.9,142.6,48.8,3.0,22.2
6,2026-09-25T21:00:00,115.0,207.8,64.4,5.3,20.4
1,2026-09-25T22:00:00,59.6,101.5,29.6,7.4,14.4
2,2026-09-25T22:00:00,83.5,153.1,48.1,7.7,22.4
3,2026-09-25T22:00:00,107.6,185.5,38.5,19.8,11.7
4,2026-09-25T22:00:00,104.7,173.4,51.7,4.7,21.8
5,2026-09-25T22:00:00,49.6,94.0,25.5,5.5,19.8
6,2026-09-25T22:00:00,79.9,142.4,31.4,13.0,15.9
1,2026-09-25T23:00:00,66.8,129.6,30.8,4.5,21.6
2,2026-09-25T23:00:00,95.9,164.2,39.3,7.5,16.9
3,2026-09-25T23:00:00,111.9,214.2,39.8,23.3,18.9
4,2026-09-25T23:00:00,108.1,208.9,50.4,8.0,20.8
5,2026-09-25T23:00:00,52.9,89.7,19.3,5.4,20.9
6,2026-09-25T23:00:00,83.5,158.6,32.8,7.8,18.1
1,2026-09-26T00:00:00,58.6,104.0,12.3,4.4,18.3
2,2026-09-26T00:00:00,79.6,151.3,21.8,7.0,14.0
3,2026-09-26T00:00:00,98.2,173.5,26.0,19.5,19.8
4,2026-09-26T00:00:00,84.1,151.2,39.9,6.8,13.5
5,2026-09-26T00:00:00,42.0,74.3,14.5,3.6,14.4
6,2026-09-26T00:00:00,63.6,110.4,24.6,9.9,23.6
1,2026-09-26T01:00:00,55.4,95.8,13.6,5.0,16.4
2,2026-09-26T01:00:00,82.0,152.8,31.3,5.1,20.7
3,2026-09-26T01:00:00,101.6,194.3,23.4,17.3,22.2
4,2026-09-26T01:00:00,90.2,151.8,43.2,9.1,22.5
5,2026-09-26T01:00:00,44.0,82.9,14.4,3.7,23.0
6,2026-09-26T01:00:00,82.2,140.3,30.4,7.3,21.7
1,2026-09-26T02:00:00,69.4,118.8,12.6,3.0,17.6
2,2026-09-26T02:00:00,72.9,135.9,26.5,8.5,14.3
3,2026-09-26T02:00:00,84.7,155.9,29.2,19.1,11.5
4,2026-09-26T02:00:00,84.9,156.4,40.3,8.3,16.9
5,2026-09-26T02:00:00,46.5,81.5,5.0,3.4,14.3
6,2026-09-26T02:00:00,73.8,141.6,18.9,11.4,17.6
1,2026-09-26T03:00:00,47.5,79.6,18.7,3.0,22.5
2,2026-09-26T03:00:00,57.1,105.2,27.1,7.1,23.7
3,2026-09-26T03:00:00,90.5,164.2,23.3,15.7,20.7
4,2026-09-26T03:00:00,60.1,106.6,29.3,4.3,16.9
5,2026-09-26T03:00:00,37.7,71.5,13.2,6.4,14.8
6,2026-09-26T03:00:00,45.9,82.0,26.1,11.0,16.1
1,2026-09-26T04:00:00,38.0,69.1,21.6,3.0,13.5
2,2026-09-26T04:00:00,56.7,107.5,33.1,4.0,20.7
3,2026-09-26T04:00:00,87.5,161.9,33.7,16.7,19.6
4,2026-09-26T04:00:00,49.8,92.7,32.3,3.9,17.3
5,2026-09-26T04:00:00,30.6,55.0,5.2,5.1,14.8
6,2026-09-26T04:00:00,51.8,96.2,24.2,5.1,12.3
1,2026-09-26T05:00:00,40.0,71.4,22.1,3.0,18.5
2,2026-09-26T05:00:00,69.8,125.2,35.2,4.5,12.0
3,2026-09-26T05:00:00,86.8,153.6,28.8,17.8,16.1
4,2026-09-26T05:00:00,58.4,113.5,31.1,6.6,24.6
5,2026-09-26T05:00:00,37.4,64.2,12.8,4.6,20.2
6,2026-09-26T05:00:00,60.4,111.5,28.0,6.8,12.6
1,2026-09-26T06:00:00,71.9,130.7,21.5,3.8,24.1
2,2026-09-26T06:00:00,84.8,155.6,43.6,5.4,19.0
3,2026-09-26T06:00:00,116.8,193.1,29.4,18.6,22.8
4,2026-09-26T06:00:00,104.0,201.8,51.9,6.9,18.4
5,2026-09-26T06:00:00,45.7,84.5,21.3,4.2,17.7
6,2026-09-26T06:00:00,68.5,132.3,31.0,9.0,14.6
1,2026-09-26T07:00:00,77.1,136.7,32.7,8.0,20.7
2,2026-09-26T07:00:00,93.8,155.1,38.0,6.1,17.5
3,2026-09-26T07:00:00,104.5,172.5,40.0,17.8,21.1
4,2026-09-26T07:00:00,112.4,204.6,36.4,3.0,12.6
5,2026-09-26T07:00:00,44.6,79.1,22.3,3.0,16.9
6,2026-09-26T07:00:00,77.6,146.0,33.6,8.6,22.4
1,2026-09-26T08:00:00,75.6,141.4,46.2,5.8,16.5
2,2026-09-26T08:00:00,126.9,242.4,59.6,6.3,14.1
3,2026-09-26T08:00:00,119.7,207.8,46.0,23.1,20.1
4,2026-09-26T08:00:00,115.6,206.9,50.7,6.2,8.3
5,2026-09-26T08:00:00,53.1,93.2,45.6,5.1,21.2
6,2026-09-26T08:00:00,91.5,151.2,51.3,5.7,18.8
1,2026-09-26T09:00:00,73.1,127.5,38.0,5.5,22.9
2,2026-09-26T09:00:00,111.1,187.4,57.2,3.0,19.4
3,2026-09-26T09:00:00,129.2,243.9,56.2,20.1,21.3
4,2026-09-26T09:00:00,111.1,196.5,57.5,7.6,21.8
5,2026-09-26T09:00:00,61.6,112.9,41.6,3.0,22.2
6,2026-09-26T09:00:00,91.8,168.8,57.1,8.3,19.7
1,2026-09-26T10:00:00,77.6,141.6,54.5,4.8,17.5
2,2026-09-26T10:00:00,102.0,169.5,51.0,4.2,14.5
3,2026-09-26T10:00:00,124.2,230.9,52.2,18.6,28.1
4,2026-09-26T10:00:00,109.9,188.9,56.6,8.9,17.5
5,2026-09-26T10:00:00,50.8,94.3,38.2,3.0,20.4
6,2026-09-26T10:00:00,91.5,168.0,56.0,8.6,20.2
1,2026-09-26T11:00:00,58.6,108.3,39.2,4.6,47.5
2,2026-09-26T11:00:00,81.4,142.6,51.7,8.5,44.4
3,2026-09-26T11:00:00,105.1,177.9,50.6,19.5,44.3
4,2026-09-26T11:00:00,88.0,152.5,44.2,9.0,49.2
5,2026-09-26T11:00:00,50.9,97.8,30.4,3.0,49.9
6,2026-09-26T11:00:00,73.8,127.8,42.9,5.2,46.6
1,2026-09-26T12:00:00,50.9,97.1,33.4,3.0,42.2
2,2026-09-26T12:00:00,68.9,125.3,54.6,7.9,42.9
3,2026-09-26T12:00:00,89.1,171.3,42.2,20.6,36.9
4,2026-09-26T12:00:00,74.8,135.9,47.3,8.9,48.6
5,2026-09-26T12:00:00,43.3,81.7,23.5,3.0,42.4
6,2026-09-26T12:00:00,64.6,109.9,34.3,8.1,41.0
1,2026-09-26T13:00:00,59.5,114.9,31.6,7.2,42.4
2,2026-09-26T13:00:00,70.6,124.5,50.2,5.1,43.9
3,2026-09-26T13:00:00,96.8,165.0,45.1,19.9,43.1
4,2026-09-26T13:00:00,75.8,130.3,54.2,10.3,40.3
5,2026-09-26T13:00:00,45.7,86.2,19.3,3.0,44.2
6,2026-09-26T13:00:00,55.3,94.0,41.6,10.9,52.6
1,2026-09-26T14:00:00,47.1,89.7,40.1,3.0,50.9
2,2026-09-26T14:00:00,67.9,119.7,52.5,7.0,46.5
3,2026-09-26T14:00:00,88.9,147.0,42.0,16.0,46.2
4,2026-09-26T14:00:00,72.4,129.9,56.1,9.5,39.0
5,2026-09-26T14:00:00,42.9,75.7,36.1,4.6,43.8
6,2026-09-26T14:00:00,62.5,103.5,42.3,6.9,40.4
1,2026-09-26T15:00:00,60.1,101.5,34.2,5.3,43.7
2,2026-09-26T15:00:00,75.8,143.1,52.7,8.0,46.2
3,2026-09-26T15:00:00,92.2,152.4,44.7,21.6,45.9
4,2026-09-26T15:00:00,82.2,154.3,50.0,8.0,53.1
5,2026-09-26T15:00:00,40.4,73.0,30.4,3.0,49.9
6,2026-09-26T15:00:00,66.1,124.7,42.4,9.4,46.3
1,2026-09-26T16:00:00,51.2,86.9,34.9,5.7,46.9
2,2026-09-26T16:00:00,68.0,117.9,50.0,6.0,51.5
3,2026-09-26T16:00:00,86.0,162.2,44.3,19.0,50.1
4,2026-09-26T16:00:00,72.6,139.9,52.5,7.4,43.5
5,2026-09-26T16:00:00,37.4,61.9,30.7,3.1,38.0
6,2026-09-26T16:00:00,64.7,122.0,38.5,10.0,41.9
1,2026-09-26T17:00:00,48.9,91.3,32.1,7.1,23.5
2,2026-09-26T17:00:00,73.1,132.5,42.4,8.4,24.0
3,2026-09-26T17:00:00,88.9,160.5,42.6,19.2,13.9
4,2026-09-26T17:00:00,88.6,154.0,52.5,9.9,15.3
5,2026-09-26T17:00:00,44.7,76.0,34.6,3.0,22.6
6,2026-09-26T17:00:00,59.1,104.9,39.3,9.6,18.9
1,2026-09-26T18:00:00,61.9,108.9,51.4,4.7,14.5
2,2026-09-26T18:00:00,112.8,203.2,62.6,4.9,12.7
3,2026-09-26T18:00:00,130.2,248.0,58.7,18.8,10.0
4,2026-09-26T18:00:00,115.8,197.4,62.9,9.0,14.1
5,2026-09-26T18:00:00,51.6,89.7,42.3,5.0,16.6
6,2026-09-26T18:00:00,94.8,165.9,59.1,7.5,19.5
1,2026-09-26T19:00:00,79.1,144.2,46.8,3.0,17.9
2,2026-09-26T19:00:00,104.8,188.8,59.8,3.7,22.4
3,2026-09-26T19:00:00,123.7,216.0,54.3,21.2,16.0
4,2026-09-26T19:00:00,96.6,167.6,66.8,3.2,18.7
5,2026-09-26T19:00:00,61.8,119.1,44.9,3.8,21.9
6,2026-09-26T19:00:00,82.5,142.5,47.7,5.3,22.6
1,2026-09-26T20:00:00,79.8,150.0,45.7,3.3,20.8
2,2026-09-26T20:00:00,113.5,203.1,52.6,10.9,11.2
3,2026-09-26T20:00:00,131.6,238.3,61.2,18.1,13.7
4,2026-09-26T20:00:00,124.7,219.5,66.4,5.6,24.0
5,2026-09-26T20:00:00,59.5,100.4,45.1,4.1,14.3
6,2026-09-26T20:00:00,97.0,169.7,52.6,9.4,20.0
1,2026-09-26T21:00:00,76.9,145.9,51.7,3.0,18.7
2,2026-09-26T21:00:00,117.6,199.0,57.5,5.3,18.9
3,2026-09-26T21:00:00,141.3,249.4,48.6,20.4,19.8
4,2026-09-26T21:00:00,124.1,229.2,64.0,6.4,22.6
5,2026-09-26T21:00:00,64.8,115.2,40.3,3.0,21.5
6,2026-09-26T21:00:00,98.4,165.3,53.7,4.1,19.9
1,2026-09-26T22:00:00,63.0,104.7,28.1,3.0,16.4
2,2026-09-26T22:00:00,85.9,157.6,40.1,3.1,24.5
3,2026-09-26T22:00:00,106.5,192.7,40.2,20.3,7.5
4,2026-09-26T22:00:00,74.2,139.7,44.3,9.3,16.9
5,2026-09-26T22:00:00,45.8,87.5,14.8,6.5,19.1
6,2026-09-26T22:00:00,66.2,127.2,29.8,7.3,23.3
1,2026-09-26T23:00:00,65.6,127.3,29.7,5.3,21.2
2,2026-09-26T23:00:00,73.9,126.8,38.9,8.3,17.7
3,2026-09-26T23:00:00,98.2,191.3,33.4,20.9,14.3
4,2026-09-26T23:00:00,89.9,167.7,42.8,7.2,16.5
5,2026-09-26T23:00:00,49.8,90.6,24.2,4.4,19.6
6,2026-09-26T23:00:00,67.3,128.9,30.0,8.4,21.1
1,2026-09-27T00:00:00,62.6,105.7,12.3,3.8,13.6
2,2026-09-27T00:00:00,79.7,144.2,38.3,9.1,21.2
3,2026-09-27T00:00:00,88.4,153.6,21.1,20.7,15.0
4,2026-09-27T00:00:00,92.1,172.4,38.3,5.2,25.3
5,2026-09-27T00:00:00,45.5,87.8,11.4,4.1,16.0
6,2026-09-27T00:00:00,72.8,138.1,19.0,7.7,14.7
1,2026-09-27T01:00:00,64.9,118.2,13.6,5.4,19.0
2,2026-09-27T01:00:00,83.0,160.2,30.7,5.7,17.3
3,2026-09-27T01:00:00,91.8,152.7,27.7,20.7,16.9
4,2026-09-27T01:00:00,90.4,155.8,32.7,3.7,19.1
5,2026-09-27T01:00:00,41.7,69.8,10.9,4.5,20.7
6,2026-09-27T01:00:00,70.9,117.4,20.8,7.8,16.0
1,2026-09-27T02:00:00,57.2,100.0,17.2,5.0,20.0
2,2026-09-27T02:00:00,80.3,138.3,32.4,7.2,18.5
3,2026-09-27T02:00:00,93.6,168.3,20.8,21.4,17.0
4,2026-09-27T02:00:00,92.6,173.0,41.1,10.9,15.6
5,2026-09-27T02:00:00,44.9,87.5,8.7,3.0,19.3
6,2026-09-27T02:00:00,68.2,122.8,17.6,9.3,15.5
1,2026-09-27T03:00:00,38.2,72.3,15.7,3.4,19.8
2,2026-09-27T03:00:00,54.4,103.9,34.5,3.7,14.0
3,2026-09-27T03:00:00,76.0,144.5,26.2,23.2,12.6
4,2026-09-27T03:00:00,68.8,122.1,35.1,5.4,12.3
5,2026-09-27T03:00:00,29.5,57.1,9.7,3.0,23.6
6,2026-09-27T03:00:00,54.3,101.5,23.1,7.5,14.2
1,2026-09-27T04:00:00,38.3,66.5,17.3,6.8,19.0
2,2026-09-27T04:00:00,61.6,102.4,27.9,3.7,18.0
3,2026-09-27T04:00:00,88.1,170.6,20.7,20.3,12.1
4,2026-09-27T04:00:00,56.0,108.7,37.0,9.1,18.4
5,2026-09-27T04:00:00,33.9,66.1,13.3,3.0,16.7
6,2026-09-27T04:00:00,55.8,100.6,26.7,6.5,16.5
1,2026-09-27T05:00:00,39.9,72.5,20.3,6.4,18.2
2,2026-09-27T05:00:00,54.5,103.5,29.1,3.0,20.4
3,2026-09-27T05:00:00,62.9,119.5,28.6,20.8,22.4
4,2026-09-27T05:00:00,82.7,156.8,33.1,4.5,17.9
5,2026-09-27T05:00:00,29.6,53.1,14.0,3.0,15.3
6,2026-09-27T05:00:00,50.6,85.7,23.2,7.5,23.6
1,2026-09-27T06:00:00,67.0,129.3,23.6,5.9,21.0
2,2026-09-27T06:00:00,81.0,134.6,47.6,7.1,17.2
3,2026-09-27T06:00:00,96.1,168.1,39.7,17.5,11.9
4,2026-09-27T06:00:00,109.4,183.7,45.4,8.0,16.2
5,2026-09-27T06:00:00,47.6,87.8,19.4,3.0,23.4
6,2026-09-27T06:00:00,72.5,137.0,27.4,6.8,22.7
1,2026-09-27T07:00:00,57.4,106.5,26.7,4.6,14.5
2,2026-09-27T07:00:00,90.8,157.3,37.0,6.1,14.8
3,2026-09-27T07:00:00,95.2,163.7,31.6,17.3,19.1
4,2026-09-27T07:00:00,82.6,148.4,41.0,7.5,16.2
5,2026-09-27T07:00:00,40.4,78.3,21.5,5.3,21.5
6,2026-09-27T07:00:00,74.0,123.1,38.5,5.3,20.5
1,2026-09-27T08:00:00,67.5,131.5,43.7,6.0,13.5
2,2026-09-27T08:00:00,125.7,218.3,64.1,9.8,22.7
3,2026-09-27T08:00:00,149.4,269.7,51.0,18.2,14.8
4,2026-09-27T08:00:00,118.3,229.5,59.6,8.5,13.4
5,2026-09-27T08:00:00,55.4,95.7,37.1,3.0,15.9
6,2026-09-27T08:00:00,87.7,157.6,51.0,7.7,19.8
1,2026-09-27T09:00:00,75.3,127.8,47.5,6.3,21.9
2,2026-09-27T09:00:00,97.7,167.8,67.4,4.2,21.7
3,2026-09-27T09:00:00,122.2,225.8,51.4,16.8,15.9
4,2026-09-27T09:00:00,107.4,203.1,62.5,4.8,17.8
5,2026-09-27T09:00:00,50.5,97.7,37.1,3.0,15.6
6,2026-09-27T09:00:00,96.0,185.5,56.9,7.8,22.5
1,2026-09-27T10:00:00,70.4,123.5,45.2,4.5,21.7
2,2026-09-27T10:00:00,95.0,170.0,63.6,4.6,16.8
3,2026-09-27T10:00:00,121.7,202.4,58.6,18.3,11.6
4,2026-09-27T10:00:00,106.7,178.4,57.9,6.9,20.9
5,2026-09-27T10:00:00,57.5,96.8,30.8,5.8,19.3
6,2026-09-27T10:00:00,88.1,161.4,53.3,11.6,18.9
1,2026-09-27T11:00:00,56.5,99.4,37.2,6.6,41.5
2,2026-09-27T11:00:00,84.1,162.1,60.6,5.4,42.1
3,2026-09-27T11:00:00,92.4,168.3,39.7,17.1,48.4
4,2026-09-27T11:00:00,88.4,156.3,46.0,7.0,50.5
5,2026-09-27T11:00:00,42.1,77.2,27.4,5.1,46.7
6,2026-09-27T11:00:00,72.7,132.7,36.1,6.5,48.8
1,2026-09-27T12:00:00,46.7,81.1,36.3,3.0,45.1
2,2026-09-27T12:00:00,71.8,123.6,51.9,3.0,40.0
3,2026-09-27T12:00:00,89.6,152.8,44.6,19.0,38.2
4,2026-09-27T12:00:00,76.1,142.2,54.3,5.8,48.1
5,2026-09-27T12:00:00,39.3,71.6,26.8,3.0,45.3
6,2026-09-27T12:00:00,61.2,115.5,39.4,6.0,38.2
1,2026-09-27T13:00:00,50.1,85.0,26.2,4.2,38.7
2,2026-09-27T13:00:00,70.8,128.0,42.7,4.1,49.5
3,2026-09-27T13:00:00,82.8,148.6,41.1,18.3,38.4
4,2026-09-27T13:00:00,74.0,137.9,52.3,8.7,41.8
5,2026-09-27T13:00:00,40.7,76.2,27.2,5.7,37.5
6,2026-09-27T13:00:00,63.9,107.0,37.4,7.6,45.1
1,2026-09-27T14:00:00,55.0,105.2,35.1,6.7,41.3
2,2026-09-27T14:00:00,71.4,121.1,50.4,5.5,47.3
3,2026-09-27T14:00:00,80.2,146.8,43.2,16.0,47.1
4,2026-09-27T14:00:00,85.7,162.0,56.3,6.2,38.7
5,2026-09-27T14:00:00,38.1,73.9,25.2,4.3,43.9
6,2026-09-27T14:00:00,57.6,102.8,42.7,8.0,47.8
1,2026-09-27T15:00:00,51.1,93.3,40.8,5.6,43.8
2,2026-09-27T15:00:00,75.6,128.4,46.4,5.1,46.8
3,2026-09-27T15:00:00,90.9,153.0,43.2,17.6,45.2
4,2026-09-27T15:00:00,81.5,147.8,48.7,6.7,41.1
5,2026-09-27T15:00:00,42.5,72.5,37.5,5.2,40.9
6,2026-09-27T15:00:00,64.7,113.5,36.5,10.3,44.7
1,2026-09-27T16:00:00,46.8,79.1,33.6,5.8,41.4
2,2026-09-27T16:00:00,84.4,164.2,51.1,9.0,46.5
3,2026-09-27T16:00:00,103.3,173.8,46.0,17.0,43.9
4,2026-09-27T16:00:00,79.8,152.9,55.8,6.0,49.2
5,2026-09-27T16:00:00,47.5,78.4,27.2,3.4,45.9
6,2026-09-27T16:00:00,65.8,121.4,39.0,7.2,42.4
1,2026-09-27T17:00:00,61.6,106.1,32.4,5.7,19.3
2,2026-09-27T17:00:00,84.7,151.9,49.4,6.9,16.1
3,2026-09-27T17:00:00,98.9,178.6,45.2,17.3,18.5
4,2026-09-27T17:00:00,86.1,153.5,49.9,8.2,19.7
5,2026-09-27T17:00:00,47.7,91.9,23.0,6.3,21.7
6,2026-09-27T17:00:00,70.6,126.9,46.0,8.9,19.4
1,2026-09-27T18:00:00,62.5,106.2,45.5,4.8,20.6
2,2026-09-27T18:00:00,115.9,225.6,53.2,4.2,15.3
3,2026-09-27T18:00:00,118.1,229.8,57.8,17.4,22.6
4,2026-09-27T18:00:00,121.8,204.8,60.7,5.7,18.4
5,2026-09-27T18:00:00,46.2,81.8,48.7,3.0,14.5
6,2026-09-27T18:00:00,105.9,206.2,46.6,6.5,18.5
1,2026-09-27T19:00:00,77.7,133.6,45.7,3.3,14.7
2,2026-09-27T19:00:00,110.3,203.6,66.0,4.3,22.5
3,2026-09-27T19:00:00,138.2,244.8,50.2,19.2,17.2
4,2026-09-27T19:00:00,126.5,212.2,65.2,4.7,16.3
5,2026-09-27T19:00:00,46.0,79.2,35.7,6.6,22.6
6,2026-09-27T19:00:00,84.3,146.2,52.5,9.5,17.1
1,2026-09-27T20:00:00,77.4,128.5,45.1,4.5,15.1
2,2026-09-27T20:00:00,105.8,195.9,56.0,3.1,24.6
3,2026-09-27T20:00:00,139.4,258.3,52.6,20.5,17.5
4,2026-09-27T20:00:00,116.0,209.4,61.4,7.9,11.3
5,2026-09-27T20:00:00,60.8,112.1,39.4,7.8,13.6
6,2026-09-27T20:00:00,87.8,145.0,45.1,8.3,10.9
1,2026-09-27T21:00:00,82.0,137.9,43.9,7.7,15.8
2,2026-09-27T21:00:00,110.0,189.9,61.5,4.3,15.6
3,2026-09-27T21:00:00,141.3,270.7,62.2,18.4,22.5
4,2026-09-27T21:00:00,121.0,222.6,62.5,6.9,12.9
5,2026-09-27T21:00:00,59.5,101.9,41.5,4.4,20.2
6,2026-09-27T21:00:00,99.6,192.6,53.1,9.6,17.1
1,2026-09-27T22:00:00,58.4,96.6,23.5,5.3,20.9
2,2026-09-27T22:00:00,95.8,160.6,44.6,7.4,7.9
3,2026-09-27T22:00:00,94.9,172.4,40.3,21.6,13.9
4,2026-09-27T22:00:00,88.2,154.0,44.8,6.7,17.0
5,2026-09-27T22:00:00,43.4,75.2,16.5,3.5,16.8
6,2026-09-27T22:00:00,81.3,145.6,30.8,9.7,20.1
1,2026-09-27T23:00:00,60.6,116.5,20.7,5.9,20.1
2,2026-09-27T23:00:00,84.8,140.3,45.3,4.2,19.2
3,2026-09-27T23:00:00,109.8,213.1,35.1,16.5,14.6
4,2026-09-27T23:00:00,96.4,180.4,47.2,8.3,14.4
5,2026-09-27T23:00:00,44.1,75.8,23.3,7.8,15.2
6,2026-09-27T23:00:00,69.4,128.3,37.0,8.6,20.2
1,2026-09-28T00:00:00,73.2,129.7,19.3,3.0,14.1
2,2026-09-28T00:00:00,87.6,162.0,35.2,11.1,12.6
3,2026-09-28T00:00:00,101.8,168.1,28.5,17.8,23.8
4,2026-09-28T00:00:00,96.0,183.4,43.4,7.7,15.7
5,2026-09-28T00:00:00,49.9,88.9,15.6,5.7,20.9
6,2026-09-28T00:00:00,68.7,132.1,23.5,10.8,18.9
1,2026-09-28T01:00:00,66.4,124.0,13.2,5.5,22.7
2,2026-09-28T01:00:00,86.8,162.2,37.6,9.1,23.8
3,2026-09-28T01:00:00,115.4,192.3,24.1,22.3,16.5
4,2026-09-28T01:00:00,95.5,170.9,28.7,5.3,23.4
5,2026-09-28T01:00:00,46.6,79.8,17.3,3.0,20.5
6,2026-09-28T01:00:00,78.0,141.1,24.5,7.6,25.6
1,2026-09-28T02:00:00,71.1,136.1,18.0,8.3,20.2
2,2026-09-28T02:00:00,78.5,142.7,35.9,6.3,21.0
3,2026-09-28T02:00:00,108.6,208.8,32.7,17.5,16.2
4,2026-09-28T02:00:00,113.9,201.7,34.3,7.6,15.4
5,2026-09-28T02:00:00,51.4,90.9,11.9,4.0,18.9
6,2026-09-28T02:00:00,70.3,135.8,25.2,9.7,17.1
1,2026-09-28T03:00:00,47.2,87.7,10.1,5.6,16.4
2,2026-09-28T03:00:00,57.9,96.3,28.2,9.4,7.2
3,2026-09-28T03:00:00,73.1,133.5,25.2,17.9,19.3
4,2026-09-28T03:00:00,82.6,144.8,37.8,4.6,20.8
5,2026-09-28T03:00:00,33.5,58.6,16.8,4.6,18.5
6,2026-09-28T03:00:00,54.1,96.5,30.1,6.1,22.6
1,2026-09-28T04:00:00,45.5,83.5,15.7,8.0,15.7
2,2026-09-28T04:00:00,74.3,129.9,34.5,9.4,20.4
3,2026-09-28T04:00:00,93.5,174.2,31.2,18.3,20.6
4,2026-09-28T04:00:00,78.4,137.4,34.7,6.9,25.4
5,2026-09-28T04:00:00,34.6,65.2,17.3,3.0,14.5
6,2026-09-28T04:00:00,63.6,119.8,18.8,7.4,19.6
1,2026-09-28T05:00:00,50.8,85.5,22.0,5.1,21.6
2,2026-09-28T05:00:00,76.9,147.4,29.7,4.4,22.8
3,2026-09-28T05:00:00,72.9,133.6,29.1,22.2,19.5
4,2026-09-28T05:00:00,78.3,140.7,32.4,4.2,23.4
5,2026-09-28T05:00:00,38.4,68.1,6.6,3.7,15.0
6,2026-09-28T05:00:00,54.2,99.3,29.1,9.4,21.7
1,2026-09-28T06:00:00,75.4,141.1,28.3,3.4,21.2
2,2026-09-28T06:00:00,101.5,168.5,44.5,8.9,22.1
3,2026-09-28T06:00:00,111.8,193.2,38.6,22.0,15.0
4,2026-09-28T06:00:00,117.7,194.8,48.1,9.4,17.6
5,2026-09-28T06:00:00,48.2,83.9,19.7,3.0,15.0
6,2026-09-28T06:00:00,94.0,158.6,36.3,9.1,18.8
1,2026-09-28T07:00:00,60.9,106.4,29.4,3.4,22.6
2,2026-09-28T07:00:00,91.0,169.6,38.7,8.0,10.2
3,2026-09-28T07:00:00,122.7,227.9,38.1,16.9,20.7
4,2026-09-28T07:00:00,94.2,161.7,46.3,3.3,18.1
5,2026-09-28T07:00:00,59.5,104.9,22.3,3.0,21.6
6,2026-09-28T07:00:00,74.6,137.9,41.2,7.3,18.1
1,2026-09-28T08:00:00,81.2,150.6,59.1,3.3,21.9
2,2026-09-28T08:00:00,109.4,198.2,66.4,7.8,8.1
3,2026-09-28T08:00:00,133.9,254.0,67.0,19.7,18.7
4,2026-09-28T08:00:00,124.5,213.1,61.1,6.2,15.1
5,2026-09-28T08:00:00,57.1,109.9,47.6,3.0,21.0
6,2026-09-28T08:00:00,98.9,181.8,51.7,10.5,21.6
1,2026-09-28T09:00:00,81.4,150.9,51.2,4.5,15.7
2,2026-09-28T09:00:00,114.1,203.6,61.3,9.2,26.9
3,2026-09-28T09:00:00,139.7,255.2,55.4,19.3,14.4
4,2026-09-28T09:00:00,119.7,201.5,64.7,3.3,14.3
5,2026-09-28T09:00:00,62.8,114.2,47.0,3.5,19.2
6,2026-09-28T09:00:00,90.0,167.2,54.6,9.5,18.1
1,2026-09-28T10:00:00,86.8,146.6,43.0,4.8,15.4
2,2026-09-28T10:00:00,117.2,201.0,65.8,9.8,22.2
3,2026-09-28T10:00:00,161.5,278.5,61.2,19.4,23.3
4,2026-09-28T10:00:00,129.5,240.1,61.0,6.5,17.7
5,2026-09-28T10:00:00,62.0,106.0,50.7,3.0,15.4
6,2026-09-28T10:00:00,108.0,185.1,60.0,8.8,14.5
1,2026-09-28T11:00:00,64.6,121.0,28.9,6.4,38.8
2,2026-09-28T11:00:00,96.1,183.0,51.2,3.5,44.9
3,2026-09-28T11:00:00,119.6,209.3,45.6,20.1,49.2
4,2026-09-28T11:00:00,90.4,158.8,57.6,8.0,51.8
5,2026-09-28T11:00:00,50.8,88.7,27.6,5.6,46.4
6,2026-09-28T11:00:00,76.9,142.6,37.6,8.3,51.3
1,2026-09-28T12:00:00,63.7,118.3,39.6,3.8,50.4
2,2026-09-28T12:00:00,75.0,140.8,47.6,6.3,45.4
3,2026-09-28T12:00:00,96.5,178.6,52.6,21.1,47.0
4,2026-09-28T12:00:00,99.3,173.3,55.0,11.1,46.1
5,2026-09-28T12:00:00,39.7,76.0,33.9,3.0,43.3
6,2026-09-28T12:00:00,76.8,148.5,39.2,12.8,50.2
1,2026-09-28T13:00:00,56.2,95.6,39.2,5.3,44.5
2,2026-09-28T13:00:00,83.8,148.1,52.1,6.6,37.9
3,2026-09-28T13:00:00,101.0,167.1,44.5,20.9,40.4
4,2026-09-28T13:00:00,81.0,136.5,54.2,8.0,39.5
5,2026-09-28T13:00:00,47.9,87.0,39.5,3.1,43.5
6,2026-09-28T13:00:00,76.6,144.5,40.2,10.8,40.8
1,2026-09-28T14:00:00,55.8,96.4,42.8,8.2,46.7
2,2026-09-28T14:00:00,79.6,150.2,56.0,5.0,44.4
3,2026-09-28T14:00:00,98.4,187.8,50.6,18.6,44.5
4,2026-09-28T14:00:00,90.5,172.3,61.4,10.1,49.2
5,2026-09-28T14:00:00,42.7,76.6,35.2,3.0,42.9
6,2026-09-28T14:00:00,76.1,135.4,47.1,9.7,52.1
1,2026-09-28T15:00:00,58.7,105.3,36.0,6.0,46.1
2,2026-09-28T15:00:00,81.1,137.9,44.5,6.2,44.7
3,2026-09-28T15:00:00,103.1,177.2,44.3,21.8,43.7
4,2026-09-28T15:00:00,89.1,151.2,58.5,6.2,45.4
5,2026-09-28T15:00:00,46.1,82.1,32.1,3.0,46.3
6,2026-09-28T15:00:00,69.3,119.4,41.8,7.8,43.9
1,2026-09-28T16:00:00,58.6,103.9,40.5,10.6,50.4
2,2026-09-28T16:00:00,79.4,139.4,45.8,7.8,41.8
3,2026-09-28T16:00:00,102.3,172.3,47.9,17.8,45.8
4,2026-09-28T16:00:00,83.4,150.3,55.3,8.9,41.3
5,2026-09-28T16:00:00,49.4,90.8,35.8,3.0,31.2
6,2026-09-28T16:00:00,66.9,120.4,38.5,11.2,52.9
1,2026-09-28T17:00:00,60.8,117.8,39.8,4.2,17.4
2,2026-09-28T17:00:00,88.0,154.3,47.1,4.9,18.8
3,2026-09-28T17:00:00,109.1,184.6,52.2,21.8,16.3
4,2026-09-28T17:00:00,91.4,165.0,63.7,9.9,19.5
5,2026-09-28T17:00:00,49.4,91.0,33.9,6.2,16.2
6,2026-09-28T17:00:00,79.4,138.7,50.8,11.9,23.6
1,2026-09-28T18:00:00,73.3,133.9,57.4,4.0,15.8
2,2026-09-28T18:00:00,124.7,232.7,73.0,4.1,25.5
3,2026-09-28T18:00:00,145.3,259.6,61.3,18.4,18.8
4,2026-09-28T18:00:00,137.4,259.7,66.2,5.8,18.7
5,2026-09-28T18:00:00,57.2,101.6,49.5,4.5,23.2
6,2026-09-28T18:00:00,93.4,179.3,54.5,5.7,21.9
1,2026-09-28T19:00:00,91.3,169.6,55.0,3.2,13.3
2,2026-09-28T19:00:00,124.6,241.0,70.6,6.8,18.7
3,2026-09-28T19:00:00,149.6,263.1,71.9,20.2,19.6
4,2026-09-28T19:00:00,146.3,254.1,72.2,6.4,21.4
5,2026-09-28T19:00:00,66.9,124.8,47.3,4.3,15.0
6,2026-09-28T19:00:00,117.2,216.8,59.9,8.4,12.0
1,2026-09-28T20:00:00,85.3,146.4,55.0,6.0,13.9
2,2026-09-28T20:00:00,118.8,207.6,68.0,3.8,18.9
3,2026-09-28T20:00:00,156.2,269.3,60.2,19.8,17.7
4,2026-09-28T20:00:00,154.8,287.5,71.4,6.0,18.4
5,2026-09-28T20:00:00,57.5,102.9,55.5,4.1,19.8
6,2026-09-28T20:00:00,105.6,182.4,60.3,11.7,20.5
1,2026-09-28T21:00:00,92.4,174.9,53.7,5.4,26.4
2,2026-09-28T21:00:00,127.5,226.9,70.6,3.0,7.9
3,2026-09-28T21:00:00,157.8,299.8,65.8,18.4,20.9
4,2026-09-28T21:00:00,123.3,213.1,73.8,7.9,18.1
5,2026-09-28T21:00:00,68.2,129.8,39.5,3.0,16.5
6,2026-09-28T21:00:00,104.7,178.9,57.0,8.4,18.9
1,2026-09-28T22:00:00,70.0,135.0,32.0,3.2,21.5
2,2026-09-28T22:00:00,86.3,158.7,44.9,6.9,12.4
3,2026-09-28T22:00:00,109.8,181.8,42.9,16.6,20.6
4,2026-09-28T22:00:00,105.4,190.7,49.4,9.5,8.5
5,2026-09-28T22:00:00,50.1,92.0,22.8,4.2,25.5
6,2026-09-28T22:00:00,75.6,129.3,38.8,9.3,16.0
1,2026-09-28T23:00:00,61.3,108.5,31.1,4.3,28.8
2,2026-09-28T23:00:00,84.7,164.6,45.4,8.7,23.0
3,2026-09-28T23:00:00,111.4,185.5,33.5,21.5,23.0
4,2026-09-28T23:00:00,97.4,186.5,44.2,8.4,17.6
5,2026-09-28T23:00:00,51.2,93.8,24.2,4.2,25.5
6,2026-09-28T23:00:00,80.3,137.9,27.1,6.9,14.3
1,2026-09-29T00:00:00,58.2,106.4,12.5,3.0,18.9
2,2026-09-29T00:00:00,94.7,157.5,34.3,7.8,20.1
3,2026-09-29T00:00:00,122.8,238.7,26.6,20.0,13.3
4,2026-09-29T00:00:00,100.1,171.4,40.4,9.7,18.0
5,2026-09-29T00:00:00,55.6,100.4,20.1,4.2,20.1
6,2026-09-29T00:00:00,80.2,135.3,24.7,5.8,18.6
1,2026-09-29T01:00:00,64.3,113.2,19.8,4.1,14.0
2,2026-09-29T01:00:00,81.8,151.8,36.3,4.5,22.4
3,2026-09-29T01:00:00,110.8,203.1,30.0,20.3,16.3
4,2026-09-29T01:00:00,108.2,178.8,35.9,6.0,6.2
5,2026-09-29T01:00:00,51.2,93.5,15.7,3.0,18.0
6,2026-09-29T01:00:00,74.2,128.8,27.4,7.3,26.0
1,2026-09-29T02:00:00,59.8,106.5,16.8,9.1,10.4
2,2026-09-29T02:00:00,88.1,149.0,37.6,8.8,17.8
3,2026-09-29T02:00:00,117.3,218.5,30.1,21.2,19.1
4,2026-09-29T02:00:00,90.2,155.6,36.2,8.6,15.9
5,2026-09-29T02:00:00,57.0,104.7,16.6,5.8,25.1
6,2026-09-29T02:00:00,75.8,146.0,30.0,12.4,18.1
1,2026-09-29T03:00:00,45.9,78.3,17.4,4.9,17.3
2,2026-09-29T03:00:00,74.0,143.3,27.0,9.9,20.5
3,2026-09-29T03:00:00,76.4,132.3,23.7,18.0,13.0
4,2026-09-29T03:00:00,56.9,98.8,36.9,5.1,19.1
5,2026-09-29T03:00:00,32.7,55.6,10.9,3.0,16.9
6,2026-09-29T03:00:00,61.7,118.7,26.0,6.6,20.0
1,2026-09-29T04:00:00,43.1,72.5,14.8,3.0,15.2
2,2026-09-29T04:00:00,51.8,96.4,28.1,8.8,14.5
3,2026-09-29T04:00:00,76.3,131.6,23.1,18.5,20.4
4,2026-09-29T04:00:00,77.2,148.0,38.0,8.0,24.2
5,2026-09-29T04:00:00,34.9,57.9,16.3,3.0,16.6
6,2026-09-29T04:00:00,56.5,96.2,23.9,9.4,20.3
1,2026-09-29T05:00:00,53.9,91.1,11.4,7.5,11.1
2,2026-09-29T05:00:00,70.5,122.9,33.1,4.3,15.0
3,2026-09-29T05:00:00,98.9,178.4,24.8,16.7,15.1
4,2026-09-29T05:00:00,68.1,123.8,35.2,7.6,19.8
5,2026-09-29T05:00:00,41.5,73.2,12.5,3.5,18.9
6,2026-09-29T05:00:00,56.4,98.6,25.7,6.8,19.2
1,2026-09-29T06:00:00,84.1,141.2,27.3,5.7,21.3
2,2026-09-29T06:00:00,111.1,214.2,44.0,8.1,20.4
3,2026-09-29T06:00:00,106.6,202.8,39.5,19.8,16.5
4,2026-09-29T06:00:00,128.7,238.0,50.2,5.0,19.4
5,2026-09-29T06:00:00,60.9,100.7,25.2,4.5,18.7
6,2026-09-29T06:00:00,83.9,160.1,38.3,9.2,16.8
1,2026-09-29T07:00:00,78.4,150.2,28.6,6.1,12.1
2,2026-09-29T07:00:00,101.5,189.0,44.1,6.9,23.7
3,2026-09-29T07:00:00,117.1,197.9,40.5,15.5,17.7
4,2026-09-29T07:00:00,96.2,174.4,46.6,9.9,16.6
5,2026-09-29T07:00:00,51.4,94.0,25.5,4.8,16.7
6,2026-09-29T07:00:00,97.1,172.8,38.4,7.7,18.1
1,2026-09-29T08:00:00,80.7,136.9,47.7,5.2,19.3
2,2026-09-29T08:00:00,117.3,196.8,69.4,8.2,20.3
3,2026-09-29T08:00:00,146.6,280.4,61.6,17.4,17.8
4,2026-09-29T08:00:00,151.6,288.6,68.0,4.2,16.7
5,2026-09-29T08:00:00,60.7,105.9,46.2,4.0,14.7
6,2026-09-29T08:00:00,91.6,171.4,61.3,7.2,17.2
1,2026-09-29T09:00:00,74.8,135.1,46.7,7.5,12.0
2,2026-09-29T09:00:00,118.2,214.7,67.7,5.4,20.9
3,2026-09-29T09:00:00,145.5,273.8,60.4,19.9,19.2
4,2026-09-29T09:00:00,121.6,217.5,64.9,7.4,22.3
5,2026-09-29T09:00:00,59.8,113.5,47.1,4.4,17.6
6,2026-09-29T09:00:00,100.9,182.7,59.9,10.5,17.3
1,2026-09-29T10:00:00,82.3,157.3,51.0,10.4,14.7
2,2026-09-29T10:00:00,104.0,181.1,66.6,9.6,16.9
3,2026-09-29T10:00:00,132.1,243.2,55.9,22.1,15.0
4,2026-09-29T10:00:00,132.0,229.4,66.0,11.5,19.7
5,2026-09-29T10:00:00,78.2,137.8,45.6,7.2,19.9
6,2026-09-29T10:00:00,99.8,166.4,57.3,11.8,16.3
1,2026-09-29T11:00:00,61.9,116.9,45.4,3.0,41.0
2,2026-09-29T11:00:00,94.9,158.2,56.2,5.6,42.1
3,2026-09-29T11:00:00,108.3,188.0,50.0,21.5,47.0
4,2026-09-29T11:00:00,106.3,183.9,53.4,9.8,47.2
5,2026-09-29T11:00:00,52.8,89.0,30.5,3.0,47.4
6,2026-09-29T11:00:00,83.8,141.7,46.9,6.7,40.7
1,2026-09-29T12:00:00,56.9,96.1,35.9,4.4,46.6
2,2026-09-29T12:00:00,88.1,158.1,48.5,9.4,41.4
3,2026-09-29T12:00:00,97.5,164.8,48.3,17.6,46.4
4,2026-09-29T12:00:00,99.7,174.6,49.7,4.9,55.1
5,2026-09-29T12:00:00,45.0,77.3,35.2,3.0,43.4
6,2026-09-29T12:00:00,70.1,133.7,53.4,6.1,44.8
1,2026-09-29T13:00:00,56.5,97.2,41.3,6.9,48.9
2,2026-09-29T13:00:00,82.7,158.2,57.1,8.5,47.1
3,2026-09-29T13:00:00,102.1,187.1,54.0,16.4,45.0
4,2026-09-29T13:00:00,87.2,144.1,56.1,6.5,49.5
5,2026-09-29T13:00:00,41.3,69.5,40.7,3.6,51.5
6,2026-09-29T13:00:00,70.3,121.6,52.2,5.0,42.9
1,2026-09-29T14:00:00,59.7,114.9,37.2,7.4,40.1
2,2026-09-29T14:00:00,78.4,151.4,50.5,3.0,51.9
3,2026-09-29T14:00:00,98.5,184.1,51.8,19.1,52.9
4,2026-09-29T14:00:00,100.1,183.5,54.4,8.2,40.6
5,2026-09-29T14:00:00,45.8,85.8,35.4,3.0,41.8
6,2026-09-29T14:00:00,77.0,133.4,41.6,8.9,36.4
1,2026-09-29T15:00:00,59.4,111.1,35.6,7.3,47.6
2,2026-09-29T15:00:00,75.1,140.1,50.6,6.3,43.9
3,2026-09-29T15:00:00,100.2,188.5,45.9,15.5,45.0
4,2026-09-29T15:00:00,86.7,161.2,55.9,11.6,37.6
5,2026-09-29T15:00:00,45.5,87.5,32.4,3.0,44.6
6,2026-09-29T15:00:00,68.3,123.3,45.1,7.7,46.7
1,2026-09-29T16:00:00,51.9,99.2,43.7,3.6,44.5
2,2026-09-29T16:00:00,78.2,148.4,49.2,4.9,48.6
3,2026-09-29T16:00:00,96.2,179.9,46.7,19.1,48.8
4,2026-09-29T16:00:00,85.8,161.1,57.3,4.6,50.5
5,2026-09-29T16:00:00,39.2,76.3,33.0,4.1,38.7
6,2026-09-29T16:00:00,64.4,109.5,39.8,7.2,50.6
1,2026-09-29T17:00:00,71.7,132.4,37.2,8.0,13.2
2,2026-09-29T17:00:00,83.9,156.0,45.5,5.4,18.2
3,2026-09-29T17:00:00,126.3,214.1,48.8,18.3,14.9
4,2026-09-29T17:00:00,98.9,179.5,49.2,3.0,14.3
5,2026-09-29T17:00:00,50.4,88.4,32.3,4.7,30.0
6,2026-09-29T17:00:00,70.5,132.6,48.6,7.8,13.9
1,2026-09-29T18:00:00,89.7,157.0,50.6,3.0,17.1
2,2026-09-29T18:00:00,123.0,206.8,70.0,3.7,13.8
3,2026-09-29T18:00:00,149.1,268.0,63.5,17.6,15.7
4,2026-09-29T18:00:00,138.0,268.0,67.5,5.6,15.4
5,2026-09-29T18:00:00,65.2,122.7,57.5,3.0,15.1
6,2026-09-29T18:00:00,91.4,174.9,57.5,10.4,18.7
1,2026-09-29T19:00:00,73.7,125.6,52.0,4.8,22.3
2,2026-09-29T19:00:00,119.5,217.2,64.3,4.6,26.2
3,2026-09-29T19:00:00,154.9,298.2,56.5,22.5,11.9
4,2026-09-29T19:00:00,136.7,239.1,69.5,8.1,15.5
5,2026-09-29T19:00:00,58.6,108.2,46.0,3.0,15.2
6,2026-09-29T19:00:00,106.8,195.8,55.1,8.5,19.5
1,2026-09-29T20:00:00,89.2,161.8,46.2,7.2,16.4
2,2026-09-29T20:00:00,119.1,197.5,73.2,4.8,17.7
3,2026-09-29T20:00:00,123.6,209.0,62.4,17.9,27.5
4,2026-09-29T20:00:00,126.9,218.0,75.9,7.0,14.4
5,2026-09-29T20:00:00,61.6,119.7,49.6,3.0,15.1
6,2026-09-29T20:00:00,101.0,177.0,60.5,10.0,16.3
1,2026-09-29T21:00:00,91.1,170.9,55.0,4.8,22.1
2,2026-09-29T21:00:00,121.9,221.9,66.5,8.5,19.6
3,2026-09-29T21:00:00,146.0,262.0,57.1,20.5,22.2
4,2026-09-29T21:00:00,133.8,245.5,69.4,5.7,13.9
5,2026-09-29T21:00:00,74.1,143.5,42.2,3.4,12.7
6,2026-09-29T21:00:00,108.2,210.4,63.6,6.6,19.4
1,2026-09-29T22:00:00,66.1,125.5,28.8,3.2,20.0
2,2026-09-29T22:00:00,91.9,170.9,43.6,7.8,16.5
3,2026-09-29T22:00:00,105.5,193.3,36.0,22.8,15.6
4,2026-09-29T22:00:00,111.0,211.9,48.7,7.1,17.8
5,2026-09-29T22:00:00,52.0,90.2,23.5,3.0,12.3
6,2026-09-29T22:00:00,77.2,133.3,31.2,7.5,5.5
1,2026-09-29T23:00:00,66.7,122.2,33.9,6.3,23.5
2,2026-09-29T23:00:00,87.0,150.5,38.2,9.1,19.7
3,2026-09-29T23:00:00,107.5,190.4,45.7,16.8,18.1
4,2026-09-29T23:00:00,93.6,178.7,46.2,7.3,19.5
5,2026-09-29T23:00:00,46.2,85.2,26.9,4.8,22.2
6,2026-09-29T23:00:00,78.1,130.1,32.2,10.5,21.3
1,2026-09-30T00:00:00,72.1,132.5,21.5,7.2,18.5
2,2026-09-30T00:00:00,87.9,160.2,33.5,10.7,23.3
3,2026-09-30T00:00:00,115.4,217.5,28.5,18.6,10.7
4,2026-09-30T00:00:00,102.9,198.2,32.7,7.8,13.1
5,2026-09-30T00:00:00,53.5,99.9,6.8,3.0,17.4
6,2026-09-30T00:00:00,75.2,132.5,23.3,8.8,19.5
1,2026-09-30T01:00:00,68.6,113.8,24.4,7.7,17.4
2,2026-09-30T01:00:00,96.5,184.8,32.8,6.1,22.8
3,2026-09-30T01:00:00,101.0,172.9,37.4,23.3,11.7
4,2026-09-30T01:00:00,94.8,183.4,35.3,5.9,15.1
5,2026-09-30T01:00:00,48.7,89.9,12.5,6.5,22.7
6,2026-09-30T01:00:00,76.8,138.1,23.5,5.7,16.2
1,2026-09-30T02:00:00,65.5,119.5,21.7,4.9,9.5
2,2026-09-30T02:00:00,91.0,174.5,38.5,7.3,18.1
3,2026-09-30T02:00:00,108.8,181.1,25.8,17.6,16.4
4,2026-09-30T02:00:00,94.1,181.1,32.7,6.5,23.7
5,2026-09-30T02:00:00,47.0,79.1,20.7,3.0,17.1
6,2026-09-30T02:00:00,80.3,153.7,22.0,8.3,13.3
1,2026-09-30T03:00:00,44.4,80.1,18.2,7.5,14.2
2,2026-09-30T03:00:00,70.6,131.6,33.5,11.9,18.8
3,2026-09-30T03:00:00,76.3,136.1,28.2,21.5,20.5
4,2026-09-30T03:00:00,71.6,133.0,35.8,5.6,19.0
5,2026-09-30T03:00:00,41.4,69.7,7.2,7.0,17.7
6,2026-09-30T03:00:00,62.7,110.8,28.8,5.8,26.6
1,2026-09-30T04:00:00,45.9,85.3,20.1,4.0,21.4
2,2026-09-30T04:00:00,70.3,120.1,34.7,6.2,11.3
3,2026-09-30T04:00:00,83.5,150.4,31.3,18.9,20.7
4,2026-09-30T04:00:00,82.1,140.1,32.0,7.3,19.3
5,2026-09-30T04:00:00,34.9,60.5,9.6,4.1,12.9
6,2026-09-30T04:00:00,63.0,118.2,26.0,9.7,20.2
1,2026-09-30T05:00:00,40.0,70.1,10.1,5.3,21.4
2,2026-09-30T05:00:00,58.7,114.0,26.2,4.7,16.4
3,2026-09-30T05:00:00,90.2,166.9,25.5,17.2,18.4
4,2026-09-30T05:00:00,81.1,144.1,30.7,9.3,18.1
5,2026-09-30T05:00:00,35.8,62.1,21.8,4.0,21.8
6,2026-09-30T05:00:00,71.2,135.5,28.5,11.0,4.0
1,2026-09-30T06:00:00,66.4,121.4,33.0,5.7,14.6
2,2026-09-30T06:00:00,111.4,190.6,44.2,5.8,14.8
3,2026-09-30T06:00:00,120.4,234.3,40.2,19.9,14.3
4,2026-09-30T06:00:00,82.1,146.8,44.5,7.3,22.2
5,2026-09-30T06:00:00,52.8,92.4,22.0,4.2,11.8
6,2026-09-30T06:00:00,78.8,130.6,36.9,5.3,9.0
1,2026-09-30T07:00:00,69.6,124.7,25.5,5.8,19.5
2,2026-09-30T07:00:00,107.5,199.9,46.2,8.9,14.3
3,2026-09-30T07:00:00,115.1,213.6,34.0,19.4,21.9
4,2026-09-30T07:00:00,97.9,183.7,46.6,9.4,14.2
5,2026-09-30T07:00:00,49.3,95.9,20.4,5.7,20.0
6,2026-09-30T07:00:00,100.0,186.2,41.6,7.5,15.1
1,2026-09-30T08:00:00,81.2,144.0,49.0,3.0,21.9
2,2026-09-30T08:00:00,131.6,245.1,58.1,5.1,17.4
3,2026-09-30T08:00:00,165.5,303.2,56.3,16.6,17.8
4,2026-09-30T08:00:00,123.0,238.7,67.0,6.1,14.7
5,2026-09-30T08:00:00,65.4,120.5,40.9,6.4,18.9
6,2026-09-30T08:00:00,104.2,182.9,51.9,6.6,23.6
1,2026-09-30T09:00:00,87.4,156.3,48.3,7.6,20.4
2,2026-09-30T09:00:00,116.6,212.4,70.1,3.0,20.7
3,2026-09-30T09:00:00,125.0,206.6,61.3,17.7,17.3
4,2026-09-30T09:00:00,131.7,244.3,65.6,7.4,19.3
5,2026-09-30T09:00:00,57.3,106.5,42.9,3.7,18.1
6,2026-09-30T09:00:00,102.2,174.6,53.3,7.8,21.5
1,2026-09-30T10:00:00,81.0,149.7,49.8,3.2,13.2
2,2026-09-30T10:00:00,112.4,214.6,63.1,8.2,26.9
3,2026-09-30T10:00:00,145.8,254.5,70.5,20.5,21.9
4,2026-09-30T10:00:00,124.0,207.9,67.0,7.7,12.5
5,2026-09-30T10:00:00,60.3,110.1,49.3,3.2,17.2
6,2026-09-30T10:00:00,101.7,171.5,53.1,5.3,15.3
1,2026-09-30T11:00:00,63.3,106.2,43.6,6.1,39.1
2,2026-09-30T11:00:00,150.8,259.1,58.3,5.6,51.8
3,2026-09-30T11:00:00,127.3,220.9,53.5,23.6,49.9
4,2026-09-30T11:00:00,96.7,186.7,54.0,11.6,43.0
5,2026-09-30T11:00:00,53.8,101.8,37.4,3.0,43.3
6,2026-09-30T11:00:00,79.9,150.9,41.3,6.1,42.3
1,2026-09-30T12:00:00,58.7,107.3,34.3,7.9,39.5
2,2026-09-30T12:00:00,137.8,258.8,51.9,6.3,43.6
3,2026-09-30T12:00:00,113.9,207.8,57.6,17.2,43.5
4,2026-09-30T12:00:00,81.6,148.6,59.9,5.8,43.9
5,2026-09-30T12:00:00,43.2,81.1,30.8,3.0,53.8
6,2026-09-30T12:00:00,81.7,141.5,42.3,9.4,47.1
1,2026-09-30T13:00:00,59.0,108.7,38.8,10.3,44.2
2,2026-09-30T13:00:00,135.9,231.8,60.8,7.6,46.1
3,2026-09-30T13:00:00,112.5,200.7,48.9,21.1,48.8
4,2026-09-30T13:00:00,92.0,159.4,52.6,8.7,44.7
5,2026-09-30T13:00:00,44.0,77.0,26.7,6.6,45.6
6,2026-09-30T13:00:00,72.1,122.2,52.7,8.3,43.0
