station_id,timestamp,traffic_index
1,2026-09-01T01:00:00,19
2,2026-09-01T01:00:00,22
3,2026-09-01T01:00:00,16
4,2026-09-01T01:00:00,20
5,2026-09-01T01:00:00,14
6,2026-09-01T01:00:00,24
7,2026-09-01T01:00:00,16
8,2026-09-01T01:00:00,20
9,2026-09-01T01:00:00,23
10,2026-09-01T01:00:00,18
11,2026-09-01T01:00:00,14
12,2026-09-01T01:00:00,13
13,2026-09-01T01:00:00,23
14,2026-09-01T01:00:00,21
15,2026-09-01T01:00:00,12
1,2026-09-01T02:00:00,19
2,2026-09-01T02:00:00,19
3,2026-09-01T02:00:00,14
4,2026-09-01T02:00:00,20
5,2026-09-01T02:00:00,19
6,2026-09-01T02:00:00,18
7,2026-09-01T02:00:00,21
8,2026-09-01T02:00:00,21
9,2026-09-01T02:00:00,15
10,2026-09-01T02:00:00,14
11,2026-09-01T02:00:00,17
12,2026-09-01T02:00:00,27
13,2026-09-01T02:00:00,26
14,2026-09-01T02:00:00,23
15,2026-09-01T02:00:00,20
1,2026-09-01T03:00:00,17
2,2026-09-01T03:00:00,15
3,2026-09-01T03:00:00,24
4,2026-09-01T03:00:00,18
5,2026-09-01T03:00:00,19
6,2026-09-01T03:00:00,18
7,2026-09-01T03:00:00,20
8,2026-09-01T03:00:00,20
9,2026-09-01T03:00:00,26
10,2026-09-01T03:00:00,10
11,2026-09-01T03:00:00,13
12,2026-09-01T03:00:00,21
13,2026-09-01T03:00:00,21
14,2026-09-01T03:00:00,22
15,2026-09-01T03:00:00,10
1,2026-09-01T04:00:00,23
2,2026-09-01T04:00:00,16
3,2026-09-01T04:00:00,18
4,2026-09-01T04:00:00,18
5,2026-09-01T04:00:00,19
6,2026-09-01T04:00:00,27
7,2026-09-01T04:00:00,18
8,2026-09-01T04:00:00,19
9,2026-09-01T04:00:00,18
10,2026-09-01T04:00:00,18
11,2026-09-01T04:00:00,22
12,2026-09-01T04:00:00,20
13,2026-09-01T04:00:00,22
14,2026-09-01T04:00:00,17
15,2026-09-01T04:00:00,17
1,2026-09-01T05:00:00,23
2,2026-09-01T05:00:00,16
3,2026-09-01T05:00:00,21
4,2026-09-01T05:00:00,22
5,2026-09-01T05:00:00,8
6,2026-09-01T05:00:00,17
7,2026-09-01T05:00:00,28
8,2026-09-01T05:00:00,19
9,2026-09-01T05:00:00,16
10,2026-09-01T05:00:00,19
11,2026-09-01T05:00:00,15
12,2026-09-01T05:00:00,16
13,2026-09-01T05:00:00,13
14,2026-09-01T05:00:00,20
15,2026-09-01T05:00:00,16
1,2026-09-01T06:00:00,48
2,2026-09-01T06:00:00,37
3,2026-09-01T06:00:00,36
4,2026-09-01T06:00:00,49
5,2026-09-01T06:00:00,34
6,2026-09-01T06:00:00,47
7,2026-09-01T06:00:00,49
8,2026-09-01T06:00:00,43
9,2026-09-01T06:00:00,41
10,2026-09-01T06:00:00,39
11,2026-09-01T06:00:00,51
12,2026-09-01T06:00:00,42
13,2026-09-01T06:00:00,44
14,2026-09-01T06:00:00,38
15,2026-09-01T06:00:00,35
1,2026-09-01T07:00:00,44
2,2026-09-01T07:00:00,35
3,2026-09-01T07:00:00,42
4,2026-09-01T07:00:00,50
5,2026-09-01T07:00:00,28
6,2026-09-01T07:00:00,48
7,2026-09-01T07:00:00,47
8,2026-09-01T07:00:00,44
9,2026-09-01T07:00:00,43
10,2026-09-01T07:00:00,35
11,2026-09-01T07:00:00,44
12,2026-09-01T07:00:00,41
13,2026-09-01T07:00:00,45
14,2026-09-01T07:00:00,40
15,2026-09-01T07:00:00,36
1,2026-09-01T08:00:00,98
2,2026-09-01T08:00:00,79
3,2026-09-01T08:00:00,85
4,2026-09-01T08:00:00,92
5,2026-09-01T08:00:00,73
6,2026-09-01T08:00:00,94
7,2026-09-01T08:00:00,96
8,2026-09-01T08:00:00,82
9,2026-09-01T08:00:00,80
10,2026-09-01T08:00:00,78
11,2026-09-01T08:00:00,91
12,2026-09-01T08:00:00,96
13,2026-09-01T08:00:00,89
14,2026-09-01T08:00:00,85
15,2026-09-01T08:00:00,63
1,2026-09-01T09:00:00,92
2,2026-09-01T09:00:00,82
3,2026-09-01T09:00:00,79
4,2026-09-01T09:00:00,87
5,2026-09-01T09:00:00,66
6,2026-09-01T09:00:00,96
7,2026-09-01T09:00:00,94
8,2026-09-01T09:00:00,80
9,2026-09-01T09:00:00,81
10,2026-09-01T09:00:00,81
11,2026-09-01T09:00:00,86
12,2026-09-01T09:00:00,90
13,2026-09-01T09:00:00,81
14,2026-09-01T09:00:00,80
15,2026-09-01T09:00:00,67
1,2026-09-01T10:00:00,85
2,2026-09-01T10:00:00,80
3,2026-09-01T10:00:00,88
4,2026-09-01T10:00:00,86
5,2026-09-01T10:00:00,65
6,2026-09-01T10:00:00,94
7,2026-09-01T10:00:00,95
8,2026-09-01T10:00:00,90
9,2026-09-01T10:00:00,85
10,2026-09-01T10:00:00,78
11,2026-09-01T10:00:00,84
12,2026-09-01T10:00:00,89
13,2026-09-01T10:00:00,83
14,2026-09-01T10:00:00,80
15,2026-09-01T10:00:00,67
1,2026-09-01T11:00:00,60
2,2026-09-01T11:00:00,51
3,2026-09-01T11:00:00,58
4,2026-09-01T11:00:00,71
5,2026-09-01T11:00:00,49
6,2026-09-01T11:00:00,64
7,2026-09-01T11:00:00,66
8,2026-09-01T11:00:00,59
9,2026-09-01T11:00:00,57
10,2026-09-01T11:00:00,56
11,2026-09-01T11:00:00,67
12,2026-09-01T11:00:00,63
13,2026-09-01T11:00:00,56
14,2026-09-01T11:00:00,57
15,2026-09-01T11:00:00,50
1,2026-09-01T12:00:00,68
2,2026-09-01T12:00:00,66
3,2026-09-01T12:00:00,59
4,2026-09-01T12:00:00,66
5,2026-09-01T12:00:00,48
6,2026-09-01T12:00:00,62
7,2026-09-01T12:00:00,64
8,2026-09-01T12:00:00,63
9,2026-09-01T12:00:00,61
10,2026-09-01T12:00:00,59
11,2026-09-01T12:00:00,68
12,2026-09-01T12:00:00,67
13,2026-09-01T12:00:00,60
14,2026-09-01T12:00:00,57
15,2026-09-01T12:00:00,46
1,2026-09-01T13:00:00,65
2,2026-09-01T13:00:00,59
3,2026-09-01T13:00:00,54
4,2026-09-01T13:00:00,65
5,2026-09-01T13:00:00,46
6,2026-09-01T13:00:00,63
7,2026-09-01T13:00:00,67
8,2026-09-01T13:00:00,63
9,2026-09-01T13:00:00,58
10,2026-09-01T13:00:00,52
11,2026-09-01T13:00:00,69
12,2026-09-01T13:00:00,64
13,2026-09-01T13:00:00,60
14,2026-09-01T13:00:00,55
15,2026-09-01T13:00:00,42
1,2026-09-01T14:00:00,61
2,2026-09-01T14:00:00,49
3,2026-09-01T14:00:00,58
4,2026-09-01T14:00:00,67
5,2026-09-01T14:00:00,46
6,2026-09-01T14:00:00,68
7,2026-09-01T14:00:00,67
8,2026-09-01T14:00:00,64
9,2026-09-01T14:00:00,58
10,2026-09-01T14:00:00,56
11,2026-09-01T14:00:00,61
12,2026-09-01T14:00:00,70
13,2026-09-01T14:00:00,63
14,2026-09-01T14:00:00,54
15,2026-09-01T14:00:00,45
1,2026-09-01T15:00:00,66
2,2026-09-01T15:00:00,63
3,2026-09-01T15:00:00,58
4,2026-09-01T15:00:00,68
5,2026-09-01T15:00:00,45
6,2026-09-01T15:00:00,55
7,2026-09-01T15:00:00,70
8,2026-09-01T15:00:00,56
9,2026-09-01T15:00:00,58
10,2026-09-01T15:00:00,62
11,2026-09-01T15:00:00,68
12,2026-09-01T15:00:00,66
13,2026-09-01T15:00:00,53
14,2026-09-01T15:00:00,59
15,2026-09-01T15:00:00,47
1,2026-09-01T16:00:00,68
2,2026-09-01T16:00:00,56
3,2026-09-01T16:00:00,54
4,2026-09-01T16:00:00,74
5,2026-09-01T16:00:00,35
6,2026-09-01T16:00:00,70
7,2026-09-01T16:00:00,57
8,2026-09-01T16:00:00,66
9,2026-09-01T16:00:00,59
10,2026-09-01T16:00:00,64
11,2026-09-01T16:00:00,67
12,2026-09-01T16:00:00,60
13,2026-09-01T16:00:00,65
14,2026-09-01T16:00:00,60
15,2026-09-01T16:00:00,44
1,2026-09-01T17:00:00,64
2,2026-09-01T17:00:00,57
3,2026-09-01T17:00:00,53
4,2026-09-01T17:00:00,68
5,2026-09-01T17:00:00,52
6,2026-09-01T17:00:00,72
7,2026-09-01T17:00:00,67
8,2026-09-01T17:00:00,61
9,2026-09-01T17:00:00,54
10,2026-09-01T17:00:00,57
11,2026-09-01T17:00:00,61
12,2026-09-01T17:00:00,57
13,2026-09-01T17:00:00,60
14,2026-09-01T17:00:00,53
15,2026-09-01T17:00:00,43
1,2026-09-01T18:00:00,87
2,2026-09-01T18:00:00,89
3,2026-09-01T18:00:00,88
4,2026-09-01T18:00:00,98
5,2026-09-01T18:00:00,69
6,2026-09-01T18:00:00,96
7,2026-09-01T18:00:00,98
8,2026-09-01T18:00:00,95
9,2026-09-01T18:00:00,82
10,2026-09-01T18:00:00,80
11,2026-09-01T18:00:00,96
12,2026-09-01T18:00:00,97
13,2026-09-01T18:00:00,84
14,2026-09-01T18:00:00,81
15,2026-09-01T18:00:00,76
1,2026-09-01T19:00:00,93
2,2026-09-01T19:00:00,87
3,2026-09-01T19:00:00,92
4,2026-09-01T19:00:00,98
5,2026-09-01T19:00:00,73
6,2026-09-01T19:00:00,98
7,2026-09-01T19:00:00,96
8,2026-09-01T19:00:00,86
9,2026-09-01T19:00:00,87
10,2026-09-01T19:00:00,86
11,2026-09-01T19:00:00,97
12,2026-09-01T19:00:00,97
13,2026-09-01T19:00:00,88
14,2026-09-01T19:00:00,80
15,2026-09-01T19:00:00,72
1,2026-09-01T20:00:00,86
2,2026-09-01T20:00:00,87
3,2026-09-01T20:00:00,81
4,2026-09-01T20:00:00,98
5,2026-09-01T20:00:00,71
6,2026-09-01T20:00:00,95
7,2026-09-01T20:00:00,98
8,2026-09-01T20:00:00,81
9,2026-09-01T20:00:00,81
10,2026-09-01T20:00:00,83
11,2026-09-01T20:00:00,92
12,2026-09-01T20:00:00,93
13,2026-09-01T20:00:00,91
14,2026-09-01T20:00:00,88
15,2026-09-01T20:00:00,71
1,2026-09-01T21:00:00,98
2,2026-09-01T21:00:00,80
3,2026-09-01T21:00:00,90
4,2026-09-01T21:00:00,97
5,2026-09-01T21:00:00,74
6,2026-09-01T21:00:00,96
7,2026-09-01T21:00:00,98
8,2026-09-01T21:00:00,92
9,2026-09-01T21:00:00,87
10,2026-09-01T21:00:00,85
11,2026-09-01T21:00:00,93
12,2026-09-01T21:00:00,94
13,2026-09-01T21:00:00,89
14,2026-09-01T21:00:00,89
15,2026-09-01T21:00:00,71
1,2026-09-01T22:00:00,49
2,2026-09-01T22:00:00,43
3,2026-09-01T22:00:00,42
4,2026-09-01T22:00:00,46
5,2026-09-01T22:00:00,33
6,2026-09-01T22:00:00,41
7,2026-09-01T22:00:00,42
8,2026-09-01T22:00:00,38
9,2026-09-01T22:00:00,37
10,2026-09-01T22:00:00,33
11,2026-09-01T22:00:00,42
12,2026-09-01T22:00:00,48
13,2026-09-01T22:00:00,44
14,2026-09-01T22:00:00,35
15,2026-09-01T22:00:00,34
1,2026-09-01T23:00:00,47
2,2026-09-01T23:00:00,48
3,2026-09-01T23:00:00,46
4,2026-09-01T23:00:00,43
5,2026-09-01T23:00:00,39
6,2026-09-01T23:00:00,47
7,2026-09-01T23:00:00,55
8,2026-09-01T23:00:00,52
9,2026-09-01T23:00:00,46
10,2026-09-01T23:00:00,38
11,2026-09-01T23:00:00,42
12,2026-09-01T23:00:00,42
13,2026-09-01T23:00:00,43
14,2026-09-01T23:00:00,38
15,2026-09-01T23:00:00,30
1,2026-09-02T00:00:00,20
2,2026-09-02T00:00:00,20
3,2026-09-02T00:00:00,14
4,2026-09-02T00:00:00,22
5,2026-09-02T00:00:00,22
6,2026-09-02T00:00:00,21
7,2026-09-02T00:00:00,20
8,2026-09-02T00:00:00,19
9,2026-09-02T00:00:00,18
10,2026-09-02T00:00:00,13
11,2026-09-02T00:00:00,24
12,2026-09-02T00:00:00,18
13,2026-09-02T00:00:00,19
14,2026-09-02T00:00:00,15
15,2026-09-02T00:00:00,9
1,2026-09-02T01:00:00,25
2,2026-09-02T01:00:00,18
3,2026-09-02T01:00:00,10
4,2026-09-02T01:00:00,18
5,2026-09-02T01:00:00,23
6,2026-09-02T01:00:00,24
7,2026-09-02T01:00:00,29
8,2026-09-02T01:00:00,16
9,2026-09-02T01:00:00,10
10,2026-09-02T01:00:00,17
11,2026-09-02T01:00:00,15
12,2026-09-02T01:00:00,20
13,2026-09-02T01:00:00,23
14,2026-09-02T01:00:00,16
15,2026-09-02T01:00:00,25
1,2026-09-02T02:00:00,25
2,2026-09-02T02:00:00,17
3,2026-09-02T02:00:00,13
4,2026-09-02T02:00:00,14
5,2026-09-02T02:00:00,21
6,2026-09-02T02:00:00,17
7,2026-09-02T02:00:00,15
8,2026-09-02T02:00:00,20
9,2026-09-02T02:00:00,22
10,2026-09-02T02:00:00,16
11,2026-09-02T02:00:00,18
12,2026-09-02T02:00:00,19
13,2026-09-02T02:00:00,15
14,2026-09-02T02:00:00,16
15,2026-09-02T02:00:00,9
1,2026-09-02T03:00:00,16
2,2026-09-02T03:00:00,25
3,2026-09-02T03:00:00,17
4,2026-09-02T03:00:00,19
5,2026-09-02T03:00:00,12
6,2026-09-02T03:00:00,23
7,2026-09-02T03:00:00,17
8,2026-09-02T03:00:00,23
9,2026-09-02T03:00:00,12
10,2026-09-02T03:00:00,20
11,2026-09-02T03:00:00,23
12,2026-09-02T03:00:00,26
13,2026-09-02T03:00:00,27
14,2026-09-02T03:00:00,18
15,2026-09-02T03:00:00,13
1,2026-09-02T04:00:00,30
2,2026-09-02T04:00:00,10
3,2026-09-02T04:00:00,17
4,2026-09-02T04:00:00,9
5,2026-09-02T04:00:00,14
6,2026-09-02T04:00:00,17
7,2026-09-02T04:00:00,20
8,2026-09-02T04:00:00,22
9,2026-09-02T04:00:00,20
10,2026-09-02T04:00:00,13
11,2026-09-02T04:00:00,14
12,2026-09-02T04:00:00,25
13,2026-09-02T04:00:00,20
14,2026-09-02T04:00:00,11
15,2026-09-02T04:00:00,20
1,2026-09-02T05:00:00,24
2,2026-09-02T05:00:00,18
3,2026-09-02T05:00:00,12
4,2026-09-02T05:00:00,25
5,2026-09-02T05:00:00,9
6,2026-09-02T05:00:00,24
7,2026-09-02T05:00:00,11
8,2026-09-02T05:00:00,17
9,2026-09-02T05:00:00,16
10,2026-09-02T05:00:00,10
11,2026-09-02T05:00:00,14
12,2026-09-02T05:00:00,12
13,2026-09-02T05:00:00,19
14,2026-09-02T05:00:00,16
15,2026-09-02T05:00:00,10
1,2026-09-02T06:00:00,37
2,2026-09-02T06:00:00,47
3,2026-09-02T06:00:00,51
4,2026-09-02T06:00:00,43
5,2026-09-02T06:00:00,30
6,2026-09-02T06:00:00,43
7,2026-09-02T06:00:00,40
8,2026-09-02T06:00:00,39
9,2026-09-02T06:00:00,42
10,2026-09-02T06:00:00,36
11,2026-09-02T06:00:00,49
12,2026-09-02T06:00:00,42
13,2026-09-02T06:00:00,46
14,2026-09-02T06:00:00,39
15,2026-09-02T06:00:00,33
1,2026-09-02T07:00:00,41
2,2026-09-02T07:00:00,41
3,2026-09-02T07:00:00,44
4,2026-09-02T07:00:00,47
5,2026-09-02T07:00:00,28
6,2026-09-02T07:00:00,44
7,2026-09-02T07:00:00,50
8,2026-09-02T07:00:00,41
9,2026-09-02T07:00:00,42
10,2026-09-02T07:00:00,39
11,2026-09-02T07:00:00,47
12,2026-09-02T07:00:00,47
13,2026-09-02T07:00:00,42
14,2026-09-02T07:00:00,40
15,2026-09-02T07:00:00,35
1,2026-09-02T08:00:00,85
2,2026-09-02T08:00:00,80
3,2026-09-02T08:00:00,83
4,2026-09-02T08:00:00,96
5,2026-09-02T08:00:00,68
6,2026-09-02T08:00:00,90
7,2026-09-02T08:00:00,96
8,2026-09-02T08:00:00,86
9,2026-09-02T08:00:00,88
10,2026-09-02T08:00:00,81
11,2026-09-02T08:00:00,91
12,2026-09-02T08:00:00,93
13,2026-09-02T08:00:00,86
14,2026-09-02T08:00:00,75
15,2026-09-02T08:00:00,65
1,2026-09-02T09:00:00,96
2,2026-09-02T09:00:00,77
3,2026-09-02T09:00:00,84
4,2026-09-02T09:00:00,92
5,2026-09-02T09:00:00,68
6,2026-09-02T09:00:00,90
7,2026-09-02T09:00:00,97
8,2026-09-02T09:00:00,86
9,2026-09-02T09:00:00,76
10,2026-09-02T09:00:00,84
11,2026-09-02T09:00:00,81
12,2026-09-02T09:00:00,86
13,2026-09-02T09:00:00,88
14,2026-09-02T09:00:00,84
15,2026-09-02T09:00:00,73
1,2026-09-02T10:00:00,89
2,2026-09-02T10:00:00,85
3,2026-09-02T10:00:00,83
4,2026-09-02T10:00:00,87
5,2026-09-02T10:00:00,70
6,2026-09-02T10:00:00,88
7,2026-09-02T10:00:00,96
8,2026-09-02T10:00:00,83
9,2026-09-02T10:00:00,81
10,2026-09-02T10:00:00,73
11,2026-09-02T10:00:00,88
12,2026-09-02T10:00:00,90
13,2026-09-02T10:00:00,85
14,2026-09-02T10:00:00,79
15,2026-09-02T10:00:00,56
1,2026-09-02T11:00:00,60
2,2026-09-02T11:00:00,61
3,2026-09-02T11:00:00,64
4,2026-09-02T11:00:00,71
5,2026-09-02T11:00:00,40
6,2026-09-02T11:00:00,70
7,2026-09-02T11:00:00,76
8,2026-09-02T11:00:00,54
9,2026-09-02T11:00:00,60
10,2026-09-02T11:00:00,57
11,2026-09-02T11:00:00,64
12,2026-09-02T11:00:00,65
13,2026-09-02T11:00:00,63
14,2026-09-02T11:00:00,61
15,2026-09-02T11:00:00,48
1,2026-09-02T12:00:00,67
2,2026-09-02T12:00:00,53
3,2026-09-02T12:00:00,65
4,2026-09-02T12:00:00,67
5,2026-09-02T12:00:00,47
6,2026-09-02T12:00:00,66
7,2026-09-02T12:00:00,58
8,2026-09-02T12:00:00,62
9,2026-09-02T12:00:00,56
10,2026-09-02T12:00:00,55
11,2026-09-02T12:00:00,70
12,2026-09-02T12:00:00,68
13,2026-09-02T12:00:00,63
14,2026-09-02T12:00:00,62
15,2026-09-02T12:00:00,51
1,2026-09-02T13:00:00,59
2,2026-09-02T13:00:00,57
3,2026-09-02T13:00:00,63
4,2026-09-02T13:00:00,65
5,2026-09-02T13:00:00,43
6,2026-09-02T13:00:00,70
7,2026-09-02T13:00:00,66
8,2026-09-02T13:00:00,56
9,2026-09-02T13:00:00,58
10,2026-09-02T13:00:00,56
11,2026-09-02T13:00:00,59
12,2026-09-02T13:00:00,60
13,2026-09-02T13:00:00,57
14,2026-09-02T13:00:00,54
15,2026-09-02T13:00:00,47
1,2026-09-02T14:00:00,64
2,2026-09-02T14:00:00,56
3,2026-09-02T14:00:00,57
4,2026-09-02T14:00:00,73
5,2026-09-02T14:00:00,55
6,2026-09-02T14:00:00,65
7,2026-09-02T14:00:00,67
8,2026-09-02T14:00:00,60
9,2026-09-02T14:00:00,59
10,2026-09-02T14:00:00,61
11,2026-09-02T14:00:00,61
12,2026-09-02T14:00:00,70
13,2026-09-02T14:00:00,56
14,2026-09-02T14:00:00,55
15,2026-09-02T14:00:00,36
1,2026-09-02T15:00:00,65
2,2026-09-02T15:00:00,54
3,2026-09-02T15:00:00,58
4,2026-09-02T15:00:00,69
5,2026-09-02T15:00:00,52
6,2026-09-02T15:00:00,61
7,2026-09-02T15:00:00,64
8,2026-09-02T15:00:00,55
9,2026-09-02T15:00:00,55
10,2026-09-02T15:00:00,60
11,2026-09-02T15:00:00,57
12,2026-09-02T15:00:00,65
13,2026-09-02T15:00:00,55
14,2026-09-02T15:00:00,55
15,2026-09-02T15:00:00,47
1,2026-09-02T16:00:00,63
2,2026-09-02T16:00:00,56
3,2026-09-02T16:00:00,59
4,2026-09-02T16:00:00,66
5,2026-09-02T16:00:00,48
6,2026-09-02T16:00:00,62
7,2026-09-02T16:00:00,65
8,2026-09-02T16:00:00,63
9,2026-09-02T16:00:00,56
10,2026-09-02T16:00:00,54
11,2026-09-02T16:00:00,67
12,2026-09-02T16:00:00,65
13,2026-09-02T16:00:00,62
14,2026-09-02T16:00:00,60
15,2026-09-02T16:00:00,38
1,2026-09-02T17:00:00,62
2,2026-09-02T17:00:00,54
3,2026-09-02T17:00:00,51
4,2026-09-02T17:00:00,64
5,2026-09-02T17:00:00,56
6,2026-09-02T17:00:00,66
7,2026-09-02T17:00:00,70
8,2026-09-02T17:00:00,59
9,2026-09-02T17:00:00,58
10,2026-09-02T17:00:00,53
11,2026-09-02T17:00:00,64
12,2026-09-02T17:00:00,63
13,2026-09-02T17:00:00,68
14,2026-09-02T17:00:00,52
15,2026-09-02T17:00:00,47
1,2026-09-02T18:00:00,98
2,2026-09-02T18:00:00,91
3,2026-09-02T18:00:00,97
4,2026-09-02T18:00:00,98
5,2026-09-02T18:00:00,69
6,2026-09-02T18:00:00,98
7,2026-09-02T18:00:00,98
8,2026-09-02T18:00:00,90
9,2026-09-02T18:00:00,86
10,2026-09-02T18:00:00,78
11,2026-09-02T18:00:00,96
12,2026-09-02T18:00:00,93
13,2026-09-02T18:00:00,96
14,2026-09-02T18:00:00,84
15,2026-09-02T18:00:00,69
1,2026-09-02T19:00:00,96
2,2026-09-02T19:00:00,86
3,2026-09-02T19:00:00,91
4,2026-09-02T19:00:00,91
5,2026-09-02T19:00:00,71
6,2026-09-02T19:00:00,96
7,2026-09-02T19:00:00,94
8,2026-09-02T19:00:00,86
9,2026-09-02T19:00:00,83
10,2026-09-02T19:00:00,78
11,2026-09-02T19:00:00,98
12,2026-09-02T19:00:00,97
13,2026-09-02T19:00:00,84
14,2026-09-02T19:00:00,81
15,2026-09-02T19:00:00,68
1,2026-09-02T20:00:00,98
2,2026-09-02T20:00:00,93
3,2026-09-02T20:00:00,93
4,2026-09-02T20:00:00,93
5,2026-09-02T20:00:00,80
6,2026-09-02T20:00:00,94
7,2026-09-02T20:00:00,98
8,2026-09-02T20:00:00,93
9,2026-09-02T20:00:00,86
10,2026-09-02T20:00:00,81
11,2026-09-02T20:00:00,94
12,2026-09-02T20:00:00,98
13,2026-09-02T20:00:00,96
14,2026-09-02T20:00:00,81
15,2026-09-02T20:00:00,66
1,2026-09-02T21:00:00,91
2,2026-09-02T21:00:00,88
3,2026-09-02T21:00:00,92
4,2026-09-02T21:00:00,98
5,2026-09-02T21:00:00,77
6,2026-09-02T21:00:00,98
7,2026-09-02T21:00:00,98
8,2026-09-02T21:00:00,94
9,2026-09-02T21:00:00,86
10,2026-09-02T21:00:00,83
11,2026-09-02T21:00:00,94
12,2026-09-02T21:00:00,95
13,2026-09-02T21:00:00,89
14,2026-09-02T21:00:00,90
15,2026-09-02T21:00:00,69
1,2026-09-02T22:00:00,45
2,2026-09-02T22:00:00,44
3,2026-09-02T22:00:00,41
4,2026-09-02T22:00:00,48
5,2026-09-02T22:00:00,29
6,2026-09-02T22:00:00,43
7,2026-09-02T22:00:00,49
8,2026-09-02T22:00:00,43
9,2026-09-02T22:00:00,40
10,2026-09-02T22:00:00,32
11,2026-09-02T22:00:00,49
12,2026-09-02T22:00:00,51
13,2026-09-02T22:00:00,40
14,2026-09-02T22:00:00,38
15,2026-09-02T22:00:00,36
1,2026-09-02T23:00:00,39
2,2026-09-02T23:00:00,40
3,2026-09-02T23:00:00,45
4,2026-09-02T23:00:00,48
5,2026-09-02T23:00:00,39
6,2026-09-02T23:00:00,43
7,2026-09-02T23:00:00,38
8,2026-09-02T23:00:00,47
9,2026-09-02T23:00:00,37
10,2026-09-02T23:00:00,41
11,2026-09-02T23:00:00,54
12,2026-09-02T23:00:00,42
13,2026-09-02T23:00:00,49
14,2026-09-02T23:00:00,46
15,2026-09-02T23:00:00,31
1,2026-09-03T00:00:00,20
2,2026-09-03T00:00:00,22
3,2026-09-03T00:00:00,12
4,2026-09-03T00:00:00,27
5,2026-09-03T00:00:00,15
6,2026-09-03T00:00:00,18
7,2026-09-03T00:00:00,20
8,2026-09-03T00:00:00,29
9,2026-09-03T00:00:00,25
10,2026-09-03T00:00:00,18
11,2026-09-03T00:00:00,16
12,2026-09-03T00:00:00,23
13,2026-09-03T00:00:00,19
14,2026-09-03T00:00:00,18
15,2026-09-03T00:00:00,25
1,2026-09-03T01:00:00,22
2,2026-09-03T01:00:00,17
3,2026-09-03T01:00:00,13
4,2026-09-03T01:00:00,19
5,2026-09-03T01:00:00,21
6,2026-09-03T01:00:00,20
7,2026-09-03T01:00:00,21
8,2026-09-03T01:00:00,29
9,2026-09-03T01:00:00,10
10,2026-09-03T01:00:00,22
11,2026-09-03T01:00:00,25
12,2026-09-03T01:00:00,17
13,2026-09-03T01:00:00,21
14,2026-09-03T01:00:00,16
15,2026-09-03T01:00:00,22
1,2026-09-03T02:00:00,21
2,2026-09-03T02:00:00,17
3,2026-09-03T02:00:00,21
4,2026-09-03T02:00:00,15
5,2026-09-03T02:00:00,23
6,2026-09-03T02:00:00,21
7,2026-09-03T02:00:00,17
8,2026-09-03T02:00:00,20
9,2026-09-03T02:00:00,18
10,2026-09-03T02:00:00,16
11,2026-09-03T02:00:00,22
12,2026-09-03T02:00:00,28
13,2026-09-03T02:00:00,17
14,2026-09-03T02:00:00,15
15,2026-09-03T02:00:00,13
1,2026-09-03T03:00:00,22
2,2026-09-03T03:00:00,27
3,2026-09-03T03:00:00,16
4,2026-09-03T03:00:00,12
5,2026-09-03T03:00:00,19
6,2026-09-03T03:00:00,18
7,2026-09-03T03:00:00,20
8,2026-09-03T03:00:00,23
9,2026-09-03T03:00:00,17
10,2026-09-03T03:00:00,10
11,2026-09-03T03:00:00,15
12,2026-09-03T03:00:00,20
13,2026-09-03T03:00:00,19
14,2026-09-03T03:00:00,19
15,2026-09-03T03:00:00,12
1,2026-09-03T04:00:00,19
2,2026-09-03T04:00:00,26
3,2026-09-03T04:00:00,17
4,2026-09-03T04:00:00,17
5,2026-09-03T04:00:00,21
6,2026-09-03T04:00:00,20
7,2026-09-03T04:00:00,22
8,2026-09-03T04:00:00,23
9,2026-09-03T04:00:00,20
10,2026-09-03T04:00:00,21
11,2026-09-03T04:00:00,15
12,2026-09-03T04:00:00,17
13,2026-09-03T04:00:00,18
14,2026-09-03T04:00:00,23
15,2026-09-03T04:00:00,19
1,2026-09-03T05:00:00,20
2,2026-09-03T05:00:00,18
3,2026-09-03T05:00:00,26
4,2026-09-03T05:00:00,12
5,2026-09-03T05:00:00,19
6,2026-09-03T05:00:00,16
7,2026-09-03T05:00:00,17
8,2026-09-03T05:00:00,17
9,2026-09-03T05:00:00,23
10,2026-09-03T05:00:00,19
11,2026-09-03T05:00:00,25
12,2026-09-03T05:00:00,11
13,2026-09-03T05:00:00,19
14,2026-09-03T05:00:00,16
15,2026-09-03T05:00:00,15
1,2026-09-03T06:00:00,39
2,2026-09-03T06:00:00,44
3,2026-09-03T06:00:00,42
4,2026-09-03T06:00:00,41
5,2026-09-03T06:00:00,31
6,2026-09-03T06:00:00,43
7,2026-09-03T06:00:00,46
8,2026-09-03T06:00:00,41
9,2026-09-03T06:00:00,37
10,2026-09-03T06:00:00,35
11,2026-09-03T06:00:00,42
12,2026-09-03T06:00:00,56
13,2026-09-03T06:00:00,47
14,2026-09-03T06:00:00,45
15,2026-09-03T06:00:00,43
1,2026-09-03T07:00:00,44
2,2026-09-03T07:00:00,34
3,2026-09-03T07:00:00,33
4,2026-09-03T07:00:00,44
5,2026-09-03T07:00:00,39
6,2026-09-03T07:00:00,43
7,2026-09-03T07:00:00,47
8,2026-09-03T07:00:00,39
9,2026-09-03T07:00:00,45
10,2026-09-03T07:00:00,39
11,2026-09-03T07:00:00,43
12,2026-09-03T07:00:00,54
13,2026-09-03T07:00:00,35
14,2026-09-03T07:00:00,34
15,2026-09-03T07:00:00,31
1,2026-09-03T08:00:00,90
2,2026-09-03T08:00:00,87
3,2026-09-03T08:00:00,82
4,2026-09-03T08:00:00,84
5,2026-09-03T08:00:00,66
6,2026-09-03T08:00:00,91
7,2026-09-03T08:00:00,90
8,2026-09-03T08:00:00,83
9,2026-09-03T08:00:00,79
10,2026-09-03T08:00:00,72
11,2026-09-03T08:00:00,92
12,2026-09-03T08:00:00,93
13,2026-09-03T08:00:00,82
14,2026-09-03T08:00:00,66
15,2026-09-03T08:00:00,71
1,2026-09-03T09:00:00,75
2,2026-09-03T09:00:00,80
3,2026-09-03T09:00:00,77
4,2026-09-03T09:00:00,92
5,2026-09-03T09:00:00,74
6,2026-09-03T09:00:00,91
7,2026-09-03T09:00:00,92
8,2026-09-03T09:00:00,87
9,2026-09-03T09:00:00,77
10,2026-09-03T09:00:00,80
11,2026-09-03T09:00:00,88
12,2026-09-03T09:00:00,87
13,2026-09-03T09:00:00,75
14,2026-09-03T09:00:00,81
15,2026-09-03T09:00:00,68
1,2026-09-03T10:00:00,88
2,2026-09-03T10:00:00,80
3,2026-09-03T10:00:00,88
4,2026-09-03T10:00:00,95
5,2026-09-03T10:00:00,71
6,2026-09-03T10:00:00,94
7,2026-09-03T10:00:00,97
8,2026-09-03T10:00:00,82
9,2026-09-03T10:00:00,73
10,2026-09-03T10:00:00,79
11,2026-09-03T10:00:00,94
12,2026-09-03T10:00:00,94
13,2026-09-03T10:00:00,86
14,2026-09-03T10:00:00,80
15,2026-09-03T10:00:00,76
1,2026-09-03T11:00:00,61
2,2026-09-03T11:00:00,66
3,2026-09-03T11:00:00,61
4,2026-09-03T11:00:00,59
5,2026-09-03T11:00:00,54
6,2026-09-03T11:00:00,54
7,2026-09-03T11:00:00,70
8,2026-09-03T11:00:00,59
9,2026-09-03T11:00:00,55
10,2026-09-03T11:00:00,63
11,2026-09-03T11:00:00,61
12,2026-09-03T11:00:00,58
13,2026-09-03T11:00:00,50
14,2026-09-03T11:00:00,61
15,2026-09-03T11:00:00,43
1,2026-09-03T12:00:00,65
2,2026-09-03T12:00:00,50
3,2026-09-03T12:00:00,64
4,2026-09-03T12:00:00,62
5,2026-09-03T12:00:00,48
6,2026-09-03T12:00:00,61
7,2026-09-03T12:00:00,70
8,2026-09-03T12:00:00,67
9,2026-09-03T12:00:00,58
10,2026-09-03T12:00:00,59
11,2026-09-03T12:00:00,67
12,2026-09-03T12:00:00,62
13,2026-09-03T12:00:00,56
14,2026-09-03T12:00:00,58
15,2026-09-03T12:00:00,47
1,2026-09-03T13:00:00,69
2,2026-09-03T13:00:00,57
3,2026-09-03T13:00:00,62
4,2026-09-03T13:00:00,67
5,2026-09-03T13:00:00,50
6,2026-09-03T13:00:00,63
7,2026-09-03T13:00:00,67
8,2026-09-03T13:00:00,61
9,2026-09-03T13:00:00,59
10,2026-09-03T13:00:00,53
11,2026-09-03T13:00:00,71
12,2026-09-03T13:00:00,59
13,2026-09-03T13:00:00,58
14,2026-09-03T13:00:00,64
15,2026-09-03T13:00:00,44
1,2026-09-03T14:00:00,62
2,2026-09-03T14:00:00,60
3,2026-09-03T14:00:00,56
4,2026-09-03T14:00:00,68
5,2026-09-03T14:00:00,46
6,2026-09-03T14:00:00,72
7,2026-09-03T14:00:00,70
8,2026-09-03T14:00:00,62
9,2026-09-03T14:00:00,54
10,2026-09-03T14:00:00,54
11,2026-09-03T14:00:00,78
12,2026-09-03T14:00:00,66
13,2026-09-03T14:00:00,62
14,2026-09-03T14:00:00,53
15,2026-09-03T14:00:00,49
1,2026-09-03T15:00:00,73
2,2026-09-03T15:00:00,55
3,2026-09-03T15:00:00,63
4,2026-09-03T15:00:00,62
5,2026-09-03T15:00:00,51
6,2026-09-03T15:00:00,66
7,2026-09-03T15:00:00,69
8,2026-09-03T15:00:00,63
9,2026-09-03T15:00:00,60
10,2026-09-03T15:00:00,54
11,2026-09-03T15:00:00,63
12,2026-09-03T15:00:00,64
13,2026-09-03T15:00:00,50
14,2026-09-03T15:00:00,57
15,2026-09-03T15:00:00,46
1,2026-09-03T16:00:00,74
2,2026-09-03T16:00:00,64
3,2026-09-03T16:00:00,60
4,2026-09-03T16:00:00,67
5,2026-09-03T16:00:00,47
6,2026-09-03T16:00:00,72
7,2026-09-03T16:00:00,70
8,2026-09-03T16:00:00,55
9,2026-09-03T16:00:00,58
10,2026-09-03T16:00:00,64
11,2026-09-03T16:00:00,62
12,2026-09-03T16:00:00,61
13,2026-09-03T16:00:00,58
14,2026-09-03T16:00:00,58
15,2026-09-03T16:00:00,46
1,2026-09-03T17:00:00,69
2,2026-09-03T17:00:00,57
3,2026-09-03T17:00:00,57
4,2026-09-03T17:00:00,68
5,2026-09-03T17:00:00,44
6,2026-09-03T17:00:00,70
7,2026-09-03T17:00:00,71
8,2026-09-03T17:00:00,59
9,2026-09-03T17:00:00,50
10,2026-09-03T17:00:00,54
11,2026-09-03T17:00:00,68
12,2026-09-03T17:00:00,66
13,2026-09-03T17:00:00,51
14,2026-09-03T17:00:00,52
15,2026-09-03T17:00:00,45
1,2026-09-03T18:00:00,96
2,2026-09-03T18:00:00,91
3,2026-09-03T18:00:00,83
4,2026-09-03T18:00:00,98
5,2026-09-03T18:00:00,72
6,2026-09-03T18:00:00,98
7,2026-09-03T18:00:00,97
8,2026-09-03T18:00:00,89
9,2026-09-03T18:00:00,81
10,2026-09-03T18:00:00,86
11,2026-09-03T18:00:00,98
12,2026-09-03T18:00:00,96
13,2026-09-03T18:00:00,90
14,2026-09-03T18:00:00,83
15,2026-09-03T18:00:00,66
1,2026-09-03T19:00:00,97
2,2026-09-03T19:00:00,87
3,2026-09-03T19:00:00,85
4,2026-09-03T19:00:00,97
5,2026-09-03T19:00:00,73
6,2026-09-03T19:00:00,98
7,2026-09-03T19:00:00,98
8,2026-09-03T19:00:00,86
9,2026-09-03T19:00:00,82
10,2026-09-03T19:00:00,77
11,2026-09-03T19:00:00,89
12,2026-09-03T19:00:00,93
13,2026-09-03T19:00:00,84
14,2026-09-03T19:00:00,86
15,2026-09-03T19:00:00,75
1,2026-09-03T20:00:00,94
2,2026-09-03T20:00:00,84
3,2026-09-03T20:00:00,86
4,2026-09-03T20:00:00,96
5,2026-09-03T20:00:00,75
6,2026-09-03T20:00:00,97
7,2026-09-03T20:00:00,98
8,2026-09-03T20:00:00,92
9,2026-09-03T20:00:00,85
10,2026-09-03T20:00:00,87
11,2026-09-03T20:00:00,90
12,2026-09-03T20:00:00,96
13,2026-09-03T20:00:00,90
14,2026-09-03T20:00:00,75
15,2026-09-03T20:00:00,72
1,2026-09-03T21:00:00,94
2,2026-09-03T21:00:00,93
3,2026-09-03T21:00:00,84
4,2026-09-03T21:00:00,98
5,2026-09-03T21:00:00,70
6,2026-09-03T21:00:00,98
7,2026-09-03T21:00:00,98
8,2026-09-03T21:00:00,92
9,2026-09-03T21:00:00,85
10,2026-09-03T21:00:00,80
11,2026-09-03T21:00:00,98
12,2026-09-03T21:00:00,95
13,2026-09-03T21:00:00,96
14,2026-09-03T21:00:00,86
15,2026-09-03T21:00:00,77
1,2026-09-03T22:00:00,47
2,2026-09-03T22:00:00,38
3,2026-09-03T22:00:00,44
4,2026-09-03T22:00:00,41
5,2026-09-03T22:00:00,43
6,2026-09-03T22:00:00,41
7,2026-09-03T22:00:00,37
8,2026-09-03T22:00:00,42
9,2026-09-03T22:00:00,40
10,2026-09-03T22:00:00,38
11,2026-09-03T22:00:00,44
12,2026-09-03T22:00:00,49
13,2026-09-03T22:00:00,49
14,2026-09-03T22:00:00,34
15,2026-09-03T22:00:00,27
1,2026-09-03T23:00:00,43
2,2026-09-03T23:00:00,45
3,2026-09-03T23:00:00,43
4,2026-09-03T23:00:00,39
5,2026-09-03T23:00:00,35
6,2026-09-03T23:00:00,43
7,2026-09-03T23:00:00,51
8,2026-09-03T23:00:00,43
9,2026-09-03T23:00:00,38
10,2026-09-03T23:00:00,37
11,2026-09-03T23:00:00,45
12,2026-09-03T23:00:00,41
13,2026-09-03T23:00:00,41
14,2026-09-03T23:00:00,37
15,2026-09-03T23:00:00,32
1,2026-09-04T00:00:00,19
2,2026-09-04T00:00:00,23
3,2026-09-04T00:00:00,17
4,2026-09-04T00:00:00,14
5,2026-09-04T00:00:00,20
6,2026-09-04T00:00:00,19
7,2026-09-04T00:00:00,21
8,2026-09-04T00:00:00,13
9,2026-09-04T00:00:00,23
10,2026-09-04T00:00:00,17
11,2026-09-04T00:00:00,19
12,2026-09-04T00:00:00,21
13,2026-09-04T00:00:00,12
14,2026-09-04T00:00:00,18
15,2026-09-04T00:00:00,11
1,2026-09-04T01:00:00,29
2,2026-09-04T01:00:00,10
3,2026-09-04T01:00:00,14
4,2026-09-04T01:00:00,21
5,2026-09-04T01:00:00,20
6,2026-09-04T01:00:00,21
7,2026-09-04T01:00:00,26
8,2026-09-04T01:00:00,14
9,2026-09-04T01:00:00,14
10,2026-09-04T01:00:00,18
11,2026-09-04T01:00:00,25
12,2026-09-04T01:00:00,30
13,2026-09-04T01:00:00,16
14,2026-09-04T01:00:00,19
15,2026-09-04T01:00:00,12
1,2026-09-04T02:00:00,13
2,2026-09-04T02:00:00,17
3,2026-09-04T02:00:00,15
4,2026-09-04T02:00:00,16
5,2026-09-04T02:00:00,18
6,2026-09-04T02:00:00,11
7,2026-09-04T02:00:00,28
8,2026-09-04T02:00:00,12
9,2026-09-04T02:00:00,12
10,2026-09-04T02:00:00,20
11,2026-09-04T02:00:00,14
12,2026-09-04T02:00:00,18
13,2026-09-04T02:00:00,24
14,2026-09-04T02:00:00,24
15,2026-09-04T02:00:00,18
1,2026-09-04T03:00:00,16
2,2026-09-04T03:00:00,20
3,2026-09-04T03:00:00,24
4,2026-09-04T03:00:00,17
5,2026-09-04T03:00:00,15
6,2026-09-04T03:00:00,19
7,2026-09-04T03:00:00,20
8,2026-09-04T03:00:00,19
9,2026-09-04T03:00:00,16
10,2026-09-04T03:00:00,14
11,2026-09-04T03:00:00,17
12,2026-09-04T03:00:00,22
13,2026-09-04T03:00:00,20
14,2026-09-04T03:00:00,22
15,2026-09-04T03:00:00,17
1,2026-09-04T04:00:00,21
2,2026-09-04T04:00:00,19
3,2026-09-04T04:00:00,15
4,2026-09-04T04:00:00,22
5,2026-09-04T04:00:00,13
6,2026-09-04T04:00:00,19
7,2026-09-04T04:00:00,24
8,2026-09-04T04:00:00,17
9,2026-09-04T04:00:00,17
10,2026-09-04T04:00:00,5
11,2026-09-04T04:00:00,26
12,2026-09-04T04:00:00,20
13,2026-09-04T04:00:00,22
14,2026-09-04T04:00:00,13
15,2026-09-04T04:00:00,19
1,2026-09-04T05:00:00,18
2,2026-09-04T05:00:00,23
3,2026-09-04T05:00:00,19
4,2026-09-04T05:00:00,21
5,2026-09-04T05:00:00,14
6,2026-09-04T05:00:00,17
7,2026-09-04T05:00:00,25
8,2026-09-04T05:00:00,20
9,2026-09-04T05:00:00,17
10,2026-09-04T05:00:00,22
11,2026-09-04T05:00:00,16
12,2026-09-04T05:00:00,18
13,2026-09-04T05:00:00,15
14,2026-09-04T05:00:00,18
15,2026-09-04T05:00:00,12
1,2026-09-04T06:00:00,49
2,2026-09-04T06:00:00,37
3,2026-09-04T06:00:00,41
4,2026-09-04T06:00:00,47
5,2026-09-04T06:00:00,33
6,2026-09-04T06:00:00,45
7,2026-09-04T06:00:00,52
8,2026-09-04T06:00:00,48
9,2026-09-04T06:00:00,35
10,2026-09-04T06:00:00,41
11,2026-09-04T06:00:00,40
12,2026-09-04T06:00:00,45
13,2026-09-04T06:00:00,44
14,2026-09-04T06:00:00,40
15,2026-09-04T06:00:00,35
1,2026-09-04T07:00:00,36
2,2026-09-04T07:00:00,37
3,2026-09-04T07:00:00,52
4,2026-09-04T07:00:00,36
5,2026-09-04T07:00:00,32
6,2026-09-04T07:00:00,40
7,2026-09-04T07:00:00,52
8,2026-09-04T07:00:00,52
9,2026-09-04T07:00:00,40
10,2026-09-04T07:00:00,34
11,2026-09-04T07:00:00,51
12,2026-09-04T07:00:00,46
13,2026-09-04T07:00:00,43
14,2026-09-04T07:00:00,41
15,2026-09-04T07:00:00,38
1,2026-09-04T08:00:00,88
2,2026-09-04T08:00:00,80
3,2026-09-04T08:00:00,83
4,2026-09-04T08:00:00,93
5,2026-09-04T08:00:00,62
6,2026-09-04T08:00:00,90
7,2026-09-04T08:00:00,93
8,2026-09-04T08:00:00,87
9,2026-09-04T08:00:00,65
10,2026-09-04T08:00:00,74
11,2026-09-04T08:00:00,86
12,2026-09-04T08:00:00,92
13,2026-09-04T08:00:00,78
14,2026-09-04T08:00:00,76
15,2026-09-04T08:00:00,67
1,2026-09-04T09:00:00,87
2,2026-09-04T09:00:00,81
3,2026-09-04T09:00:00,80
4,2026-09-04T09:00:00,92
5,2026-09-04T09:00:00,73
6,2026-09-04T09:00:00,84
7,2026-09-04T09:00:00,98
8,2026-09-04T09:00:00,81
9,2026-09-04T09:00:00,80
10,2026-09-04T09:00:00,71
11,2026-09-04T09:00:00,89
12,2026-09-04T09:00:00,91
13,2026-09-04T09:00:00,81
14,2026-09-04T09:00:00,76
15,2026-09-04T09:00:00,66
1,2026-09-04T10:00:00,89
2,2026-09-04T10:00:00,75
3,2026-09-04T10:00:00,87
4,2026-09-04T10:00:00,95
5,2026-09-04T10:00:00,70
6,2026-09-04T10:00:00,89
7,2026-09-04T10:00:00,96
8,2026-09-04T10:00:00,81
9,2026-09-04T10:00:00,80
10,2026-09-04T10:00:00,79
11,2026-09-04T10:00:00,90
12,2026-09-04T10:00:00,92
13,2026-09-04T10:00:00,94
14,2026-09-04T10:00:00,82
15,2026-09-04T10:00:00,65
1,2026-09-04T11:00:00,72
2,2026-09-04T11:00:00,62
3,2026-09-04T11:00:00,58
4,2026-09-04T11:00:00,68
5,2026-09-04T11:00:00,54
6,2026-09-04T11:00:00,70
7,2026-09-04T11:00:00,70
8,2026-09-04T11:00:00,65
9,2026-09-04T11:00:00,58
10,2026-09-04T11:00:00,62
11,2026-09-04T11:00:00,59
12,2026-09-04T11:00:00,55
13,2026-09-04T11:00:00,58
14,2026-09-04T11:00:00,66
15,2026-09-04T11:00:00,48
1,2026-09-04T12:00:00,66
2,2026-09-04T12:00:00,54
3,2026-09-04T12:00:00,68
4,2026-09-04T12:00:00,68
5,2026-09-04T12:00:00,50
6,2026-09-04T12:00:00,61
7,2026-09-04T12:00:00,66
8,2026-09-04T12:00:00,56
9,2026-09-04T12:00:00,61
10,2026-09-04T12:00:00,57
11,2026-09-04T12:00:00,62
12,2026-09-04T12:00:00,63
13,2026-09-04T12:00:00,63
14,2026-09-04T12:00:00,55
15,2026-09-04T12:00:00,42
1,2026-09-04T13:00:00,55
2,2026-09-04T13:00:00,55
3,2026-09-04T13:00:00,64
4,2026-09-04T13:00:00,70
5,2026-09-04T13:00:00,45
6,2026-09-04T13:00:00,62
7,2026-09-04T13:00:00,75
8,2026-09-04T13:00:00,66
9,2026-09-04T13:00:00,63
10,2026-09-04T13:00:00,49
11,2026-09-04T13:00:00,65
12,2026-09-04T13:00:00,60
13,2026-09-04T13:00:00,54
14,2026-09-04T13:00:00,61
15,2026-09-04T13:00:00,45
1,2026-09-04T14:00:00,68
2,2026-09-04T14:00:00,61
3,2026-09-04T14:00:00,60
4,2026-09-04T14:00:00,68
5,2026-09-04T14:00:00,40
6,2026-09-04T14:00:00,62
7,2026-09-04T14:00:00,69
8,2026-09-04T14:00:00,61
9,2026-09-04T14:00:00,62
10,2026-09-04T14:00:00,51
11,2026-09-04T14:00:00,69
12,2026-09-04T14:00:00,68
13,2026-09-04T14:00:00,56
14,2026-09-04T14:00:00,55
15,2026-09-04T14:00:00,42
1,2026-09-04T15:00:00,69
2,2026-09-04T15:00:00,62
3,2026-09-04T15:00:00,66
4,2026-09-04T15:00:00,67
5,2026-09-04T15:00:00,51
6,2026-09-04T15:00:00,64
7,2026-09-04T15:00:00,65
8,2026-09-04T15:00:00,59
9,2026-09-04T15:00:00,58
10,2026-09-04T15:00:00,56
11,2026-09-04T15:00:00,57
12,2026-09-04T15:00:00,71
13,2026-09-04T15:00:00,54
14,2026-09-04T15:00:00,61
15,2026-09-04T15:00:00,47
1,2026-09-04T16:00:00,64
2,2026-09-04T16:00:00,60
3,2026-09-04T16:00:00,63
4,2026-09-04T16:00:00,65
5,2026-09-04T16:00:00,52
6,2026-09-04T16:00:00,67
7,2026-09-04T16:00:00,66
8,2026-09-04T16:00:00,55
9,2026-09-04T16:00:00,55
10,2026-09-04T16:00:00,58
11,2026-09-04T16:00:00,67
12,2026-09-04T16:00:00,65
13,2026-09-04T16:00:00,55
14,2026-09-04T16:00:00,60
15,2026-09-04T16:00:00,42
1,2026-09-04T17:00:00,62
2,2026-09-04T17:00:00,59
3,2026-09-04T17:00:00,63
4,2026-09-04T17:00:00,70
5,2026-09-04T17:00:00,48
6,2026-09-04T17:00:00,68
7,2026-09-04T17:00:00,66
8,2026-09-04T17:00:00,61
9,2026-09-04T17:00:00,60
10,2026-09-04T17:00:00,54
11,2026-09-04T17:00:00,66
12,2026-09-04T17:00:00,69
13,2026-09-04T17:00:00,61
14,2026-09-04T17:00:00,51
15,2026-09-04T17:00:00,49
1,2026-09-04T18:00:00,97
2,2026-09-04T18:00:00,92
3,2026-09-04T18:00:00,90
4,2026-09-04T18:00:00,98
5,2026-09-04T18:00:00,69
6,2026-09-04T18:00:00,98
7,2026-09-04T18:00:00,98
8,2026-09-04T18:00:00,84
9,2026-09-04T18:00:00,81
10,2026-09-04T18:00:00,82
11,2026-09-04T18:00:00,86
12,2026-09-04T18:00:00,98
13,2026-09-04T18:00:00,89
14,2026-09-04T18:00:00,84
15,2026-09-04T18:00:00,72
1,2026-09-04T19:00:00,98
2,2026-09-04T19:00:00,92
3,2026-09-04T19:00:00,97
4,2026-09-04T19:00:00,98
5,2026-09-04T19:00:00,71
6,2026-09-04T19:00:00,98
7,2026-09-04T19:00:00,96
8,2026-09-04T19:00:00,86
9,2026-09-04T19:00:00,84
10,2026-09-04T19:00:00,83
11,2026-09-04T19:00:00,91
12,2026-09-04T19:00:00,93
13,2026-09-04T19:00:00,86
14,2026-09-04T19:00:00,83
15,2026-09-04T19:00:00,72
1,2026-09-04T20:00:00,98
2,2026-09-04T20:00:00,89
3,2026-09-04T20:00:00,92
4,2026-09-04T20:00:00,98
5,2026-09-04T20:00:00,77
6,2026-09-04T20:00:00,93
7,2026-09-04T20:00:00,97
8,2026-09-04T20:00:00,91
9,2026-09-04T20:00:00,82
10,2026-09-04T20:00:00,85
11,2026-09-04T20:00:00,91
12,2026-09-04T20:00:00,97
13,2026-09-04T20:00:00,92
14,2026-09-04T20:00:00,88
15,2026-09-04T20:00:00,72
1,2026-09-04T21:00:00,90
2,2026-09-04T21:00:00,89
3,2026-09-04T21:00:00,87
4,2026-09-04T21:00:00,98
5,2026-09-04T21:00:00,65
6,2026-09-04T21:00:00,96
7,2026-09-04T21:00:00,98
8,2026-09-04T21:00:00,88
9,2026-09-04T21:00:00,90
10,2026-09-04T21:00:00,85
11,2026-09-04T21:00:00,96
12,2026-09-04T21:00:00,95
13,2026-09-04T21:00:00,86
14,2026-09-04T21:00:00,88
15,2026-09-04T21:00:00,80
1,2026-09-04T22:00:00,38
2,2026-09-04T22:00:00,40
3,2026-09-04T22:00:00,44
4,2026-09-04T22:00:00,53
5,2026-09-04T22:00:00,31
6,2026-09-04T22:00:00,49
7,2026-09-04T22:00:00,47
8,2026-09-04T22:00:00,43
9,2026-09-04T22:00:00,40
10,2026-09-04T22:00:00,38
11,2026-09-04T22:00:00,47
12,2026-09-04T22:00:00,41
13,2026-09-04T22:00:00,36
14,2026-09-04T22:00:00,43
15,2026-09-04T22:00:00,34
1,2026-09-04T23:00:00,53
2,2026-09-04T23:00:00,37
3,2026-09-04T23:00:00,37
4,2026-09-04T23:00:00,49
5,2026-09-04T23:00:00,30
6,2026-09-04T23:00:00,50
7,2026-09-04T23:00:00,38
8,2026-09-04T23:00:00,46
9,2026-09-04T23:00:00,45
10,2026-09-04T23:00:00,39
11,2026-09-04T23:00:00,33
12,2026-09-04T23:00:00,53
13,2026-09-04T23:00:00,42
14,2026-09-04T23:00:00,43
15,2026-09-04T23:00:00,31
1,2026-09-05T00:00:00,24
2,2026-09-05T00:00:00,17
3,2026-09-05T00:00:00,15
4,2026-09-05T00:00:00,15
5,2026-09-05T00:00:00,10
6,2026-09-05T00:00:00,15
7,2026-09-05T00:00:00,14
8,2026-09-05T00:00:00,16
9,2026-09-05T00:00:00,20
10,2026-09-05T00:00:00,14
11,2026-09-05T00:00:00,23
12,2026-09-05T00:00:00,29
13,2026-09-05T00:00:00,21
14,2026-09-05T00:00:00,17
15,2026-09-05T00:00:00,17
1,2026-09-05T01:00:00,19
2,2026-09-05T01:00:00,11
3,2026-09-05T01:00:00,21
4,2026-09-05T01:00:00,24
5,2026-09-05T01:00:00,18
6,2026-09-05T01:00:00,26
7,2026-09-05T01:00:00,22
8,2026-09-05T01:00:00,24
9,2026-09-05T01:00:00,19
10,2026-09-05T01:00:00,9
11,2026-09-05T01:00:00,15
12,2026-09-05T01:00:00,21
13,2026-09-05T01:00:00,17
14,2026-09-05T01:00:00,22
15,2026-09-05T01:00:00,17
1,2026-09-05T02:00:00,23
2,2026-09-05T02:00:00,20
3,2026-09-05T02:00:00,21
4,2026-09-05T02:00:00,22
5,2026-09-05T02:00:00,7
6,2026-09-05T02:00:00,15
7,2026-09-05T02:00:00,21
8,2026-09-05T02:00:00,24
9,2026-09-05T02:00:00,17
10,2026-09-05T02:00:00,14
11,2026-09-05T02:00:00,19
12,2026-09-05T02:00:00,17
13,2026-09-05T02:00:00,12
14,2026-09-05T02:00:00,24
15,2026-09-05T02:00:00,20
1,2026-09-05T03:00:00,21
2,2026-09-05T03:00:00,11
3,2026-09-05T03:00:00,17
4,2026-09-05T03:00:00,23
5,2026-09-05T03:00:00,19
6,2026-09-05T03:00:00,20
7,2026-09-05T03:00:00,21
8,2026-09-05T03:00:00,23
9,2026-09-05T03:00:00,19
10,2026-09-05T03:00:00,21
11,2026-09-05T03:00:00,20
12,2026-09-05T03:00:00,15
13,2026-09-05T03:00:00,18
14,2026-09-05T03:00:00,23
15,2026-09-05T03:00:00,17
1,2026-09-05T04:00:00,17
2,2026-09-05T04:00:00,24
3,2026-09-05T04:00:00,18
4,2026-09-05T04:00:00,21
5,2026-09-05T04:00:00,8
6,2026-09-05T04:00:00,21
7,2026-09-05T04:00:00,16
8,2026-09-05T04:00:00,26
9,2026-09-05T04:00:00,15
10,2026-09-05T04:00:00,25
11,2026-09-05T04:00:00,22
12,2026-09-05T04:00:00,7
13,2026-09-05T04:00:00,20
14,2026-09-05T04:00:00,16
15,2026-09-05T04:00:00,11
1,2026-09-05T05:00:00,15
2,2026-09-05T05:00:00,18
3,2026-09-05T05:00:00,25
4,2026-09-05T05:00:00,17
5,2026-09-05T05:00:00,5
6,2026-09-05T05:00:00,23
7,2026-09-05T05:00:00,25
8,2026-09-05T05:00:00,24
9,2026-09-05T05:00:00,8
10,2026-09-05T05:00:00,17
11,2026-09-05T05:00:00,18
12,2026-09-05T05:00:00,23
13,2026-09-05T05:00:00,18
14,2026-09-05T05:00:00,11
15,2026-09-05T05:00:00,16
1,2026-09-05T06:00:00,46
2,2026-09-05T06:00:00,44
3,2026-09-05T06:00:00,47
4,2026-09-05T06:00:00,50
5,2026-09-05T06:00:00,33
6,2026-09-05T06:00:00,43
7,2026-09-05T06:00:00,47
8,2026-09-05T06:00:00,48
9,2026-09-05T06:00:00,45
10,2026-09-05T06:00:00,41
11,2026-09-05T06:00:00,50
12,2026-09-05T06:00:00,45
13,2026-09-05T06:00:00,39
14,2026-09-05T06:00:00,41
15,2026-09-05T06:00:00,30
1,2026-09-05T07:00:00,48
2,2026-09-05T07:00:00,43
3,2026-09-05T07:00:00,47
4,2026-09-05T07:00:00,44
5,2026-09-05T07:00:00,36
6,2026-09-05T07:00:00,46
7,2026-09-05T07:00:00,48
8,2026-09-05T07:00:00,40
9,2026-09-05T07:00:00,43
10,2026-09-05T07:00:00,40
11,2026-09-05T07:00:00,45
12,2026-09-05T07:00:00,40
13,2026-09-05T07:00:00,47
14,2026-09-05T07:00:00,36
15,2026-09-05T07:00:00,31
1,2026-09-05T08:00:00,91
2,2026-09-05T08:00:00,83
3,2026-09-05T08:00:00,76
4,2026-09-05T08:00:00,88
5,2026-09-05T08:00:00,68
6,2026-09-05T08:00:00,98
7,2026-09-05T08:00:00,92
8,2026-09-05T08:00:00,81
9,2026-09-05T08:00:00,84
10,2026-09-05T08:00:00,82
11,2026-09-05T08:00:00,90
12,2026-09-05T08:00:00,89
13,2026-09-05T08:00:00,91
14,2026-09-05T08:00:00,79
15,2026-09-05T08:00:00,72
1,2026-09-05T09:00:00,92
2,2026-09-05T09:00:00,83
3,2026-09-05T09:00:00,84
4,2026-09-05T09:00:00,84
5,2026-09-05T09:00:00,68
6,2026-09-05T09:00:00,92
7,2026-09-05T09:00:00,98
8,2026-09-05T09:00:00,79
9,2026-09-05T09:00:00,83
10,2026-09-05T09:00:00,73
11,2026-09-05T09:00:00,83
12,2026-09-05T09:00:00,85
13,2026-09-05T09:00:00,76
14,2026-09-05T09:00:00,75
15,2026-09-05T09:00:00,68
1,2026-09-05T10:00:00,85
2,2026-09-05T10:00:00,81
3,2026-09-05T10:00:00,84
4,2026-09-05T10:00:00,96
5,2026-09-05T10:00:00,69
6,2026-09-05T10:00:00,95
7,2026-09-05T10:00:00,95
8,2026-09-05T10:00:00,86
9,2026-09-05T10:00:00,74
10,2026-09-05T10:00:00,79
11,2026-09-05T10:00:00,89
12,2026-09-05T10:00:00,90
13,2026-09-05T10:00:00,82
14,2026-09-05T10:00:00,79
15,2026-09-05T10:00:00,69
1,2026-09-05T11:00:00,61
2,2026-09-05T11:00:00,59
3,2026-09-05T11:00:00,56
4,2026-09-05T11:00:00,67
5,2026-09-05T11:00:00,49
6,2026-09-05T11:00:00,65
7,2026-09-05T11:00:00,66
8,2026-09-05T11:00:00,60
9,2026-09-05T11:00:00,59
10,2026-09-05T11:00:00,59
11,2026-09-05T11:00:00,67
12,2026-09-05T11:00:00,63
13,2026-09-05T11:00:00,64
14,2026-09-05T11:00:00,54
15,2026-09-05T11:00:00,43
1,2026-09-05T12:00:00,68
2,2026-09-05T12:00:00,64
3,2026-09-05T12:00:00,61
4,2026-09-05T12:00:00,72
5,2026-09-05T12:00:00,48
6,2026-09-05T12:00:00,65
7,2026-09-05T12:00:00,76
8,2026-09-05T12:00:00,55
9,2026-09-05T12:00:00,56
10,2026-09-05T12:00:00,52
11,2026-09-05T12:00:00,66
12,2026-09-05T12:00:00,65
13,2026-09-05T12:00:00,60
14,2026-09-05T12:00:00,64
15,2026-09-05T12:00:00,48
1,2026-09-05T13:00:00,66
2,2026-09-05T13:00:00,63
3,2026-09-05T13:00:00,68
4,2026-09-05T13:00:00,61
5,2026-09-05T13:00:00,54
6,2026-09-05T13:00:00,63
7,2026-09-05T13:00:00,64
8,2026-09-05T13:00:00,58
9,2026-09-05T13:00:00,54
10,2026-09-05T13:00:00,52
11,2026-09-05T13:00:00,62
12,2026-09-05T13:00:00,69
13,2026-09-05T13:00:00,56
14,2026-09-05T13:00:00,59
15,2026-09-05T13:00:00,47
1,2026-09-05T14:00:00,61
2,2026-09-05T14:00:00,56
3,2026-09-05T14:00:00,58
4,2026-09-05T14:00:00,63
5,2026-09-05T14:00:00,53
6,2026-09-05T14:00:00,64
7,2026-09-05T14:00:00,63
8,2026-09-05T14:00:00,60
9,2026-09-05T14:00:00,57
10,2026-09-05T14:00:00,55
11,2026-09-05T14:00:00,54
12,2026-09-05T14:00:00,67
13,2026-09-05T14:00:00,61
14,2026-09-05T14:00:00,52
15,2026-09-05T14:00:00,50
1,2026-09-05T15:00:00,62
2,2026-09-05T15:00:00,52
3,2026-09-05T15:00:00,62
4,2026-09-05T15:00:00,68
5,2026-09-05T15:00:00,56
6,2026-09-05T15:00:00,69
7,2026-09-05T15:00:00,73
8,2026-09-05T15:00:00,63
9,2026-09-05T15:00:00,53
10,2026-09-05T15:00:00,51
11,2026-09-05T15:00:00,64
12,2026-09-05T15:00:00,51
13,2026-09-05T15:00:00,59
14,2026-09-05T15:00:00,56
15,2026-09-05T15:00:00,46
1,2026-09-05T16:00:00,58
2,2026-09-05T16:00:00,70
3,2026-09-05T16:00:00,57
4,2026-09-05T16:00:00,60
5,2026-09-05T16:00:00,48
6,2026-09-05T16:00:00,55
7,2026-09-05T16:00:00,69
8,2026-09-05T16:00:00,64
9,2026-09-05T16:00:00,62
10,2026-09-05T16:00:00,53
11,2026-09-05T16:00:00,60
12,2026-09-05T16:00:00,73
13,2026-09-05T16:00:00,61
14,2026-09-05T16:00:00,59
15,2026-09-05T16:00:00,49
1,2026-09-05T17:00:00,65
2,2026-09-05T17:00:00,58
3,2026-09-05T17:00:00,57
4,2026-09-05T17:00:00,68
5,2026-09-05T17:00:00,49
6,2026-09-05T17:00:00,70
7,2026-09-05T17:00:00,64
8,2026-09-05T17:00:00,59
9,2026-09-05T17:00:00,54
10,2026-09-05T17:00:00,57
11,2026-09-05T17:00:00,63
12,2026-09-05T17:00:00,59
13,2026-09-05T17:00:00,66
14,2026-09-05T17:00:00,54
15,2026-09-05T17:00:00,43
1,2026-09-05T18:00:00,95
2,2026-09-05T18:00:00,90
3,2026-09-05T18:00:00,94
4,2026-09-05T18:00:00,98
5,2026-09-05T18:00:00,68
6,2026-09-05T18:00:00,98
7,2026-09-05T18:00:00,98
8,2026-09-05T18:00:00,97
9,2026-09-05T18:00:00,84
10,2026-09-05T18:00:00,84
11,2026-09-05T18:00:00,86
12,2026-09-05T18:00:00,97
13,2026-09-05T18:00:00,91
14,2026-09-05T18:00:00,85
15,2026-09-05T18:00:00,70
1,2026-09-05T19:00:00,90
2,2026-09-05T19:00:00,98
3,2026-09-05T19:00:00,93
4,2026-09-05T19:00:00,93
5,2026-09-05T19:00:00,74
6,2026-09-05T19:00:00,98
7,2026-09-05T19:00:00,98
8,2026-09-05T19:00:00,91
9,2026-09-05T19:00:00,82
10,2026-09-05T19:00:00,76
11,2026-09-05T19:00:00,97
12,2026-09-05T19:00:00,95
13,2026-09-05T19:00:00,95
14,2026-09-05T19:00:00,81
15,2026-09-05T19:00:00,63
1,2026-09-05T20:00:00,98
2,2026-09-05T20:00:00,89
3,2026-09-05T20:00:00,92
4,2026-09-05T20:00:00,98
5,2026-09-05T20:00:00,69
6,2026-09-05T20:00:00,95
7,2026-09-05T20:00:00,93
8,2026-09-05T20:00:00,86
9,2026-09-05T20:00:00,85
10,2026-09-05T20:00:00,76
11,2026-09-05T20:00:00,98
12,2026-09-05T20:00:00,92
13,2026-09-05T20:00:00,96
14,2026-09-05T20:00:00,90
15,2026-09-05T20:00:00,71
1,2026-09-05T21:00:00,98
2,2026-09-05T21:00:00,88
3,2026-09-05T21:00:00,91
4,2026-09-05T21:00:00,98
5,2026-09-05T21:00:00,73
6,2026-09-05T21:00:00,94
7,2026-09-05T21:00:00,98
8,2026-09-05T21:00:00,90
9,2026-09-05T21:00:00,84
10,2026-09-05T21:00:00,84
11,2026-09-05T21:00:00,86
12,2026-09-05T21:00:00,96
13,2026-09-05T21:00:00,86
14,2026-09-05T21:00:00,78
15,2026-09-05T21:00:00,72
1,2026-09-05T22:00:00,57
2,2026-09-05T22:00:00,34
3,2026-09-05T22:00:00,41
4,2026-09-05T22:00:00,49
5,2026-09-05T22:00:00,42
6,2026-09-05T22:00:00,45
7,2026-09-05T22:00:00,44
8,2026-09-05T22:00:00,36
9,2026-09-05T22:00:00,39
10,2026-09-05T22:00:00,36
11,2026-09-05T22:00:00,48
12,2026-09-05T22:00:00,44
13,2026-09-05T22:00:00,42
14,2026-09-05T22:00:00,39
15,2026-09-05T22:00:00,32
1,2026-09-05T23:00:00,59
2,2026-09-05T23:00:00,41
3,2026-09-05T23:00:00,43
4,2026-09-05T23:00:00,50
5,2026-09-05T23:00:00,29
6,2026-09-05T23:00:00,49
7,2026-09-05T23:00:00,45
8,2026-09-05T23:00:00,46
9,2026-09-05T23:00:00,36
10,2026-09-05T23:00:00,40
11,2026-09-05T23:00:00,34
12,2026-09-05T23:00:00,41
13,2026-09-05T23:00:00,41
14,2026-09-05T23:00:00,35
15,2026-09-05T23:00:00,36
1,2026-09-06T00:00:00,28
2,2026-09-06T00:00:00,12
3,2026-09-06T00:00:00,29
4,2026-09-06T00:00:00,19
5,2026-09-06T00:00:00,13
6,2026-09-06T00:00:00,21
7,2026-09-06T00:00:00,24
8,2026-09-06T00:00:00,20
9,2026-09-06T00:00:00,15
10,2026-09-06T00:00:00,17
11,2026-09-06T00:00:00,16
12,2026-09-06T00:00:00,18
13,2026-09-06T00:00:00,16
14,2026-09-06T00:00:00,18
15,2026-09-06T00:00:00,13
1,2026-09-06T01:00:00,24
2,2026-09-06T01:00:00,14
3,2026-09-06T01:00:00,16
4,2026-09-06T01:00:00,20
5,2026-09-06T01:00:00,14
6,2026-09-06T01:00:00,22
7,2026-09-06T01:00:00,27
8,2026-09-06T01:00:00,15
9,2026-09-06T01:00:00,19
10,2026-09-06T01:00:00,20
11,2026-09-06T01:00:00,24
12,2026-09-06T01:00:00,17
13,2026-09-06T01:00:00,23
14,2026-09-06T01:00:00,13
15,2026-09-06T01:00:00,15
1,2026-09-06T02:00:00,32
2,2026-09-06T02:00:00,26
3,2026-09-06T02:00:00,12
4,2026-09-06T02:00:00,28
5,2026-09-06T02:00:00,10
6,2026-09-06T02:00:00,18
7,2026-09-06T02:00:00,20
8,2026-09-06T02:00:00,19
9,2026-09-06T02:00:00,21
10,2026-09-06T02:00:00,21
11,2026-09-06T02:00:00,22
12,2026-09-06T02:00:00,21
13,2026-09-06T02:00:00,27
14,2026-09-06T02:00:00,11
15,2026-09-06T02:00:00,24
1,2026-09-06T03:00:00,30
2,2026-09-06T03:00:00,17
3,2026-09-06T03:00:00,16
4,2026-09-06T03:00:00,18
5,2026-09-06T03:00:00,7
6,2026-09-06T03:00:00,15
7,2026-09-06T03:00:00,27
8,2026-09-06T03:00:00,13
9,2026-09-06T03:00:00,19
10,2026-09-06T03:00:00,18
11,2026-09-06T03:00:00,24
12,2026-09-06T03:00:00,16
13,2026-09-06T03:00:00,21
14,2026-09-06T03:00:00,18
15,2026-09-06T03:00:00,15
1,2026-09-06T04:00:00,31
2,2026-09-06T04:00:00,13
3,2026-09-06T04:00:00,20
4,2026-09-06T04:00:00,24
5,2026-09-06T04:00:00,12
6,2026-09-06T04:00:00,22
7,2026-09-06T04:00:00,19
8,2026-09-06T04:00:00,16
9,2026-09-06T04:00:00,14
10,2026-09-06T04:00:00,24
11,2026-09-06T04:00:00,22
12,2026-09-06T04:00:00,27
13,2026-09-06T04:00:00,15
14,2026-09-06T04:00:00,13
15,2026-09-06T04:00:00,13
1,2026-09-06T05:00:00,18
2,2026-09-06T05:00:00,19
3,2026-09-06T05:00:00,16
4,2026-09-06T05:00:00,25
5,2026-09-06T05:00:00,17
6,2026-09-06T05:00:00,16
7,2026-09-06T05:00:00,18
8,2026-09-06T05:00:00,16
9,2026-09-06T05:00:00,16
10,2026-09-06T05:00:00,24
11,2026-09-06T05:00:00,17
12,2026-09-06T05:00:00,20
13,2026-09-06T05:00:00,16
14,2026-09-06T05:00:00,19
15,2026-09-06T05:00:00,14
1,2026-09-06T06:00:00,40
2,2026-09-06T06:00:00,34
3,2026-09-06T06:00:00,48
4,2026-09-06T06:00:00,46
5,2026-09-06T06:00:00,38
6,2026-09-06T06:00:00,46
7,2026-09-06T06:00:00,44
8,2026-09-06T06:00:00,45
9,2026-09-06T06:00:00,42
10,2026-09-06T06:00:00,45
11,2026-09-06T06:00:00,42
12,2026-09-06T06:00:00,43
13,2026-09-06T06:00:00,39
14,2026-09-06T06:00:00,43
15,2026-09-06T06:00:00,27
1,2026-09-06T07:00:00,45
2,2026-09-06T07:00:00,32
3,2026-09-06T07:00:00,42
4,2026-09-06T07:00:00,52
5,2026-09-06T07:00:00,36
6,2026-09-06T07:00:00,46
7,2026-09-06T07:00:00,48
8,2026-09-06T07:00:00,48
9,2026-09-06T07:00:00,40
10,2026-09-06T07:00:00,35
11,2026-09-06T07:00:00,53
12,2026-09-06T07:00:00,46
13,2026-09-06T07:00:00,51
14,2026-09-06T07:00:00,41
15,2026-09-06T07:00:00,27
1,2026-09-06T08:00:00,90
2,2026-09-06T08:00:00,94
3,2026-09-06T08:00:00,87
4,2026-09-06T08:00:00,95
5,2026-09-06T08:00:00,66
6,2026-09-06T08:00:00,88
7,2026-09-06T08:00:00,92
8,2026-09-06T08:00:00,80
9,2026-09-06T08:00:00,74
10,2026-09-06T08:00:00,81
11,2026-09-06T08:00:00,98
12,2026-09-06T08:00:00,91
13,2026-09-06T08:00:00,80
14,2026-09-06T08:00:00,74
15,2026-09-06T08:00:00,73
1,2026-09-06T09:00:00,89
2,2026-09-06T09:00:00,88
3,2026-09-06T09:00:00,82
4,2026-09-06T09:00:00,95
5,2026-09-06T09:00:00,59
6,2026-09-06T09:00:00,89
7,2026-09-06T09:00:00,95
8,2026-09-06T09:00:00,82
9,2026-09-06T09:00:00,84
10,2026-09-06T09:00:00,80
11,2026-09-06T09:00:00,91
12,2026-09-06T09:00:00,87
13,2026-09-06T09:00:00,84
14,2026-09-06T09:00:00,79
15,2026-09-06T09:00:00,62
1,2026-09-06T10:00:00,93
2,2026-09-06T10:00:00,80
3,2026-09-06T10:00:00,81
4,2026-09-06T10:00:00,91
5,2026-09-06T10:00:00,62
6,2026-09-06T10:00:00,93
7,2026-09-06T10:00:00,98
8,2026-09-06T10:00:00,86
9,2026-09-06T10:00:00,83
10,2026-09-06T10:00:00,74
11,2026-09-06T10:00:00,87
12,2026-09-06T10:00:00,90
13,2026-09-06T10:00:00,83
14,2026-09-06T10:00:00,75
15,2026-09-06T10:00:00,72
1,2026-09-06T11:00:00,62
2,2026-09-06T11:00:00,68
3,2026-09-06T11:00:00,58
4,2026-09-06T11:00:00,66
5,2026-09-06T11:00:00,44
6,2026-09-06T11:00:00,62
7,2026-09-06T11:00:00,63
8,2026-09-06T11:00:00,62
9,2026-09-06T11:00:00,59
10,2026-09-06T11:00:00,54
11,2026-09-06T11:00:00,69
12,2026-09-06T11:00:00,61
13,2026-09-06T11:00:00,62
14,2026-09-06T11:00:00,58
15,2026-09-06T11:00:00,50
1,2026-09-06T12:00:00,64
2,2026-09-06T12:00:00,56
3,2026-09-06T12:00:00,66
4,2026-09-06T12:00:00,64
5,2026-09-06T12:00:00,54
6,2026-09-06T12:00:00,69
7,2026-09-06T12:00:00,73
8,2026-09-06T12:00:00,63
9,2026-09-06T12:00:00,59
10,2026-09-06T12:00:00,52
11,2026-09-06T12:00:00,66
12,2026-09-06T12:00:00,66
13,2026-09-06T12:00:00,52
14,2026-09-06T12:00:00,56
15,2026-09-06T12:00:00,46
1,2026-09-06T13:00:00,65
2,2026-09-06T13:00:00,53
3,2026-09-06T13:00:00,65
4,2026-09-06T13:00:00,63
5,2026-09-06T13:00:00,52
6,2026-09-06T13:00:00,64
7,2026-09-06T13:00:00,60
8,2026-09-06T13:00:00,50
9,2026-09-06T13:00:00,60
10,2026-09-06T13:00:00,58
11,2026-09-06T13:00:00,69
12,2026-09-06T13:00:00,70
13,2026-09-06T13:00:00,56
14,2026-09-06T13:00:00,55
15,2026-09-06T13:00:00,52
1,2026-09-06T14:00:00,66
2,2026-09-06T14:00:00,61
3,2026-09-06T14:00:00,65
4,2026-09-06T14:00:00,69
5,2026-09-06T14:00:00,48
6,2026-09-06T14:00:00,60
7,2026-09-06T14:00:00,64
8,2026-09-06T14:00:00,56
9,2026-09-06T14:00:00,61
10,2026-09-06T14:00:00,56
11,2026-09-06T14:00:00,66
12,2026-09-06T14:00:00,66
13,2026-09-06T14:00:00,59
14,2026-09-06T14:00:00,51
15,2026-09-06T14:00:00,49
1,2026-09-06T15:00:00,71
2,2026-09-06T15:00:00,53
3,2026-09-06T15:00:00,60
4,2026-09-06T15:00:00,62
5,2026-09-06T15:00:00,48
6,2026-09-06T15:00:00,61
7,2026-09-06T15:00:00,70
8,2026-09-06T15:00:00,57
9,2026-09-06T15:00:00,57
10,2026-09-06T15:00:00,54
11,2026-09-06T15:00:00,67
12,2026-09-06T15:00:00,68
13,2026-09-06T15:00:00,58
14,2026-09-06T15:00:00,61
15,2026-09-06T15:00:00,52
1,2026-09-06T16:00:00,65
2,2026-09-06T16:00:00,55
3,2026-09-06T16:00:00,62
4,2026-09-06T16:00:00,63
5,2026-09-06T16:00:00,45
6,2026-09-06T16:00:00,71
7,2026-09-06T16:00:00,69
8,2026-09-06T16:00:00,66
9,2026-09-06T16:00:00,58
10,2026-09-06T16:00:00,57
11,2026-09-06T16:00:00,63
12,2026-09-06T16:00:00,65
13,2026-09-06T16:00:00,59
14,2026-09-06T16:00:00,51
15,2026-09-06T16:00:00,51
1,2026-09-06T17:00:00,60
2,2026-09-06T17:00:00,62
3,2026-09-06T17:00:00,57
4,2026-09-06T17:00:00,71
5,2026-09-06T17:00:00,53
6,2026-09-06T17:00:00,70
7,2026-09-06T17:00:00,70
8,2026-09-06T17:00:00,62
9,2026-09-06T17:00:00,52
10,2026-09-06T17:00:00,54
11,2026-09-06T17:00:00,58
12,2026-09-06T17:00:00,68
13,2026-09-06T17:00:00,60
14,2026-09-06T17:00:00,60
15,2026-09-06T17:00:00,43
1,2026-09-06T18:00:00,92
2,2026-09-06T18:00:00,92
3,2026-09-06T18:00:00,95
4,2026-09-06T18:00:00,98
5,2026-09-06T18:00:00,78
6,2026-09-06T18:00:00,98
7,2026-09-06T18:00:00,98
8,2026-09-06T18:00:00,91
9,2026-09-06T18:00:00,81
10,2026-09-06T18:00:00,90
11,2026-09-06T18:00:00,94
12,2026-09-06T18:00:00,98
13,2026-09-06T18:00:00,91
14,2026-09-06T18:00:00,81
15,2026-09-06T18:00:00,73
1,2026-09-06T19:00:00,96
2,2026-09-06T19:00:00,91
3,2026-09-06T19:00:00,88
4,2026-09-06T19:00:00,98
5,2026-09-06T19:00:00,69
6,2026-09-06T19:00:00,97
7,2026-09-06T19:00:00,97
8,2026-09-06T19:00:00,91
9,2026-09-06T19:00:00,84
10,2026-09-06T19:00:00,80
11,2026-09-06T19:00:00,98
12,2026-09-06T19:00:00,93
13,2026-09-06T19:00:00,96
14,2026-09-06T19:00:00,84
15,2026-09-06T19:00:00,67
1,2026-09-06T20:00:00,94
2,2026-09-06T20:00:00,97
3,2026-09-06T20:00:00,88
4,2026-09-06T20:00:00,94
5,2026-09-06T20:00:00,76
6,2026-09-06T20:00:00,92
7,2026-09-06T20:00:00,98
8,2026-09-06T20:00:00,92
9,2026-09-06T20:00:00,87
10,2026-09-06T20:00:00,79
11,2026-09-06T20:00:00,98
12,2026-09-06T20:00:00,86
13,2026-09-06T20:00:00,82
14,2026-09-06T20:00:00,88
15,2026-09-06T20:00:00,68
1,2026-09-06T21:00:00,95
2,2026-09-06T21:00:00,82
3,2026-09-06T21:00:00,88
4,2026-09-06T21:00:00,98
5,2026-09-06T21:00:00,63
6,2026-09-06T21:00:00,97
7,2026-09-06T21:00:00,95
8,2026-09-06T21:00:00,88
9,2026-09-06T21:00:00,85
10,2026-09-06T21:00:00,79
11,2026-09-06T21:00:00,98
12,2026-09-06T21:00:00,96
13,2026-09-06T21:00:00,89
14,2026-09-06T21:00:00,81
15,2026-09-06T21:00:00,66
1,2026-09-06T22:00:00,50
2,2026-09-06T22:00:00,41
3,2026-09-06T22:00:00,40
4,2026-09-06T22:00:00,43
5,2026-09-06T22:00:00,37
6,2026-09-06T22:00:00,42
7,2026-09-06T22:00:00,47
8,2026-09-06T22:00:00,38
9,2026-09-06T22:00:00,37
10,2026-09-06T22:00:00,39
11,2026-09-06T22:00:00,45
12,2026-09-06T22:00:00,43
13,2026-09-06T22:00:00,48
14,2026-09-06T22:00:00,40
15,2026-09-06T22:00:00,37
1,2026-09-06T23:00:00,50
2,2026-09-06T23:00:00,39
3,2026-09-06T23:00:00,47
4,2026-09-06T23:00:00,47
5,2026-09-06T23:00:00,31
6,2026-09-06T23:00:00,49
7,2026-09-06T23:00:00,38
8,2026-09-06T23:00:00,45
9,2026-09-06T23:00:00,44
10,2026-09-06T23:00:00,39
11,2026-09-06T23:00:00,48
12,2026-09-06T23:00:00,43
13,2026-09-06T23:00:00,45
14,2026-09-06T23:00:00,37
15,2026-09-06T23:00:00,33
1,2026-09-07T00:00:00,20
2,2026-09-07T00:00:00,18
3,2026-09-07T00:00:00,17
4,2026-09-07T00:00:00,22
5,2026-09-07T00:00:00,11
6,2026-09-07T00:00:00,16
7,2026-09-07T00:00:00,26
8,2026-09-07T00:00:00,14
9,2026-09-07T00:00:00,20
10,2026-09-07T00:00:00,17
11,2026-09-07T00:00:00,24
12,2026-09-07T00:00:00,21
13,2026-09-07T00:00:00,13
14,2026-09-07T00:00:00,25
15,2026-09-07T00:00:00,18
1,2026-09-07T01:00:00,24
2,2026-09-07T01:00:00,17
3,2026-09-07T01:00:00,19
4,2026-09-07T01:00:00,23
5,2026-09-07T01:00:00,17
6,2026-09-07T01:00:00,17
7,2026-09-07T01:00:00,26
8,2026-09-07T01:00:00,12
9,2026-09-07T01:00:00,21
10,2026-09-07T01:00:00,23
11,2026-09-07T01:00:00,15
12,2026-09-07T01:00:00,25
13,2026-09-07T01:00:00,13
14,2026-09-07T01:00:00,14
15,2026-09-07T01:00:00,18
1,2026-09-07T02:00:00,23
2,2026-09-07T02:00:00,14
3,2026-09-07T02:00:00,19
4,2026-09-07T02:00:00,20
5,2026-09-07T02:00:00,13
6,2026-09-07T02:00:00,27
7,2026-09-07T02:00:00,22
8,2026-09-07T02:00:00,19
9,2026-09-07T02:00:00,19
10,2026-09-07T02:00:00,20
11,2026-09-07T02:00:00,18
12,2026-09-07T02:00:00,20
13,2026-09-07T02:00:00,26
14,2026-09-07T02:00:00,18
15,2026-09-07T02:00:00,19
1,2026-09-07T03:00:00,23
2,2026-09-07T03:00:00,21
3,2026-09-07T03:00:00,16
4,2026-09-07T03:00:00,21
5,2026-09-07T03:00:00,15
6,2026-09-07T03:00:00,10
7,2026-09-07T03:00:00,23
8,2026-09-07T03:00:00,18
9,2026-09-07T03:00:00,22
10,2026-09-07T03:00:00,21
11,2026-09-07T03:00:00,20
12,2026-09-07T03:00:00,14
13,2026-09-07T03:00:00,22
14,2026-09-07T03:00:00,20
15,2026-09-07T03:00:00,17
1,2026-09-07T04:00:00,14
2,2026-09-07T04:00:00,21
3,2026-09-07T04:00:00,20
4,2026-09-07T04:00:00,24
5,2026-09-07T04:00:00,18
6,2026-09-07T04:00:00,22
7,2026-09-07T04:00:00,18
8,2026-09-07T04:00:00,13
9,2026-09-07T04:00:00,23
10,2026-09-07T04:00:00,10
11,2026-09-07T04:00:00,15
12,2026-09-07T04:00:00,27
13,2026-09-07T04:00:00,12
14,2026-09-07T04:00:00,14
15,2026-09-07T04:00:00,19
1,2026-09-07T05:00:00,16
2,2026-09-07T05:00:00,20
3,2026-09-07T05:00:00,21
4,2026-09-07T05:00:00,25
5,2026-09-07T05:00:00,8
6,2026-09-07T05:00:00,24
7,2026-09-07T05:00:00,17
8,2026-09-07T05:00:00,24
9,2026-09-07T05:00:00,16
10,2026-09-07T05:00:00,14
11,2026-09-07T05:00:00,21
12,2026-09-07T05:00:00,19
13,2026-09-07T05:00:00,16
14,2026-09-07T05:00:00,18
15,2026-09-07T05:00:00,10
1,2026-09-07T06:00:00,47
2,2026-09-07T06:00:00,47
3,2026-09-07T06:00:00,43
4,2026-09-07T06:00:00,42
5,2026-09-07T06:00:00,38
6,2026-09-07T06:00:00,43
7,2026-09-07T06:00:00,50
8,2026-09-07T06:00:00,45
9,2026-09-07T06:00:00,41
10,2026-09-07T06:00:00,39
11,2026-09-07T06:00:00,48
12,2026-09-07T06:00:00,43
13,2026-09-07T06:00:00,40
14,2026-09-07T06:00:00,44
15,2026-09-07T06:00:00,33
1,2026-09-07T07:00:00,42
2,2026-09-07T07:00:00,39
3,2026-09-07T07:00:00,44
4,2026-09-07T07:00:00,44
5,2026-09-07T07:00:00,33
6,2026-09-07T07:00:00,43
7,2026-09-07T07:00:00,54
8,2026-09-07T07:00:00,45
9,2026-09-07T07:00:00,43
10,2026-09-07T07:00:00,42
11,2026-09-07T07:00:00,41
12,2026-09-07T07:00:00,45
13,2026-09-07T07:00:00,44
14,2026-09-07T07:00:00,38
15,2026-09-07T07:00:00,35
1,2026-09-07T08:00:00,93
2,2026-09-07T08:00:00,77
3,2026-09-07T08:00:00,84
4,2026-09-07T08:00:00,98
5,2026-09-07T08:00:00,70
6,2026-09-07T08:00:00,98
7,2026-09-07T08:00:00,98
8,2026-09-07T08:00:00,85
9,2026-09-07T08:00:00,77
10,2026-09-07T08:00:00,77
11,2026-09-07T08:00:00,98
12,2026-09-07T08:00:00,85
13,2026-09-07T08:00:00,86
14,2026-09-07T08:00:00,73
15,2026-09-07T08:00:00,64
1,2026-09-07T09:00:00,85
2,2026-09-07T09:00:00,79
3,2026-09-07T09:00:00,85
4,2026-09-07T09:00:00,95
5,2026-09-07T09:00:00,65
6,2026-09-07T09:00:00,91
7,2026-09-07T09:00:00,96
8,2026-09-07T09:00:00,84
9,2026-09-07T09:00:00,83
10,2026-09-07T09:00:00,79
11,2026-09-07T09:00:00,87
12,2026-09-07T09:00:00,94
13,2026-09-07T09:00:00,87
14,2026-09-07T09:00:00,74
15,2026-09-07T09:00:00,65
1,2026-09-07T10:00:00,90
2,2026-09-07T10:00:00,80
3,2026-09-07T10:00:00,81
4,2026-09-07T10:00:00,84
5,2026-09-07T10:00:00,67
6,2026-09-07T10:00:00,84
7,2026-09-07T10:00:00,89
8,2026-09-07T10:00:00,79
9,2026-09-07T10:00:00,78
10,2026-09-07T10:00:00,79
11,2026-09-07T10:00:00,92
12,2026-09-07T10:00:00,89
13,2026-09-07T10:00:00,79
14,2026-09-07T10:00:00,80
15,2026-09-07T10:00:00,70
1,2026-09-07T11:00:00,66
2,2026-09-07T11:00:00,52
3,2026-09-07T11:00:00,59
4,2026-09-07T11:00:00,68
5,2026-09-07T11:00:00,52
6,2026-09-07T11:00:00,61
7,2026-09-07T11:00:00,62
8,2026-09-07T11:00:00,56
9,2026-09-07T11:00:00,55
10,2026-09-07T11:00:00,55
11,2026-09-07T11:00:00,67
12,2026-09-07T11:00:00,60
13,2026-09-07T11:00:00,62
14,2026-09-07T11:00:00,61
15,2026-09-07T11:00:00,47
1,2026-09-07T12:00:00,64
2,2026-09-07T12:00:00,56
3,2026-09-07T12:00:00,66
4,2026-09-07T12:00:00,72
5,2026-09-07T12:00:00,54
6,2026-09-07T12:00:00,59
7,2026-09-07T12:00:00,66
8,2026-09-07T12:00:00,67
9,2026-09-07T12:00:00,69
10,2026-09-07T12:00:00,49
11,2026-09-07T12:00:00,62
12,2026-09-07T12:00:00,66
13,2026-09-07T12:00:00,60
14,2026-09-07T12:00:00,65
15,2026-09-07T12:00:00,49
1,2026-09-07T13:00:00,61
2,2026-09-07T13:00:00,54
3,2026-09-07T13:00:00,59
4,2026-09-07T13:00:00,72
5,2026-09-07T13:00:00,52
6,2026-09-07T13:00:00,66
7,2026-09-07T13:00:00,68
8,2026-09-07T13:00:00,62
9,2026-09-07T13:00:00,59
10,2026-09-07T13:00:00,57
11,2026-09-07T13:00:00,73
12,2026-09-07T13:00:00,64
13,2026-09-07T13:00:00,58
14,2026-09-07T13:00:00,61
15,2026-09-07T13:00:00,45
1,2026-09-07T14:00:00,63
2,2026-09-07T14:00:00,57
3,2026-09-07T14:00:00,62
4,2026-09-07T14:00:00,61
5,2026-09-07T14:00:00,55
6,2026-09-07T14:00:00,66
7,2026-09-07T14:00:00,66
8,2026-09-07T14:00:00,60
9,2026-09-07T14:00:00,59
10,2026-09-07T14:00:00,58
11,2026-09-07T14:00:00,65
12,2026-09-07T14:00:00,66
13,2026-09-07T14:00:00,67
14,2026-09-07T14:00:00,56
15,2026-09-07T14:00:00,52
1,2026-09-07T15:00:00,62
2,2026-09-07T15:00:00,59
3,2026-09-07T15:00:00,64
4,2026-09-07T15:00:00,65
5,2026-09-07T15:00:00,46
6,2026-09-07T15:00:00,67
7,2026-09-07T15:00:00,69
8,2026-09-07T15:00:00,64
9,2026-09-07T15:00:00,50
10,2026-09-07T15:00:00,51
11,2026-09-07T15:00:00,65
12,2026-09-07T15:00:00,65
13,2026-09-07T15:00:00,60
14,2026-09-07T15:00:00,58
15,2026-09-07T15:00:00,43
1,2026-09-07T16:00:00,65
2,2026-09-07T16:00:00,63
3,2026-09-07T16:00:00,56
4,2026-09-07T16:00:00,61
5,2026-09-07T16:00:00,41
6,2026-09-07T16:00:00,63
7,2026-09-07T16:00:00,67
8,2026-09-07T16:00:00,62
9,2026-09-07T16:00:00,51
10,2026-09-07T16:00:00,56
11,2026-09-07T16:00:00,67
12,2026-09-07T16:00:00,66
13,2026-09-07T16:00:00,57
14,2026-09-07T16:00:00,58
15,2026-09-07T16:00:00,49
1,2026-09-07T17:00:00,63
2,2026-09-07T17:00:00,60
3,2026-09-07T17:00:00,65
4,2026-09-07T17:00:00,69
5,2026-09-07T17:00:00,54
6,2026-09-07T17:00:00,61
7,2026-09-07T17:00:00,69
8,2026-09-07T17:00:00,61
9,2026-09-07T17:00:00,51
10,2026-09-07T17:00:00,53
11,2026-09-07T17:00:00,64
12,2026-09-07T17:00:00,70
13,2026-09-07T17:00:00,61
14,2026-09-07T17:00:00,55
15,2026-09-07T17:00:00,43
1,2026-09-07T18:00:00,98
2,2026-09-07T18:00:00,86
3,2026-09-07T18:00:00,92
4,2026-09-07T18:00:00,97
5,2026-09-07T18:00:00,75
6,2026-09-07T18:00:00,98
7,2026-09-07T18:00:00,98
8,2026-09-07T18:00:00,95
9,2026-09-07T18:00:00,88
10,2026-09-07T18:00:00,80
11,2026-09-07T18:00:00,97
12,2026-09-07T18:00:00,94
13,2026-09-07T18:00:00,82
14,2026-09-07T18:00:00,87
15,2026-09-07T18:00:00,71
1,2026-09-07T19:00:00,90
2,2026-09-07T19:00:00,86
3,2026-09-07T19:00:00,89
4,2026-09-07T19:00:00,98
5,2026-09-07T19:00:00,63
6,2026-09-07T19:00:00,98
7,2026-09-07T19:00:00,98
8,2026-09-07T19:00:00,90
9,2026-09-07T19:00:00,91
10,2026-09-07T19:00:00,80
11,2026-09-07T19:00:00,89
12,2026-09-07T19:00:00,93
13,2026-09-07T19:00:00,85
14,2026-09-07T19:00:00,83
15,2026-09-07T19:00:00,69
1,2026-09-07T20:00:00,94
2,2026-09-07T20:00:00,85
3,2026-09-07T20:00:00,82
4,2026-09-07T20:00:00,96
5,2026-09-07T20:00:00,76
6,2026-09-07T20:00:00,98
7,2026-09-07T20:00:00,98
8,2026-09-07T20:00:00,86
9,2026-09-07T20:00:00,89
10,2026-09-07T20:00:00,80
11,2026-09-07T20:00:00,97
12,2026-09-07T20:00:00,96
13,2026-09-07T20:00:00,88
14,2026-09-07T20:00:00,79
15,2026-09-07T20:00:00,75
1,2026-09-07T21:00:00,95
2,2026-09-07T21:00:00,88
3,2026-09-07T21:00:00,95
4,2026-09-07T21:00:00,96
5,2026-09-07T21:00:00,72
6,2026-09-07T21:00:00,94
7,2026-09-07T21:00:00,98
8,2026-09-07T21:00:00,88
9,2026-09-07T21:00:00,88
10,2026-09-07T21:00:00,79
11,2026-09-07T21:00:00,92
12,2026-09-07T21:00:00,98
13,2026-09-07T21:00:00,88
14,2026-09-07T21:00:00,81
15,2026-09-07T21:00:00,66
1,2026-09-07T22:00:00,45
2,2026-09-07T22:00:00,42
3,2026-09-07T22:00:00,42
4,2026-09-07T22:00:00,41
5,2026-09-07T22:00:00,28
6,2026-09-07T22:00:00,48
7,2026-09-07T22:00:00,42
8,2026-09-07T22:00:00,42
9,2026-09-07T22:00:00,41
10,2026-09-07T22:00:00,36
11,2026-09-07T22:00:00,39
12,2026-09-07T22:00:00,48
13,2026-09-07T22:00:00,42
14,2026-09-07T22:00:00,38
15,2026-09-07T22:00:00,24
1,2026-09-07T23:00:00,38
2,2026-09-07T23:00:00,47
3,2026-09-07T23:00:00,39
4,2026-09-07T23:00:00,49
5,2026-09-07T23:00:00,31
6,2026-09-07T23:00:00,44
7,2026-09-07T23:00:00,51
8,2026-09-07T23:00:00,34
9,2026-09-07T23:00:00,39
10,2026-09-07T23:00:00,32
11,2026-09-07T23:00:00,42
12,2026-09-07T23:00:00,48
13,2026-09-07T23:00:00,43
14,2026-09-07T23:00:00,43
15,2026-09-07T23:00:00,34
1,2026-09-08T00:00:00,19
2,2026-09-08T00:00:00,26
3,2026-09-08T00:00:00,27
4,2026-09-08T00:00:00,22
5,2026-09-08T00:00:00,9
6,2026-09-08T00:00:00,25
7,2026-09-08T00:00:00,26
8,2026-09-08T00:00:00,23
9,2026-09-08T00:00:00,14
10,2026-09-08T00:00:00,20
11,2026-09-08T00:00:00,23
12,2026-09-08T00:00:00,19
13,2026-09-08T00:00:00,23
14,2026-09-08T00:00:00,15
15,2026-09-08T00:00:00,11
1,2026-09-08T01:00:00,19
2,2026-09-08T01:00:00,17
3,2026-09-08T01:00:00,15
4,2026-09-08T01:00:00,23
5,2026-09-08T01:00:00,20
6,2026-09-08T01:00:00,14
7,2026-09-08T01:00:00,20
8,2026-09-08T01:00:00,14
9,2026-09-08T01:00:00,13
10,2026-09-08T01:00:00,19
11,2026-09-08T01:00:00,22
12,2026-09-08T01:00:00,24
13,2026-09-08T01:00:00,20
14,2026-09-08T01:00:00,14
15,2026-09-08T01:00:00,16
1,2026-09-08T02:00:00,27
2,2026-09-08T02:00:00,8
3,2026-09-08T02:00:00,22
4,2026-09-08T02:00:00,21
5,2026-09-08T02:00:00,17
6,2026-09-08T02:00:00,16
7,2026-09-08T02:00:00,16
8,2026-09-08T02:00:00,24
9,2026-09-08T02:00:00,15
10,2026-09-08T02:00:00,23
11,2026-09-08T02:00:00,26
12,2026-09-08T02:00:00,20
13,2026-09-08T02:00:00,25
14,2026-09-08T02:00:00,17
15,2026-09-08T02:00:00,18
1,2026-09-08T03:00:00,13
2,2026-09-08T03:00:00,12
3,2026-09-08T03:00:00,24
4,2026-09-08T03:00:00,19
5,2026-09-08T03:00:00,13
6,2026-09-08T03:00:00,18
7,2026-09-08T03:00:00,24
8,2026-09-08T03:00:00,14
9,2026-09-08T03:00:00,20
10,2026-09-08T03:00:00,22
11,2026-09-08T03:00:00,24
12,2026-09-08T03:00:00,15
13,2026-09-08T03:00:00,15
14,2026-09-08T03:00:00,18
15,2026-09-08T03:00:00,24
1,2026-09-08T04:00:00,18
2,2026-09-08T04:00:00,18
3,2026-09-08T04:00:00,27
4,2026-09-08T04:00:00,24
5,2026-09-08T04:00:00,18
6,2026-09-08T04:00:00,18
7,2026-09-08T04:00:00,21
8,2026-09-08T04:00:00,15
9,2026-09-08T04:00:00,13
10,2026-09-08T04:00:00,17
11,2026-09-08T04:00:00,22
12,2026-09-08T04:00:00,12
13,2026-09-08T04:00:00,6
14,2026-09-08T04:00:00,20
15,2026-09-08T04:00:00,11
1,2026-09-08T05:00:00,14
2,2026-09-08T05:00:00,18
3,2026-09-08T05:00:00,14
4,2026-09-08T05:00:00,19
5,2026-09-08T05:00:00,9
6,2026-09-08T05:00:00,19
7,2026-09-08T05:00:00,21
8,2026-09-08T05:00:00,16
9,2026-09-08T05:00:00,15
10,2026-09-08T05:00:00,13
11,2026-09-08T05:00:00,15
12,2026-09-08T05:00:00,16
13,2026-09-08T05:00:00,20
14,2026-09-08T05:00:00,17
15,2026-09-08T05:00:00,15
1,2026-09-08T06:00:00,36
2,2026-09-08T06:00:00,45
3,2026-09-08T06:00:00,48
4,2026-09-08T06:00:00,40
5,2026-09-08T06:00:00,29
6,2026-09-08T06:00:00,46
7,2026-09-08T06:00:00,49
8,2026-09-08T06:00:00,41
9,2026-09-08T06:00:00,43
10,2026-09-08T06:00:00,45
11,2026-09-08T06:00:00,43
12,2026-09-08T06:00:00,46
13,2026-09-08T06:00:00,39
14,2026-09-08T06:00:00,43
15,2026-09-08T06:00:00,34
1,2026-09-08T07:00:00,43
2,2026-09-08T07:00:00,43
3,2026-09-08T07:00:00,42
4,2026-09-08T07:00:00,41
5,2026-09-08T07:00:00,30
6,2026-09-08T07:00:00,41
7,2026-09-08T07:00:00,52
8,2026-09-08T07:00:00,40
9,2026-09-08T07:00:00,31
10,2026-09-08T07:00:00,36
11,2026-09-08T07:00:00,48
12,2026-09-08T07:00:00,48
13,2026-09-08T07:00:00,43
14,2026-09-08T07:00:00,36
15,2026-09-08T07:00:00,35
1,2026-09-08T08:00:00,90
2,2026-09-08T08:00:00,78
3,2026-09-08T08:00:00,85
4,2026-09-08T08:00:00,94
5,2026-09-08T08:00:00,66
6,2026-09-08T08:00:00,94
7,2026-09-08T08:00:00,88
8,2026-09-08T08:00:00,92
9,2026-09-08T08:00:00,75
10,2026-09-08T08:00:00,81
11,2026-09-08T08:00:00,88
12,2026-09-08T08:00:00,88
13,2026-09-08T08:00:00,84
14,2026-09-08T08:00:00,82
15,2026-09-08T08:00:00,61
1,2026-09-08T09:00:00,91
2,2026-09-08T09:00:00,86
3,2026-09-08T09:00:00,93
4,2026-09-08T09:00:00,94
5,2026-09-08T09:00:00,72
6,2026-09-08T09:00:00,90
7,2026-09-08T09:00:00,96
8,2026-09-08T09:00:00,86
9,2026-09-08T09:00:00,77
10,2026-09-08T09:00:00,74
11,2026-09-08T09:00:00,85
12,2026-09-08T09:00:00,89
13,2026-09-08T09:00:00,78
14,2026-09-08T09:00:00,85
15,2026-09-08T09:00:00,64
1,2026-09-08T10:00:00,92
2,2026-09-08T10:00:00,85
3,2026-09-08T10:00:00,85
4,2026-09-08T10:00:00,91
5,2026-09-08T10:00:00,74
6,2026-09-08T10:00:00,96
7,2026-09-08T10:00:00,89
8,2026-09-08T10:00:00,84
9,2026-09-08T10:00:00,74
10,2026-09-08T10:00:00,78
11,2026-09-08T10:00:00,86
12,2026-09-08T10:00:00,81
13,2026-09-08T10:00:00,82
14,2026-09-08T10:00:00,85
15,2026-09-08T10:00:00,68
1,2026-09-08T11:00:00,66
2,2026-09-08T11:00:00,62
3,2026-09-08T11:00:00,61
4,2026-09-08T11:00:00,63
5,2026-09-08T11:00:00,46
6,2026-09-08T11:00:00,65
7,2026-09-08T11:00:00,68
8,2026-09-08T11:00:00,64
9,2026-09-08T11:00:00,59
10,2026-09-08T11:00:00,58
11,2026-09-08T11:00:00,62
12,2026-09-08T11:00:00,70
13,2026-09-08T11:00:00,61
14,2026-09-08T11:00:00,58
15,2026-09-08T11:00:00,48
1,2026-09-08T12:00:00,61
2,2026-09-08T12:00:00,63
3,2026-09-08T12:00:00,57
4,2026-09-08T12:00:00,67
5,2026-09-08T12:00:00,45
6,2026-09-08T12:00:00,59
7,2026-09-08T12:00:00,72
8,2026-09-08T12:00:00,62
9,2026-09-08T12:00:00,55
10,2026-09-08T12:00:00,57
11,2026-09-08T12:00:00,66
12,2026-09-08T12:00:00,62
13,2026-09-08T12:00:00,62
14,2026-09-08T12:00:00,57
15,2026-09-08T12:00:00,38
1,2026-09-08T13:00:00,60
2,2026-09-08T13:00:00,60
3,2026-09-08T13:00:00,67
4,2026-09-08T13:00:00,63
5,2026-09-08T13:00:00,56
6,2026-09-08T13:00:00,61
7,2026-09-08T13:00:00,59
8,2026-09-08T13:00:00,63
9,2026-09-08T13:00:00,68
10,2026-09-08T13:00:00,58
11,2026-09-08T13:00:00,71
12,2026-09-08T13:00:00,69
13,2026-09-08T13:00:00,56
14,2026-09-08T13:00:00,61
15,2026-09-08T13:00:00,40
1,2026-09-08T14:00:00,65
2,2026-09-08T14:00:00,61
3,2026-09-08T14:00:00,64
4,2026-09-08T14:00:00,62
5,2026-09-08T14:00:00,53
6,2026-09-08T14:00:00,66
7,2026-09-08T14:00:00,68
8,2026-09-08T14:00:00,49
9,2026-09-08T14:00:00,66
10,2026-09-08T14:00:00,57
11,2026-09-08T14:00:00,59
12,2026-09-08T14:00:00,69
13,2026-09-08T14:00:00,60
14,2026-09-08T14:00:00,58
15,2026-09-08T14:00:00,50
1,2026-09-08T15:00:00,60
2,2026-09-08T15:00:00,62
3,2026-09-08T15:00:00,65
4,2026-09-08T15:00:00,70
5,2026-09-08T15:00:00,45
6,2026-09-08T15:00:00,60
7,2026-09-08T15:00:00,74
8,2026-09-08T15:00:00,61
9,2026-09-08T15:00:00,55
10,2026-09-08T15:00:00,59
11,2026-09-08T15:00:00,67
12,2026-09-08T15:00:00,66
13,2026-09-08T15:00:00,57
14,2026-09-08T15:00:00,64
15,2026-09-08T15:00:00,50
1,2026-09-08T16:00:00,66
2,2026-09-08T16:00:00,64
3,2026-09-08T16:00:00,63
4,2026-09-08T16:00:00,71
5,2026-09-08T16:00:00,53
6,2026-09-08T16:00:00,60
7,2026-09-08T16:00:00,63
8,2026-09-08T16:00:00,67
9,2026-09-08T16:00:00,57
10,2026-09-08T16:00:00,53
11,2026-09-08T16:00:00,67
12,2026-09-08T16:00:00,69
13,2026-09-08T16:00:00,65
14,2026-09-08T16:00:00,56
15,2026-09-08T16:00:00,42
1,2026-09-08T17:00:00,60
2,2026-09-08T17:00:00,57
3,2026-09-08T17:00:00,59
4,2026-09-08T17:00:00,67
5,2026-09-08T17:00:00,46
6,2026-09-08T17:00:00,70
7,2026-09-08T17:00:00,63
8,2026-09-08T17:00:00,57
9,2026-09-08T17:00:00,55
10,2026-09-08T17:00:00,53
11,2026-09-08T17:00:00,61
12,2026-09-08T17:00:00,61
13,2026-09-08T17:00:00,61
14,2026-09-08T17:00:00,61
15,2026-09-08T17:00:00,36
1,2026-09-08T18:00:00,98
2,2026-09-08T18:00:00,89
3,2026-09-08T18:00:00,90
4,2026-09-08T18:00:00,92
5,2026-09-08T18:00:00,74
6,2026-09-08T18:00:00,98
7,2026-09-08T18:00:00,98
8,2026-09-08T18:00:00,91
9,2026-09-08T18:00:00,81
10,2026-09-08T18:00:00,75
11,2026-09-08T18:00:00,97
12,2026-09-08T18:00:00,97
13,2026-09-08T18:00:00,87
14,2026-09-08T18:00:00,82
15,2026-09-08T18:00:00,70
1,2026-09-08T19:00:00,93
2,2026-09-08T19:00:00,86
3,2026-09-08T19:00:00,87
4,2026-09-08T19:00:00,97
5,2026-09-08T19:00:00,70
6,2026-09-08T19:00:00,93
7,2026-09-08T19:00:00,98
8,2026-09-08T19:00:00,98
9,2026-09-08T19:00:00,85
10,2026-09-08T19:00:00,93
11,2026-09-08T19:00:00,98
12,2026-09-08T19:00:00,94
13,2026-09-08T19:00:00,87
14,2026-09-08T19:00:00,84
15,2026-09-08T19:00:00,71
1,2026-09-08T20:00:00,92
2,2026-09-08T20:00:00,83
3,2026-09-08T20:00:00,92
4,2026-09-08T20:00:00,93
5,2026-09-08T20:00:00,73
6,2026-09-08T20:00:00,98
7,2026-09-08T20:00:00,98
8,2026-09-08T20:00:00,91
9,2026-09-08T20:00:00,94
10,2026-09-08T20:00:00,82
11,2026-09-08T20:00:00,91
12,2026-09-08T20:00:00,98
13,2026-09-08T20:00:00,88
14,2026-09-08T20:00:00,88
15,2026-09-08T20:00:00,76
1,2026-09-08T21:00:00,90
2,2026-09-08T21:00:00,88
3,2026-09-08T21:00:00,84
4,2026-09-08T21:00:00,94
5,2026-09-08T21:00:00,67
6,2026-09-08T21:00:00,97
7,2026-09-08T21:00:00,98
8,2026-09-08T21:00:00,97
9,2026-09-08T21:00:00,87
10,2026-09-08T21:00:00,90
11,2026-09-08T21:00:00,98
12,2026-09-08T21:00:00,98
13,2026-09-08T21:00:00,96
14,2026-09-08T21:00:00,82
15,2026-09-08T21:00:00,66
1,2026-09-08T22:00:00,50
2,2026-09-08T22:00:00,45
3,2026-09-08T22:00:00,48
4,2026-09-08T22:00:00,47
5,2026-09-08T22:00:00,40
6,2026-09-08T22:00:00,48
7,2026-09-08T22:00:00,46
8,2026-09-08T22:00:00,38
9,2026-09-08T22:00:00,40
10,2026-09-08T22:00:00,36
11,2026-09-08T22:00:00,42
12,2026-09-08T22:00:00,43
13,2026-09-08T22:00:00,42
14,2026-09-08T22:00:00,41
15,2026-09-08T22:00:00,35
1,2026-09-08T23:00:00,45
2,2026-09-08T23:00:00,50
3,2026-09-08T23:00:00,41
4,2026-09-08T23:00:00,41
5,2026-09-08T23:00:00,40
6,2026-09-08T23:00:00,42
7,2026-09-08T23:00:00,43
8,2026-09-08T23:00:00,38
9,2026-09-08T23:00:00,46
10,2026-09-08T23:00:00,36
11,2026-09-08T23:00:00,40
12,2026-09-08T23:00:00,45
13,2026-09-08T23:00:00,45
14,2026-09-08T23:00:00,44
15,2026-09-08T23:00:00,30
1,2026-09-09T00:00:00,21
2,2026-09-09T00:00:00,18
3,2026-09-09T00:00:00,25
4,2026-09-09T00:00:00,21
5,2026-09-09T00:00:00,12
6,2026-09-09T00:00:00,20
7,2026-09-09T00:00:00,23
8,2026-09-09T00:00:00,16
9,2026-09-09T00:00:00,17
10,2026-09-09T00:00:00,9
11,2026-09-09T00:00:00,16
12,2026-09-09T00:00:00,18
13,2026-09-09T00:00:00,18
14,2026-09-09T00:00:00,18
15,2026-09-09T00:00:00,13
1,2026-09-09T01:00:00,22
2,2026-09-09T01:00:00,21
3,2026-09-09T01:00:00,24
4,2026-09-09T01:00:00,24
5,2026-09-09T01:00:00,18
6,2026-09-09T01:00:00,24
7,2026-09-09T01:00:00,21
8,2026-09-09T01:00:00,18
9,2026-09-09T01:00:00,20
10,2026-09-09T01:00:00,17
11,2026-09-09T01:00:00,22
12,2026-09-09T01:00:00,10
13,2026-09-09T01:00:00,18
14,2026-09-09T01:00:00,18
15,2026-09-09T01:00:00,13
1,2026-09-09T02:00:00,20
2,2026-09-09T02:00:00,20
3,2026-09-09T02:00:00,19
4,2026-09-09T02:00:00,20
5,2026-09-09T02:00:00,20
6,2026-09-09T02:00:00,16
7,2026-09-09T02:00:00,18
8,2026-09-09T02:00:00,19
9,2026-09-09T02:00:00,13
10,2026-09-09T02:00:00,19
11,2026-09-09T02:00:00,20
12,2026-09-09T02:00:00,21
13,2026-09-09T02:00:00,18
14,2026-09-09T02:00:00,8
15,2026-09-09T02:00:00,18
1,2026-09-09T03:00:00,14
2,2026-09-09T03:00:00,17
3,2026-09-09T03:00:00,18
4,2026-09-09T03:00:00,21
5,2026-09-09T03:00:00,10
6,2026-09-09T03:00:00,27
7,2026-09-09T03:00:00,25
8,2026-09-09T03:00:00,17
9,2026-09-09T03:00:00,18
10,2026-09-09T03:00:00,18
11,2026-09-09T03:00:00,27
12,2026-09-09T03:00:00,16
13,2026-09-09T03:00:00,20
14,2026-09-09T03:00:00,16
15,2026-09-09T03:00:00,13
1,2026-09-09T04:00:00,19
2,2026-09-09T04:00:00,21
3,2026-09-09T04:00:00,18
4,2026-09-09T04:00:00,15
5,2026-09-09T04:00:00,19
6,2026-09-09T04:00:00,18
7,2026-09-09T04:00:00,14
8,2026-09-09T04:00:00,14
9,2026-09-09T04:00:00,18
10,2026-09-09T04:00:00,15
11,2026-09-09T04:00:00,13
12,2026-09-09T04:00:00,20
13,2026-09-09T04:00:00,29
14,2026-09-09T04:00:00,7
15,2026-09-09T04:00:00,10
1,2026-09-09T05:00:00,26
2,2026-09-09T05:00:00,22
3,2026-09-09T05:00:00,18
4,2026-09-09T05:00:00,19
5,2026-09-09T05:00:00,15
6,2026-09-09T05:00:00,15
7,2026-09-09T05:00:00,19
8,2026-09-09T05:00:00,19
9,2026-09-09T05:00:00,17
10,2026-09-09T05:00:00,18
11,2026-09-09T05:00:00,24
12,2026-09-09T05:00:00,19
13,2026-09-09T05:00:00,21
14,2026-09-09T05:00:00,11
15,2026-09-09T05:00:00,9
1,2026-09-09T06:00:00,53
2,2026-09-09T06:00:00,36
3,2026-09-09T06:00:00,41
4,2026-09-09T06:00:00,46
5,2026-09-09T06:00:00,29
6,2026-09-09T06:00:00,45
7,2026-09-09T06:00:00,46
8,2026-09-09T06:00:00,41
9,2026-09-09T06:00:00,36
10,2026-09-09T06:00:00,38
11,2026-09-09T06:00:00,44
12,2026-09-09T06:00:00,45
13,2026-09-09T06:00:00,39
14,2026-09-09T06:00:00,32
15,2026-09-09T06:00:00,32
1,2026-09-09T07:00:00,48
2,2026-09-09T07:00:00,44
3,2026-09-09T07:00:00,44
4,2026-09-09T07:00:00,40
5,2026-09-09T07:00:00,34
6,2026-09-09T07:00:00,48
7,2026-09-09T07:00:00,43
8,2026-09-09T07:00:00,43
9,2026-09-09T07:00:00,45
10,2026-09-09T07:00:00,42
11,2026-09-09T07:00:00,50
12,2026-09-09T07:00:00,48
13,2026-09-09T07:00:00,44
14,2026-09-09T07:00:00,43
15,2026-09-09T07:00:00,33
1,2026-09-09T08:00:00,95
2,2026-09-09T08:00:00,80
3,2026-09-09T08:00:00,88
4,2026-09-09T08:00:00,98
5,2026-09-09T08:00:00,65
6,2026-09-09T08:00:00,98
7,2026-09-09T08:00:00,94
8,2026-09-09T08:00:00,90
9,2026-09-09T08:00:00,77
10,2026-09-09T08:00:00,80
11,2026-09-09T08:00:00,84
12,2026-09-09T08:00:00,91
13,2026-09-09T08:00:00,78
14,2026-09-09T08:00:00,81
15,2026-09-09T08:00:00,74
1,2026-09-09T09:00:00,78
2,2026-09-09T09:00:00,77
3,2026-09-09T09:00:00,92
4,2026-09-09T09:00:00,93
5,2026-09-09T09:00:00,74
6,2026-09-09T09:00:00,93
7,2026-09-09T09:00:00,90
8,2026-09-09T09:00:00,83
9,2026-09-09T09:00:00,85
10,2026-09-09T09:00:00,81
11,2026-09-09T09:00:00,88
12,2026-09-09T09:00:00,88
13,2026-09-09T09:00:00,82
14,2026-09-09T09:00:00,80
15,2026-09-09T09:00:00,67
1,2026-09-09T10:00:00,87
2,2026-09-09T10:00:00,83
3,2026-09-09T10:00:00,80
4,2026-09-09T10:00:00,82
5,2026-09-09T10:00:00,66
6,2026-09-09T10:00:00,91
7,2026-09-09T10:00:00,92
8,2026-09-09T10:00:00,80
9,2026-09-09T10:00:00,77
10,2026-09-09T10:00:00,79
11,2026-09-09T10:00:00,86
12,2026-09-09T10:00:00,96
13,2026-09-09T10:00:00,84
14,2026-09-09T10:00:00,81
15,2026-09-09T10:00:00,68
1,2026-09-09T11:00:00,68
2,2026-09-09T11:00:00,62
3,2026-09-09T11:00:00,58
4,2026-09-09T11:00:00,66
5,2026-09-09T11:00:00,46
6,2026-09-09T11:00:00,68
7,2026-09-09T11:00:00,70
8,2026-09-09T11:00:00,64
9,2026-09-09T11:00:00,57
10,2026-09-09T11:00:00,56
11,2026-09-09T11:00:00,63
12,2026-09-09T11:00:00,64
13,2026-09-09T11:00:00,61
14,2026-09-09T11:00:00,56
15,2026-09-09T11:00:00,46
1,2026-09-09T12:00:00,65
2,2026-09-09T12:00:00,62
3,2026-09-09T12:00:00,65
4,2026-09-09T12:00:00,65
5,2026-09-09T12:00:00,52
6,2026-09-09T12:00:00,63
7,2026-09-09T12:00:00,67
8,2026-09-09T12:00:00,60
9,2026-09-09T12:00:00,67
10,2026-09-09T12:00:00,56
11,2026-09-09T12:00:00,60
12,2026-09-09T12:00:00,61
13,2026-09-09T12:00:00,52
14,2026-09-09T12:00:00,56
15,2026-09-09T12:00:00,50
1,2026-09-09T13:00:00,62
2,2026-09-09T13:00:00,66
3,2026-09-09T13:00:00,60
4,2026-09-09T13:00:00,65
5,2026-09-09T13:00:00,51
6,2026-09-09T13:00:00,59
7,2026-09-09T13:00:00,68
8,2026-09-09T13:00:00,52
9,2026-09-09T13:00:00,59
10,2026-09-09T13:00:00,55
11,2026-09-09T13:00:00,62
12,2026-09-09T13:00:00,70
13,2026-09-09T13:00:00,61
14,2026-09-09T13:00:00,59
15,2026-09-09T13:00:00,46
1,2026-09-09T14:00:00,64
2,2026-09-09T14:00:00,61
3,2026-09-09T14:00:00,68
4,2026-09-09T14:00:00,69
5,2026-09-09T14:00:00,51
6,2026-09-09T14:00:00,65
7,2026-09-09T14:00:00,71
8,2026-09-09T14:00:00,64
9,2026-09-09T14:00:00,56
10,2026-09-09T14:00:00,61
11,2026-09-09T14:00:00,68
12,2026-09-09T14:00:00,67
13,2026-09-09T14:00:00,64
14,2026-09-09T14:00:00,57
15,2026-09-09T14:00:00,49
1,2026-09-09T15:00:00,58
2,2026-09-09T15:00:00,61
3,2026-09-09T15:00:00,60
4,2026-09-09T15:00:00,66
5,2026-09-09T15:00:00,50
6,2026-09-09T15:00:00,69
7,2026-09-09T15:00:00,73
8,2026-09-09T15:00:00,58
9,2026-09-09T15:00:00,51
10,2026-09-09T15:00:00,60
11,2026-09-09T15:00:00,67
12,2026-09-09T15:00:00,69
13,2026-09-09T15:00:00,57
14,2026-09-09T15:00:00,61
15,2026-09-09T15:00:00,51
1,2026-09-09T16:00:00,60
2,2026-09-09T16:00:00,58
3,2026-09-09T16:00:00,63
4,2026-09-09T16:00:00,67
5,2026-09-09T16:00:00,49
6,2026-09-09T16:00:00,66
7,2026-09-09T16:00:00,67
8,2026-09-09T16:00:00,59
9,2026-09-09T16:00:00,56
10,2026-09-09T16:00:00,57
11,2026-09-09T16:00:00,70
12,2026-09-09T16:00:00,68
13,2026-09-09T16:00:00,59
14,2026-09-09T16:00:00,57
15,2026-09-09T16:00:00,50
1,2026-09-09T17:00:00,68
2,2026-09-09T17:00:00,65
3,2026-09-09T17:00:00,66
4,2026-09-09T17:00:00,67
5,2026-09-09T17:00:00,43
6,2026-09-09T17:00:00,61
7,2026-09-09T17:00:00,69
8,2026-09-09T17:00:00,67
9,2026-09-09T17:00:00,62
10,2026-09-09T17:00:00,48
11,2026-09-09T17:00:00,70
12,2026-09-09T17:00:00,62
13,2026-09-09T17:00:00,61
14,2026-09-09T17:00:00,55
15,2026-09-09T17:00:00,50
1,2026-09-09T18:00:00,94
2,2026-09-09T18:00:00,89
3,2026-09-09T18:00:00,86
4,2026-09-09T18:00:00,98
5,2026-09-09T18:00:00,73
6,2026-09-09T18:00:00,93
7,2026-09-09T18:00:00,98
8,2026-09-09T18:00:00,88
9,2026-09-09T18:00:00,83
10,2026-09-09T18:00:00,90
11,2026-09-09T18:00:00,97
12,2026-09-09T18:00:00,92
13,2026-09-09T18:00:00,84
14,2026-09-09T18:00:00,92
15,2026-09-09T18:00:00,70
1,2026-09-09T19:00:00,98
2,2026-09-09T19:00:00,83
3,2026-09-09T19:00:00,86
4,2026-09-09T19:00:00,98
5,2026-09-09T19:00:00,77
6,2026-09-09T19:00:00,98
7,2026-09-09T19:00:00,98
8,2026-09-09T19:00:00,95
9,2026-09-09T19:00:00,77
10,2026-09-09T19:00:00,78
11,2026-09-09T19:00:00,91
12,2026-09-09T19:00:00,93
13,2026-09-09T19:00:00,79
14,2026-09-09T19:00:00,82
15,2026-09-09T19:00:00,73
1,2026-09-09T20:00:00,98
2,2026-09-09T20:00:00,79
3,2026-09-09T20:00:00,82
4,2026-09-09T20:00:00,98
5,2026-09-09T20:00:00,75
6,2026-09-09T20:00:00,98
7,2026-09-09T20:00:00,96
8,2026-09-09T20:00:00,89
9,2026-09-09T20:00:00,83
10,2026-09-09T20:00:00,76
11,2026-09-09T20:00:00,98
12,2026-09-09T20:00:00,91
13,2026-09-09T20:00:00,89
14,2026-09-09T20:00:00,76
15,2026-09-09T20:00:00,69
1,2026-09-09T21:00:00,91
2,2026-09-09T21:00:00,93
3,2026-09-09T21:00:00,91
4,2026-09-09T21:00:00,98
5,2026-09-09T21:00:00,71
6,2026-09-09T21:00:00,94
7,2026-09-09T21:00:00,98
8,2026-09-09T21:00:00,95
9,2026-09-09T21:00:00,87
10,2026-09-09T21:00:00,77
11,2026-09-09T21:00:00,97
12,2026-09-09T21:00:00,94
13,2026-09-09T21:00:00,85
14,2026-09-09T21:00:00,80
15,2026-09-09T21:00:00,74
1,2026-09-09T22:00:00,45
2,2026-09-09T22:00:00,34
3,2026-09-09T22:00:00,36
4,2026-09-09T22:00:00,50
5,2026-09-09T22:00:00,35
6,2026-09-09T22:00:00,45
7,2026-09-09T22:00:00,54
8,2026-09-09T22:00:00,45
9,2026-09-09T22:00:00,40
10,2026-09-09T22:00:00,42
11,2026-09-09T22:00:00,47
12,2026-09-09T22:00:00,44
13,2026-09-09T22:00:00,46
14,2026-09-09T22:00:00,39
15,2026-09-09T22:00:00,32
1,2026-09-09T23:00:00,40
2,2026-09-09T23:00:00,38
3,2026-09-09T23:00:00,38
4,2026-09-09T23:00:00,47
5,2026-09-09T23:00:00,33
6,2026-09-09T23:00:00,49
7,2026-09-09T23:00:00,51
8,2026-09-09T23:00:00,45
9,2026-09-09T23:00:00,39
10,2026-09-09T23:00:00,48
11,2026-09-09T23:00:00,41
12,2026-09-09T23:00:00,41
13,2026-09-09T23:00:00,48
14,2026-09-09T23:00:00,34
15,2026-09-09T23:00:00,29
1,2026-09-10T00:00:00,22
2,2026-09-10T00:00:00,14
3,2026-09-10T00:00:00,23
4,2026-09-10T00:00:00,20
5,2026-09-10T00:00:00,12
6,2026-09-10T00:00:00,24
7,2026-09-10T00:00:00,24
8,2026-09-10T00:00:00,26
9,2026-09-10T00:00:00,16
10,2026-09-10T00:00:00,15
11,2026-09-10T00:00:00,19
12,2026-09-10T00:00:00,20
13,2026-09-10T00:00:00,18
14,2026-09-10T00:00:00,22
15,2026-09-10T00:00:00,11
1,2026-09-10T01:00:00,16
2,2026-09-10T01:00:00,18
3,2026-09-10T01:00:00,17
4,2026-09-10T01:00:00,19
5,2026-09-10T01:00:00,19
6,2026-09-10T01:00:00,18
7,2026-09-10T01:00:00,21
8,2026-09-10T01:00:00,17
9,2026-09-10T01:00:00,13
10,2026-09-10T01:00:00,16
11,2026-09-10T01:00:00,18
12,2026-09-10T01:00:00,24
13,2026-09-10T01:00:00,15
14,2026-09-10T01:00:00,15
15,2026-09-10T01:00:00,15
1,2026-09-10T02:00:00,21
2,2026-09-10T02:00:00,14
3,2026-09-10T02:00:00,19
4,2026-09-10T02:00:00,24
5,2026-09-10T02:00:00,18
6,2026-09-10T02:00:00,18
7,2026-09-10T02:00:00,28
8,2026-09-10T02:00:00,22
9,2026-09-10T02:00:00,13
10,2026-09-10T02:00:00,17
11,2026-09-10T02:00:00,23
12,2026-09-10T02:00:00,14
13,2026-09-10T02:00:00,17
14,2026-09-10T02:00:00,18
15,2026-09-10T02:00:00,12
1,2026-09-10T03:00:00,30
2,2026-09-10T03:00:00,14
3,2026-09-10T03:00:00,20
4,2026-09-10T03:00:00,16
5,2026-09-10T03:00:00,18
6,2026-09-10T03:00:00,16
7,2026-09-10T03:00:00,22
8,2026-09-10T03:00:00,19
9,2026-09-10T03:00:00,13
10,2026-09-10T03:00:00,18
11,2026-09-10T03:00:00,20
12,2026-09-10T03:00:00,21
13,2026-09-10T03:00:00,14
14,2026-09-10T03:00:00,17
15,2026-09-10T03:00:00,14
1,2026-09-10T04:00:00,15
2,2026-09-10T04:00:00,20
3,2026-09-10T04:00:00,17
4,2026-09-10T04:00:00,18
5,2026-09-10T04:00:00,13
6,2026-09-10T04:00:00,15
7,2026-09-10T04:00:00,19
8,2026-09-10T04:00:00,18
9,2026-09-10T04:00:00,19
10,2026-09-10T04:00:00,17
11,2026-09-10T04:00:00,15
12,2026-09-10T04:00:00,25
13,2026-09-10T04:00:00,19
14,2026-09-10T04:00:00,18
15,2026-09-10T04:00:00,14
1,2026-09-10T05:00:00,21
2,2026-09-10T05:00:00,23
3,2026-09-10T05:00:00,22
4,2026-09-10T05:00:00,22
5,2026-09-10T05:00:00,15
6,2026-09-10T05:00:00,28
7,2026-09-10T05:00:00,14
8,2026-09-10T05:00:00,20
9,2026-09-10T05:00:00,13
10,2026-09-10T05:00:00,17
11,2026-09-10T05:00:00,15
12,2026-09-10T05:00:00,23
13,2026-09-10T05:00:00,14
14,2026-09-10T05:00:00,20
15,2026-09-10T05:00:00,18
1,2026-09-10T06:00:00,44
2,2026-09-10T06:00:00,38
3,2026-09-10T06:00:00,36
4,2026-09-10T06:00:00,44
5,2026-09-10T06:00:00,38
6,2026-09-10T06:00:00,43
7,2026-09-10T06:00:00,48
8,2026-09-10T06:00:00,48
9,2026-09-10T06:00:00,46
10,2026-09-10T06:00:00,35
11,2026-09-10T06:00:00,41
12,2026-09-10T06:00:00,39
13,2026-09-10T06:00:00,36
14,2026-09-10T06:00:00,38
15,2026-09-10T06:00:00,33
1,2026-09-10T07:00:00,48
2,2026-09-10T07:00:00,36
3,2026-09-10T07:00:00,43
4,2026-09-10T07:00:00,49
5,2026-09-10T07:00:00,32
6,2026-09-10T07:00:00,47
7,2026-09-10T07:00:00,57
8,2026-09-10T07:00:00,36
9,2026-09-10T07:00:00,41
10,2026-09-10T07:00:00,40
11,2026-09-10T07:00:00,37
12,2026-09-10T07:00:00,48
13,2026-09-10T07:00:00,40
14,2026-09-10T07:00:00,35
15,2026-09-10T07:00:00,35
1,2026-09-10T08:00:00,94
2,2026-09-10T08:00:00,76
3,2026-09-10T08:00:00,90
4,2026-09-10T08:00:00,87
5,2026-09-10T08:00:00,60
6,2026-09-10T08:00:00,95
7,2026-09-10T08:00:00,98
8,2026-09-10T08:00:00,79
9,2026-09-10T08:00:00,77
10,2026-09-10T08:00:00,75
11,2026-09-10T08:00:00,89
12,2026-09-10T08:00:00,92
13,2026-09-10T08:00:00,80
14,2026-09-10T08:00:00,80
15,2026-09-10T08:00:00,71
1,2026-09-10T09:00:00,91
2,2026-09-10T09:00:00,80
3,2026-09-10T09:00:00,76
4,2026-09-10T09:00:00,94
5,2026-09-10T09:00:00,63
6,2026-09-10T09:00:00,93
7,2026-09-10T09:00:00,98
8,2026-09-10T09:00:00,82
9,2026-09-10T09:00:00,79
10,2026-09-10T09:00:00,75
11,2026-09-10T09:00:00,85
12,2026-09-10T09:00:00,92
13,2026-09-10T09:00:00,83
14,2026-09-10T09:00:00,74
15,2026-09-10T09:00:00,63
1,2026-09-10T10:00:00,89
2,2026-09-10T10:00:00,84
3,2026-09-10T10:00:00,83
4,2026-09-10T10:00:00,91
5,2026-09-10T10:00:00,66
6,2026-09-10T10:00:00,95
7,2026-09-10T10:00:00,94
8,2026-09-10T10:00:00,78
9,2026-09-10T10:00:00,78
10,2026-09-10T10:00:00,79
11,2026-09-10T10:00:00,91
12,2026-09-10T10:00:00,85
13,2026-09-10T10:00:00,85
14,2026-09-10T10:00:00,78
15,2026-09-10T10:00:00,66
1,2026-09-10T11:00:00,68
2,2026-09-10T11:00:00,58
3,2026-09-10T11:00:00,59
4,2026-09-10T11:00:00,66
5,2026-09-10T11:00:00,54
6,2026-09-10T11:00:00,65
7,2026-09-10T11:00:00,60
8,2026-09-10T11:00:00,55
9,2026-09-10T11:00:00,60
10,2026-09-10T11:00:00,57
11,2026-09-10T11:00:00,67
12,2026-09-10T11:00:00,68
13,2026-09-10T11:00:00,56
14,2026-09-10T11:00:00,57
15,2026-09-10T11:00:00,47
1,2026-09-10T12:00:00,65
2,2026-09-10T12:00:00,53
3,2026-09-10T12:00:00,63
4,2026-09-10T12:00:00,64
5,2026-09-10T12:00:00,53
6,2026-09-10T12:00:00,68
7,2026-09-10T12:00:00,65
8,2026-09-10T12:00:00,65
9,2026-09-10T12:00:00,54
10,2026-09-10T12:00:00,62
11,2026-09-10T12:00:00,61
12,2026-09-10T12:00:00,70
13,2026-09-10T12:00:00,51
14,2026-09-10T12:00:00,50
15,2026-09-10T12:00:00,49
1,2026-09-10T13:00:00,57
2,2026-09-10T13:00:00,56
3,2026-09-10T13:00:00,64
4,2026-09-10T13:00:00,69
5,2026-09-10T13:00:00,52
6,2026-09-10T13:00:00,66
7,2026-09-10T13:00:00,76
8,2026-09-10T13:00:00,55
9,2026-09-10T13:00:00,58
10,2026-09-10T13:00:00,55
11,2026-09-10T13:00:00,59
12,2026-09-10T13:00:00,64
13,2026-09-10T13:00:00,57
14,2026-09-10T13:00:00,55
15,2026-09-10T13:00:00,48
1,2026-09-10T14:00:00,53
2,2026-09-10T14:00:00,58
3,2026-09-10T14:00:00,64
4,2026-09-10T14:00:00,65
5,2026-09-10T14:00:00,45
6,2026-09-10T14:00:00,64
7,2026-09-10T14:00:00,67
8,2026-09-10T14:00:00,67
9,2026-09-10T14:00:00,59
10,2026-09-10T14:00:00,57
11,2026-09-10T14:00:00,70
12,2026-09-10T14:00:00,59
13,2026-09-10T14:00:00,62
14,2026-09-10T14:00:00,53
15,2026-09-10T14:00:00,56
1,2026-09-10T15:00:00,59
2,2026-09-10T15:00:00,60
3,2026-09-10T15:00:00,57
4,2026-09-10T15:00:00,63
5,2026-09-10T15:00:00,52
6,2026-09-10T15:00:00,63
7,2026-09-10T15:00:00,64
8,2026-09-10T15:00:00,54
9,2026-09-10T15:00:00,64
10,2026-09-10T15:00:00,58
11,2026-09-10T15:00:00,61
12,2026-09-10T15:00:00,64
13,2026-09-10T15:00:00,62
14,2026-09-10T15:00:00,64
15,2026-09-10T15:00:00,50
1,2026-09-10T16:00:00,64
2,2026-09-10T16:00:00,61
3,2026-09-10T16:00:00,60
4,2026-09-10T16:00:00,65
5,2026-09-10T16:00:00,47
6,2026-09-10T16:00:00,67
7,2026-09-10T16:00:00,69
8,2026-09-10T16:00:00,51
9,2026-09-10T16:00:00,56
10,2026-09-10T16:00:00,52
11,2026-09-10T16:00:00,63
12,2026-09-10T16:00:00,63
13,2026-09-10T16:00:00,50
14,2026-09-10T16:00:00,57
15,2026-09-10T16:00:00,54
1,2026-09-10T17:00:00,68
2,2026-09-10T17:00:00,59
3,2026-09-10T17:00:00,68
4,2026-09-10T17:00:00,66
5,2026-09-10T17:00:00,49
6,2026-09-10T17:00:00,68
7,2026-09-10T17:00:00,63
8,2026-09-10T17:00:00,63
9,2026-09-10T17:00:00,54
10,2026-09-10T17:00:00,57
11,2026-09-10T17:00:00,65
12,2026-09-10T17:00:00,65
13,2026-09-10T17:00:00,62
14,2026-09-10T17:00:00,55
15,2026-09-10T17:00:00,51
1,2026-09-10T18:00:00,97
2,2026-09-10T18:00:00,87
3,2026-09-10T18:00:00,80
4,2026-09-10T18:00:00,96
5,2026-09-10T18:00:00,73
6,2026-09-10T18:00:00,98
7,2026-09-10T18:00:00,98
8,2026-09-10T18:00:00,87
9,2026-09-10T18:00:00,87
10,2026-09-10T18:00:00,80
11,2026-09-10T18:00:00,96
12,2026-09-10T18:00:00,95
13,2026-09-10T18:00:00,83
14,2026-09-10T18:00:00,87
15,2026-09-10T18:00:00,71
1,2026-09-10T19:00:00,94
2,2026-09-10T19:00:00,91
3,2026-09-10T19:00:00,86
4,2026-09-10T19:00:00,98
5,2026-09-10T19:00:00,71
6,2026-09-10T19:00:00,96
7,2026-09-10T19:00:00,98
8,2026-09-10T19:00:00,93
9,2026-09-10T19:00:00,81
10,2026-09-10T19:00:00,83
11,2026-09-10T19:00:00,97
12,2026-09-10T19:00:00,96
13,2026-09-10T19:00:00,91
14,2026-09-10T19:00:00,88
15,2026-09-10T19:00:00,70
1,2026-09-10T20:00:00,97
2,2026-09-10T20:00:00,90
3,2026-09-10T20:00:00,85
4,2026-09-10T20:00:00,98
5,2026-09-10T20:00:00,82
6,2026-09-10T20:00:00,98
7,2026-09-10T20:00:00,97
8,2026-09-10T20:00:00,84
9,2026-09-10T20:00:00,93
10,2026-09-10T20:00:00,72
11,2026-09-10T20:00:00,93
12,2026-09-10T20:00:00,93
13,2026-09-10T20:00:00,85
14,2026-09-10T20:00:00,82
15,2026-09-10T20:00:00,68
1,2026-09-10T21:00:00,96
2,2026-09-10T21:00:00,83
3,2026-09-10T21:00:00,92
4,2026-09-10T21:00:00,98
5,2026-09-10T21:00:00,68
6,2026-09-10T21:00:00,92
7,2026-09-10T21:00:00,98
8,2026-09-10T21:00:00,92
9,2026-09-10T21:00:00,76
10,2026-09-10T21:00:00,83
11,2026-09-10T21:00:00,98
12,2026-09-10T21:00:00,93
13,2026-09-10T21:00:00,97
14,2026-09-10T21:00:00,85
15,2026-09-10T21:00:00,77
1,2026-09-10T22:00:00,46
2,2026-09-10T22:00:00,47
3,2026-09-10T22:00:00,38
4,2026-09-10T22:00:00,52
5,2026-09-10T22:00:00,33
6,2026-09-10T22:00:00,45
7,2026-09-10T22:00:00,47
8,2026-09-10T22:00:00,41
9,2026-09-10T22:00:00,42
10,2026-09-10T22:00:00,42
11,2026-09-10T22:00:00,47
12,2026-09-10T22:00:00,47
13,2026-09-10T22:00:00,37
14,2026-09-10T22:00:00,46
15,2026-09-10T22:00:00,33
1,2026-09-10T23:00:00,40
2,2026-09-10T23:00:00,39
3,2026-09-10T23:00:00,43
4,2026-09-10T23:00:00,46
5,2026-09-10T23:00:00,35
6,2026-09-10T23:00:00,48
7,2026-09-10T23:00:00,47
8,2026-09-10T23:00:00,40
9,2026-09-10T23:00:00,40
10,2026-09-10T23:00:00,41
11,2026-09-10T23:00:00,42
12,2026-09-10T23:00:00,44
13,2026-09-10T23:00:00,41
14,2026-09-10T23:00:00,41
15,2026-09-10T23:00:00,38
1,2026-09-11T00:00:00,23
2,2026-09-11T00:00:00,24
3,2026-09-11T00:00:00,17
4,2026-09-11T00:00:00,20
5,2026-09-11T00:00:00,16
6,2026-09-11T00:00:00,14
7,2026-09-11T00:00:00,20
8,2026-09-11T00:00:00,24
9,2026-09-11T00:00:00,14
10,2026-09-11T00:00:00,15
11,2026-09-11T00:00:00,11
12,2026-09-11T00:00:00,22
13,2026-09-11T00:00:00,23
14,2026-09-11T00:00:00,18
15,2026-09-11T00:00:00,16
1,2026-09-11T01:00:00,18
2,2026-09-11T01:00:00,20
3,2026-09-11T01:00:00,17
4,2026-09-11T01:00:00,19
5,2026-09-11T01:00:00,16
6,2026-09-11T01:00:00,23
7,2026-09-11T01:00:00,20
8,2026-09-11T01:00:00,14
9,2026-09-11T01:00:00,20
10,2026-09-11T01:00:00,24
11,2026-09-11T01:00:00,20
12,2026-09-11T01:00:00,20
13,2026-09-11T01:00:00,16
14,2026-09-11T01:00:00,16
15,2026-09-11T01:00:00,13
1,2026-09-11T02:00:00,18
2,2026-09-11T02:00:00,10
3,2026-09-11T02:00:00,16
4,2026-09-11T02:00:00,13
5,2026-09-11T02:00:00,10
6,2026-09-11T02:00:00,19
7,2026-09-11T02:00:00,19
8,2026-09-11T02:00:00,20
9,2026-09-11T02:00:00,18
10,2026-09-11T02:00:00,17
11,2026-09-11T02:00:00,27
12,2026-09-11T02:00:00,15
13,2026-09-11T02:00:00,11
14,2026-09-11T02:00:00,19
15,2026-09-11T02:00:00,13
1,2026-09-11T03:00:00,26
2,2026-09-11T03:00:00,15
3,2026-09-11T03:00:00,16
4,2026-09-11T03:00:00,15
5,2026-09-11T03:00:00,17
6,2026-09-11T03:00:00,21
7,2026-09-11T03:00:00,22
8,2026-09-11T03:00:00,20
9,2026-09-11T03:00:00,11
10,2026-09-11T03:00:00,21
11,2026-09-11T03:00:00,25
12,2026-09-11T03:00:00,23
13,2026-09-11T03:00:00,16
14,2026-09-11T03:00:00,16
15,2026-09-11T03:00:00,16
1,2026-09-11T04:00:00,27
2,2026-09-11T04:00:00,18
3,2026-09-11T04:00:00,24
4,2026-09-11T04:00:00,23
5,2026-09-11T04:00:00,17
6,2026-09-11T04:00:00,17
7,2026-09-11T04:00:00,18
8,2026-09-11T04:00:00,26
9,2026-09-11T04:00:00,20
10,2026-09-11T04:00:00,13
11,2026-09-11T04:00:00,21
12,2026-09-11T04:00:00,17
13,2026-09-11T04:00:00,14
14,2026-09-11T04:00:00,16
15,2026-09-11T04:00:00,24
1,2026-09-11T05:00:00,21
2,2026-09-11T05:00:00,22
3,2026-09-11T05:00:00,17
4,2026-09-11T05:00:00,18
5,2026-09-11T05:00:00,20
6,2026-09-11T05:00:00,26
7,2026-09-11T05:00:00,20
8,2026-09-11T05:00:00,23
9,2026-09-11T05:00:00,16
10,2026-09-11T05:00:00,18
11,2026-09-11T05:00:00,22
12,2026-09-11T05:00:00,20
13,2026-09-11T05:00:00,19
14,2026-09-11T05:00:00,18
15,2026-09-11T05:00:00,12
1,2026-09-11T06:00:00,37
2,2026-09-11T06:00:00,40
3,2026-09-11T06:00:00,40
4,2026-09-11T06:00:00,51
5,2026-09-11T06:00:00,37
6,2026-09-11T06:00:00,47
7,2026-09-11T06:00:00,52
8,2026-09-11T06:00:00,48
9,2026-09-11T06:00:00,38
10,2026-09-11T06:00:00,38
11,2026-09-11T06:00:00,49
12,2026-09-11T06:00:00,48
13,2026-09-11T06:00:00,48
14,2026-09-11T06:00:00,44
15,2026-09-11T06:00:00,33
1,2026-09-11T07:00:00,50
2,2026-09-11T07:00:00,45
3,2026-09-11T07:00:00,38
4,2026-09-11T07:00:00,51
5,2026-09-11T07:00:00,29
6,2026-09-11T07:00:00,51
7,2026-09-11T07:00:00,44
8,2026-09-11T07:00:00,43
9,2026-09-11T07:00:00,42
10,2026-09-11T07:00:00,35
11,2026-09-11T07:00:00,50
12,2026-09-11T07:00:00,35
13,2026-09-11T07:00:00,39
14,2026-09-11T07:00:00,41
15,2026-09-11T07:00:00,33
1,2026-09-11T08:00:00,91
2,2026-09-11T08:00:00,77
3,2026-09-11T08:00:00,76
4,2026-09-11T08:00:00,98
5,2026-09-11T08:00:00,67
6,2026-09-11T08:00:00,84
7,2026-09-11T08:00:00,98
8,2026-09-11T08:00:00,78
9,2026-09-11T08:00:00,76
10,2026-09-11T08:00:00,84
11,2026-09-11T08:00:00,95
12,2026-09-11T08:00:00,98
13,2026-09-11T08:00:00,77
14,2026-09-11T08:00:00,75
15,2026-09-11T08:00:00,70
1,2026-09-11T09:00:00,87
2,2026-09-11T09:00:00,79
3,2026-09-11T09:00:00,91
4,2026-09-11T09:00:00,93
5,2026-09-11T09:00:00,71
6,2026-09-11T09:00:00,85
7,2026-09-11T09:00:00,94
8,2026-09-11T09:00:00,83
9,2026-09-11T09:00:00,80
10,2026-09-11T09:00:00,82
11,2026-09-11T09:00:00,87
12,2026-09-11T09:00:00,87
13,2026-09-11T09:00:00,79
14,2026-09-11T09:00:00,78
15,2026-09-11T09:00:00,58
1,2026-09-11T10:00:00,88
2,2026-09-11T10:00:00,82
3,2026-09-11T10:00:00,86
4,2026-09-11T10:00:00,83
5,2026-09-11T10:00:00,70
6,2026-09-11T10:00:00,97
7,2026-09-11T10:00:00,90
8,2026-09-11T10:00:00,85
9,2026-09-11T10:00:00,84
10,2026-09-11T10:00:00,83
11,2026-09-11T10:00:00,93
12,2026-09-11T10:00:00,91
13,2026-09-11T10:00:00,82
14,2026-09-11T10:00:00,82
15,2026-09-11T10:00:00,61
1,2026-09-11T11:00:00,64
2,2026-09-11T11:00:00,63
3,2026-09-11T11:00:00,59
4,2026-09-11T11:00:00,63
5,2026-09-11T11:00:00,52
6,2026-09-11T11:00:00,68
7,2026-09-11T11:00:00,70
8,2026-09-11T11:00:00,56
9,2026-09-11T11:00:00,55
10,2026-09-11T11:00:00,47
11,2026-09-11T11:00:00,66
12,2026-09-11T11:00:00,67
13,2026-09-11T11:00:00,61
14,2026-09-11T11:00:00,56
15,2026-09-11T11:00:00,51
1,2026-09-11T12:00:00,71
2,2026-09-11T12:00:00,64
3,2026-09-11T12:00:00,65
4,2026-09-11T12:00:00,73
5,2026-09-11T12:00:00,49
6,2026-09-11T12:00:00,65
7,2026-09-11T12:00:00,67
8,2026-09-11T12:00:00,62
9,2026-09-11T12:00:00,60
10,2026-09-11T12:00:00,54
11,2026-09-11T12:00:00,60
12,2026-09-11T12:00:00,66
13,2026-09-11T12:00:00,56
14,2026-09-11T12:00:00,66
15,2026-09-11T12:00:00,53
1,2026-09-11T13:00:00,63
2,2026-09-11T13:00:00,61
3,2026-09-11T13:00:00,60
4,2026-09-11T13:00:00,65
5,2026-09-11T13:00:00,43
6,2026-09-11T13:00:00,69
7,2026-09-11T13:00:00,71
8,2026-09-11T13:00:00,64
9,2026-09-11T13:00:00,60
10,2026-09-11T13:00:00,53
11,2026-09-11T13:00:00,64
12,2026-09-11T13:00:00,67
13,2026-09-11T13:00:00,53
14,2026-09-11T13:00:00,57
15,2026-09-11T13:00:00,51
1,2026-09-11T14:00:00,65
2,2026-09-11T14:00:00,55
3,2026-09-11T14:00:00,62
4,2026-09-11T14:00:00,63
5,2026-09-11T14:00:00,46
6,2026-09-11T14:00:00,61
7,2026-09-11T14:00:00,71
8,2026-09-11T14:00:00,59
9,2026-09-11T14:00:00,59
10,2026-09-11T14:00:00,52
11,2026-09-11T14:00:00,67
12,2026-09-11T14:00:00,60
13,2026-09-11T14:00:00,61
14,2026-09-11T14:00:00,60
15,2026-09-11T14:00:00,48
1,2026-09-11T15:00:00,66
2,2026-09-11T15:00:00,58
3,2026-09-11T15:00:00,62
4,2026-09-11T15:00:00,65
5,2026-09-11T15:00:00,48
6,2026-09-11T15:00:00,67
7,2026-09-11T15:00:00,59
8,2026-09-11T15:00:00,58
9,2026-09-11T15:00:00,59
10,2026-09-11T15:00:00,60
11,2026-09-11T15:00:00,64
12,2026-09-11T15:00:00,63
13,2026-09-11T15:00:00,57
14,2026-09-11T15:00:00,61
15,2026-09-11T15:00:00,49
1,2026-09-11T16:00:00,63
2,2026-09-11T16:00:00,56
3,2026-09-11T16:00:00,61
4,2026-09-11T16:00:00,63
5,2026-09-11T16:00:00,53
6,2026-09-11T16:00:00,71
7,2026-09-11T16:00:00,67
8,2026-09-11T16:00:00,67
9,2026-09-11T16:00:00,58
10,2026-09-11T16:00:00,56
11,2026-09-11T16:00:00,65
12,2026-09-11T16:00:00,58
13,2026-09-11T16:00:00,69
14,2026-09-11T16:00:00,55
15,2026-09-11T16:00:00,45
1,2026-09-11T17:00:00,67
2,2026-09-11T17:00:00,61
3,2026-09-11T17:00:00,63
4,2026-09-11T17:00:00,61
5,2026-09-11T17:00:00,46
6,2026-09-11T17:00:00,64
7,2026-09-11T17:00:00,67
8,2026-09-11T17:00:00,67
9,2026-09-11T17:00:00,57
10,2026-09-11T17:00:00,53
11,2026-09-11T17:00:00,61
12,2026-09-11T17:00:00,68
13,2026-09-11T17:00:00,59
14,2026-09-11T17:00:00,62
15,2026-09-11T17:00:00,52
1,2026-09-11T18:00:00,91
2,2026-09-11T18:00:00,90
3,2026-09-11T18:00:00,91
4,2026-09-11T18:00:00,98
5,2026-09-11T18:00:00,78
6,2026-09-11T18:00:00,97
7,2026-09-11T18:00:00,92
8,2026-09-11T18:00:00,98
9,2026-09-11T18:00:00,79
10,2026-09-11T18:00:00,76
11,2026-09-11T18:00:00,98
12,2026-09-11T18:00:00,98
13,2026-09-11T18:00:00,86
14,2026-09-11T18:00:00,80
15,2026-09-11T18:00:00,68
1,2026-09-11T19:00:00,97
2,2026-09-11T19:00:00,91
3,2026-09-11T19:00:00,89
4,2026-09-11T19:00:00,90
5,2026-09-11T19:00:00,74
6,2026-09-11T19:00:00,96
7,2026-09-11T19:00:00,98
8,2026-09-11T19:00:00,93
9,2026-09-11T19:00:00,73
10,2026-09-11T19:00:00,77
11,2026-09-11T19:00:00,91
12,2026-09-11T19:00:00,98
13,2026-09-11T19:00:00,89
14,2026-09-11T19:00:00,82
15,2026-09-11T19:00:00,73
1,2026-09-11T20:00:00,97
2,2026-09-11T20:00:00,82
3,2026-09-11T20:00:00,95
4,2026-09-11T20:00:00,98
5,2026-09-11T20:00:00,75
6,2026-09-11T20:00:00,98
7,2026-09-11T20:00:00,98
8,2026-09-11T20:00:00,88
9,2026-09-11T20:00:00,80
10,2026-09-11T20:00:00,88
11,2026-09-11T20:00:00,93
12,2026-09-11T20:00:00,93
13,2026-09-11T20:00:00,88
14,2026-09-11T20:00:00,82
15,2026-09-11T20:00:00,75
1,2026-09-11T21:00:00,98
2,2026-09-11T21:00:00,97
3,2026-09-11T21:00:00,91
4,2026-09-11T21:00:00,97
5,2026-09-11T21:00:00,75
6,2026-09-11T21:00:00,98
7,2026-09-11T21:00:00,95
8,2026-09-11T21:00:00,98
9,2026-09-11T21:00:00,82
10,2026-09-11T21:00:00,83
11,2026-09-11T21:00:00,98
12,2026-09-11T21:00:00,92
13,2026-09-11T21:00:00,93
14,2026-09-11T21:00:00,80
15,2026-09-11T21:00:00,78
1,2026-09-11T22:00:00,53
2,2026-09-11T22:00:00,38
3,2026-09-11T22:00:00,31
4,2026-09-11T22:00:00,39
5,2026-09-11T22:00:00,39
6,2026-09-11T22:00:00,43
7,2026-09-11T22:00:00,44
8,2026-09-11T22:00:00,40
9,2026-09-11T22:00:00,40
10,2026-09-11T22:00:00,35
11,2026-09-11T22:00:00,39
12,2026-09-11T22:00:00,40
13,2026-09-11T22:00:00,44
14,2026-09-11T22:00:00,47
15,2026-09-11T22:00:00,32
1,2026-09-11T23:00:00,44
2,2026-09-11T23:00:00,42
3,2026-09-11T23:00:00,41
4,2026-09-11T23:00:00,47
5,2026-09-11T23:00:00,41
6,2026-09-11T23:00:00,52
7,2026-09-11T23:00:00,38
8,2026-09-11T23:00:00,39
9,2026-09-11T23:00:00,43
10,2026-09-11T23:00:00,40
11,2026-09-11T23:00:00,50
12,2026-09-11T23:00:00,50
13,2026-09-11T23:00:00,46
14,2026-09-11T23:00:00,41
15,2026-09-11T23:00:00,38
1,2026-09-12T00:00:00,24
2,2026-09-12T00:00:00,15
3,2026-09-12T00:00:00,18
4,2026-09-12T00:00:00,24
5,2026-09-12T00:00:00,15
6,2026-09-12T00:00:00,12
7,2026-09-12T00:00:00,20
8,2026-09-12T00:00:00,16
9,2026-09-12T00:00:00,13
10,2026-09-12T00:00:00,17
11,2026-09-12T00:00:00,22
12,2026-09-12T00:00:00,18
13,2026-09-12T00:00:00,20
14,2026-09-12T00:00:00,24
15,2026-09-12T00:00:00,15
1,2026-09-12T01:00:00,16
2,2026-09-12T01:00:00,18
3,2026-09-12T01:00:00,14
4,2026-09-12T01:00:00,19
5,2026-09-12T01:00:00,15
6,2026-09-12T01:00:00,25
7,2026-09-12T01:00:00,21
8,2026-09-12T01:00:00,27
9,2026-09-12T01:00:00,17
10,2026-09-12T01:00:00,20
11,2026-09-12T01:00:00,21
12,2026-09-12T01:00:00,21
13,2026-09-12T01:00:00,19
14,2026-09-12T01:00:00,16
15,2026-09-12T01:00:00,12
1,2026-09-12T02:00:00,17
2,2026-09-12T02:00:00,19
3,2026-09-12T02:00:00,18
4,2026-09-12T02:00:00,16
5,2026-09-12T02:00:00,24
6,2026-09-12T02:00:00,21
7,2026-09-12T02:00:00,18
8,2026-09-12T02:00:00,19
9,2026-09-12T02:00:00,18
10,2026-09-12T02:00:00,16
11,2026-09-12T02:00:00,17
12,2026-09-12T02:00:00,23
13,2026-09-12T02:00:00,12
14,2026-09-12T02:00:00,15
15,2026-09-12T02:00:00,16
1,2026-09-12T03:00:00,13
2,2026-09-12T03:00:00,20
3,2026-09-12T03:00:00,23
4,2026-09-12T03:00:00,22
5,2026-09-12T03:00:00,21
6,2026-09-12T03:00:00,15
7,2026-09-12T03:00:00,23
8,2026-09-12T03:00:00,16
9,2026-09-12T03:00:00,15
10,2026-09-12T03:00:00,14
11,2026-09-12T03:00:00,13
12,2026-09-12T03:00:00,20
13,2026-09-12T03:00:00,17
14,2026-09-12T03:00:00,14
15,2026-09-12T03:00:00,12
1,2026-09-12T04:00:00,20
2,2026-09-12T04:00:00,18
3,2026-09-12T04:00:00,12
4,2026-09-12T04:00:00,24
5,2026-09-12T04:00:00,15
6,2026-09-12T04:00:00,15
7,2026-09-12T04:00:00,17
8,2026-09-12T04:00:00,13
9,2026-09-12T04:00:00,15
10,2026-09-12T04:00:00,14
11,2026-09-12T04:00:00,18
12,2026-09-12T04:00:00,18
13,2026-09-12T04:00:00,14
14,2026-09-12T04:00:00,21
15,2026-09-12T04:00:00,13
1,2026-09-12T05:00:00,22
2,2026-09-12T05:00:00,11
3,2026-09-12T05:00:00,16
4,2026-09-12T05:00:00,25
5,2026-09-12T05:00:00,14
6,2026-09-12T05:00:00,20
7,2026-09-12T05:00:00,29
8,2026-09-12T05:00:00,18
9,2026-09-12T05:00:00,19
10,2026-09-12T05:00:00,16
11,2026-09-12T05:00:00,19
12,2026-09-12T05:00:00,23
13,2026-09-12T05:00:00,18
14,2026-09-12T05:00:00,17
15,2026-09-12T05:00:00,15
1,2026-09-12T06:00:00,45
2,2026-09-12T06:00:00,38
3,2026-09-12T06:00:00,41
4,2026-09-12T06:00:00,44
5,2026-09-12T06:00:00,29
6,2026-09-12T06:00:00,45
7,2026-09-12T06:00:00,46
8,2026-09-12T06:00:00,40
9,2026-09-12T06:00:00,43
10,2026-09-12T06:00:00,41
11,2026-09-12T06:00:00,39
12,2026-09-12T06:00:00,38
13,2026-09-12T06:00:00,37
14,2026-09-12T06:00:00,40
15,2026-09-12T06:00:00,40
1,2026-09-12T07:00:00,49
2,2026-09-12T07:00:00,44
3,2026-09-12T07:00:00,44
4,2026-09-12T07:00:00,53
5,2026-09-12T07:00:00,28
6,2026-09-12T07:00:00,44
7,2026-09-12T07:00:00,46
8,2026-09-12T07:00:00,42
9,2026-09-12T07:00:00,40
10,2026-09-12T07:00:00,43
11,2026-09-12T07:00:00,53
12,2026-09-12T07:00:00,46
13,2026-09-12T07:00:00,40
14,2026-09-12T07:00:00,43
15,2026-09-12T07:00:00,39
1,2026-09-12T08:00:00,90
2,2026-09-12T08:00:00,80
3,2026-09-12T08:00:00,83
4,2026-09-12T08:00:00,96
5,2026-09-12T08:00:00,69
6,2026-09-12T08:00:00,91
7,2026-09-12T08:00:00,96
8,2026-09-12T08:00:00,83
9,2026-09-12T08:00:00,84
10,2026-09-12T08:00:00,68
11,2026-09-12T08:00:00,87
12,2026-09-12T08:00:00,96
13,2026-09-12T08:00:00,79
14,2026-09-12T08:00:00,79
15,2026-09-12T08:00:00,67
1,2026-09-12T09:00:00,89
2,2026-09-12T09:00:00,89
3,2026-09-12T09:00:00,78
4,2026-09-12T09:00:00,90
5,2026-09-12T09:00:00,68
6,2026-09-12T09:00:00,91
7,2026-09-12T09:00:00,97
8,2026-09-12T09:00:00,78
9,2026-09-12T09:00:00,80
10,2026-09-12T09:00:00,77
11,2026-09-12T09:00:00,89
12,2026-09-12T09:00:00,92
13,2026-09-12T09:00:00,88
14,2026-09-12T09:00:00,80
15,2026-09-12T09:00:00,69
1,2026-09-12T10:00:00,93
2,2026-09-12T10:00:00,83
3,2026-09-12T10:00:00,81
4,2026-09-12T10:00:00,95
5,2026-09-12T10:00:00,70
6,2026-09-12T10:00:00,91
7,2026-09-12T10:00:00,98
8,2026-09-12T10:00:00,90
9,2026-09-12T10:00:00,84
10,2026-09-12T10:00:00,78
11,2026-09-12T10:00:00,92
12,2026-09-12T10:00:00,86
13,2026-09-12T10:00:00,83
14,2026-09-12T10:00:00,75
15,2026-09-12T10:00:00,68
1,2026-09-12T11:00:00,59
2,2026-09-12T11:00:00,56
3,2026-09-12T11:00:00,60
4,2026-09-12T11:00:00,64
5,2026-09-12T11:00:00,45
6,2026-09-12T11:00:00,67
7,2026-09-12T11:00:00,77
8,2026-09-12T11:00:00,60
9,2026-09-12T11:00:00,55
10,2026-09-12T11:00:00,55
11,2026-09-12T11:00:00,56
12,2026-09-12T11:00:00,61
13,2026-09-12T11:00:00,59
14,2026-09-12T11:00:00,60
15,2026-09-12T11:00:00,49
1,2026-09-12T12:00:00,67
2,2026-09-12T12:00:00,59
3,2026-09-12T12:00:00,56
4,2026-09-12T12:00:00,69
5,2026-09-12T12:00:00,52
6,2026-09-12T12:00:00,61
7,2026-09-12T12:00:00,72
8,2026-09-12T12:00:00,55
9,2026-09-12T12:00:00,56
10,2026-09-12T12:00:00,53
11,2026-09-12T12:00:00,67
12,2026-09-12T12:00:00,66
13,2026-09-12T12:00:00,64
14,2026-09-12T12:00:00,56
15,2026-09-12T12:00:00,51
1,2026-09-12T13:00:00,65
2,2026-09-12T13:00:00,64
3,2026-09-12T13:00:00,60
4,2026-09-12T13:00:00,65
5,2026-09-12T13:00:00,52
6,2026-09-12T13:00:00,65
7,2026-09-12T13:00:00,67
8,2026-09-12T13:00:00,62
9,2026-09-12T13:00:00,60
10,2026-09-12T13:00:00,58
11,2026-09-12T13:00:00,64
12,2026-09-12T13:00:00,68
13,2026-09-12T13:00:00,63
14,2026-09-12T13:00:00,62
15,2026-09-12T13:00:00,50
1,2026-09-12T14:00:00,73
2,2026-09-12T14:00:00,58
3,2026-09-12T14:00:00,57
4,2026-09-12T14:00:00,68
5,2026-09-12T14:00:00,51
6,2026-09-12T14:00:00,63
7,2026-09-12T14:00:00,64
8,2026-09-12T14:00:00,62
9,2026-09-12T14:00:00,54
10,2026-09-12T14:00:00,60
11,2026-09-12T14:00:00,75
12,2026-09-12T14:00:00,71
13,2026-09-12T14:00:00,63
14,2026-09-12T14:00:00,59
15,2026-09-12T14:00:00,54
1,2026-09-12T15:00:00,67
2,2026-09-12T15:00:00,61
3,2026-09-12T15:00:00,60
4,2026-09-12T15:00:00,65
5,2026-09-12T15:00:00,52
6,2026-09-12T15:00:00,62
7,2026-09-12T15:00:00,64
8,2026-09-12T15:00:00,62
9,2026-09-12T15:00:00,47
10,2026-09-12T15:00:00,59
11,2026-09-12T15:00:00,59
12,2026-09-12T15:00:00,63
13,2026-09-12T15:00:00,57
14,2026-09-12T15:00:00,58
15,2026-09-12T15:00:00,52
1,2026-09-12T16:00:00,60
2,2026-09-12T16:00:00,57
3,2026-09-12T16:00:00,55
4,2026-09-12T16:00:00,67
5,2026-09-12T16:00:00,44
6,2026-09-12T16:00:00,62
7,2026-09-12T16:00:00,61
8,2026-09-12T16:00:00,62
9,2026-09-12T16:00:00,53
10,2026-09-12T16:00:00,56
11,2026-09-12T16:00:00,66
12,2026-09-12T16:00:00,60
13,2026-09-12T16:00:00,66
14,2026-09-12T16:00:00,57
15,2026-09-12T16:00:00,43
1,2026-09-12T17:00:00,76
2,2026-09-12T17:00:00,62
3,2026-09-12T17:00:00,55
4,2026-09-12T17:00:00,67
5,2026-09-12T17:00:00,45
6,2026-09-12T17:00:00,67
7,2026-09-12T17:00:00,65
8,2026-09-12T17:00:00,56
9,2026-09-12T17:00:00,52
10,2026-09-12T17:00:00,62
11,2026-09-12T17:00:00,65
12,2026-09-12T17:00:00,63
13,2026-09-12T17:00:00,62
14,2026-09-12T17:00:00,57
15,2026-09-12T17:00:00,51
1,2026-09-12T18:00:00,94
2,2026-09-12T18:00:00,84
3,2026-09-12T18:00:00,88
4,2026-09-12T18:00:00,90
5,2026-09-12T18:00:00,75
6,2026-09-12T18:00:00,98
7,2026-09-12T18:00:00,98
8,2026-09-12T18:00:00,85
9,2026-09-12T18:00:00,85
10,2026-09-12T18:00:00,81
11,2026-09-12T18:00:00,90
12,2026-09-12T18:00:00,98
13,2026-09-12T18:00:00,90
14,2026-09-12T18:00:00,87
15,2026-09-12T18:00:00,70
1,2026-09-12T19:00:00,91
2,2026-09-12T19:00:00,89
3,2026-09-12T19:00:00,90
4,2026-09-12T19:00:00,95
5,2026-09-12T19:00:00,71
6,2026-09-12T19:00:00,96
7,2026-09-12T19:00:00,94
8,2026-09-12T19:00:00,86
9,2026-09-12T19:00:00,89
10,2026-09-12T19:00:00,81
11,2026-09-12T19:00:00,98
12,2026-09-12T19:00:00,93
13,2026-09-12T19:00:00,89
14,2026-09-12T19:00:00,81
15,2026-09-12T19:00:00,68
1,2026-09-12T20:00:00,98
2,2026-09-12T20:00:00,81
3,2026-09-12T20:00:00,84
4,2026-09-12T20:00:00,98
5,2026-09-12T20:00:00,71
6,2026-09-12T20:00:00,98
7,2026-09-12T20:00:00,98
8,2026-09-12T20:00:00,83
9,2026-09-12T20:00:00,81
10,2026-09-12T20:00:00,82
11,2026-09-12T20:00:00,98
12,2026-09-12T20:00:00,98
13,2026-09-12T20:00:00,86
14,2026-09-12T20:00:00,93
15,2026-09-12T20:00:00,64
1,2026-09-12T21:00:00,97
2,2026-09-12T21:00:00,85
3,2026-09-12T21:00:00,85
4,2026-09-12T21:00:00,96
5,2026-09-12T21:00:00,68
6,2026-09-12T21:00:00,98
7,2026-09-12T21:00:00,98
8,2026-09-12T21:00:00,93
9,2026-09-12T21:00:00,84
10,2026-09-12T21:00:00,80
11,2026-09-12T21:00:00,97
12,2026-09-12T21:00:00,93
13,2026-09-12T21:00:00,89
14,2026-09-12T21:00:00,83
15,2026-09-12T21:00:00,65
1,2026-09-12T22:00:00,49
2,2026-09-12T22:00:00,37
3,2026-09-12T22:00:00,36
4,2026-09-12T22:00:00,39
5,2026-09-12T22:00:00,31
6,2026-09-12T22:00:00,41
7,2026-09-12T22:00:00,41
8,2026-09-12T22:00:00,44
9,2026-09-12T22:00:00,39
10,2026-09-12T22:00:00,33
11,2026-09-12T22:00:00,42
12,2026-09-12T22:00:00,41
13,2026-09-12T22:00:00,43
14,2026-09-12T22:00:00,42
15,2026-09-12T22:00:00,36
1,2026-09-12T23:00:00,38
2,2026-09-12T23:00:00,39
3,2026-09-12T23:00:00,39
4,2026-09-12T23:00:00,49
5,2026-09-12T23:00:00,39
6,2026-09-12T23:00:00,40
7,2026-09-12T23:00:00,53
8,2026-09-12T23:00:00,37
9,2026-09-12T23:00:00,44
10,2026-09-12T23:00:00,33
11,2026-09-12T23:00:00,51
12,2026-09-12T23:00:00,44
13,2026-09-12T23:00:00,40
14,2026-09-12T23:00:00,45
15,2026-09-12T23:00:00,31
1,2026-09-13T00:00:00,20
2,2026-09-13T00:00:00,24
3,2026-09-13T00:00:00,20
4,2026-09-13T00:00:00,25
5,2026-09-13T00:00:00,9
6,2026-09-13T00:00:00,14
7,2026-09-13T00:00:00,24
8,2026-09-13T00:00:00,18
9,2026-09-13T00:00:00,20
10,2026-09-13T00:00:00,20
11,2026-09-13T00:00:00,27
12,2026-09-13T00:00:00,15
13,2026-09-13T00:00:00,23
14,2026-09-13T00:00:00,21
15,2026-09-13T00:00:00,14
1,2026-09-13T01:00:00,13
2,2026-09-13T01:00:00,12
3,2026-09-13T01:00:00,26
4,2026-09-13T01:00:00,22
5,2026-09-13T01:00:00,20
6,2026-09-13T01:00:00,13
7,2026-09-13T01:00:00,21
8,2026-09-13T01:00:00,17
9,2026-09-13T01:00:00,21
10,2026-09-13T01:00:00,14
11,2026-09-13T01:00:00,13
12,2026-09-13T01:00:00,25
13,2026-09-13T01:00:00,18
14,2026-09-13T01:00:00,12
15,2026-09-13T01:00:00,15
1,2026-09-13T02:00:00,12
2,2026-09-13T02:00:00,23
3,2026-09-13T02:00:00,14
4,2026-09-13T02:00:00,20
5,2026-09-13T02:00:00,16
6,2026-09-13T02:00:00,15
7,2026-09-13T02:00:00,25
8,2026-09-13T02:00:00,25
9,2026-09-13T02:00:00,24
10,2026-09-13T02:00:00,15
11,2026-09-13T02:00:00,20
12,2026-09-13T02:00:00,13
13,2026-09-13T02:00:00,16
14,2026-09-13T02:00:00,15
15,2026-09-13T02:00:00,11
1,2026-09-13T03:00:00,17
2,2026-09-13T03:00:00,15
3,2026-09-13T03:00:00,14
4,2026-09-13T03:00:00,13
5,2026-09-13T03:00:00,20
6,2026-09-13T03:00:00,21
7,2026-09-13T03:00:00,26
8,2026-09-13T03:00:00,16
9,2026-09-13T03:00:00,13
10,2026-09-13T03:00:00,15
11,2026-09-13T03:00:00,21
12,2026-09-13T03:00:00,16
13,2026-09-13T03:00:00,22
14,2026-09-13T03:00:00,18
15,2026-09-13T03:00:00,15
1,2026-09-13T04:00:00,23
2,2026-09-13T04:00:00,25
3,2026-09-13T04:00:00,20
4,2026-09-13T04:00:00,22
5,2026-09-13T04:00:00,7
6,2026-09-13T04:00:00,27
7,2026-09-13T04:00:00,18
8,2026-09-13T04:00:00,17
9,2026-09-13T04:00:00,16
10,2026-09-13T04:00:00,19
11,2026-09-13T04:00:00,23
12,2026-09-13T04:00:00,21
13,2026-09-13T04:00:00,18
14,2026-09-13T04:00:00,15
15,2026-09-13T04:00:00,12
1,2026-09-13T05:00:00,17
2,2026-09-13T05:00:00,22
3,2026-09-13T05:00:00,21
4,2026-09-13T05:00:00,27
5,2026-09-13T05:00:00,10
6,2026-09-13T05:00:00,20
7,2026-09-13T05:00:00,24
8,2026-09-13T05:00:00,18
9,2026-09-13T05:00:00,15
10,2026-09-13T05:00:00,18
11,2026-09-13T05:00:00,18
12,2026-09-13T05:00:00,18
13,2026-09-13T05:00:00,16
14,2026-09-13T05:00:00,19
15,2026-09-13T05:00:00,16
1,2026-09-13T06:00:00,39
2,2026-09-13T06:00:00,54
3,2026-09-13T06:00:00,37
4,2026-09-13T06:00:00,46
5,2026-09-13T06:00:00,40
6,2026-09-13T06:00:00,40
7,2026-09-13T06:00:00,43
8,2026-09-13T06:00:00,50
9,2026-09-13T06:00:00,38
10,2026-09-13T06:00:00,35
11,2026-09-13T06:00:00,41
12,2026-09-13T06:00:00,46
13,2026-09-13T06:00:00,43
14,2026-09-13T06:00:00,39
15,2026-09-13T06:00:00,30
1,2026-09-13T07:00:00,44
2,2026-09-13T07:00:00,43
3,2026-09-13T07:00:00,45
4,2026-09-13T07:00:00,51
5,2026-09-13T07:00:00,32
6,2026-09-13T07:00:00,37
7,2026-09-13T07:00:00,44
8,2026-09-13T07:00:00,38
9,2026-09-13T07:00:00,50
10,2026-09-13T07:00:00,38
11,2026-09-13T07:00:00,40
12,2026-09-13T07:00:00,42
13,2026-09-13T07:00:00,35
14,2026-09-13T07:00:00,34
15,2026-09-13T07:00:00,37
1,2026-09-13T08:00:00,94
2,2026-09-13T08:00:00,87
3,2026-09-13T08:00:00,84
4,2026-09-13T08:00:00,89
5,2026-09-13T08:00:00,66
6,2026-09-13T08:00:00,95
7,2026-09-13T08:00:00,93
8,2026-09-13T08:00:00,82
9,2026-09-13T08:00:00,73
10,2026-09-13T08:00:00,75
11,2026-09-13T08:00:00,88
12,2026-09-13T08:00:00,90
13,2026-09-13T08:00:00,87
14,2026-09-13T08:00:00,81
15,2026-09-13T08:00:00,70
1,2026-09-13T09:00:00,89
2,2026-09-13T09:00:00,76
3,2026-09-13T09:00:00,90
4,2026-09-13T09:00:00,96
5,2026-09-13T09:00:00,63
6,2026-09-13T09:00:00,84
7,2026-09-13T09:00:00,98
8,2026-09-13T09:00:00,92
9,2026-09-13T09:00:00,83
10,2026-09-13T09:00:00,79
11,2026-09-13T09:00:00,98
12,2026-09-13T09:00:00,95
13,2026-09-13T09:00:00,83
14,2026-09-13T09:00:00,77
15,2026-09-13T09:00:00,63
1,2026-09-13T10:00:00,84
2,2026-09-13T10:00:00,79
3,2026-09-13T10:00:00,83
4,2026-09-13T10:00:00,92
5,2026-09-13T10:00:00,71
6,2026-09-13T10:00:00,94
7,2026-09-13T10:00:00,91
8,2026-09-13T10:00:00,81
9,2026-09-13T10:00:00,80
10,2026-09-13T10:00:00,77
11,2026-09-13T10:00:00,90
12,2026-09-13T10:00:00,89
13,2026-09-13T10:00:00,85
14,2026-09-13T10:00:00,82
15,2026-09-13T10:00:00,66
1,2026-09-13T11:00:00,66
2,2026-09-13T11:00:00,63
3,2026-09-13T11:00:00,55
4,2026-09-13T11:00:00,67
5,2026-09-13T11:00:00,53
6,2026-09-13T11:00:00,69
7,2026-09-13T11:00:00,73
8,2026-09-13T11:00:00,63
9,2026-09-13T11:00:00,56
10,2026-09-13T11:00:00,57
11,2026-09-13T11:00:00,69
12,2026-09-13T11:00:00,59
13,2026-09-13T11:00:00,58
14,2026-09-13T11:00:00,54
15,2026-09-13T11:00:00,55
1,2026-09-13T12:00:00,65
2,2026-09-13T12:00:00,55
3,2026-09-13T12:00:00,59
4,2026-09-13T12:00:00,61
5,2026-09-13T12:00:00,51
6,2026-09-13T12:00:00,71
7,2026-09-13T12:00:00,63
8,2026-09-13T12:00:00,65
9,2026-09-13T12:00:00,61
10,2026-09-13T12:00:00,42
11,2026-09-13T12:00:00,66
12,2026-09-13T12:00:00,63
13,2026-09-13T12:00:00,54
14,2026-09-13T12:00:00,57
15,2026-09-13T12:00:00,47
1,2026-09-13T13:00:00,66
2,2026-09-13T13:00:00,61
3,2026-09-13T13:00:00,64
4,2026-09-13T13:00:00,71
5,2026-09-13T13:00:00,46
6,2026-09-13T13:00:00,64
7,2026-09-13T13:00:00,65
8,2026-09-13T13:00:00,56
9,2026-09-13T13:00:00,54
10,2026-09-13T13:00:00,53
11,2026-09-13T13:00:00,55
12,2026-09-13T13:00:00,62
13,2026-09-13T13:00:00,57
14,2026-09-13T13:00:00,63
15,2026-09-13T13:00:00,47
1,2026-09-13T14:00:00,69
2,2026-09-13T14:00:00,58
3,2026-09-13T14:00:00,64
4,2026-09-13T14:00:00,69
5,2026-09-13T14:00:00,47
6,2026-09-13T14:00:00,68
7,2026-09-13T14:00:00,70
8,2026-09-13T14:00:00,63
9,2026-09-13T14:00:00,61
10,2026-09-13T14:00:00,56
11,2026-09-13T14:00:00,64
12,2026-09-13T14:00:00,70
13,2026-09-13T14:00:00,65
14,2026-09-13T14:00:00,58
15,2026-09-13T14:00:00,48
1,2026-09-13T15:00:00,63
2,2026-09-13T15:00:00,57
3,2026-09-13T15:00:00,59
4,2026-09-13T15:00:00,62
5,2026-09-13T15:00:00,46
6,2026-09-13T15:00:00,62
7,2026-09-13T15:00:00,68
8,2026-09-13T15:00:00,60
9,2026-09-13T15:00:00,56
10,2026-09-13T15:00:00,57
11,2026-09-13T15:00:00,58
12,2026-09-13T15:00:00,60
13,2026-09-13T15:00:00,55
14,2026-09-13T15:00:00,58
15,2026-09-13T15:00:00,44
1,2026-09-13T16:00:00,64
2,2026-09-13T16:00:00,61
3,2026-09-13T16:00:00,58
4,2026-09-13T16:00:00,63
5,2026-09-13T16:00:00,49
6,2026-09-13T16:00:00,63
7,2026-09-13T16:00:00,64
8,2026-09-13T16:00:00,63
9,2026-09-13T16:00:00,60
10,2026-09-13T16:00:00,56
11,2026-09-13T16:00:00,63
12,2026-09-13T16:00:00,72
13,2026-09-13T16:00:00,65
14,2026-09-13T16:00:00,53
15,2026-09-13T16:00:00,50
1,2026-09-13T17:00:00,70
2,2026-09-13T17:00:00,60
3,2026-09-13T17:00:00,60
4,2026-09-13T17:00:00,64
5,2026-09-13T17:00:00,47
6,2026-09-13T17:00:00,67
7,2026-09-13T17:00:00,64
8,2026-09-13T17:00:00,69
9,2026-09-13T17:00:00,56
10,2026-09-13T17:00:00,51
11,2026-09-13T17:00:00,61
12,2026-09-13T17:00:00,61
13,2026-09-13T17:00:00,63
14,2026-09-13T17:00:00,55
15,2026-09-13T17:00:00,57
1,2026-09-13T18:00:00,92
2,2026-09-13T18:00:00,80
3,2026-09-13T18:00:00,89
4,2026-09-13T18:00:00,92
5,2026-09-13T18:00:00,64
6,2026-09-13T18:00:00,93
7,2026-09-13T18:00:00,98
8,2026-09-13T18:00:00,98
9,2026-09-13T18:00:00,80
10,2026-09-13T18:00:00,87
11,2026-09-13T18:00:00,93
12,2026-09-13T18:00:00,96
13,2026-09-13T18:00:00,88
14,2026-09-13T18:00:00,88
15,2026-09-13T18:00:00,77
1,2026-09-13T19:00:00,91
2,2026-09-13T19:00:00,86
3,2026-09-13T19:00:00,85
4,2026-09-13T19:00:00,91
5,2026-09-13T19:00:00,72
6,2026-09-13T19:00:00,97
7,2026-09-13T19:00:00,98
8,2026-09-13T19:00:00,91
9,2026-09-13T19:00:00,91
10,2026-09-13T19:00:00,85
11,2026-09-13T19:00:00,92
12,2026-09-13T19:00:00,98
13,2026-09-13T19:00:00,88
14,2026-09-13T19:00:00,87
15,2026-09-13T19:00:00,76
1,2026-09-13T20:00:00,95
2,2026-09-13T20:00:00,85
3,2026-09-13T20:00:00,85
4,2026-09-13T20:00:00,98
5,2026-09-13T20:00:00,72
6,2026-09-13T20:00:00,98
7,2026-09-13T20:00:00,98
8,2026-09-13T20:00:00,90
9,2026-09-13T20:00:00,83
10,2026-09-13T20:00:00,83
11,2026-09-13T20:00:00,97
12,2026-09-13T20:00:00,98
13,2026-09-13T20:00:00,91
14,2026-09-13T20:00:00,76
15,2026-09-13T20:00:00,79
1,2026-09-13T21:00:00,96
2,2026-09-13T21:00:00,85
3,2026-09-13T21:00:00,86
4,2026-09-13T21:00:00,98
5,2026-09-13T21:00:00,74
6,2026-09-13T21:00:00,95
7,2026-09-13T21:00:00,98
8,2026-09-13T21:00:00,94
9,2026-09-13T21:00:00,87
10,2026-09-13T21:00:00,75
11,2026-09-13T21:00:00,98
12,2026-09-13T21:00:00,98
13,2026-09-13T21:00:00,90
14,2026-09-13T21:00:00,83
15,2026-09-13T21:00:00,78
1,2026-09-13T22:00:00,38
2,2026-09-13T22:00:00,42
3,2026-09-13T22:00:00,44
4,2026-09-13T22:00:00,45
5,2026-09-13T22:00:00,33
6,2026-09-13T22:00:00,40
7,2026-09-13T22:00:00,50
8,2026-09-13T22:00:00,47
9,2026-09-13T22:00:00,34
10,2026-09-13T22:00:00,41
11,2026-09-13T22:00:00,39
12,2026-09-13T22:00:00,42
13,2026-09-13T22:00:00,42
14,2026-09-13T22:00:00,39
15,2026-09-13T22:00:00,28
1,2026-09-13T23:00:00,46
2,2026-09-13T23:00:00,31
3,2026-09-13T23:00:00,47
4,2026-09-13T23:00:00,51
5,2026-09-13T23:00:00,33
6,2026-09-13T23:00:00,48
7,2026-09-13T23:00:00,43
8,2026-09-13T23:00:00,45
9,2026-09-13T23:00:00,37
10,2026-09-13T23:00:00,41
11,2026-09-13T23:00:00,43
12,2026-09-13T23:00:00,40
13,2026-09-13T23:00:00,37
14,2026-09-13T23:00:00,43
15,2026-09-13T23:00:00,27
1,2026-09-14T00:00:00,19
2,2026-09-14T00:00:00,14
3,2026-09-14T00:00:00,27
4,2026-09-14T00:00:00,22
5,2026-09-14T00:00:00,23
6,2026-09-14T00:00:00,19
7,2026-09-14T00:00:00,19
8,2026-09-14T00:00:00,23
9,2026-09-14T00:00:00,18
10,2026-09-14T00:00:00,21
11,2026-09-14T00:00:00,23
12,2026-09-14T00:00:00,12
13,2026-09-14T00:00:00,12
14,2026-09-14T00:00:00,23
15,2026-09-14T00:00:00,20
1,2026-09-14T01:00:00,28
2,2026-09-14T01:00:00,13
3,2026-09-14T01:00:00,16
4,2026-09-14T01:00:00,22
5,2026-09-14T01:00:00,12
6,2026-09-14T01:00:00,22
7,2026-09-14T01:00:00,23
8,2026-09-14T01:00:00,21
9,2026-09-14T01:00:00,20
10,2026-09-14T01:00:00,19
11,2026-09-14T01:00:00,20
12,2026-09-14T01:00:00,26
13,2026-09-14T01:00:00,22
14,2026-09-14T01:00:00,10
15,2026-09-14T01:00:00,12
1,2026-09-14T02:00:00,15
2,2026-09-14T02:00:00,16
3,2026-09-14T02:00:00,21
4,2026-09-14T02:00:00,26
5,2026-09-14T02:00:00,13
6,2026-09-14T02:00:00,15
7,2026-09-14T02:00:00,23
8,2026-09-14T02:00:00,19
9,2026-09-14T02:00:00,14
10,2026-09-14T02:00:00,21
11,2026-09-14T02:00:00,23
12,2026-09-14T02:00:00,16
13,2026-09-14T02:00:00,18
14,2026-09-14T02:00:00,14
15,2026-09-14T02:00:00,12
1,2026-09-14T03:00:00,19
2,2026-09-14T03:00:00,19
3,2026-09-14T03:00:00,19
4,2026-09-14T03:00:00,18
5,2026-09-14T03:00:00,8
6,2026-09-14T03:00:00,17
7,2026-09-14T03:00:00,23
8,2026-09-14T03:00:00,19
9,2026-09-14T03:00:00,19
10,2026-09-14T03:00:00,21
11,2026-09-14T03:00:00,17
12,2026-09-14T03:00:00,20
13,2026-09-14T03:00:00,23
14,2026-09-14T03:00:00,15
15,2026-09-14T03:00:00,16
1,2026-09-14T04:00:00,17
2,2026-09-14T04:00:00,20
3,2026-09-14T04:00:00,19
4,2026-09-14T04:00:00,17
5,2026-09-14T04:00:00,18
6,2026-09-14T04:00:00,27
7,2026-09-14T04:00:00,15
8,2026-09-14T04:00:00,20
9,2026-09-14T04:00:00,25
10,2026-09-14T04:00:00,20
11,2026-09-14T04:00:00,24
12,2026-09-14T04:00:00,16
13,2026-09-14T04:00:00,23
14,2026-09-14T04:00:00,11
15,2026-09-14T04:00:00,12
1,2026-09-14T05:00:00,17
2,2026-09-14T05:00:00,15
3,2026-09-14T05:00:00,17
4,2026-09-14T05:00:00,17
5,2026-09-14T05:00:00,15
6,2026-09-14T05:00:00,20
7,2026-09-14T05:00:00,17
8,2026-09-14T05:00:00,14
9,2026-09-14T05:00:00,20
10,2026-09-14T05:00:00,19
11,2026-09-14T05:00:00,22
12,2026-09-14T05:00:00,27
13,2026-09-14T05:00:00,24
14,2026-09-14T05:00:00,14
15,2026-09-14T05:00:00,15
1,2026-09-14T06:00:00,46
2,2026-09-14T06:00:00,38
3,2026-09-14T06:00:00,39
4,2026-09-14T06:00:00,49
5,2026-09-14T06:00:00,35
6,2026-09-14T06:00:00,44
7,2026-09-14T06:00:00,43
8,2026-09-14T06:00:00,46
9,2026-09-14T06:00:00,37
10,2026-09-14T06:00:00,35
11,2026-09-14T06:00:00,48
12,2026-09-14T06:00:00,40
13,2026-09-14T06:00:00,45
14,2026-09-14T06:00:00,40
15,2026-09-14T06:00:00,34
1,2026-09-14T07:00:00,45
2,2026-09-14T07:00:00,32
3,2026-09-14T07:00:00,39
4,2026-09-14T07:00:00,41
5,2026-09-14T07:00:00,31
6,2026-09-14T07:00:00,46
7,2026-09-14T07:00:00,50
8,2026-09-14T07:00:00,42
9,2026-09-14T07:00:00,40
10,2026-09-14T07:00:00,32
11,2026-09-14T07:00:00,44
12,2026-09-14T07:00:00,44
13,2026-09-14T07:00:00,42
14,2026-09-14T07:00:00,41
15,2026-09-14T07:00:00,31
1,2026-09-14T08:00:00,90
2,2026-09-14T08:00:00,80
3,2026-09-14T08:00:00,81
4,2026-09-14T08:00:00,92
5,2026-09-14T08:00:00,67
6,2026-09-14T08:00:00,96
7,2026-09-14T08:00:00,95
8,2026-09-14T08:00:00,88
9,2026-09-14T08:00:00,77
10,2026-09-14T08:00:00,80
11,2026-09-14T08:00:00,81
12,2026-09-14T08:00:00,97
13,2026-09-14T08:00:00,80
14,2026-09-14T08:00:00,76
15,2026-09-14T08:00:00,74
1,2026-09-14T09:00:00,98
2,2026-09-14T09:00:00,84
3,2026-09-14T09:00:00,88
4,2026-09-14T09:00:00,86
5,2026-09-14T09:00:00,64
6,2026-09-14T09:00:00,86
7,2026-09-14T09:00:00,92
8,2026-09-14T09:00:00,84
9,2026-09-14T09:00:00,72
10,2026-09-14T09:00:00,79
11,2026-09-14T09:00:00,91
12,2026-09-14T09:00:00,91
13,2026-09-14T09:00:00,88
14,2026-09-14T09:00:00,82
15,2026-09-14T09:00:00,72
1,2026-09-14T10:00:00,92
2,2026-09-14T10:00:00,75
3,2026-09-14T10:00:00,80
4,2026-09-14T10:00:00,96
5,2026-09-14T10:00:00,58
6,2026-09-14T10:00:00,92
7,2026-09-14T10:00:00,93
8,2026-09-14T10:00:00,84
9,2026-09-14T10:00:00,77
10,2026-09-14T10:00:00,80
11,2026-09-14T10:00:00,88
12,2026-09-14T10:00:00,90
13,2026-09-14T10:00:00,85
14,2026-09-14T10:00:00,84
15,2026-09-14T10:00:00,69
1,2026-09-14T11:00:00,71
2,2026-09-14T11:00:00,57
3,2026-09-14T11:00:00,59
4,2026-09-14T11:00:00,70
5,2026-09-14T11:00:00,47
6,2026-09-14T11:00:00,64
7,2026-09-14T11:00:00,66
8,2026-09-14T11:00:00,59
9,2026-09-14T11:00:00,55
10,2026-09-14T11:00:00,57
11,2026-09-14T11:00:00,60
12,2026-09-14T11:00:00,62
13,2026-09-14T11:00:00,58
14,2026-09-14T11:00:00,56
15,2026-09-14T11:00:00,46
1,2026-09-14T12:00:00,68
2,2026-09-14T12:00:00,52
3,2026-09-14T12:00:00,64
4,2026-09-14T12:00:00,69
5,2026-09-14T12:00:00,49
6,2026-09-14T12:00:00,70
7,2026-09-14T12:00:00,66
8,2026-09-14T12:00:00,67
9,2026-09-14T12:00:00,57
10,2026-09-14T12:00:00,57
11,2026-09-14T12:00:00,69
12,2026-09-14T12:00:00,57
13,2026-09-14T12:00:00,64
14,2026-09-14T12:00:00,56
15,2026-09-14T12:00:00,56
1,2026-09-14T13:00:00,65
2,2026-09-14T13:00:00,60
3,2026-09-14T13:00:00,63
4,2026-09-14T13:00:00,66
5,2026-09-14T13:00:00,43
6,2026-09-14T13:00:00,59
7,2026-09-14T13:00:00,64
8,2026-09-14T13:00:00,66
9,2026-09-14T13:00:00,57
10,2026-09-14T13:00:00,59
11,2026-09-14T13:00:00,58
12,2026-09-14T13:00:00,60
13,2026-09-14T13:00:00,54
14,2026-09-14T13:00:00,53
15,2026-09-14T13:00:00,50
1,2026-09-14T14:00:00,73
2,2026-09-14T14:00:00,65
3,2026-09-14T14:00:00,59
4,2026-09-14T14:00:00,62
5,2026-09-14T14:00:00,56
6,2026-09-14T14:00:00,66
7,2026-09-14T14:00:00,66
8,2026-09-14T14:00:00,63
9,2026-09-14T14:00:00,53
10,2026-09-14T14:00:00,47
11,2026-09-14T14:00:00,62
12,2026-09-14T14:00:00,57
13,2026-09-14T14:00:00,59
14,2026-09-14T14:00:00,61
15,2026-09-14T14:00:00,50
1,2026-09-14T15:00:00,64
2,2026-09-14T15:00:00,65
3,2026-09-14T15:00:00,58
4,2026-09-14T15:00:00,66
5,2026-09-14T15:00:00,48
6,2026-09-14T15:00:00,64
7,2026-09-14T15:00:00,64
8,2026-09-14T15:00:00,56
9,2026-09-14T15:00:00,48
10,2026-09-14T15:00:00,53
11,2026-09-14T15:00:00,59
12,2026-09-14T15:00:00,70
13,2026-09-14T15:00:00,54
14,2026-09-14T15:00:00,61
15,2026-09-14T15:00:00,55
1,2026-09-14T16:00:00,61
2,2026-09-14T16:00:00,54
3,2026-09-14T16:00:00,67
4,2026-09-14T16:00:00,63
5,2026-09-14T16:00:00,49
6,2026-09-14T16:00:00,67
7,2026-09-14T16:00:00,70
8,2026-09-14T16:00:00,62
9,2026-09-14T16:00:00,56
10,2026-09-14T16:00:00,56
11,2026-09-14T16:00:00,61
12,2026-09-14T16:00:00,62
13,2026-09-14T16:00:00,57
14,2026-09-14T16:00:00,49
15,2026-09-14T16:00:00,44
1,2026-09-14T17:00:00,70
2,2026-09-14T17:00:00,46
3,2026-09-14T17:00:00,64
4,2026-09-14T17:00:00,71
5,2026-09-14T17:00:00,43
6,2026-09-14T17:00:00,72
7,2026-09-14T17:00:00,68
8,2026-09-14T17:00:00,62
9,2026-09-14T17:00:00,56
10,2026-09-14T17:00:00,55
11,2026-09-14T17:00:00,64
12,2026-09-14T17:00:00,57
13,2026-09-14T17:00:00,58
14,2026-09-14T17:00:00,61
15,2026-09-14T17:00:00,46
1,2026-09-14T18:00:00,98
2,2026-09-14T18:00:00,91
3,2026-09-14T18:00:00,93
4,2026-09-14T18:00:00,98
5,2026-09-14T18:00:00,70
6,2026-09-14T18:00:00,94
7,2026-09-14T18:00:00,98
8,2026-09-14T18:00:00,88
9,2026-09-14T18:00:00,82
10,2026-09-14T18:00:00,76
11,2026-09-14T18:00:00,92
12,2026-09-14T18:00:00,97
13,2026-09-14T18:00:00,90
14,2026-09-14T18:00:00,84
15,2026-09-14T18:00:00,64
1,2026-09-14T19:00:00,98
2,2026-09-14T19:00:00,88
3,2026-09-14T19:00:00,96
4,2026-09-14T19:00:00,98
5,2026-09-14T19:00:00,74
6,2026-09-14T19:00:00,88
7,2026-09-14T19:00:00,97
8,2026-09-14T19:00:00,90
9,2026-09-14T19:00:00,95
10,2026-09-14T19:00:00,80
11,2026-09-14T19:00:00,96
12,2026-09-14T19:00:00,97
13,2026-09-14T19:00:00,91
14,2026-09-14T19:00:00,83
15,2026-09-14T19:00:00,69
1,2026-09-14T20:00:00,94
2,2026-09-14T20:00:00,92
3,2026-09-14T20:00:00,94
4,2026-09-14T20:00:00,94
5,2026-09-14T20:00:00,69
6,2026-09-14T20:00:00,94
7,2026-09-14T20:00:00,98
8,2026-09-14T20:00:00,94
9,2026-09-14T20:00:00,89
10,2026-09-14T20:00:00,77
11,2026-09-14T20:00:00,98
12,2026-09-14T20:00:00,98
13,2026-09-14T20:00:00,84
14,2026-09-14T20:00:00,87
15,2026-09-14T20:00:00,71
1,2026-09-14T21:00:00,97
2,2026-09-14T21:00:00,86
3,2026-09-14T21:00:00,87
4,2026-09-14T21:00:00,98
5,2026-09-14T21:00:00,71
6,2026-09-14T21:00:00,98
7,2026-09-14T21:00:00,98
8,2026-09-14T21:00:00,98
9,2026-09-14T21:00:00,85
10,2026-09-14T21:00:00,84
11,2026-09-14T21:00:00,93
12,2026-09-14T21:00:00,98
13,2026-09-14T21:00:00,93
14,2026-09-14T21:00:00,86
15,2026-09-14T21:00:00,68
1,2026-09-14T22:00:00,39
2,2026-09-14T22:00:00,33
3,2026-09-14T22:00:00,38
4,2026-09-14T22:00:00,47
5,2026-09-14T22:00:00,32
6,2026-09-14T22:00:00,48
7,2026-09-14T22:00:00,48
8,2026-09-14T22:00:00,38
9,2026-09-14T22:00:00,38
10,2026-09-14T22:00:00,38
11,2026-09-14T22:00:00,40
12,2026-09-14T22:00:00,38
13,2026-09-14T22:00:00,33
14,2026-09-14T22:00:00,36
15,2026-09-14T22:00:00,35
1,2026-09-14T23:00:00,47
2,2026-09-14T23:00:00,40
3,2026-09-14T23:00:00,47
4,2026-09-14T23:00:00,43
5,2026-09-14T23:00:00,38
6,2026-09-14T23:00:00,44
7,2026-09-14T23:00:00,46
8,2026-09-14T23:00:00,42
9,2026-09-14T23:00:00,43
10,2026-09-14T23:00:00,45
11,2026-09-14T23:00:00,45
12,2026-09-14T23:00:00,43
13,2026-09-14T23:00:00,45
14,2026-09-14T23:00:00,45
15,2026-09-14T23:00:00,37
1,2026-09-15T00:00:00,17
2,2026-09-15T00:00:00,21
3,2026-09-15T00:00:00,17
4,2026-09-15T00:00:00,16
5,2026-09-15T00:00:00,16
6,2026-09-15T00:00:00,26
7,2026-09-15T00:00:00,20
8,2026-09-15T00:00:00,22
9,2026-09-15T00:00:00,16
10,2026-09-15T00:00:00,16
11,2026-09-15T00:00:00,21
12,2026-09-15T00:00:00,24
13,2026-09-15T00:00:00,16
14,2026-09-15T00:00:00,21
15,2026-09-15T00:00:00,13
1,2026-09-15T01:00:00,14
2,2026-09-15T01:00:00,20
3,2026-09-15T01:00:00,12
4,2026-09-15T01:00:00,20
5,2026-09-15T01:00:00,13
6,2026-09-15T01:00:00,16
7,2026-09-15T01:00:00,22
8,2026-09-15T01:00:00,24
9,2026-09-15T01:00:00,18
10,2026-09-15T01:00:00,17
11,2026-09-15T01:00:00,18
12,2026-09-15T01:00:00,14
13,2026-09-15T01:00:00,21
14,2026-09-15T01:00:00,18
15,2026-09-15T01:00:00,17
1,2026-09-15T02:00:00,20
2,2026-09-15T02:00:00,26
3,2026-09-15T02:00:00,11
4,2026-09-15T02:00:00,20
5,2026-09-15T02:00:00,15
6,2026-09-15T02:00:00,26
7,2026-09-15T02:00:00,19
8,2026-09-15T02:00:00,22
9,2026-09-15T02:00:00,15
10,2026-09-15T02:00:00,13
11,2026-09-15T02:00:00,17
12,2026-09-15T02:00:00,25
13,2026-09-15T02:00:00,19
14,2026-09-15T02:00:00,13
15,2026-09-15T02:00:00,18
1,2026-09-15T03:00:00,16
2,2026-09-15T03:00:00,23
3,2026-09-15T03:00:00,25
4,2026-09-15T03:00:00,17
5,2026-09-15T03:00:00,16
6,2026-09-15T03:00:00,15
7,2026-09-15T03:00:00,19
8,2026-09-15T03:00:00,21
9,2026-09-15T03:00:00,18
10,2026-09-15T03:00:00,21
11,2026-09-15T03:00:00,20
12,2026-09-15T03:00:00,13
13,2026-09-15T03:00:00,18
14,2026-09-15T03:00:00,18
15,2026-09-15T03:00:00,22
1,2026-09-15T04:00:00,18
2,2026-09-15T04:00:00,22
3,2026-09-15T04:00:00,21
4,2026-09-15T04:00:00,13
5,2026-09-15T04:00:00,18
6,2026-09-15T04:00:00,22
7,2026-09-15T04:00:00,21
8,2026-09-15T04:00:00,10
9,2026-09-15T04:00:00,19
10,2026-09-15T04:00:00,17
11,2026-09-15T04:00:00,22
12,2026-09-15T04:00:00,21
13,2026-09-15T04:00:00,20
14,2026-09-15T04:00:00,13
15,2026-09-15T04:00:00,17
1,2026-09-15T05:00:00,20
2,2026-09-15T05:00:00,8
3,2026-09-15T05:00:00,16
4,2026-09-15T05:00:00,26
5,2026-09-15T05:00:00,16
6,2026-09-15T05:00:00,19
7,2026-09-15T05:00:00,11
8,2026-09-15T05:00:00,22
9,2026-09-15T05:00:00,13
10,2026-09-15T05:00:00,12
11,2026-09-15T05:00:00,20
12,2026-09-15T05:00:00,15
13,2026-09-15T05:00:00,16
14,2026-09-15T05:00:00,14
15,2026-09-15T05:00:00,12
1,2026-09-15T06:00:00,41
2,2026-09-15T06:00:00,37
3,2026-09-15T06:00:00,39
4,2026-09-15T06:00:00,53
5,2026-09-15T06:00:00,31
6,2026-09-15T06:00:00,51
7,2026-09-15T06:00:00,44
8,2026-09-15T06:00:00,45
9,2026-09-15T06:00:00,41
10,2026-09-15T06:00:00,37
11,2026-09-15T06:00:00,45
12,2026-09-15T06:00:00,36
13,2026-09-15T06:00:00,33
14,2026-09-15T06:00:00,41
15,2026-09-15T06:00:00,39
1,2026-09-15T07:00:00,37
2,2026-09-15T07:00:00,39
3,2026-09-15T07:00:00,40
4,2026-09-15T07:00:00,47
5,2026-09-15T07:00:00,34
6,2026-09-15T07:00:00,50
7,2026-09-15T07:00:00,55
8,2026-09-15T07:00:00,43
9,2026-09-15T07:00:00,42
10,2026-09-15T07:00:00,30
11,2026-09-15T07:00:00,42
12,2026-09-15T07:00:00,37
13,2026-09-15T07:00:00,48
14,2026-09-15T07:00:00,32
15,2026-09-15T07:00:00,35
1,2026-09-15T08:00:00,92
2,2026-09-15T08:00:00,80
3,2026-09-15T08:00:00,87
4,2026-09-15T08:00:00,90
5,2026-09-15T08:00:00,70
6,2026-09-15T08:00:00,91
7,2026-09-15T08:00:00,93
8,2026-09-15T08:00:00,91
9,2026-09-15T08:00:00,80
10,2026-09-15T08:00:00,78
11,2026-09-15T08:00:00,91
12,2026-09-15T08:00:00,86
13,2026-09-15T08:00:00,84
14,2026-09-15T08:00:00,86
15,2026-09-15T08:00:00,64
1,2026-09-15T09:00:00,84
2,2026-09-15T09:00:00,81
3,2026-09-15T09:00:00,85
4,2026-09-15T09:00:00,97
5,2026-09-15T09:00:00,67
6,2026-09-15T09:00:00,84
7,2026-09-15T09:00:00,97
8,2026-09-15T09:00:00,91
9,2026-09-15T09:00:00,80
10,2026-09-15T09:00:00,75
11,2026-09-15T09:00:00,87
12,2026-09-15T09:00:00,92
13,2026-09-15T09:00:00,84
14,2026-09-15T09:00:00,82
15,2026-09-15T09:00:00,68
1,2026-09-15T10:00:00,91
2,2026-09-15T10:00:00,80
3,2026-09-15T10:00:00,76
4,2026-09-15T10:00:00,94
5,2026-09-15T10:00:00,74
6,2026-09-15T10:00:00,98
7,2026-09-15T10:00:00,95
8,2026-09-15T10:00:00,80
9,2026-09-15T10:00:00,79
10,2026-09-15T10:00:00,83
11,2026-09-15T10:00:00,88
12,2026-09-15T10:00:00,94
13,2026-09-15T10:00:00,91
14,2026-09-15T10:00:00,75
15,2026-09-15T10:00:00,68
1,2026-09-15T11:00:00,63
2,2026-09-15T11:00:00,59
3,2026-09-15T11:00:00,62
4,2026-09-15T11:00:00,68
5,2026-09-15T11:00:00,43
6,2026-09-15T11:00:00,71
7,2026-09-15T11:00:00,75
8,2026-09-15T11:00:00,65
9,2026-09-15T11:00:00,54
10,2026-09-15T11:00:00,57
11,2026-09-15T11:00:00,68
12,2026-09-15T11:00:00,66
13,2026-09-15T11:00:00,60
14,2026-09-15T11:00:00,49
15,2026-09-15T11:00:00,48
1,2026-09-15T12:00:00,67
2,2026-09-15T12:00:00,58
3,2026-09-15T12:00:00,58
4,2026-09-15T12:00:00,63
5,2026-09-15T12:00:00,44
6,2026-09-15T12:00:00,66
7,2026-09-15T12:00:00,68
8,2026-09-15T12:00:00,65
9,2026-09-15T12:00:00,59
10,2026-09-15T12:00:00,61
11,2026-09-15T12:00:00,67
12,2026-09-15T12:00:00,65
13,2026-09-15T12:00:00,58
14,2026-09-15T12:00:00,58
15,2026-09-15T12:00:00,48
1,2026-09-15T13:00:00,69
2,2026-09-15T13:00:00,55
3,2026-09-15T13:00:00,68
4,2026-09-15T13:00:00,66
5,2026-09-15T13:00:00,42
6,2026-09-15T13:00:00,62
7,2026-09-15T13:00:00,63
8,2026-09-15T13:00:00,64
9,2026-09-15T13:00:00,58
10,2026-09-15T13:00:00,56
11,2026-09-15T13:00:00,64
12,2026-09-15T13:00:00,66
13,2026-09-15T13:00:00,61
14,2026-09-15T13:00:00,53
15,2026-09-15T13:00:00,43
1,2026-09-15T14:00:00,58
2,2026-09-15T14:00:00,61
3,2026-09-15T14:00:00,61
4,2026-09-15T14:00:00,64
5,2026-09-15T14:00:00,50
6,2026-09-15T14:00:00,61
7,2026-09-15T14:00:00,65
8,2026-09-15T14:00:00,66
9,2026-09-15T14:00:00,63
10,2026-09-15T14:00:00,62
11,2026-09-15T14:00:00,60
12,2026-09-15T14:00:00,63
13,2026-09-15T14:00:00,66
14,2026-09-15T14:00:00,51
15,2026-09-15T14:00:00,43
1,2026-09-15T15:00:00,64
2,2026-09-15T15:00:00,59
3,2026-09-15T15:00:00,64
4,2026-09-15T15:00:00,63
5,2026-09-15T15:00:00,50
6,2026-09-15T15:00:00,72
7,2026-09-15T15:00:00,68
8,2026-09-15T15:00:00,64
9,2026-09-15T15:00:00,62
10,2026-09-15T15:00:00,64
11,2026-09-15T15:00:00,55
12,2026-09-15T15:00:00,58
13,2026-09-15T15:00:00,69
14,2026-09-15T15:00:00,53
15,2026-09-15T15:00:00,47
1,2026-09-15T16:00:00,55
2,2026-09-15T16:00:00,55
3,2026-09-15T16:00:00,68
4,2026-09-15T16:00:00,72
5,2026-09-15T16:00:00,43
6,2026-09-15T16:00:00,61
7,2026-09-15T16:00:00,72
8,2026-09-15T16:00:00,61
9,2026-09-15T16:00:00,54
10,2026-09-15T16:00:00,60
11,2026-09-15T16:00:00,57
12,2026-09-15T16:00:00,64
13,2026-09-15T16:00:00,62
14,2026-09-15T16:00:00,56
15,2026-09-15T16:00:00,51
1,2026-09-15T17:00:00,62
2,2026-09-15T17:00:00,60
3,2026-09-15T17:00:00,61
4,2026-09-15T17:00:00,72
5,2026-09-15T17:00:00,42
6,2026-09-15T17:00:00,59
7,2026-09-15T17:00:00,63
8,2026-09-15T17:00:00,69
9,2026-09-15T17:00:00,59
10,2026-09-15T17:00:00,61
11,2026-09-15T17:00:00,67
12,2026-09-15T17:00:00,61
13,2026-09-15T17:00:00,64
14,2026-09-15T17:00:00,56
15,2026-09-15T17:00:00,51
1,2026-09-15T18:00:00,98
2,2026-09-15T18:00:00,89
3,2026-09-15T18:00:00,86
4,2026-09-15T18:00:00,93
5,2026-09-15T18:00:00,69
6,2026-09-15T18:00:00,98
7,2026-09-15T18:00:00,95
8,2026-09-15T18:00:00,91
9,2026-09-15T18:00:00,83
10,2026-09-15T18:00:00,82
11,2026-09-15T18:00:00,88
12,2026-09-15T18:00:00,95
13,2026-09-15T18:00:00,86
14,2026-09-15T18:00:00,92
15,2026-09-15T18:00:00,67
1,2026-09-15T19:00:00,97
2,2026-09-15T19:00:00,91
3,2026-09-15T19:00:00,87
4,2026-09-15T19:00:00,97
5,2026-09-15T19:00:00,71
6,2026-09-15T19:00:00,97
7,2026-09-15T19:00:00,97
8,2026-09-15T19:00:00,84
9,2026-09-15T19:00:00,83
10,2026-09-15T19:00:00,86
11,2026-09-15T19:00:00,87
12,2026-09-15T19:00:00,94
13,2026-09-15T19:00:00,87
14,2026-09-15T19:00:00,79
15,2026-09-15T19:00:00,72
1,2026-09-15T20:00:00,94
2,2026-09-15T20:00:00,89
3,2026-09-15T20:00:00,94
4,2026-09-15T20:00:00,98
5,2026-09-15T20:00:00,76
6,2026-09-15T20:00:00,94
7,2026-09-15T20:00:00,98
8,2026-09-15T20:00:00,91
9,2026-09-15T20:00:00,85
10,2026-09-15T20:00:00,82
11,2026-09-15T20:00:00,95
12,2026-09-15T20:00:00,98
13,2026-09-15T20:00:00,80
14,2026-09-15T20:00:00,88
15,2026-09-15T20:00:00,77
1,2026-09-15T21:00:00,93
2,2026-09-15T21:00:00,85
3,2026-09-15T21:00:00,90
4,2026-09-15T21:00:00,98
5,2026-09-15T21:00:00,73
6,2026-09-15T21:00:00,98
7,2026-09-15T21:00:00,98
8,2026-09-15T21:00:00,86
9,2026-09-15T21:00:00,90
10,2026-09-15T21:00:00,77
11,2026-09-15T21:00:00,98
12,2026-09-15T21:00:00,98
13,2026-09-15T21:00:00,81
14,2026-09-15T21:00:00,83
15,2026-09-15T21:00:00,69
1,2026-09-15T22:00:00,50
2,2026-09-15T22:00:00,42
3,2026-09-15T22:00:00,43
4,2026-09-15T22:00:00,46
5,2026-09-15T22:00:00,36
6,2026-09-15T22:00:00,38
7,2026-09-15T22:00:00,57
8,2026-09-15T22:00:00,39
9,2026-09-15T22:00:00,39
10,2026-09-15T22:00:00,38
11,2026-09-15T22:00:00,42
12,2026-09-15T22:00:00,49
13,2026-09-15T22:00:00,48
14,2026-09-15T22:00:00,43
15,2026-09-15T22:00:00,32
1,2026-09-15T23:00:00,44
2,2026-09-15T23:00:00,36
3,2026-09-15T23:00:00,36
4,2026-09-15T23:00:00,49
5,2026-09-15T23:00:00,32
6,2026-09-15T23:00:00,41
7,2026-09-15T23:00:00,47
8,2026-09-15T23:00:00,41
9,2026-09-15T23:00:00,34
10,2026-09-15T23:00:00,40
11,2026-09-15T23:00:00,37
12,2026-09-15T23:00:00,45
13,2026-09-15T23:00:00,41
14,2026-09-15T23:00:00,43
15,2026-09-15T23:00:00,37
1,2026-09-16T00:00:00,14
2,2026-09-16T00:00:00,20
3,2026-09-16T00:00:00,14
4,2026-09-16T00:00:00,15
5,2026-09-16T00:00:00,17
6,2026-09-16T00:00:00,18
7,2026-09-16T00:00:00,20
8,2026-09-16T00:00:00,10
9,2026-09-16T00:00:00,18
10,2026-09-16T00:00:00,16
11,2026-09-16T00:00:00,22
12,2026-09-16T00:00:00,19
13,2026-09-16T00:00:00,16
14,2026-09-16T00:00:00,10
15,2026-09-16T00:00:00,20
1,2026-09-16T01:00:00,15
2,2026-09-16T01:00:00,16
3,2026-09-16T01:00:00,21
4,2026-09-16T01:00:00,20
5,2026-09-16T01:00:00,10
6,2026-09-16T01:00:00,23
7,2026-09-16T01:00:00,19
8,2026-09-16T01:00:00,24
9,2026-09-16T01:00:00,13
10,2026-09-16T01:00:00,15
11,2026-09-16T01:00:00,26
12,2026-09-16T01:00:00,20
13,2026-09-16T01:00:00,16
14,2026-09-16T01:00:00,22
15,2026-09-16T01:00:00,12
1,2026-09-16T02:00:00,14
2,2026-09-16T02:00:00,15
3,2026-09-16T02:00:00,19
4,2026-09-16T02:00:00,25
5,2026-09-16T02:00:00,17
6,2026-09-16T02:00:00,23
7,2026-09-16T02:00:00,27
8,2026-09-16T02:00:00,17
9,2026-09-16T02:00:00,16
10,2026-09-16T02:00:00,13
11,2026-09-16T02:00:00,14
12,2026-09-16T02:00:00,23
13,2026-09-16T02:00:00,12
14,2026-09-16T02:00:00,19
15,2026-09-16T02:00:00,16
1,2026-09-16T03:00:00,18
2,2026-09-16T03:00:00,19
3,2026-09-16T03:00:00,14
4,2026-09-16T03:00:00,17
5,2026-09-16T03:00:00,15
6,2026-09-16T03:00:00,22
7,2026-09-16T03:00:00,26
8,2026-09-16T03:00:00,21
9,2026-09-16T03:00:00,22
10,2026-09-16T03:00:00,12
11,2026-09-16T03:00:00,23
12,2026-09-16T03:00:00,18
13,2026-09-16T03:00:00,20
14,2026-09-16T03:00:00,20
15,2026-09-16T03:00:00,15
1,2026-09-16T04:00:00,20
2,2026-09-16T04:00:00,19
3,2026-09-16T04:00:00,15
4,2026-09-16T04:00:00,20
5,2026-09-16T04:00:00,16
6,2026-09-16T04:00:00,26
7,2026-09-16T04:00:00,18
8,2026-09-16T04:00:00,20
9,2026-09-16T04:00:00,19
10,2026-09-16T04:00:00,19
11,2026-09-16T04:00:00,20
12,2026-09-16T04:00:00,22
13,2026-09-16T04:00:00,13
14,2026-09-16T04:00:00,12
15,2026-09-16T04:00:00,14
1,2026-09-16T05:00:00,20
2,2026-09-16T05:00:00,20
3,2026-09-16T05:00:00,23
4,2026-09-16T05:00:00,11
5,2026-09-16T05:00:00,19
6,2026-09-16T05:00:00,17
7,2026-09-16T05:00:00,23
8,2026-09-16T05:00:00,5
9,2026-09-16T05:00:00,22
10,2026-09-16T05:00:00,10
11,2026-09-16T05:00:00,19
12,2026-09-16T05:00:00,24
13,2026-09-16T05:00:00,15
14,2026-09-16T05:00:00,16
15,2026-09-16T05:00:00,16
1,2026-09-16T06:00:00,47
2,2026-09-16T06:00:00,40
3,2026-09-16T06:00:00,41
4,2026-09-16T06:00:00,42
5,2026-09-16T06:00:00,35
6,2026-09-16T06:00:00,38
7,2026-09-16T06:00:00,40
8,2026-09-16T06:00:00,42
9,2026-09-16T06:00:00,36
10,2026-09-16T06:00:00,45
11,2026-09-16T06:00:00,47
12,2026-09-16T06:00:00,45
13,2026-09-16T06:00:00,40
14,2026-09-16T06:00:00,36
15,2026-09-16T06:00:00,30
1,2026-09-16T07:00:00,47
2,2026-09-16T07:00:00,45
3,2026-09-16T07:00:00,42
4,2026-09-16T07:00:00,40
5,2026-09-16T07:00:00,30
6,2026-09-16T07:00:00,48
7,2026-09-16T07:00:00,50
8,2026-09-16T07:00:00,38
9,2026-09-16T07:00:00,39
10,2026-09-16T07:00:00,45
11,2026-09-16T07:00:00,41
12,2026-09-16T07:00:00,45
13,2026-09-16T07:00:00,43
14,2026-09-16T07:00:00,41
15,2026-09-16T07:00:00,32
1,2026-09-16T08:00:00,93
2,2026-09-16T08:00:00,78
3,2026-09-16T08:00:00,92
4,2026-09-16T08:00:00,97
5,2026-09-16T08:00:00,65
6,2026-09-16T08:00:00,92
7,2026-09-16T08:00:00,95
8,2026-09-16T08:00:00,90
9,2026-09-16T08:00:00,83
10,2026-09-16T08:00:00,80
11,2026-09-16T08:00:00,84
12,2026-09-16T08:00:00,85
13,2026-09-16T08:00:00,88
14,2026-09-16T08:00:00,75
15,2026-09-16T08:00:00,70
1,2026-09-16T09:00:00,96
2,2026-09-16T09:00:00,81
3,2026-09-16T09:00:00,90
4,2026-09-16T09:00:00,92
5,2026-09-16T09:00:00,67
6,2026-09-16T09:00:00,92
7,2026-09-16T09:00:00,95
8,2026-09-16T09:00:00,86
9,2026-09-16T09:00:00,83
10,2026-09-16T09:00:00,76
11,2026-09-16T09:00:00,84
12,2026-09-16T09:00:00,95
13,2026-09-16T09:00:00,85
14,2026-09-16T09:00:00,82
15,2026-09-16T09:00:00,68
1,2026-09-16T10:00:00,91
2,2026-09-16T10:00:00,84
3,2026-09-16T10:00:00,79
4,2026-09-16T10:00:00,92
5,2026-09-16T10:00:00,65
6,2026-09-16T10:00:00,95
7,2026-09-16T10:00:00,93
8,2026-09-16T10:00:00,88
9,2026-09-16T10:00:00,76
10,2026-09-16T10:00:00,78
11,2026-09-16T10:00:00,82
12,2026-09-16T10:00:00,88
13,2026-09-16T10:00:00,86
14,2026-09-16T10:00:00,78
15,2026-09-16T10:00:00,66
1,2026-09-16T11:00:00,68
2,2026-09-16T11:00:00,61
3,2026-09-16T11:00:00,58
4,2026-09-16T11:00:00,65
5,2026-09-16T11:00:00,39
6,2026-09-16T11:00:00,63
7,2026-09-16T11:00:00,63
8,2026-09-16T11:00:00,62
9,2026-09-16T11:00:00,54
10,2026-09-16T11:00:00,54
11,2026-09-16T11:00:00,58
12,2026-09-16T11:00:00,68
13,2026-09-16T11:00:00,60
14,2026-09-16T11:00:00,51
15,2026-09-16T11:00:00,49
1,2026-09-16T12:00:00,63
2,2026-09-16T12:00:00,53
3,2026-09-16T12:00:00,64
4,2026-09-16T12:00:00,66
5,2026-09-16T12:00:00,48
6,2026-09-16T12:00:00,59
7,2026-09-16T12:00:00,71
8,2026-09-16T12:00:00,68
9,2026-09-16T12:00:00,54
10,2026-09-16T12:00:00,64
11,2026-09-16T12:00:00,66
12,2026-09-16T12:00:00,68
13,2026-09-16T12:00:00,63
14,2026-09-16T12:00:00,54
15,2026-09-16T12:00:00,56
1,2026-09-16T13:00:00,65
2,2026-09-16T13:00:00,57
3,2026-09-16T13:00:00,60
4,2026-09-16T13:00:00,65
5,2026-09-16T13:00:00,58
6,2026-09-16T13:00:00,69
7,2026-09-16T13:00:00,66
8,2026-09-16T13:00:00,63
9,2026-09-16T13:00:00,58
10,2026-09-16T13:00:00,57
11,2026-09-16T13:00:00,68
12,2026-09-16T13:00:00,69
13,2026-09-16T13:00:00,59
14,2026-09-16T13:00:00,51
15,2026-09-16T13:00:00,44
1,2026-09-16T14:00:00,66
2,2026-09-16T14:00:00,63
3,2026-09-16T14:00:00,64
4,2026-09-16T14:00:00,60
5,2026-09-16T14:00:00,52
6,2026-09-16T14:00:00,59
7,2026-09-16T14:00:00,72
8,2026-09-16T14:00:00,61
9,2026-09-16T14:00:00,51
10,2026-09-16T14:00:00,56
11,2026-09-16T14:00:00,68
12,2026-09-16T14:00:00,58
13,2026-09-16T14:00:00,61
14,2026-09-16T14:00:00,65
15,2026-09-16T14:00:00,52
1,2026-09-16T15:00:00,61
2,2026-09-16T15:00:00,61
3,2026-09-16T15:00:00,66
4,2026-09-16T15:00:00,68
5,2026-09-16T15:00:00,48
6,2026-09-16T15:00:00,59
7,2026-09-16T15:00:00,66
8,2026-09-16T15:00:00,57
9,2026-09-16T15:00:00,61
10,2026-09-16T15:00:00,59
11,2026-09-16T15:00:00,62
12,2026-09-16T15:00:00,60
13,2026-09-16T15:00:00,63
14,2026-09-16T15:00:00,58
15,2026-09-16T15:00:00,51
1,2026-09-16T16:00:00,71
2,2026-09-16T16:00:00,60
3,2026-09-16T16:00:00,59
4,2026-09-16T16:00:00,70
5,2026-09-16T16:00:00,40
6,2026-09-16T16:00:00,64
7,2026-09-16T16:00:00,60
8,2026-09-16T16:00:00,56
9,2026-09-16T16:00:00,58
10,2026-09-16T16:00:00,54
11,2026-09-16T16:00:00,61
12,2026-09-16T16:00:00,65
13,2026-09-16T16:00:00,64
14,2026-09-16T16:00:00,63
15,2026-09-16T16:00:00,46
1,2026-09-16T17:00:00,60
2,2026-09-16T17:00:00,55
3,2026-09-16T17:00:00,50
4,2026-09-16T17:00:00,66
5,2026-09-16T17:00:00,46
6,2026-09-16T17:00:00,69
7,2026-09-16T17:00:00,68
8,2026-09-16T17:00:00,59
9,2026-09-16T17:00:00,56
10,2026-09-16T17:00:00,49
11,2026-09-16T17:00:00,64
12,2026-09-16T17:00:00,57
13,2026-09-16T17:00:00,66
14,2026-09-16T17:00:00,53
15,2026-09-16T17:00:00,51
1,2026-09-16T18:00:00,98
2,2026-09-16T18:00:00,93
3,2026-09-16T18:00:00,84
4,2026-09-16T18:00:00,85
5,2026-09-16T18:00:00,71
6,2026-09-16T18:00:00,98
7,2026-09-16T18:00:00,98
8,2026-09-16T18:00:00,84
9,2026-09-16T18:00:00,81
10,2026-09-16T18:00:00,83
11,2026-09-16T18:00:00,91
12,2026-09-16T18:00:00,94
13,2026-09-16T18:00:00,85
14,2026-09-16T18:00:00,82
15,2026-09-16T18:00:00,71
1,2026-09-16T19:00:00,98
2,2026-09-16T19:00:00,86
3,2026-09-16T19:00:00,94
4,2026-09-16T19:00:00,98
5,2026-09-16T19:00:00,71
6,2026-09-16T19:00:00,93
7,2026-09-16T19:00:00,98
8,2026-09-16T19:00:00,91
9,2026-09-16T19:00:00,87
10,2026-09-16T19:00:00,83
11,2026-09-16T19:00:00,93
12,2026-09-16T19:00:00,92
13,2026-09-16T19:00:00,88
14,2026-09-16T19:00:00,89
15,2026-09-16T19:00:00,67
1,2026-09-16T20:00:00,92
2,2026-09-16T20:00:00,89
3,2026-09-16T20:00:00,95
4,2026-09-16T20:00:00,95
5,2026-09-16T20:00:00,72
6,2026-09-16T20:00:00,94
7,2026-09-16T20:00:00,98
8,2026-09-16T20:00:00,87
9,2026-09-16T20:00:00,82
10,2026-09-16T20:00:00,72
11,2026-09-16T20:00:00,98
12,2026-09-16T20:00:00,98
13,2026-09-16T20:00:00,86
14,2026-09-16T20:00:00,83
15,2026-09-16T20:00:00,70
1,2026-09-16T21:00:00,90
2,2026-09-16T21:00:00,85
3,2026-09-16T21:00:00,90
4,2026-09-16T21:00:00,98
5,2026-09-16T21:00:00,73
6,2026-09-16T21:00:00,98
7,2026-09-16T21:00:00,95
8,2026-09-16T21:00:00,85
9,2026-09-16T21:00:00,88
10,2026-09-16T21:00:00,79
11,2026-09-16T21:00:00,95
12,2026-09-16T21:00:00,97
13,2026-09-16T21:00:00,89
14,2026-09-16T21:00:00,87
15,2026-09-16T21:00:00,81
1,2026-09-16T22:00:00,43
2,2026-09-16T22:00:00,41
3,2026-09-16T22:00:00,34
4,2026-09-16T22:00:00,44
5,2026-09-16T22:00:00,33
6,2026-09-16T22:00:00,42
7,2026-09-16T22:00:00,39
8,2026-09-16T22:00:00,45
9,2026-09-16T22:00:00,33
10,2026-09-16T22:00:00,30
11,2026-09-16T22:00:00,47
12,2026-09-16T22:00:00,50
13,2026-09-16T22:00:00,47
14,2026-09-16T22:00:00,44
15,2026-09-16T22:00:00,41
1,2026-09-16T23:00:00,44
2,2026-09-16T23:00:00,46
3,2026-09-16T23:00:00,44
4,2026-09-16T23:00:00,46
5,2026-09-16T23:00:00,29
6,2026-09-16T23:00:00,50
7,2026-09-16T23:00:00,54
8,2026-09-16T23:00:00,39
9,2026-09-16T23:00:00,35
10,2026-09-16T23:00:00,41
11,2026-09-16T23:00:00,46
12,2026-09-16T23:00:00,43
13,2026-09-16T23:00:00,36
14,2026-09-16T23:00:00,48
15,2026-09-16T23:00:00,33
1,2026-09-17T00:00:00,26
2,2026-09-17T00:00:00,18
3,2026-09-17T00:00:00,17
4,2026-09-17T00:00:00,21
5,2026-09-17T00:00:00,12
6,2026-09-17T00:00:00,16
7,2026-09-17T00:00:00,21
8,2026-09-17T00:00:00,19
9,2026-09-17T00:00:00,11
10,2026-09-17T00:00:00,17
11,2026-09-17T00:00:00,19
12,2026-09-17T00:00:00,18
13,2026-09-17T00:00:00,19
14,2026-09-17T00:00:00,22
15,2026-09-17T00:00:00,20
1,2026-09-17T01:00:00,25
2,2026-09-17T01:00:00,14
3,2026-09-17T01:00:00,15
4,2026-09-17T01:00:00,25
5,2026-09-17T01:00:00,22
6,2026-09-17T01:00:00,21
7,2026-09-17T01:00:00,21
8,2026-09-17T01:00:00,23
9,2026-09-17T01:00:00,25
10,2026-09-17T01:00:00,16
11,2026-09-17T01:00:00,16
12,2026-09-17T01:00:00,18
13,2026-09-17T01:00:00,21
14,2026-09-17T01:00:00,16
15,2026-09-17T01:00:00,14
1,2026-09-17T02:00:00,23
2,2026-09-17T02:00:00,18
3,2026-09-17T02:00:00,23
4,2026-09-17T02:00:00,26
5,2026-09-17T02:00:00,15
6,2026-09-17T02:00:00,18
7,2026-09-17T02:00:00,22
8,2026-09-17T02:00:00,22
9,2026-09-17T02:00:00,12
10,2026-09-17T02:00:00,19
11,2026-09-17T02:00:00,29
12,2026-09-17T02:00:00,22
13,2026-09-17T02:00:00,21
14,2026-09-17T02:00:00,18
15,2026-09-17T02:00:00,18
1,2026-09-17T03:00:00,18
2,2026-09-17T03:00:00,14
3,2026-09-17T03:00:00,15
4,2026-09-17T03:00:00,15
5,2026-09-17T03:00:00,12
6,2026-09-17T03:00:00,23
7,2026-09-17T03:00:00,24
8,2026-09-17T03:00:00,21
9,2026-09-17T03:00:00,27
10,2026-09-17T03:00:00,20
11,2026-09-17T03:00:00,22
12,2026-09-17T03:00:00,21
13,2026-09-17T03:00:00,14
14,2026-09-17T03:00:00,21
15,2026-09-17T03:00:00,10
1,2026-09-17T04:00:00,17
2,2026-09-17T04:00:00,20
3,2026-09-17T04:00:00,20
4,2026-09-17T04:00:00,25
5,2026-09-17T04:00:00,12
6,2026-09-17T04:00:00,16
7,2026-09-17T04:00:00,22
8,2026-09-17T04:00:00,17
9,2026-09-17T04:00:00,15
10,2026-09-17T04:00:00,17
11,2026-09-17T04:00:00,20
12,2026-09-17T04:00:00,21
13,2026-09-17T04:00:00,21
14,2026-09-17T04:00:00,16
15,2026-09-17T04:00:00,11
1,2026-09-17T05:00:00,19
2,2026-09-17T05:00:00,18
3,2026-09-17T05:00:00,22
4,2026-09-17T05:00:00,21
5,2026-09-17T05:00:00,19
6,2026-09-17T05:00:00,26
7,2026-09-17T05:00:00,25
8,2026-09-17T05:00:00,19
9,2026-09-17T05:00:00,11
10,2026-09-17T05:00:00,15
11,2026-09-17T05:00:00,24
12,2026-09-17T05:00:00,21
13,2026-09-17T05:00:00,31
14,2026-09-17T05:00:00,18
15,2026-09-17T05:00:00,15
1,2026-09-17T06:00:00,43
2,2026-09-17T06:00:00,38
3,2026-09-17T06:00:00,40
4,2026-09-17T06:00:00,39
5,2026-09-17T06:00:00,39
6,2026-09-17T06:00:00,47
7,2026-09-17T06:00:00,43
8,2026-09-17T06:00:00,48
9,2026-09-17T06:00:00,41
10,2026-09-17T06:00:00,44
11,2026-09-17T06:00:00,54
12,2026-09-17T06:00:00,40
13,2026-09-17T06:00:00,41
14,2026-09-17T06:00:00,39
15,2026-09-17T06:00:00,32
1,2026-09-17T07:00:00,42
2,2026-09-17T07:00:00,41
3,2026-09-17T07:00:00,40
4,2026-09-17T07:00:00,45
5,2026-09-17T07:00:00,35
6,2026-09-17T07:00:00,48
7,2026-09-17T07:00:00,42
8,2026-09-17T07:00:00,42
9,2026-09-17T07:00:00,36
10,2026-09-17T07:00:00,40
11,2026-09-17T07:00:00,45
12,2026-09-17T07:00:00,47
13,2026-09-17T07:00:00,45
14,2026-09-17T07:00:00,36
15,2026-09-17T07:00:00,31
1,2026-09-17T08:00:00,89
2,2026-09-17T08:00:00,81
3,2026-09-17T08:00:00,82
4,2026-09-17T08:00:00,85
5,2026-09-17T08:00:00,72
6,2026-09-17T08:00:00,92
7,2026-09-17T08:00:00,90
8,2026-09-17T08:00:00,80
9,2026-09-17T08:00:00,76
10,2026-09-17T08:00:00,77
11,2026-09-17T08:00:00,91
12,2026-09-17T08:00:00,91
13,2026-09-17T08:00:00,80
14,2026-09-17T08:00:00,84
15,2026-09-17T08:00:00,70
1,2026-09-17T09:00:00,90
2,2026-09-17T09:00:00,85
3,2026-09-17T09:00:00,88
4,2026-09-17T09:00:00,97
5,2026-09-17T09:00:00,69
6,2026-09-17T09:00:00,88
7,2026-09-17T09:00:00,92
8,2026-09-17T09:00:00,95
9,2026-09-17T09:00:00,78
10,2026-09-17T09:00:00,79
11,2026-09-17T09:00:00,93
12,2026-09-17T09:00:00,89
13,2026-09-17T09:00:00,84
14,2026-09-17T09:00:00,85
15,2026-09-17T09:00:00,68
1,2026-09-17T10:00:00,81
2,2026-09-17T10:00:00,84
3,2026-09-17T10:00:00,87
4,2026-09-17T10:00:00,93
5,2026-09-17T10:00:00,60
6,2026-09-17T10:00:00,94
7,2026-09-17T10:00:00,88
8,2026-09-17T10:00:00,82
9,2026-09-17T10:00:00,74
10,2026-09-17T10:00:00,79
11,2026-09-17T10:00:00,86
12,2026-09-17T10:00:00,87
13,2026-09-17T10:00:00,74
14,2026-09-17T10:00:00,77
15,2026-09-17T10:00:00,72
1,2026-09-17T11:00:00,64
2,2026-09-17T11:00:00,61
3,2026-09-17T11:00:00,63
4,2026-09-17T11:00:00,68
5,2026-09-17T11:00:00,49
6,2026-09-17T11:00:00,67
7,2026-09-17T11:00:00,61
8,2026-09-17T11:00:00,57
9,2026-09-17T11:00:00,53
10,2026-09-17T11:00:00,51
11,2026-09-17T11:00:00,63
12,2026-09-17T11:00:00,64
13,2026-09-17T11:00:00,61
14,2026-09-17T11:00:00,61
15,2026-09-17T11:00:00,56
1,2026-09-17T12:00:00,65
2,2026-09-17T12:00:00,58
3,2026-09-17T12:00:00,63
4,2026-09-17T12:00:00,68
5,2026-09-17T12:00:00,49
6,2026-09-17T12:00:00,67
7,2026-09-17T12:00:00,69
8,2026-09-17T12:00:00,63
9,2026-09-17T12:00:00,57
10,2026-09-17T12:00:00,59
11,2026-09-17T12:00:00,66
12,2026-09-17T12:00:00,65
13,2026-09-17T12:00:00,60
14,2026-09-17T12:00:00,56
15,2026-09-17T12:00:00,46
1,2026-09-17T13:00:00,67
2,2026-09-17T13:00:00,59
3,2026-09-17T13:00:00,60
4,2026-09-17T13:00:00,71
5,2026-09-17T13:00:00,46
6,2026-09-17T13:00:00,68
7,2026-09-17T13:00:00,64
8,2026-09-17T13:00:00,64
9,2026-09-17T13:00:00,64
10,2026-09-17T13:00:00,55
11,2026-09-17T13:00:00,58
12,2026-09-17T13:00:00,61
13,2026-09-17T13:00:00,65
14,2026-09-17T13:00:00,61
15,2026-09-17T13:00:00,49
1,2026-09-17T14:00:00,58
2,2026-09-17T14:00:00,64
3,2026-09-17T14:00:00,60
4,2026-09-17T14:00:00,68
5,2026-09-17T14:00:00,48
6,2026-09-17T14:00:00,67
7,2026-09-17T14:00:00,64
8,2026-09-17T14:00:00,59
9,2026-09-17T14:00:00,63
10,2026-09-17T14:00:00,57
11,2026-09-17T14:00:00,59
12,2026-09-17T14:00:00,65
13,2026-09-17T14:00:00,55
14,2026-09-17T14:00:00,55
15,2026-09-17T14:00:00,45
1,2026-09-17T15:00:00,62
2,2026-09-17T15:00:00,59
3,2026-09-17T15:00:00,63
4,2026-09-17T15:00:00,73
5,2026-09-17T15:00:00,42
6,2026-09-17T15:00:00,71
7,2026-09-17T15:00:00,75
8,2026-09-17T15:00:00,55
9,2026-09-17T15:00:00,67
10,2026-09-17T15:00:00,55
11,2026-09-17T15:00:00,68
12,2026-09-17T15:00:00,67
13,2026-09-17T15:00:00,61
14,2026-09-17T15:00:00,59
15,2026-09-17T15:00:00,53
1,2026-09-17T16:00:00,67
2,2026-09-17T16:00:00,60
3,2026-09-17T16:00:00,58
4,2026-09-17T16:00:00,64
5,2026-09-17T16:00:00,39
6,2026-09-17T16:00:00,63
7,2026-09-17T16:00:00,67
8,2026-09-17T16:00:00,60
9,2026-09-17T16:00:00,56
10,2026-09-17T16:00:00,52
11,2026-09-17T16:00:00,64
12,2026-09-17T16:00:00,61
13,2026-09-17T16:00:00,66
14,2026-09-17T16:00:00,51
15,2026-09-17T16:00:00,45
1,2026-09-17T17:00:00,59
2,2026-09-17T17:00:00,64
3,2026-09-17T17:00:00,62
4,2026-09-17T17:00:00,72
5,2026-09-17T17:00:00,54
6,2026-09-17T17:00:00,63
7,2026-09-17T17:00:00,67
8,2026-09-17T17:00:00,56
9,2026-09-17T17:00:00,57
10,2026-09-17T17:00:00,65
11,2026-09-17T17:00:00,60
12,2026-09-17T17:00:00,63
13,2026-09-17T17:00:00,57
14,2026-09-17T17:00:00,65
15,2026-09-17T17:00:00,47
1,2026-09-17T18:00:00,96
2,2026-09-17T18:00:00,88
3,2026-09-17T18:00:00,92
4,2026-09-17T18:00:00,94
5,2026-09-17T18:00:00,77
6,2026-09-17T18:00:00,97
7,2026-09-17T18:00:00,98
8,2026-09-17T18:00:00,91
9,2026-09-17T18:00:00,87
10,2026-09-17T18:00:00,76
11,2026-09-17T18:00:00,92
12,2026-09-17T18:00:00,98
13,2026-09-17T18:00:00,87
14,2026-09-17T18:00:00,84
15,2026-09-17T18:00:00,80
1,2026-09-17T19:00:00,96
2,2026-09-17T19:00:00,84
3,2026-09-17T19:00:00,91
4,2026-09-17T19:00:00,95
5,2026-09-17T19:00:00,78
6,2026-09-17T19:00:00,97
7,2026-09-17T19:00:00,98
8,2026-09-17T19:00:00,83
9,2026-09-17T19:00:00,86
10,2026-09-17T19:00:00,84
11,2026-09-17T19:00:00,91
12,2026-09-17T19:00:00,98
13,2026-09-17T19:00:00,85
14,2026-09-17T19:00:00,88
15,2026-09-17T19:00:00,66
1,2026-09-17T20:00:00,91
2,2026-09-17T20:00:00,87
3,2026-09-17T20:00:00,83
4,2026-09-17T20:00:00,93
5,2026-09-17T20:00:00,77
6,2026-09-17T20:00:00,95
7,2026-09-17T20:00:00,98
8,2026-09-17T20:00:00,93
9,2026-09-17T20:00:00,87
10,2026-09-17T20:00:00,81
11,2026-09-17T20:00:00,94
12,2026-09-17T20:00:00,98
13,2026-09-17T20:00:00,90
14,2026-09-17T20:00:00,86
15,2026-09-17T20:00:00,67
1,2026-09-17T21:00:00,94
2,2026-09-17T21:00:00,82
3,2026-09-17T21:00:00,83
4,2026-09-17T21:00:00,94
5,2026-09-17T21:00:00,80
6,2026-09-17T21:00:00,95
7,2026-09-17T21:00:00,98
8,2026-09-17T21:00:00,95
9,2026-09-17T21:00:00,86
10,2026-09-17T21:00:00,77
11,2026-09-17T21:00:00,98
12,2026-09-17T21:00:00,92
13,2026-09-17T21:00:00,86
14,2026-09-17T21:00:00,81
15,2026-09-17T21:00:00,67
1,2026-09-17T22:00:00,46
2,2026-09-17T22:00:00,44
3,2026-09-17T22:00:00,37
4,2026-09-17T22:00:00,48
5,2026-09-17T22:00:00,33
6,2026-09-17T22:00:00,45
7,2026-09-17T22:00:00,41
8,2026-09-17T22:00:00,39
9,2026-09-17T22:00:00,39
10,2026-09-17T22:00:00,44
11,2026-09-17T22:00:00,47
12,2026-09-17T22:00:00,46
13,2026-09-17T22:00:00,44
14,2026-09-17T22:00:00,39
15,2026-09-17T22:00:00,32
1,2026-09-17T23:00:00,43
2,2026-09-17T23:00:00,36
3,2026-09-17T23:00:00,43
4,2026-09-17T23:00:00,51
5,2026-09-17T23:00:00,32
6,2026-09-17T23:00:00,48
7,2026-09-17T23:00:00,47
8,2026-09-17T23:00:00,35
9,2026-09-17T23:00:00,43
10,2026-09-17T23:00:00,36
11,2026-09-17T23:00:00,45
12,2026-09-17T23:00:00,42
13,2026-09-17T23:00:00,39
14,2026-09-17T23:00:00,44
15,2026-09-17T23:00:00,35
1,2026-09-18T00:00:00,21
2,2026-09-18T00:00:00,22
3,2026-09-18T00:00:00,19
4,2026-09-18T00:00:00,19
5,2026-09-18T00:00:00,15
6,2026-09-18T00:00:00,21
7,2026-09-18T00:00:00,21
8,2026-09-18T00:00:00,13
9,2026-09-18T00:00:00,16
10,2026-09-18T00:00:00,26
11,2026-09-18T00:00:00,16
12,2026-09-18T00:00:00,22
13,2026-09-18T00:00:00,21
14,2026-09-18T00:00:00,19
15,2026-09-18T00:00:00,14
1,2026-09-18T01:00:00,25
2,2026-09-18T01:00:00,15
3,2026-09-18T01:00:00,13
4,2026-09-18T01:00:00,12
5,2026-09-18T01:00:00,18
6,2026-09-18T01:00:00,19
7,2026-09-18T01:00:00,14
8,2026-09-18T01:00:00,19
9,2026-09-18T01:00:00,20
10,2026-09-18T01:00:00,19
11,2026-09-18T01:00:00,18
12,2026-09-18T01:00:00,26
13,2026-09-18T01:00:00,17
14,2026-09-18T01:00:00,20
15,2026-09-18T01:00:00,17
1,2026-09-18T02:00:00,19
2,2026-09-18T02:00:00,16
3,2026-09-18T02:00:00,17
4,2026-09-18T02:00:00,19
5,2026-09-18T02:00:00,16
6,2026-09-18T02:00:00,17
7,2026-09-18T02:00:00,22
8,2026-09-18T02:00:00,19
9,2026-09-18T02:00:00,18
10,2026-09-18T02:00:00,20
11,2026-09-18T02:00:00,15
12,2026-09-18T02:00:00,16
13,2026-09-18T02:00:00,27
14,2026-09-18T02:00:00,8
15,2026-09-18T02:00:00,15
1,2026-09-18T03:00:00,23
2,2026-09-18T03:00:00,21
3,2026-09-18T03:00:00,17
4,2026-09-18T03:00:00,18
5,2026-09-18T03:00:00,16
6,2026-09-18T03:00:00,22
7,2026-09-18T03:00:00,14
8,2026-09-18T03:00:00,14
9,2026-09-18T03:00:00,17
10,2026-09-18T03:00:00,21
11,2026-09-18T03:00:00,20
12,2026-09-18T03:00:00,24
13,2026-09-18T03:00:00,22
14,2026-09-18T03:00:00,14
15,2026-09-18T03:00:00,12
1,2026-09-18T04:00:00,19
2,2026-09-18T04:00:00,21
3,2026-09-18T04:00:00,15
4,2026-09-18T04:00:00,23
5,2026-09-18T04:00:00,13
6,2026-09-18T04:00:00,19
7,2026-09-18T04:00:00,30
8,2026-09-18T04:00:00,15
9,2026-09-18T04:00:00,12
10,2026-09-18T04:00:00,14
11,2026-09-18T04:00:00,18
12,2026-09-18T04:00:00,15
13,2026-09-18T04:00:00,12
14,2026-09-18T04:00:00,21
15,2026-09-18T04:00:00,20
1,2026-09-18T05:00:00,15
2,2026-09-18T05:00:00,17
3,2026-09-18T05:00:00,21
4,2026-09-18T05:00:00,20
5,2026-09-18T05:00:00,22
6,2026-09-18T05:00:00,17
7,2026-09-18T05:00:00,22
8,2026-09-18T05:00:00,16
9,2026-09-18T05:00:00,13
10,2026-09-18T05:00:00,14
11,2026-09-18T05:00:00,20
12,2026-09-18T05:00:00,20
13,2026-09-18T05:00:00,21
14,2026-09-18T05:00:00,22
15,2026-09-18T05:00:00,20
1,2026-09-18T06:00:00,38
2,2026-09-18T06:00:00,38
3,2026-09-18T06:00:00,45
4,2026-09-18T06:00:00,48
5,2026-09-18T06:00:00,36
6,2026-09-18T06:00:00,49
7,2026-09-18T06:00:00,46
8,2026-09-18T06:00:00,38
9,2026-09-18T06:00:00,38
10,2026-09-18T06:00:00,38
11,2026-09-18T06:00:00,46
12,2026-09-18T06:00:00,49
13,2026-09-18T06:00:00,43
14,2026-09-18T06:00:00,32
15,2026-09-18T06:00:00,31
1,2026-09-18T07:00:00,48
2,2026-09-18T07:00:00,38
3,2026-09-18T07:00:00,45
4,2026-09-18T07:00:00,47
5,2026-09-18T07:00:00,31
6,2026-09-18T07:00:00,46
7,2026-09-18T07:00:00,48
8,2026-09-18T07:00:00,37
9,2026-09-18T07:00:00,36
10,2026-09-18T07:00:00,34
11,2026-09-18T07:00:00,41
12,2026-09-18T07:00:00,41
13,2026-09-18T07:00:00,33
14,2026-09-18T07:00:00,43
15,2026-09-18T07:00:00,30
1,2026-09-18T08:00:00,90
2,2026-09-18T08:00:00,84
3,2026-09-18T08:00:00,88
4,2026-09-18T08:00:00,95
5,2026-09-18T08:00:00,64
6,2026-09-18T08:00:00,95
7,2026-09-18T08:00:00,93
8,2026-09-18T08:00:00,91
9,2026-09-18T08:00:00,81
10,2026-09-18T08:00:00,78
11,2026-09-18T08:00:00,77
12,2026-09-18T08:00:00,93
13,2026-09-18T08:00:00,83
14,2026-09-18T08:00:00,81
15,2026-09-18T08:00:00,71
1,2026-09-18T09:00:00,88
2,2026-09-18T09:00:00,92
3,2026-09-18T09:00:00,86
4,2026-09-18T09:00:00,90
5,2026-09-18T09:00:00,69
6,2026-09-18T09:00:00,98
7,2026-09-18T09:00:00,88
8,2026-09-18T09:00:00,84
9,2026-09-18T09:00:00,79
10,2026-09-18T09:00:00,76
11,2026-09-18T09:00:00,95
12,2026-09-18T09:00:00,98
13,2026-09-18T09:00:00,80
14,2026-09-18T09:00:00,80
15,2026-09-18T09:00:00,64
1,2026-09-18T10:00:00,86
2,2026-09-18T10:00:00,73
3,2026-09-18T10:00:00,89
4,2026-09-18T10:00:00,89
5,2026-09-18T10:00:00,66
6,2026-09-18T10:00:00,95
7,2026-09-18T10:00:00,98
8,2026-09-18T10:00:00,79
9,2026-09-18T10:00:00,82
10,2026-09-18T10:00:00,76
11,2026-09-18T10:00:00,90
12,2026-09-18T10:00:00,87
13,2026-09-18T10:00:00,81
14,2026-09-18T10:00:00,72
15,2026-09-18T10:00:00,70
1,2026-09-18T11:00:00,59
2,2026-09-18T11:00:00,62
3,2026-09-18T11:00:00,52
4,2026-09-18T11:00:00,72
5,2026-09-18T11:00:00,50
6,2026-09-18T11:00:00,69
7,2026-09-18T11:00:00,71
8,2026-09-18T11:00:00,58
9,2026-09-18T11:00:00,58
10,2026-09-18T11:00:00,64
11,2026-09-18T11:00:00,63
12,2026-09-18T11:00:00,59
13,2026-09-18T11:00:00,55
14,2026-09-18T11:00:00,60
15,2026-09-18T11:00:00,46
1,2026-09-18T12:00:00,63
2,2026-09-18T12:00:00,56
3,2026-09-18T12:00:00,64
4,2026-09-18T12:00:00,60
5,2026-09-18T12:00:00,46
6,2026-09-18T12:00:00,57
7,2026-09-18T12:00:00,71
8,2026-09-18T12:00:00,64
9,2026-09-18T12:00:00,60
10,2026-09-18T12:00:00,49
11,2026-09-18T12:00:00,68
12,2026-09-18T12:00:00,67
13,2026-09-18T12:00:00,64
14,2026-09-18T12:00:00,56
15,2026-09-18T12:00:00,45
1,2026-09-18T13:00:00,62
2,2026-09-18T13:00:00,56
3,2026-09-18T13:00:00,62
4,2026-09-18T13:00:00,72
5,2026-09-18T13:00:00,45
6,2026-09-18T13:00:00,64
7,2026-09-18T13:00:00,66
8,2026-09-18T13:00:00,62
9,2026-09-18T13:00:00,56
10,2026-09-18T13:00:00,46
11,2026-09-18T13:00:00,71
12,2026-09-18T13:00:00,59
13,2026-09-18T13:00:00,58
14,2026-09-18T13:00:00,52
15,2026-09-18T13:00:00,46
1,2026-09-18T14:00:00,75
2,2026-09-18T14:00:00,59
3,2026-09-18T14:00:00,57
4,2026-09-18T14:00:00,65
5,2026-09-18T14:00:00,56
6,2026-09-18T14:00:00,63
7,2026-09-18T14:00:00,64
8,2026-09-18T14:00:00,59
9,2026-09-18T14:00:00,65
10,2026-09-18T14:00:00,56
11,2026-09-18T14:00:00,63
12,2026-09-18T14:00:00,61
13,2026-09-18T14:00:00,67
14,2026-09-18T14:00:00,53
15,2026-09-18T14:00:00,49
1,2026-09-18T15:00:00,70
2,2026-09-18T15:00:00,60
3,2026-09-18T15:00:00,59
4,2026-09-18T15:00:00,62
5,2026-09-18T15:00:00,47
6,2026-09-18T15:00:00,62
7,2026-09-18T15:00:00,72
8,2026-09-18T15:00:00,51
9,2026-09-18T15:00:00,56
10,2026-09-18T15:00:00,58
11,2026-09-18T15:00:00,62
12,2026-09-18T15:00:00,63
13,2026-09-18T15:00:00,52
14,2026-09-18T15:00:00,51
15,2026-09-18T15:00:00,54
1,2026-09-18T16:00:00,64
2,2026-09-18T16:00:00,67
3,2026-09-18T16:00:00,59
4,2026-09-18T16:00:00,70
5,2026-09-18T16:00:00,53
6,2026-09-18T16:00:00,65
7,2026-09-18T16:00:00,67
8,2026-09-18T16:00:00,62
9,2026-09-18T16:00:00,58
10,2026-09-18T16:00:00,56
11,2026-09-18T16:00:00,67
12,2026-09-18T16:00:00,65
13,2026-09-18T16:00:00,62
14,2026-09-18T16:00:00,61
15,2026-09-18T16:00:00,50
1,2026-09-18T17:00:00,54
2,2026-09-18T17:00:00,58
3,2026-09-18T17:00:00,63
4,2026-09-18T17:00:00,69
5,2026-09-18T17:00:00,57
6,2026-09-18T17:00:00,72
7,2026-09-18T17:00:00,64
8,2026-09-18T17:00:00,61
9,2026-09-18T17:00:00,64
10,2026-09-18T17:00:00,53
11,2026-09-18T17:00:00,63
12,2026-09-18T17:00:00,64
13,2026-09-18T17:00:00,57
14,2026-09-18T17:00:00,55
15,2026-09-18T17:00:00,47
1,2026-09-18T18:00:00,98
2,2026-09-18T18:00:00,86
3,2026-09-18T18:00:00,86
4,2026-09-18T18:00:00,94
5,2026-09-18T18:00:00,69
6,2026-09-18T18:00:00,94
7,2026-09-18T18:00:00,98
8,2026-09-18T18:00:00,92
9,2026-09-18T18:00:00,84
10,2026-09-18T18:00:00,82
11,2026-09-18T18:00:00,94
12,2026-09-18T18:00:00,93
13,2026-09-18T18:00:00,81
14,2026-09-18T18:00:00,89
15,2026-09-18T18:00:00,78
1,2026-09-18T19:00:00,94
2,2026-09-18T19:00:00,84
3,2026-09-18T19:00:00,89
4,2026-09-18T19:00:00,98
5,2026-09-18T19:00:00,81
6,2026-09-18T19:00:00,98
7,2026-09-18T19:00:00,98
8,2026-09-18T19:00:00,88
9,2026-09-18T19:00:00,83
10,2026-09-18T19:00:00,88
11,2026-09-18T19:00:00,87
12,2026-09-18T19:00:00,98
13,2026-09-18T19:00:00,89
14,2026-09-18T19:00:00,87
15,2026-09-18T19:00:00,73
1,2026-09-18T20:00:00,97
2,2026-09-18T20:00:00,86
3,2026-09-18T20:00:00,86
4,2026-09-18T20:00:00,98
5,2026-09-18T20:00:00,70
6,2026-09-18T20:00:00,93
7,2026-09-18T20:00:00,98
8,2026-09-18T20:00:00,96
9,2026-09-18T20:00:00,78
10,2026-09-18T20:00:00,89
11,2026-09-18T20:00:00,97
12,2026-09-18T20:00:00,92
13,2026-09-18T20:00:00,87
14,2026-09-18T20:00:00,75
15,2026-09-18T20:00:00,68
1,2026-09-18T21:00:00,90
2,2026-09-18T21:00:00,88
3,2026-09-18T21:00:00,95
4,2026-09-18T21:00:00,94
5,2026-09-18T21:00:00,71
6,2026-09-18T21:00:00,97
7,2026-09-18T21:00:00,95
8,2026-09-18T21:00:00,90
9,2026-09-18T21:00:00,89
10,2026-09-18T21:00:00,81
11,2026-09-18T21:00:00,97
12,2026-09-18T21:00:00,97
13,2026-09-18T21:00:00,84
14,2026-09-18T21:00:00,77
15,2026-09-18T21:00:00,67
1,2026-09-18T22:00:00,44
2,2026-09-18T22:00:00,42
3,2026-09-18T22:00:00,48
4,2026-09-18T22:00:00,50
5,2026-09-18T22:00:00,35
6,2026-09-18T22:00:00,47
7,2026-09-18T22:00:00,49
8,2026-09-18T22:00:00,45
9,2026-09-18T22:00:00,45
10,2026-09-18T22:00:00,43
11,2026-09-18T22:00:00,49
12,2026-09-18T22:00:00,45
13,2026-09-18T22:00:00,43
14,2026-09-18T22:00:00,41
15,2026-09-18T22:00:00,33
1,2026-09-18T23:00:00,46
2,2026-09-18T23:00:00,47
3,2026-09-18T23:00:00,40
4,2026-09-18T23:00:00,49
5,2026-09-18T23:00:00,37
6,2026-09-18T23:00:00,48
7,2026-09-18T23:00:00,43
8,2026-09-18T23:00:00,45
9,2026-09-18T23:00:00,41
10,2026-09-18T23:00:00,39
11,2026-09-18T23:00:00,48
12,2026-09-18T23:00:00,49
13,2026-09-18T23:00:00,40
14,2026-09-18T23:00:00,42
15,2026-09-18T23:00:00,32
1,2026-09-19T00:00:00,22
2,2026-09-19T00:00:00,15
3,2026-09-19T00:00:00,17
4,2026-09-19T00:00:00,22
5,2026-09-19T00:00:00,20
6,2026-09-19T00:00:00,26
7,2026-09-19T00:00:00,21
8,2026-09-19T00:00:00,26
9,2026-09-19T00:00:00,15
10,2026-09-19T00:00:00,21
11,2026-09-19T00:00:00,18
12,2026-09-19T00:00:00,15
13,2026-09-19T00:00:00,18
14,2026-09-19T00:00:00,9
15,2026-09-19T00:00:00,17
1,2026-09-19T01:00:00,25
2,2026-09-19T01:00:00,15
3,2026-09-19T01:00:00,25
4,2026-09-19T01:00:00,19
5,2026-09-19T01:00:00,11
6,2026-09-19T01:00:00,20
7,2026-09-19T01:00:00,26
8,2026-09-19T01:00:00,22
9,2026-09-19T01:00:00,21
10,2026-09-19T01:00:00,21
11,2026-09-19T01:00:00,19
12,2026-09-19T01:00:00,21
13,2026-09-19T01:00:00,19
14,2026-09-19T01:00:00,21
15,2026-09-19T01:00:00,17
1,2026-09-19T02:00:00,17
2,2026-09-19T02:00:00,14
3,2026-09-19T02:00:00,24
4,2026-09-19T02:00:00,19
5,2026-09-19T02:00:00,19
6,2026-09-19T02:00:00,18
7,2026-09-19T02:00:00,25
8,2026-09-19T02:00:00,17
9,2026-09-19T02:00:00,22
10,2026-09-19T02:00:00,15
11,2026-09-19T02:00:00,18
12,2026-09-19T02:00:00,18
13,2026-09-19T02:00:00,18
14,2026-09-19T02:00:00,17
15,2026-09-19T02:00:00,22
1,2026-09-19T03:00:00,27
2,2026-09-19T03:00:00,21
3,2026-09-19T03:00:00,22
4,2026-09-19T03:00:00,18
5,2026-09-19T03:00:00,16
6,2026-09-19T03:00:00,16
7,2026-09-19T03:00:00,16
8,2026-09-19T03:00:00,19
9,2026-09-19T03:00:00,10
10,2026-09-19T03:00:00,16
11,2026-09-19T03:00:00,17
12,2026-09-19T03:00:00,22
13,2026-09-19T03:00:00,15
14,2026-09-19T03:00:00,16
15,2026-09-19T03:00:00,10
1,2026-09-19T04:00:00,17
2,2026-09-19T04:00:00,17
3,2026-09-19T04:00:00,16
4,2026-09-19T04:00:00,20
5,2026-09-19T04:00:00,23
6,2026-09-19T04:00:00,23
7,2026-09-19T04:00:00,25
8,2026-09-19T04:00:00,17
9,2026-09-19T04:00:00,21
10,2026-09-19T04:00:00,16
11,2026-09-19T04:00:00,23
12,2026-09-19T04:00:00,19
13,2026-09-19T04:00:00,20
14,2026-09-19T04:00:00,18
15,2026-09-19T04:00:00,19
1,2026-09-19T05:00:00,23
2,2026-09-19T05:00:00,9
3,2026-09-19T05:00:00,18
4,2026-09-19T05:00:00,23
5,2026-09-19T05:00:00,13
6,2026-09-19T05:00:00,21
7,2026-09-19T05:00:00,20
8,2026-09-19T05:00:00,17
9,2026-09-19T05:00:00,23
10,2026-09-19T05:00:00,18
11,2026-09-19T05:00:00,19
12,2026-09-19T05:00:00,20
13,2026-09-19T05:00:00,18
14,2026-09-19T05:00:00,22
15,2026-09-19T05:00:00,12
1,2026-09-19T06:00:00,45
2,2026-09-19T06:00:00,41
3,2026-09-19T06:00:00,46
4,2026-09-19T06:00:00,49
5,2026-09-19T06:00:00,36
6,2026-09-19T06:00:00,45
7,2026-09-19T06:00:00,43
8,2026-09-19T06:00:00,47
9,2026-09-19T06:00:00,40
10,2026-09-19T06:00:00,43
11,2026-09-19T06:00:00,37
12,2026-09-19T06:00:00,49
13,2026-09-19T06:00:00,48
14,2026-09-19T06:00:00,38
15,2026-09-19T06:00:00,32
1,2026-09-19T07:00:00,50
2,2026-09-19T07:00:00,44
3,2026-09-19T07:00:00,41
4,2026-09-19T07:00:00,50
5,2026-09-19T07:00:00,34
6,2026-09-19T07:00:00,42
7,2026-09-19T07:00:00,49
8,2026-09-19T07:00:00,44
9,2026-09-19T07:00:00,38
10,2026-09-19T07:00:00,37
11,2026-09-19T07:00:00,42
12,2026-09-19T07:00:00,43
13,2026-09-19T07:00:00,48
14,2026-09-19T07:00:00,43
15,2026-09-19T07:00:00,25
1,2026-09-19T08:00:00,94
2,2026-09-19T08:00:00,78
3,2026-09-19T08:00:00,85
4,2026-09-19T08:00:00,94
5,2026-09-19T08:00:00,63
6,2026-09-19T08:00:00,94
7,2026-09-19T08:00:00,88
8,2026-09-19T08:00:00,84
9,2026-09-19T08:00:00,84
10,2026-09-19T08:00:00,78
11,2026-09-19T08:00:00,86
12,2026-09-19T08:00:00,87
13,2026-09-19T08:00:00,82
14,2026-09-19T08:00:00,78
15,2026-09-19T08:00:00,71
1,2026-09-19T09:00:00,90
2,2026-09-19T09:00:00,85
3,2026-09-19T09:00:00,84
4,2026-09-19T09:00:00,88
5,2026-09-19T09:00:00,68
6,2026-09-19T09:00:00,96
7,2026-09-19T09:00:00,95
8,2026-09-19T09:00:00,77
9,2026-09-19T09:00:00,73
10,2026-09-19T09:00:00,77
11,2026-09-19T09:00:00,89
12,2026-09-19T09:00:00,94
13,2026-09-19T09:00:00,83
14,2026-09-19T09:00:00,83
15,2026-09-19T09:00:00,73
1,2026-09-19T10:00:00,91
2,2026-09-19T10:00:00,81
3,2026-09-19T10:00:00,84
4,2026-09-19T10:00:00,89
5,2026-09-19T10:00:00,66
6,2026-09-19T10:00:00,81
7,2026-09-19T10:00:00,97
8,2026-09-19T10:00:00,83
9,2026-09-19T10:00:00,80
10,2026-09-19T10:00:00,76
11,2026-09-19T10:00:00,84
12,2026-09-19T10:00:00,97
13,2026-09-19T10:00:00,84
14,2026-09-19T10:00:00,76
15,2026-09-19T10:00:00,74
1,2026-09-19T11:00:00,61
2,2026-09-19T11:00:00,59
3,2026-09-19T11:00:00,54
4,2026-09-19T11:00:00,68
5,2026-09-19T11:00:00,50
6,2026-09-19T11:00:00,65
7,2026-09-19T11:00:00,71
8,2026-09-19T11:00:00,63
9,2026-09-19T11:00:00,52
10,2026-09-19T11:00:00,57
11,2026-09-19T11:00:00,57
12,2026-09-19T11:00:00,66
13,2026-09-19T11:00:00,53
14,2026-09-19T11:00:00,55
15,2026-09-19T11:00:00,48
1,2026-09-19T12:00:00,60
2,2026-09-19T12:00:00,58
3,2026-09-19T12:00:00,62
4,2026-09-19T12:00:00,73
5,2026-09-19T12:00:00,43
6,2026-09-19T12:00:00,59
7,2026-09-19T12:00:00,75
8,2026-09-19T12:00:00,66
9,2026-09-19T12:00:00,53
10,2026-09-19T12:00:00,48
11,2026-09-19T12:00:00,65
12,2026-09-19T12:00:00,64
13,2026-09-19T12:00:00,59
14,2026-09-19T12:00:00,57
15,2026-09-19T12:00:00,40
1,2026-09-19T13:00:00,69
2,2026-09-19T13:00:00,69
3,2026-09-19T13:00:00,63
4,2026-09-19T13:00:00,70
5,2026-09-19T13:00:00,51
6,2026-09-19T13:00:00,61
7,2026-09-19T13:00:00,64
8,2026-09-19T13:00:00,65
9,2026-09-19T13:00:00,52
10,2026-09-19T13:00:00,53
11,2026-09-19T13:00:00,65
12,2026-09-19T13:00:00,67
13,2026-09-19T13:00:00,60
14,2026-09-19T13:00:00,56
15,2026-09-19T13:00:00,51
1,2026-09-19T14:00:00,71
2,2026-09-19T14:00:00,61
3,2026-09-19T14:00:00,58
4,2026-09-19T14:00:00,65
5,2026-09-19T14:00:00,44
6,2026-09-19T14:00:00,63
7,2026-09-19T14:00:00,75
8,2026-09-19T14:00:00,63
9,2026-09-19T14:00:00,58
10,2026-09-19T14:00:00,55
11,2026-09-19T14:00:00,63
12,2026-09-19T14:00:00,63
13,2026-09-19T14:00:00,63
14,2026-09-19T14:00:00,57
15,2026-09-19T14:00:00,49
1,2026-09-19T15:00:00,68
2,2026-09-19T15:00:00,60
3,2026-09-19T15:00:00,60
4,2026-09-19T15:00:00,70
5,2026-09-19T15:00:00,47
6,2026-09-19T15:00:00,67
7,2026-09-19T15:00:00,75
8,2026-09-19T15:00:00,63
9,2026-09-19T15:00:00,53
10,2026-09-19T15:00:00,52
11,2026-09-19T15:00:00,63
12,2026-09-19T15:00:00,61
13,2026-09-19T15:00:00,56
14,2026-09-19T15:00:00,57
15,2026-09-19T15:00:00,46
1,2026-09-19T16:00:00,59
2,2026-09-19T16:00:00,61
3,2026-09-19T16:00:00,59
4,2026-09-19T16:00:00,69
5,2026-09-19T16:00:00,50
6,2026-09-19T16:00:00,63
7,2026-09-19T16:00:00,72
8,2026-09-19T16:00:00,55
9,2026-09-19T16:00:00,60
10,2026-09-19T16:00:00,57
11,2026-09-19T16:00:00,60
12,2026-09-19T16:00:00,64
13,2026-09-19T16:00:00,63
14,2026-09-19T16:00:00,56
15,2026-09-19T16:00:00,48
1,2026-09-19T17:00:00,62
2,2026-09-19T17:00:00,51
3,2026-09-19T17:00:00,58
4,2026-09-19T17:00:00,67
5,2026-09-19T17:00:00,47
6,2026-09-19T17:00:00,63
7,2026-09-19T17:00:00,73
8,2026-09-19T17:00:00,56
9,2026-09-19T17:00:00,60
10,2026-09-19T17:00:00,48
11,2026-09-19T17:00:00,62
12,2026-09-19T17:00:00,67
13,2026-09-19T17:00:00,65
14,2026-09-19T17:00:00,59
15,2026-09-19T17:00:00,49
1,2026-09-19T18:00:00,94
2,2026-09-19T18:00:00,89
3,2026-09-19T18:00:00,94
4,2026-09-19T18:00:00,93
5,2026-09-19T18:00:00,77
6,2026-09-19T18:00:00,91
7,2026-09-19T18:00:00,98
8,2026-09-19T18:00:00,87
9,2026-09-19T18:00:00,82
10,2026-09-19T18:00:00,81
11,2026-09-19T18:00:00,96
12,2026-09-19T18:00:00,95
13,2026-09-19T18:00:00,78
14,2026-09-19T18:00:00,88
15,2026-09-19T18:00:00,73
1,2026-09-19T19:00:00,93
2,2026-09-19T19:00:00,84
3,2026-09-19T19:00:00,90
4,2026-09-19T19:00:00,98
5,2026-09-19T19:00:00,66
6,2026-09-19T19:00:00,98
7,2026-09-19T19:00:00,98
8,2026-09-19T19:00:00,95
9,2026-09-19T19:00:00,77
10,2026-09-19T19:00:00,84
11,2026-09-19T19:00:00,90
12,2026-09-19T19:00:00,89
13,2026-09-19T19:00:00,79
14,2026-09-19T19:00:00,87
15,2026-09-19T19:00:00,67
1,2026-09-19T20:00:00,94
2,2026-09-19T20:00:00,79
3,2026-09-19T20:00:00,89
4,2026-09-19T20:00:00,98
5,2026-09-19T20:00:00,74
6,2026-09-19T20:00:00,98
7,2026-09-19T20:00:00,97
8,2026-09-19T20:00:00,87
9,2026-09-19T20:00:00,88
10,2026-09-19T20:00:00,86
11,2026-09-19T20:00:00,90
12,2026-09-19T20:00:00,96
13,2026-09-19T20:00:00,96
14,2026-09-19T20:00:00,82
15,2026-09-19T20:00:00,71
1,2026-09-19T21:00:00,96
2,2026-09-19T21:00:00,79
3,2026-09-19T21:00:00,95
4,2026-09-19T21:00:00,98
5,2026-09-19T21:00:00,76
6,2026-09-19T21:00:00,93
7,2026-09-19T21:00:00,98
8,2026-09-19T21:00:00,95
9,2026-09-19T21:00:00,88
10,2026-09-19T21:00:00,83
11,2026-09-19T21:00:00,91
12,2026-09-19T21:00:00,98
13,2026-09-19T21:00:00,93
14,2026-09-19T21:00:00,93
15,2026-09-19T21:00:00,64
1,2026-09-19T22:00:00,44
2,2026-09-19T22:00:00,37
3,2026-09-19T22:00:00,38
4,2026-09-19T22:00:00,44
5,2026-09-19T22:00:00,39
6,2026-09-19T22:00:00,48
7,2026-09-19T22:00:00,50
8,2026-09-19T22:00:00,41
9,2026-09-19T22:00:00,40
10,2026-09-19T22:00:00,40
11,2026-09-19T22:00:00,41
12,2026-09-19T22:00:00,35
13,2026-09-19T22:00:00,47
14,2026-09-19T22:00:00,42
15,2026-09-19T22:00:00,38
1,2026-09-19T23:00:00,42
2,2026-09-19T23:00:00,43
3,2026-09-19T23:00:00,45
4,2026-09-19T23:00:00,46
5,2026-09-19T23:00:00,34
6,2026-09-19T23:00:00,51
7,2026-09-19T23:00:00,48
8,2026-09-19T23:00:00,45
9,2026-09-19T23:00:00,41
10,2026-09-19T23:00:00,44
11,2026-09-19T23:00:00,41
12,2026-09-19T23:00:00,55
13,2026-09-19T23:00:00,39
14,2026-09-19T23:00:00,34
15,2026-09-19T23:00:00,37
1,2026-09-20T00:00:00,19
2,2026-09-20T00:00:00,16
3,2026-09-20T00:00:00,15
4,2026-09-20T00:00:00,22
5,2026-09-20T00:00:00,18
6,2026-09-20T00:00:00,22
7,2026-09-20T00:00:00,23
8,2026-09-20T00:00:00,22
9,2026-09-20T00:00:00,14
10,2026-09-20T00:00:00,22
11,2026-09-20T00:00:00,21
12,2026-09-20T00:00:00,20
13,2026-09-20T00:00:00,20
14,2026-09-20T00:00:00,22
15,2026-09-20T00:00:00,19
1,2026-09-20T01:00:00,22
2,2026-09-20T01:00:00,15
3,2026-09-20T01:00:00,19
4,2026-09-20T01:00:00,23
5,2026-09-20T01:00:00,11
6,2026-09-20T01:00:00,20
7,2026-09-20T01:00:00,19
8,2026-09-20T01:00:00,21
9,2026-09-20T01:00:00,18
10,2026-09-20T01:00:00,18
11,2026-09-20T01:00:00,29
12,2026-09-20T01:00:00,18
13,2026-09-20T01:00:00,21
14,2026-09-20T01:00:00,18
15,2026-09-20T01:00:00,14
1,2026-09-20T02:00:00,20
2,2026-09-20T02:00:00,20
3,2026-09-20T02:00:00,11
4,2026-09-20T02:00:00,19
5,2026-09-20T02:00:00,8
6,2026-09-20T02:00:00,18
7,2026-09-20T02:00:00,16
8,2026-09-20T02:00:00,24
9,2026-09-20T02:00:00,19
10,2026-09-20T02:00:00,17
11,2026-09-20T02:00:00,22
12,2026-09-20T02:00:00,21
13,2026-09-20T02:00:00,20
14,2026-09-20T02:00:00,17
15,2026-09-20T02:00:00,12
1,2026-09-20T03:00:00,20
2,2026-09-20T03:00:00,11
3,2026-09-20T03:00:00,16
4,2026-09-20T03:00:00,24
5,2026-09-20T03:00:00,8
6,2026-09-20T03:00:00,18
7,2026-09-20T03:00:00,16
8,2026-09-20T03:00:00,19
9,2026-09-20T03:00:00,19
10,2026-09-20T03:00:00,18
11,2026-09-20T03:00:00,22
12,2026-09-20T03:00:00,22
13,2026-09-20T03:00:00,15
14,2026-09-20T03:00:00,18
15,2026-09-20T03:00:00,25
1,2026-09-20T04:00:00,19
2,2026-09-20T04:00:00,19
3,2026-09-20T04:00:00,17
4,2026-09-20T04:00:00,20
5,2026-09-20T04:00:00,11
6,2026-09-20T04:00:00,18
7,2026-09-20T04:00:00,21
8,2026-09-20T04:00:00,13
9,2026-09-20T04:00:00,19
10,2026-09-20T04:00:00,19
11,2026-09-20T04:00:00,20
12,2026-09-20T04:00:00,22
13,2026-09-20T04:00:00,25
14,2026-09-20T04:00:00,12
15,2026-09-20T04:00:00,22
1,2026-09-20T05:00:00,23
2,2026-09-20T05:00:00,11
3,2026-09-20T05:00:00,27
4,2026-09-20T05:00:00,20
5,2026-09-20T05:00:00,10
6,2026-09-20T05:00:00,15
7,2026-09-20T05:00:00,16
8,2026-09-20T05:00:00,24
9,2026-09-20T05:00:00,16
10,2026-09-20T05:00:00,14
11,2026-09-20T05:00:00,21
12,2026-09-20T05:00:00,26
13,2026-09-20T05:00:00,17
14,2026-09-20T05:00:00,15
15,2026-09-20T05:00:00,19
1,2026-09-20T06:00:00,47
2,2026-09-20T06:00:00,37
3,2026-09-20T06:00:00,34
4,2026-09-20T06:00:00,47
5,2026-09-20T06:00:00,43
6,2026-09-20T06:00:00,41
7,2026-09-20T06:00:00,49
8,2026-09-20T06:00:00,46
9,2026-09-20T06:00:00,36
10,2026-09-20T06:00:00,42
11,2026-09-20T06:00:00,38
12,2026-09-20T06:00:00,49
13,2026-09-20T06:00:00,48
14,2026-09-20T06:00:00,38
15,2026-09-20T06:00:00,31
1,2026-09-20T07:00:00,44
2,2026-09-20T07:00:00,41
3,2026-09-20T07:00:00,41
4,2026-09-20T07:00:00,38
5,2026-09-20T07:00:00,35
6,2026-09-20T07:00:00,52
7,2026-09-20T07:00:00,38
8,2026-09-20T07:00:00,43
9,2026-09-20T07:00:00,35
10,2026-09-20T07:00:00,40
11,2026-09-20T07:00:00,43
12,2026-09-20T07:00:00,45
13,2026-09-20T07:00:00,44
14,2026-09-20T07:00:00,38
15,2026-09-20T07:00:00,32
1,2026-09-20T08:00:00,83
2,2026-09-20T08:00:00,83
3,2026-09-20T08:00:00,85
4,2026-09-20T08:00:00,96
5,2026-09-20T08:00:00,69
6,2026-09-20T08:00:00,82
7,2026-09-20T08:00:00,98
8,2026-09-20T08:00:00,81
9,2026-09-20T08:00:00,82
10,2026-09-20T08:00:00,75
11,2026-09-20T08:00:00,90
12,2026-09-20T08:00:00,88
13,2026-09-20T08:00:00,81
14,2026-09-20T08:00:00,74
15,2026-09-20T08:00:00,66
1,2026-09-20T09:00:00,89
2,2026-09-20T09:00:00,84
3,2026-09-20T09:00:00,84
4,2026-09-20T09:00:00,92
5,2026-09-20T09:00:00,73
6,2026-09-20T09:00:00,95
7,2026-09-20T09:00:00,93
8,2026-09-20T09:00:00,82
9,2026-09-20T09:00:00,82
10,2026-09-20T09:00:00,77
11,2026-09-20T09:00:00,86
12,2026-09-20T09:00:00,84
13,2026-09-20T09:00:00,84
14,2026-09-20T09:00:00,81
15,2026-09-20T09:00:00,72
1,2026-09-20T10:00:00,87
2,2026-09-20T10:00:00,88
3,2026-09-20T10:00:00,85
4,2026-09-20T10:00:00,92
5,2026-09-20T10:00:00,67
6,2026-09-20T10:00:00,93
7,2026-09-20T10:00:00,95
8,2026-09-20T10:00:00,75
9,2026-09-20T10:00:00,83
10,2026-09-20T10:00:00,78
11,2026-09-20T10:00:00,94
12,2026-09-20T10:00:00,91
13,2026-09-20T10:00:00,86
14,2026-09-20T10:00:00,79
15,2026-09-20T10:00:00,68
1,2026-09-20T11:00:00,63
2,2026-09-20T11:00:00,63
3,2026-09-20T11:00:00,54
4,2026-09-20T11:00:00,58
5,2026-09-20T11:00:00,49
6,2026-09-20T11:00:00,66
7,2026-09-20T11:00:00,69
8,2026-09-20T11:00:00,60
9,2026-09-20T11:00:00,55
10,2026-09-20T11:00:00,47
11,2026-09-20T11:00:00,69
12,2026-09-20T11:00:00,55
13,2026-09-20T11:00:00,64
14,2026-09-20T11:00:00,61
15,2026-09-20T11:00:00,50
1,2026-09-20T12:00:00,73
2,2026-09-20T12:00:00,63
3,2026-09-20T12:00:00,59
4,2026-09-20T12:00:00,66
5,2026-09-20T12:00:00,47
6,2026-09-20T12:00:00,69
7,2026-09-20T12:00:00,64
8,2026-09-20T12:00:00,58
9,2026-09-20T12:00:00,58
10,2026-09-20T12:00:00,61
11,2026-09-20T12:00:00,63
12,2026-09-20T12:00:00,64
13,2026-09-20T12:00:00,58
14,2026-09-20T12:00:00,52
15,2026-09-20T12:00:00,48
1,2026-09-20T13:00:00,64
2,2026-09-20T13:00:00,65
3,2026-09-20T13:00:00,59
4,2026-09-20T13:00:00,61
5,2026-09-20T13:00:00,46
6,2026-09-20T13:00:00,64
7,2026-09-20T13:00:00,74
8,2026-09-20T13:00:00,61
9,2026-09-20T13:00:00,55
10,2026-09-20T13:00:00,66
11,2026-09-20T13:00:00,59
12,2026-09-20T13:00:00,67
13,2026-09-20T13:00:00,62
14,2026-09-20T13:00:00,61
15,2026-09-20T13:00:00,46
1,2026-09-20T14:00:00,67
2,2026-09-20T14:00:00,54
3,2026-09-20T14:00:00,59
4,2026-09-20T14:00:00,66
5,2026-09-20T14:00:00,46
6,2026-09-20T14:00:00,65
7,2026-09-20T14:00:00,75
8,2026-09-20T14:00:00,58
9,2026-09-20T14:00:00,57
10,2026-09-20T14:00:00,58
11,2026-09-20T14:00:00,69
12,2026-09-20T14:00:00,60
13,2026-09-20T14:00:00,64
14,2026-09-20T14:00:00,57
15,2026-09-20T14:00:00,41
1,2026-09-20T15:00:00,57
2,2026-09-20T15:00:00,56
3,2026-09-20T15:00:00,59
4,2026-09-20T15:00:00,71
5,2026-09-20T15:00:00,53
6,2026-09-20T15:00:00,64
7,2026-09-20T15:00:00,68
8,2026-09-20T15:00:00,65
9,2026-09-20T15:00:00,60
10,2026-09-20T15:00:00,56
11,2026-09-20T15:00:00,63
12,2026-09-20T15:00:00,61
13,2026-09-20T15:00:00,61
14,2026-09-20T15:00:00,65
15,2026-09-20T15:00:00,46
1,2026-09-20T16:00:00,61
2,2026-09-20T16:00:00,64
3,2026-09-20T16:00:00,60
4,2026-09-20T16:00:00,68
5,2026-09-20T16:00:00,47
6,2026-09-20T16:00:00,70
7,2026-09-20T16:00:00,64
8,2026-09-20T16:00:00,65
9,2026-09-20T16:00:00,55
10,2026-09-20T16:00:00,58
11,2026-09-20T16:00:00,68
12,2026-09-20T16:00:00,64
13,2026-09-20T16:00:00,49
14,2026-09-20T16:00:00,55
15,2026-09-20T16:00:00,49
1,2026-09-20T17:00:00,68
2,2026-09-20T17:00:00,51
3,2026-09-20T17:00:00,59
4,2026-09-20T17:00:00,62
5,2026-09-20T17:00:00,41
6,2026-09-20T17:00:00,68
7,2026-09-20T17:00:00,70
8,2026-09-20T17:00:00,56
9,2026-09-20T17:00:00,58
10,2026-09-20T17:00:00,57
11,2026-09-20T17:00:00,65
12,2026-09-20T17:00:00,65
13,2026-09-20T17:00:00,66
14,2026-09-20T17:00:00,55
15,2026-09-20T17:00:00,47
1,2026-09-20T18:00:00,98
2,2026-09-20T18:00:00,86
3,2026-09-20T18:00:00,86
4,2026-09-20T18:00:00,97
5,2026-09-20T18:00:00,70
6,2026-09-20T18:00:00,98
7,2026-09-20T18:00:00,98
8,2026-09-20T18:00:00,86
9,2026-09-20T18:00:00,79
10,2026-09-20T18:00:00,81
11,2026-09-20T18:00:00,92
12,2026-09-20T18:00:00,95
13,2026-09-20T18:00:00,87
14,2026-09-20T18:00:00,86
15,2026-09-20T18:00:00,72
1,2026-09-20T19:00:00,92
2,2026-09-20T19:00:00,84
3,2026-09-20T19:00:00,89
4,2026-09-20T19:00:00,88
5,2026-09-20T19:00:00,69
6,2026-09-20T19:00:00,94
7,2026-09-20T19:00:00,98
8,2026-09-20T19:00:00,91
9,2026-09-20T19:00:00,79
10,2026-09-20T19:00:00,86
11,2026-09-20T19:00:00,93
12,2026-09-20T19:00:00,93
13,2026-09-20T19:00:00,91
14,2026-09-20T19:00:00,88
15,2026-09-20T19:00:00,61
1,2026-09-20T20:00:00,95
2,2026-09-20T20:00:00,91
3,2026-09-20T20:00:00,84
4,2026-09-20T20:00:00,96
5,2026-09-20T20:00:00,67
6,2026-09-20T20:00:00,97
7,2026-09-20T20:00:00,98
8,2026-09-20T20:00:00,92
9,2026-09-20T20:00:00,80
10,2026-09-20T20:00:00,74
11,2026-09-20T20:00:00,98
12,2026-09-20T20:00:00,95
13,2026-09-20T20:00:00,88
14,2026-09-20T20:00:00,86
15,2026-09-20T20:00:00,75
1,2026-09-20T21:00:00,98
2,2026-09-20T21:00:00,82
3,2026-09-20T21:00:00,95
4,2026-09-20T21:00:00,98
5,2026-09-20T21:00:00,71
6,2026-09-20T21:00:00,95
7,2026-09-20T21:00:00,98
8,2026-09-20T21:00:00,97
9,2026-09-20T21:00:00,81
10,2026-09-20T21:00:00,86
11,2026-09-20T21:00:00,94
12,2026-09-20T21:00:00,98
13,2026-09-20T21:00:00,87
14,2026-09-20T21:00:00,85
15,2026-09-20T21:00:00,74
1,2026-09-20T22:00:00,48
2,2026-09-20T22:00:00,46
3,2026-09-20T22:00:00,38
4,2026-09-20T22:00:00,51
5,2026-09-20T22:00:00,37
6,2026-09-20T22:00:00,34
7,2026-09-20T22:00:00,43
8,2026-09-20T22:00:00,39
9,2026-09-20T22:00:00,34
10,2026-09-20T22:00:00,42
11,2026-09-20T22:00:00,42
12,2026-09-20T22:00:00,48
13,2026-09-20T22:00:00,41
14,2026-09-20T22:00:00,43
15,2026-09-20T22:00:00,34
1,2026-09-20T23:00:00,43
2,2026-09-20T23:00:00,43
3,2026-09-20T23:00:00,43
4,2026-09-20T23:00:00,47
5,2026-09-20T23:00:00,35
6,2026-09-20T23:00:00,55
7,2026-09-20T23:00:00,44
8,2026-09-20T23:00:00,41
9,2026-09-20T23:00:00,38
10,2026-09-20T23:00:00,28
11,2026-09-20T23:00:00,41
12,2026-09-20T23:00:00,58
13,2026-09-20T23:00:00,41
14,2026-09-20T23:00:00,45
15,2026-09-20T23:00:00,41
1,2026-09-21T00:00:00,19
2,2026-09-21T00:00:00,17
3,2026-09-21T00:00:00,21
4,2026-09-21T00:00:00,16
5,2026-09-21T00:00:00,20
6,2026-09-21T00:00:00,23
7,2026-09-21T00:00:00,16
8,2026-09-21T00:00:00,22
9,2026-09-21T00:00:00,14
10,2026-09-21T00:00:00,21
11,2026-09-21T00:00:00,22
12,2026-09-21T00:00:00,26
13,2026-09-21T00:00:00,21
14,2026-09-21T00:00:00,13
15,2026-09-21T00:00:00,20
1,2026-09-21T01:00:00,24
2,2026-09-21T01:00:00,15
3,2026-09-21T01:00:00,22
4,2026-09-21T01:00:00,24
5,2026-09-21T01:00:00,15
6,2026-09-21T01:00:00,23
7,2026-09-21T01:00:00,20
8,2026-09-21T01:00:00,26
9,2026-09-21T01:00:00,18
10,2026-09-21T01:00:00,13
11,2026-09-21T01:00:00,20
12,2026-09-21T01:00:00,23
13,2026-09-21T01:00:00,14
14,2026-09-21T01:00:00,11
15,2026-09-21T01:00:00,21
1,2026-09-21T02:00:00,25
2,2026-09-21T02:00:00,8
3,2026-09-21T02:00:00,17
4,2026-09-21T02:00:00,17
5,2026-09-21T02:00:00,17
6,2026-09-21T02:00:00,17
7,2026-09-21T02:00:00,15
8,2026-09-21T02:00:00,23
9,2026-09-21T02:00:00,16
10,2026-09-21T02:00:00,18
11,2026-09-21T02:00:00,16
12,2026-09-21T02:00:00,25
13,2026-09-21T02:00:00,17
14,2026-09-21T02:00:00,15
15,2026-09-21T02:00:00,17
1,2026-09-21T03:00:00,23
2,2026-09-21T03:00:00,15
3,2026-09-21T03:00:00,17
4,2026-09-21T03:00:00,24
5,2026-09-21T03:00:00,17
6,2026-09-21T03:00:00,14
7,2026-09-21T03:00:00,19
8,2026-09-21T03:00:00,20
9,2026-09-21T03:00:00,19
10,2026-09-21T03:00:00,16
11,2026-09-21T03:00:00,27
12,2026-09-21T03:00:00,20
13,2026-09-21T03:00:00,22
14,2026-09-21T03:00:00,13
15,2026-09-21T03:00:00,23
1,2026-09-21T04:00:00,22
2,2026-09-21T04:00:00,21
3,2026-09-21T04:00:00,24
4,2026-09-21T04:00:00,24
5,2026-09-21T04:00:00,12
6,2026-09-21T04:00:00,20
7,2026-09-21T04:00:00,19
8,2026-09-21T04:00:00,15
9,2026-09-21T04:00:00,18
10,2026-09-21T04:00:00,5
11,2026-09-21T04:00:00,21
12,2026-09-21T04:00:00,15
13,2026-09-21T04:00:00,16
14,2026-09-21T04:00:00,15
15,2026-09-21T04:00:00,18
1,2026-09-21T05:00:00,15
2,2026-09-21T05:00:00,24
3,2026-09-21T05:00:00,18
4,2026-09-21T05:00:00,24
5,2026-09-21T05:00:00,13
6,2026-09-21T05:00:00,18
7,2026-09-21T05:00:00,18
8,2026-09-21T05:00:00,16
9,2026-09-21T05:00:00,22
10,2026-09-21T05:00:00,17
11,2026-09-21T05:00:00,21
12,2026-09-21T05:00:00,23
13,2026-09-21T05:00:00,15
14,2026-09-21T05:00:00,18
15,2026-09-21T05:00:00,19
1,2026-09-21T06:00:00,47
2,2026-09-21T06:00:00,36
3,2026-09-21T06:00:00,44
4,2026-09-21T06:00:00,48
5,2026-09-21T06:00:00,36
6,2026-09-21T06:00:00,41
7,2026-09-21T06:00:00,53
8,2026-09-21T06:00:00,33
9,2026-09-21T06:00:00,39
10,2026-09-21T06:00:00,35
11,2026-09-21T06:00:00,48
12,2026-09-21T06:00:00,39
13,2026-09-21T06:00:00,47
14,2026-09-21T06:00:00,44
15,2026-09-21T06:00:00,31
1,2026-09-21T07:00:00,43
2,2026-09-21T07:00:00,40
3,2026-09-21T07:00:00,43
4,2026-09-21T07:00:00,39
5,2026-09-21T07:00:00,30
6,2026-09-21T07:00:00,49
7,2026-09-21T07:00:00,45
8,2026-09-21T07:00:00,44
9,2026-09-21T07:00:00,37
10,2026-09-21T07:00:00,43
11,2026-09-21T07:00:00,44
12,2026-09-21T07:00:00,43
13,2026-09-21T07:00:00,45
14,2026-09-21T07:00:00,33
15,2026-09-21T07:00:00,40
1,2026-09-21T08:00:00,89
2,2026-09-21T08:00:00,88
3,2026-09-21T08:00:00,82
4,2026-09-21T08:00:00,91
5,2026-09-21T08:00:00,64
6,2026-09-21T08:00:00,98
7,2026-09-21T08:00:00,90
8,2026-09-21T08:00:00,86
9,2026-09-21T08:00:00,78
10,2026-09-21T08:00:00,77
11,2026-09-21T08:00:00,85
12,2026-09-21T08:00:00,87
13,2026-09-21T08:00:00,80
14,2026-09-21T08:00:00,80
15,2026-09-21T08:00:00,65
1,2026-09-21T09:00:00,88
2,2026-09-21T09:00:00,82
3,2026-09-21T09:00:00,83
4,2026-09-21T09:00:00,94
5,2026-09-21T09:00:00,72
6,2026-09-21T09:00:00,97
7,2026-09-21T09:00:00,91
8,2026-09-21T09:00:00,84
9,2026-09-21T09:00:00,83
10,2026-09-21T09:00:00,78
11,2026-09-21T09:00:00,92
12,2026-09-21T09:00:00,93
13,2026-09-21T09:00:00,78
14,2026-09-21T09:00:00,84
15,2026-09-21T09:00:00,66
1,2026-09-21T10:00:00,86
2,2026-09-21T10:00:00,81
3,2026-09-21T10:00:00,84
4,2026-09-21T10:00:00,91
5,2026-09-21T10:00:00,64
6,2026-09-21T10:00:00,94
7,2026-09-21T10:00:00,96
8,2026-09-21T10:00:00,82
9,2026-09-21T10:00:00,82
10,2026-09-21T10:00:00,75
11,2026-09-21T10:00:00,86
12,2026-09-21T10:00:00,86
13,2026-09-21T10:00:00,85
14,2026-09-21T10:00:00,82
15,2026-09-21T10:00:00,72
1,2026-09-21T11:00:00,73
2,2026-09-21T11:00:00,59
3,2026-09-21T11:00:00,65
4,2026-09-21T11:00:00,64
5,2026-09-21T11:00:00,52
6,2026-09-21T11:00:00,68
7,2026-09-21T11:00:00,68
8,2026-09-21T11:00:00,61
9,2026-09-21T11:00:00,50
10,2026-09-21T11:00:00,61
11,2026-09-21T11:00:00,65
12,2026-09-21T11:00:00,59
13,2026-09-21T11:00:00,67
14,2026-09-21T11:00:00,66
15,2026-09-21T11:00:00,50
1,2026-09-21T12:00:00,68
2,2026-09-21T12:00:00,59
3,2026-09-21T12:00:00,72
4,2026-09-21T12:00:00,63
5,2026-09-21T12:00:00,47
6,2026-09-21T12:00:00,66
7,2026-09-21T12:00:00,64
8,2026-09-21T12:00:00,52
9,2026-09-21T12:00:00,52
10,2026-09-21T12:00:00,60
11,2026-09-21T12:00:00,64
12,2026-09-21T12:00:00,66
13,2026-09-21T12:00:00,55
14,2026-09-21T12:00:00,54
15,2026-09-21T12:00:00,46
1,2026-09-21T13:00:00,63
2,2026-09-21T13:00:00,56
3,2026-09-21T13:00:00,59
4,2026-09-21T13:00:00,68
5,2026-09-21T13:00:00,52
6,2026-09-21T13:00:00,65
7,2026-09-21T13:00:00,65
8,2026-09-21T13:00:00,55
9,2026-09-21T13:00:00,61
10,2026-09-21T13:00:00,57
11,2026-09-21T13:00:00,65
12,2026-09-21T13:00:00,68
13,2026-09-21T13:00:00,54
14,2026-09-21T13:00:00,59
15,2026-09-21T13:00:00,46
1,2026-09-21T14:00:00,61
2,2026-09-21T14:00:00,56
3,2026-09-21T14:00:00,62
4,2026-09-21T14:00:00,68
5,2026-09-21T14:00:00,44
6,2026-09-21T14:00:00,68
7,2026-09-21T14:00:00,68
8,2026-09-21T14:00:00,57
9,2026-09-21T14:00:00,61
10,2026-09-21T14:00:00,55
11,2026-09-21T14:00:00,68
12,2026-09-21T14:00:00,63
13,2026-09-21T14:00:00,58
14,2026-09-21T14:00:00,57
15,2026-09-21T14:00:00,52
1,2026-09-21T15:00:00,69
2,2026-09-21T15:00:00,53
3,2026-09-21T15:00:00,60
4,2026-09-21T15:00:00,65
5,2026-09-21T15:00:00,48
6,2026-09-21T15:00:00,68
7,2026-09-21T15:00:00,65
8,2026-09-21T15:00:00,60
9,2026-09-21T15:00:00,72
10,2026-09-21T15:00:00,58
11,2026-09-21T15:00:00,61
12,2026-09-21T15:00:00,66
13,2026-09-21T15:00:00,62
14,2026-09-21T15:00:00,55
15,2026-09-21T15:00:00,46
1,2026-09-21T16:00:00,70
2,2026-09-21T16:00:00,67
3,2026-09-21T16:00:00,66
4,2026-09-21T16:00:00,68
5,2026-09-21T16:00:00,48
6,2026-09-21T16:00:00,55
7,2026-09-21T16:00:00,71
8,2026-09-21T16:00:00,67
9,2026-09-21T16:00:00,55
10,2026-09-21T16:00:00,55
11,2026-09-21T16:00:00,66
12,2026-09-21T16:00:00,73
13,2026-09-21T16:00:00,63
14,2026-09-21T16:00:00,53
15,2026-09-21T16:00:00,50
1,2026-09-21T17:00:00,64
2,2026-09-21T17:00:00,60
3,2026-09-21T17:00:00,61
4,2026-09-21T17:00:00,70
5,2026-09-21T17:00:00,42
6,2026-09-21T17:00:00,67
7,2026-09-21T17:00:00,69
8,2026-09-21T17:00:00,57
9,2026-09-21T17:00:00,57
10,2026-09-21T17:00:00,59
11,2026-09-21T17:00:00,66
12,2026-09-21T17:00:00,65
13,2026-09-21T17:00:00,56
14,2026-09-21T17:00:00,52
15,2026-09-21T17:00:00,47
1,2026-09-21T18:00:00,93
2,2026-09-21T18:00:00,86
3,2026-09-21T18:00:00,85
4,2026-09-21T18:00:00,98
5,2026-09-21T18:00:00,67
6,2026-09-21T18:00:00,98
7,2026-09-21T18:00:00,98
8,2026-09-21T18:00:00,94
9,2026-09-21T18:00:00,77
10,2026-09-21T18:00:00,86
11,2026-09-21T18:00:00,98
12,2026-09-21T18:00:00,98
13,2026-09-21T18:00:00,93
14,2026-09-21T18:00:00,88
15,2026-09-21T18:00:00,79
1,2026-09-21T19:00:00,97
2,2026-09-21T19:00:00,82
3,2026-09-21T19:00:00,93
4,2026-09-21T19:00:00,97
5,2026-09-21T19:00:00,78
6,2026-09-21T19:00:00,98
7,2026-09-21T19:00:00,98
8,2026-09-21T19:00:00,89
9,2026-09-21T19:00:00,79
10,2026-09-21T19:00:00,81
11,2026-09-21T19:00:00,95
12,2026-09-21T19:00:00,93
13,2026-09-21T19:00:00,85
14,2026-09-21T19:00:00,88
15,2026-09-21T19:00:00,74
1,2026-09-21T20:00:00,93
2,2026-09-21T20:00:00,87
3,2026-09-21T20:00:00,88
4,2026-09-21T20:00:00,89
5,2026-09-21T20:00:00,78
6,2026-09-21T20:00:00,89
7,2026-09-21T20:00:00,97
8,2026-09-21T20:00:00,83
9,2026-09-21T20:00:00,80
10,2026-09-21T20:00:00,82
11,2026-09-21T20:00:00,95
12,2026-09-21T20:00:00,98
13,2026-09-21T20:00:00,83
14,2026-09-21T20:00:00,87
15,2026-09-21T20:00:00,76
1,2026-09-21T21:00:00,94
2,2026-09-21T21:00:00,88
3,2026-09-21T21:00:00,93
4,2026-09-21T21:00:00,98
5,2026-09-21T21:00:00,74
6,2026-09-21T21:00:00,98
7,2026-09-21T21:00:00,94
8,2026-09-21T21:00:00,89
9,2026-09-21T21:00:00,84
10,2026-09-21T21:00:00,84
11,2026-09-21T21:00:00,90
12,2026-09-21T21:00:00,96
13,2026-09-21T21:00:00,85
14,2026-09-21T21:00:00,80
15,2026-09-21T21:00:00,69
1,2026-09-21T22:00:00,44
2,2026-09-21T22:00:00,43
3,2026-09-21T22:00:00,43
4,2026-09-21T22:00:00,45
5,2026-09-21T22:00:00,33
6,2026-09-21T22:00:00,48
7,2026-09-21T22:00:00,38
8,2026-09-21T22:00:00,37
9,2026-09-21T22:00:00,42
10,2026-09-21T22:00:00,33
11,2026-09-21T22:00:00,46
12,2026-09-21T22:00:00,44
13,2026-09-21T22:00:00,41
14,2026-09-21T22:00:00,39
15,2026-09-21T22:00:00,33
1,2026-09-21T23:00:00,37
2,2026-09-21T23:00:00,36
3,2026-09-21T23:00:00,40
4,2026-09-21T23:00:00,39
5,2026-09-21T23:00:00,32
6,2026-09-21T23:00:00,38
7,2026-09-21T23:00:00,50
8,2026-09-21T23:00:00,46
9,2026-09-21T23:00:00,42
10,2026-09-21T23:00:00,37
11,2026-09-21T23:00:00,46
12,2026-09-21T23:00:00,48
13,2026-09-21T23:00:00,43
14,2026-09-21T23:00:00,39
15,2026-09-21T23:00:00,32
1,2026-09-22T00:00:00,16
2,2026-09-22T00:00:00,17
3,2026-09-22T00:00:00,16
4,2026-09-22T00:00:00,17
5,2026-09-22T00:00:00,13
6,2026-09-22T00:00:00,16
7,2026-09-22T00:00:00,23
8,2026-09-22T00:00:00,16
9,2026-09-22T00:00:00,21
10,2026-09-22T00:00:00,12
11,2026-09-22T00:00:00,18
12,2026-09-22T00:00:00,22
13,2026-09-22T00:00:00,19
14,2026-09-22T00:00:00,16
15,2026-09-22T00:00:00,18
1,2026-09-22T01:00:00,16
2,2026-09-22T01:00:00,23
3,2026-09-22T01:00:00,17
4,2026-09-22T01:00:00,20
5,2026-09-22T01:00:00,6
6,2026-09-22T01:00:00,20
7,2026-09-22T01:00:00,20
8,2026-09-22T01:00:00,20
9,2026-09-22T01:00:00,17
10,2026-09-22T01:00:00,24
11,2026-09-22T01:00:00,15
12,2026-09-22T01:00:00,21
13,2026-09-22T01:00:00,17
14,2026-09-22T01:00:00,16
15,2026-09-22T01:00:00,11
1,2026-09-22T02:00:00,22
2,2026-09-22T02:00:00,21
3,2026-09-22T02:00:00,20
4,2026-09-22T02:00:00,24
5,2026-09-22T02:00:00,18
6,2026-09-22T02:00:00,24
7,2026-09-22T02:00:00,18
8,2026-09-22T02:00:00,11
9,2026-09-22T02:00:00,21
10,2026-09-22T02:00:00,12
11,2026-09-22T02:00:00,20
12,2026-09-22T02:00:00,12
13,2026-09-22T02:00:00,15
14,2026-09-22T02:00:00,20
15,2026-09-22T02:00:00,26
1,2026-09-22T03:00:00,21
2,2026-09-22T03:00:00,16
3,2026-09-22T03:00:00,8
4,2026-09-22T03:00:00,16
5,2026-09-22T03:00:00,18
6,2026-09-22T03:00:00,19
7,2026-09-22T03:00:00,11
8,2026-09-22T03:00:00,19
9,2026-09-22T03:00:00,24
10,2026-09-22T03:00:00,13
11,2026-09-22T03:00:00,19
12,2026-09-22T03:00:00,19
13,2026-09-22T03:00:00,18
14,2026-09-22T03:00:00,14
15,2026-09-22T03:00:00,15
1,2026-09-22T04:00:00,11
2,2026-09-22T04:00:00,18
3,2026-09-22T04:00:00,21
4,2026-09-22T04:00:00,18
5,2026-09-22T04:00:00,17
6,2026-09-22T04:00:00,29
7,2026-09-22T04:00:00,23
8,2026-09-22T04:00:00,19
9,2026-09-22T04:00:00,18
10,2026-09-22T04:00:00,16
11,2026-09-22T04:00:00,22
12,2026-09-22T04:00:00,19
13,2026-09-22T04:00:00,20
14,2026-09-22T04:00:00,9
15,2026-09-22T04:00:00,13
1,2026-09-22T05:00:00,25
2,2026-09-22T05:00:00,16
3,2026-09-22T05:00:00,12
4,2026-09-22T05:00:00,12
5,2026-09-22T05:00:00,14
6,2026-09-22T05:00:00,24
7,2026-09-22T05:00:00,23
8,2026-09-22T05:00:00,23
9,2026-09-22T05:00:00,13
10,2026-09-22T05:00:00,14
11,2026-09-22T05:00:00,26
12,2026-09-22T05:00:00,22
13,2026-09-22T05:00:00,17
14,2026-09-22T05:00:00,22
15,2026-09-22T05:00:00,11
1,2026-09-22T06:00:00,47
2,2026-09-22T06:00:00,37
3,2026-09-22T06:00:00,46
4,2026-09-22T06:00:00,51
5,2026-09-22T06:00:00,28
6,2026-09-22T06:00:00,46
7,2026-09-22T06:00:00,50
8,2026-09-22T06:00:00,44
9,2026-09-22T06:00:00,42
10,2026-09-22T06:00:00,30
11,2026-09-22T06:00:00,40
12,2026-09-22T06:00:00,48
13,2026-09-22T06:00:00,42
14,2026-09-22T06:00:00,40
15,2026-09-22T06:00:00,31
1,2026-09-22T07:00:00,46
2,2026-09-22T07:00:00,39
3,2026-09-22T07:00:00,35
4,2026-09-22T07:00:00,41
5,2026-09-22T07:00:00,36
6,2026-09-22T07:00:00,43
7,2026-09-22T07:00:00,39
8,2026-09-22T07:00:00,38
9,2026-09-22T07:00:00,43
10,2026-09-22T07:00:00,44
11,2026-09-22T07:00:00,46
12,2026-09-22T07:00:00,39
13,2026-09-22T07:00:00,47
14,2026-09-22T07:00:00,39
15,2026-09-22T07:00:00,31
1,2026-09-22T08:00:00,91
2,2026-09-22T08:00:00,84
3,2026-09-22T08:00:00,88
4,2026-09-22T08:00:00,87
5,2026-09-22T08:00:00,65
6,2026-09-22T08:00:00,94
7,2026-09-22T08:00:00,91
8,2026-09-22T08:00:00,82
9,2026-09-22T08:00:00,77
10,2026-09-22T08:00:00,80
11,2026-09-22T08:00:00,83
12,2026-09-22T08:00:00,87
13,2026-09-22T08:00:00,83
14,2026-09-22T08:00:00,79
15,2026-09-22T08:00:00,69
1,2026-09-22T09:00:00,90
2,2026-09-22T09:00:00,72
3,2026-09-22T09:00:00,81
4,2026-09-22T09:00:00,90
5,2026-09-22T09:00:00,75
6,2026-09-22T09:00:00,93
7,2026-09-22T09:00:00,95
8,2026-09-22T09:00:00,84
9,2026-09-22T09:00:00,81
10,2026-09-22T09:00:00,78
11,2026-09-22T09:00:00,84
12,2026-09-22T09:00:00,93
13,2026-09-22T09:00:00,82
14,2026-09-22T09:00:00,79
15,2026-09-22T09:00:00,64
1,2026-09-22T10:00:00,94
2,2026-09-22T10:00:00,82
3,2026-09-22T10:00:00,87
4,2026-09-22T10:00:00,90
5,2026-09-22T10:00:00,66
6,2026-09-22T10:00:00,94
7,2026-09-22T10:00:00,95
8,2026-09-22T10:00:00,79
9,2026-09-22T10:00:00,85
10,2026-09-22T10:00:00,80
11,2026-09-22T10:00:00,91
12,2026-09-22T10:00:00,92
13,2026-09-22T10:00:00,86
14,2026-09-22T10:00:00,81
15,2026-09-22T10:00:00,63
1,2026-09-22T11:00:00,60
2,2026-09-22T11:00:00,64
3,2026-09-22T11:00:00,64
4,2026-09-22T11:00:00,66
5,2026-09-22T11:00:00,49
6,2026-09-22T11:00:00,62
7,2026-09-22T11:00:00,67
8,2026-09-22T11:00:00,63
9,2026-09-22T11:00:00,55
10,2026-09-22T11:00:00,52
11,2026-09-22T11:00:00,67
12,2026-09-22T11:00:00,63
13,2026-09-22T11:00:00,58
14,2026-09-22T11:00:00,57
15,2026-09-22T11:00:00,53
1,2026-09-22T12:00:00,77
2,2026-09-22T12:00:00,58
3,2026-09-22T12:00:00,61
4,2026-09-22T12:00:00,71
5,2026-09-22T12:00:00,44
6,2026-09-22T12:00:00,62
7,2026-09-22T12:00:00,72
8,2026-09-22T12:00:00,58
9,2026-09-22T12:00:00,51
10,2026-09-22T12:00:00,53
11,2026-09-22T12:00:00,65
12,2026-09-22T12:00:00,70
13,2026-09-22T12:00:00,63
14,2026-09-22T12:00:00,53
15,2026-09-22T12:00:00,51
1,2026-09-22T13:00:00,64
2,2026-09-22T13:00:00,68
3,2026-09-22T13:00:00,62
4,2026-09-22T13:00:00,67
5,2026-09-22T13:00:00,49
6,2026-09-22T13:00:00,61
7,2026-09-22T13:00:00,64
8,2026-09-22T13:00:00,53
9,2026-09-22T13:00:00,51
10,2026-09-22T13:00:00,59
11,2026-09-22T13:00:00,67
12,2026-09-22T13:00:00,63
13,2026-09-22T13:00:00,59
14,2026-09-22T13:00:00,58
15,2026-09-22T13:00:00,49
1,2026-09-22T14:00:00,69
2,2026-09-22T14:00:00,60
3,2026-09-22T14:00:00,64
4,2026-09-22T14:00:00,63
5,2026-09-22T14:00:00,52
6,2026-09-22T14:00:00,67
7,2026-09-22T14:00:00,63
8,2026-09-22T14:00:00,60
9,2026-09-22T14:00:00,61
10,2026-09-22T14:00:00,56
11,2026-09-22T14:00:00,66
12,2026-09-22T14:00:00,64
13,2026-09-22T14:00:00,54
14,2026-09-22T14:00:00,53
15,2026-09-22T14:00:00,53
1,2026-09-22T15:00:00,65
2,2026-09-22T15:00:00,62
3,2026-09-22T15:00:00,63
4,2026-09-22T15:00:00,63
5,2026-09-22T15:00:00,51
6,2026-09-22T15:00:00,66
7,2026-09-22T15:00:00,67
8,2026-09-22T15:00:00,62
9,2026-09-22T15:00:00,55
10,2026-09-22T15:00:00,59
11,2026-09-22T15:00:00,66
12,2026-09-22T15:00:00,68
13,2026-09-22T15:00:00,59
14,2026-09-22T15:00:00,57
15,2026-09-22T15:00:00,50
1,2026-09-22T16:00:00,72
2,2026-09-22T16:00:00,59
3,2026-09-22T16:00:00,63
4,2026-09-22T16:00:00,67
5,2026-09-22T16:00:00,44
6,2026-09-22T16:00:00,60
7,2026-09-22T16:00:00,64
8,2026-09-22T16:00:00,61
9,2026-09-22T16:00:00,57
10,2026-09-22T16:00:00,61
11,2026-09-22T16:00:00,60
12,2026-09-22T16:00:00,60
13,2026-09-22T16:00:00,59
14,2026-09-22T16:00:00,53
15,2026-09-22T16:00:00,50
1,2026-09-22T17:00:00,65
2,2026-09-22T17:00:00,55
3,2026-09-22T17:00:00,59
4,2026-09-22T17:00:00,66
5,2026-09-22T17:00:00,44
6,2026-09-22T17:00:00,64
7,2026-09-22T17:00:00,66
8,2026-09-22T17:00:00,67
9,2026-09-22T17:00:00,54
10,2026-09-22T17:00:00,54
11,2026-09-22T17:00:00,62
12,2026-09-22T17:00:00,71
13,2026-09-22T17:00:00,59
14,2026-09-22T17:00:00,58
15,2026-09-22T17:00:00,49
1,2026-09-22T18:00:00,98
2,2026-09-22T18:00:00,92
3,2026-09-22T18:00:00,88
4,2026-09-22T18:00:00,98
5,2026-09-22T18:00:00,70
6,2026-09-22T18:00:00,98
7,2026-09-22T18:00:00,89
8,2026-09-22T18:00:00,94
9,2026-09-22T18:00:00,80
10,2026-09-22T18:00:00,76
11,2026-09-22T18:00:00,89
12,2026-09-22T18:00:00,90
13,2026-09-22T18:00:00,80
14,2026-09-22T18:00:00,81
15,2026-09-22T18:00:00,80
1,2026-09-22T19:00:00,98
2,2026-09-22T19:00:00,90
3,2026-09-22T19:00:00,80
4,2026-09-22T19:00:00,98
5,2026-09-22T19:00:00,75
6,2026-09-22T19:00:00,95
7,2026-09-22T19:00:00,94
8,2026-09-22T19:00:00,90
9,2026-09-22T19:00:00,82
10,2026-09-22T19:00:00,86
11,2026-09-22T19:00:00,97
12,2026-09-22T19:00:00,93
13,2026-09-22T19:00:00,97
14,2026-09-22T19:00:00,82
15,2026-09-22T19:00:00,71
1,2026-09-22T20:00:00,97
2,2026-09-22T20:00:00,93
3,2026-09-22T20:00:00,90
4,2026-09-22T20:00:00,98
5,2026-09-22T20:00:00,71
6,2026-09-22T20:00:00,98
7,2026-09-22T20:00:00,98
8,2026-09-22T20:00:00,94
9,2026-09-22T20:00:00,88
10,2026-09-22T20:00:00,82
11,2026-09-22T20:00:00,87
12,2026-09-22T20:00:00,91
13,2026-09-22T20:00:00,90
14,2026-09-22T20:00:00,84
15,2026-09-22T20:00:00,74
1,2026-09-22T21:00:00,97
2,2026-09-22T21:00:00,85
3,2026-09-22T21:00:00,91
4,2026-09-22T21:00:00,98
5,2026-09-22T21:00:00,77
6,2026-09-22T21:00:00,95
7,2026-09-22T21:00:00,98
8,2026-09-22T21:00:00,89
9,2026-09-22T21:00:00,80
10,2026-09-22T21:00:00,75
11,2026-09-22T21:00:00,97
12,2026-09-22T21:00:00,98
13,2026-09-22T21:00:00,92
14,2026-09-22T21:00:00,75
15,2026-09-22T21:00:00,72
1,2026-09-22T22:00:00,38
2,2026-09-22T22:00:00,43
3,2026-09-22T22:00:00,39
4,2026-09-22T22:00:00,50
5,2026-09-22T22:00:00,36
6,2026-09-22T22:00:00,51
7,2026-09-22T22:00:00,45
8,2026-09-22T22:00:00,37
9,2026-09-22T22:00:00,41
10,2026-09-22T22:00:00,37
11,2026-09-22T22:00:00,43
12,2026-09-22T22:00:00,44
13,2026-09-22T22:00:00,44
14,2026-09-22T22:00:00,35
15,2026-09-22T22:00:00,30
1,2026-09-22T23:00:00,40
2,2026-09-22T23:00:00,36
3,2026-09-22T23:00:00,43
4,2026-09-22T23:00:00,44
5,2026-09-22T23:00:00,32
6,2026-09-22T23:00:00,43
7,2026-09-22T23:00:00,47
8,2026-09-22T23:00:00,41
9,2026-09-22T23:00:00,43
10,2026-09-22T23:00:00,44
11,2026-09-22T23:00:00,52
12,2026-09-22T23:00:00,38
13,2026-09-22T23:00:00,28
14,2026-09-22T23:00:00,40
15,2026-09-22T23:00:00,33
1,2026-09-23T00:00:00,24
2,2026-09-23T00:00:00,19
3,2026-09-23T00:00:00,25
4,2026-09-23T00:00:00,18
5,2026-09-23T00:00:00,13
6,2026-09-23T00:00:00,21
7,2026-09-23T00:00:00,26
8,2026-09-23T00:00:00,19
9,2026-09-23T00:00:00,18
10,2026-09-23T00:00:00,18
11,2026-09-23T00:00:00,17
12,2026-09-23T00:00:00,21
13,2026-09-23T00:00:00,18
14,2026-09-23T00:00:00,9
15,2026-09-23T00:00:00,19
1,2026-09-23T01:00:00,15
2,2026-09-23T01:00:00,22
3,2026-09-23T01:00:00,12
4,2026-09-23T01:00:00,25
5,2026-09-23T01:00:00,7
6,2026-09-23T01:00:00,24
7,2026-09-23T01:00:00,24
8,2026-09-23T01:00:00,17
9,2026-09-23T01:00:00,22
10,2026-09-23T01:00:00,17
11,2026-09-23T01:00:00,15
12,2026-09-23T01:00:00,22
13,2026-09-23T01:00:00,15
14,2026-09-23T01:00:00,11
15,2026-09-23T01:00:00,9
1,2026-09-23T02:00:00,14
2,2026-09-23T02:00:00,13
3,2026-09-23T02:00:00,21
4,2026-09-23T02:00:00,21
5,2026-09-23T02:00:00,13
6,2026-09-23T02:00:00,24
7,2026-09-23T02:00:00,19
8,2026-09-23T02:00:00,16
9,2026-09-23T02:00:00,14
10,2026-09-23T02:00:00,14
11,2026-09-23T02:00:00,15
12,2026-09-23T02:00:00,20
13,2026-09-23T02:00:00,16
14,2026-09-23T02:00:00,17
15,2026-09-23T02:00:00,17
1,2026-09-23T03:00:00,16
2,2026-09-23T03:00:00,21
3,2026-09-23T03:00:00,20
4,2026-09-23T03:00:00,24
5,2026-09-23T03:00:00,25
6,2026-09-23T03:00:00,18
7,2026-09-23T03:00:00,24
8,2026-09-23T03:00:00,15
9,2026-09-23T03:00:00,14
10,2026-09-23T03:00:00,18
11,2026-09-23T03:00:00,25
12,2026-09-23T03:00:00,18
13,2026-09-23T03:00:00,17
14,2026-09-23T03:00:00,18
15,2026-09-23T03:00:00,15
1,2026-09-23T04:00:00,18
2,2026-09-23T04:00:00,18
3,2026-09-23T04:00:00,24
4,2026-09-23T04:00:00,23
5,2026-09-23T04:00:00,19
6,2026-09-23T04:00:00,16
7,2026-09-23T04:00:00,16
8,2026-09-23T04:00:00,20
9,2026-09-23T04:00:00,17
10,2026-09-23T04:00:00,13
11,2026-09-23T04:00:00,18
12,2026-09-23T04:00:00,14
13,2026-09-23T04:00:00,25
14,2026-09-23T04:00:00,21
15,2026-09-23T04:00:00,14
1,2026-09-23T05:00:00,16
2,2026-09-23T05:00:00,13
3,2026-09-23T05:00:00,21
4,2026-09-23T05:00:00,22
5,2026-09-23T05:00:00,17
6,2026-09-23T05:00:00,26
7,2026-09-23T05:00:00,17
8,2026-09-23T05:00:00,18
9,2026-09-23T05:00:00,16
10,2026-09-23T05:00:00,13
11,2026-09-23T05:00:00,16
12,2026-09-23T05:00:00,18
13,2026-09-23T05:00:00,23
14,2026-09-23T05:00:00,21
15,2026-09-23T05:00:00,15
1,2026-09-23T06:00:00,42
2,2026-09-23T06:00:00,41
3,2026-09-23T06:00:00,39
4,2026-09-23T06:00:00,43
5,2026-09-23T06:00:00,35
6,2026-09-23T06:00:00,48
7,2026-09-23T06:00:00,39
8,2026-09-23T06:00:00,44
9,2026-09-23T06:00:00,34
10,2026-09-23T06:00:00,37
11,2026-09-23T06:00:00,47
12,2026-09-23T06:00:00,41
13,2026-09-23T06:00:00,41
14,2026-09-23T06:00:00,43
15,2026-09-23T06:00:00,32
1,2026-09-23T07:00:00,47
2,2026-09-23T07:00:00,42
3,2026-09-23T07:00:00,43
4,2026-09-23T07:00:00,40
5,2026-09-23T07:00:00,33
6,2026-09-23T07:00:00,52
7,2026-09-23T07:00:00,52
8,2026-09-23T07:00:00,49
9,2026-09-23T07:00:00,44
10,2026-09-23T07:00:00,42
11,2026-09-23T07:00:00,50
12,2026-09-23T07:00:00,47
13,2026-09-23T07:00:00,36
14,2026-09-23T07:00:00,32
15,2026-09-23T07:00:00,30
1,2026-09-23T08:00:00,89
2,2026-09-23T08:00:00,82
3,2026-09-23T08:00:00,88
4,2026-09-23T08:00:00,87
5,2026-09-23T08:00:00,67
6,2026-09-23T08:00:00,91
7,2026-09-23T08:00:00,89
8,2026-09-23T08:00:00,87
9,2026-09-23T08:00:00,75
10,2026-09-23T08:00:00,80
11,2026-09-23T08:00:00,87
12,2026-09-23T08:00:00,87
13,2026-09-23T08:00:00,85
14,2026-09-23T08:00:00,81
15,2026-09-23T08:00:00,70
1,2026-09-23T09:00:00,92
2,2026-09-23T09:00:00,82
3,2026-09-23T09:00:00,85
4,2026-09-23T09:00:00,95
5,2026-09-23T09:00:00,63
6,2026-09-23T09:00:00,97
7,2026-09-23T09:00:00,93
8,2026-09-23T09:00:00,81
9,2026-09-23T09:00:00,67
10,2026-09-23T09:00:00,77
11,2026-09-23T09:00:00,86
12,2026-09-23T09:00:00,90
13,2026-09-23T09:00:00,88
14,2026-09-23T09:00:00,78
15,2026-09-23T09:00:00,77
1,2026-09-23T10:00:00,86
2,2026-09-23T10:00:00,76
3,2026-09-23T10:00:00,88
4,2026-09-23T10:00:00,93
5,2026-09-23T10:00:00,66
6,2026-09-23T10:00:00,93
7,2026-09-23T10:00:00,94
8,2026-09-23T10:00:00,87
9,2026-09-23T10:00:00,84
10,2026-09-23T10:00:00,73
11,2026-09-23T10:00:00,92
12,2026-09-23T10:00:00,91
13,2026-09-23T10:00:00,81
14,2026-09-23T10:00:00,80
15,2026-09-23T10:00:00,61
1,2026-09-23T11:00:00,74
2,2026-09-23T11:00:00,63
3,2026-09-23T11:00:00,60
4,2026-09-23T11:00:00,67
5,2026-09-23T11:00:00,34
6,2026-09-23T11:00:00,57
7,2026-09-23T11:00:00,68
8,2026-09-23T11:00:00,54
9,2026-09-23T11:00:00,60
10,2026-09-23T11:00:00,51
11,2026-09-23T11:00:00,73
12,2026-09-23T11:00:00,71
13,2026-09-23T11:00:00,56
14,2026-09-23T11:00:00,69
15,2026-09-23T11:00:00,47
1,2026-09-23T12:00:00,64
2,2026-09-23T12:00:00,56
3,2026-09-23T12:00:00,58
4,2026-09-23T12:00:00,63
5,2026-09-23T12:00:00,48
6,2026-09-23T12:00:00,67
7,2026-09-23T12:00:00,73
8,2026-09-23T12:00:00,63
9,2026-09-23T12:00:00,51
10,2026-09-23T12:00:00,56
11,2026-09-23T12:00:00,71
12,2026-09-23T12:00:00,65
13,2026-09-23T12:00:00,68
14,2026-09-23T12:00:00,60
15,2026-09-23T12:00:00,47
1,2026-09-23T13:00:00,68
2,2026-09-23T13:00:00,57
3,2026-09-23T13:00:00,58
4,2026-09-23T13:00:00,70
5,2026-09-23T13:00:00,51
6,2026-09-23T13:00:00,69
7,2026-09-23T13:00:00,71
8,2026-09-23T13:00:00,61
9,2026-09-23T13:00:00,55
10,2026-09-23T13:00:00,55
11,2026-09-23T13:00:00,66
12,2026-09-23T13:00:00,73
13,2026-09-23T13:00:00,57
14,2026-09-23T13:00:00,62
15,2026-09-23T13:00:00,42
1,2026-09-23T14:00:00,65
2,2026-09-23T14:00:00,55
3,2026-09-23T14:00:00,68
4,2026-09-23T14:00:00,74
5,2026-09-23T14:00:00,53
6,2026-09-23T14:00:00,62
7,2026-09-23T14:00:00,72
8,2026-09-23T14:00:00,66
9,2026-09-23T14:00:00,52
10,2026-09-23T14:00:00,60
11,2026-09-23T14:00:00,64
12,2026-09-23T14:00:00,67
13,2026-09-23T14:00:00,60
14,2026-09-23T14:00:00,56
15,2026-09-23T14:00:00,46
1,2026-09-23T15:00:00,65
2,2026-09-23T15:00:00,58
3,2026-09-23T15:00:00,66
4,2026-09-23T15:00:00,70
5,2026-09-23T15:00:00,45
6,2026-09-23T15:00:00,67
7,2026-09-23T15:00:00,65
8,2026-09-23T15:00:00,68
9,2026-09-23T15:00:00,56
10,2026-09-23T15:00:00,56
11,2026-09-23T15:00:00,65
12,2026-09-23T15:00:00,63
13,2026-09-23T15:00:00,63
14,2026-09-23T15:00:00,58
15,2026-09-23T15:00:00,48
1,2026-09-23T16:00:00,65
2,2026-09-23T16:00:00,58
3,2026-09-23T16:00:00,56
4,2026-09-23T16:00:00,59
5,2026-09-23T16:00:00,52
6,2026-09-23T16:00:00,64
7,2026-09-23T16:00:00,71
8,2026-09-23T16:00:00,62
9,2026-09-23T16:00:00,53
10,2026-09-23T16:00:00,60
11,2026-09-23T16:00:00,76
12,2026-09-23T16:00:00,66
13,2026-09-23T16:00:00,60
14,2026-09-23T16:00:00,59
15,2026-09-23T16:00:00,51
1,2026-09-23T17:00:00,70
2,2026-09-23T17:00:00,65
3,2026-09-23T17:00:00,61
4,2026-09-23T17:00:00,60
5,2026-09-23T17:00:00,55
6,2026-09-23T17:00:00,66
7,2026-09-23T17:00:00,73
8,2026-09-23T17:00:00,56
9,2026-09-23T17:00:00,61
10,2026-09-23T17:00:00,50
11,2026-09-23T17:00:00,63
12,2026-09-23T17:00:00,62
13,2026-09-23T17:00:00,59
14,2026-09-23T17:00:00,66
15,2026-09-23T17:00:00,45
1,2026-09-23T18:00:00,95
2,2026-09-23T18:00:00,83
3,2026-09-23T18:00:00,86
4,2026-09-23T18:00:00,97
5,2026-09-23T18:00:00,71
6,2026-09-23T18:00:00,98
7,2026-09-23T18:00:00,98
8,2026-09-23T18:00:00,86
9,2026-09-23T18:00:00,87
10,2026-09-23T18:00:00,86
11,2026-09-23T18:00:00,95
12,2026-09-23T18:00:00,96
13,2026-09-23T18:00:00,89
14,2026-09-23T18:00:00,84
15,2026-09-23T18:00:00,75
1,2026-09-23T19:00:00,96
2,2026-09-23T19:00:00,83
3,2026-09-23T19:00:00,91
4,2026-09-23T19:00:00,93
5,2026-09-23T19:00:00,79
6,2026-09-23T19:00:00,98
7,2026-09-23T19:00:00,98
8,2026-09-23T19:00:00,90
9,2026-09-23T19:00:00,82
10,2026-09-23T19:00:00,84
11,2026-09-23T19:00:00,96
12,2026-09-23T19:00:00,95
13,2026-09-23T19:00:00,88
14,2026-09-23T19:00:00,84
15,2026-09-23T19:00:00,73
1,2026-09-23T20:00:00,94
2,2026-09-23T20:00:00,82
3,2026-09-23T20:00:00,95
4,2026-09-23T20:00:00,98
5,2026-09-23T20:00:00,70
6,2026-09-23T20:00:00,94
7,2026-09-23T20:00:00,98
8,2026-09-23T20:00:00,98
9,2026-09-23T20:00:00,84
10,2026-09-23T20:00:00,82
11,2026-09-23T20:00:00,92
12,2026-09-23T20:00:00,92
13,2026-09-23T20:00:00,87
14,2026-09-23T20:00:00,87
15,2026-09-23T20:00:00,70
1,2026-09-23T21:00:00,98
2,2026-09-23T21:00:00,86
3,2026-09-23T21:00:00,89
4,2026-09-23T21:00:00,98
5,2026-09-23T21:00:00,61
6,2026-09-23T21:00:00,95
7,2026-09-23T21:00:00,98
8,2026-09-23T21:00:00,90
9,2026-09-23T21:00:00,91
10,2026-09-23T21:00:00,77
11,2026-09-23T21:00:00,94
12,2026-09-23T21:00:00,98
13,2026-09-23T21:00:00,90
14,2026-09-23T21:00:00,79
15,2026-09-23T21:00:00,66
1,2026-09-23T22:00:00,48
2,2026-09-23T22:00:00,41
3,2026-09-23T22:00:00,50
4,2026-09-23T22:00:00,47
5,2026-09-23T22:00:00,29
6,2026-09-23T22:00:00,50
7,2026-09-23T22:00:00,45
8,2026-09-23T22:00:00,46
9,2026-09-23T22:00:00,48
10,2026-09-23T22:00:00,48
11,2026-09-23T22:00:00,49
12,2026-09-23T22:00:00,45
13,2026-09-23T22:00:00,36
14,2026-09-23T22:00:00,41
15,2026-09-23T22:00:00,34
1,2026-09-23T23:00:00,50
2,2026-09-23T23:00:00,41
3,2026-09-23T23:00:00,41
4,2026-09-23T23:00:00,47
5,2026-09-23T23:00:00,40
6,2026-09-23T23:00:00,44
7,2026-09-23T23:00:00,57
8,2026-09-23T23:00:00,35
9,2026-09-23T23:00:00,43
10,2026-09-23T23:00:00,35
11,2026-09-23T23:00:00,47
12,2026-09-23T23:00:00,43
13,2026-09-23T23:00:00,56
14,2026-09-23T23:00:00,34
15,2026-09-23T23:00:00,29
1,2026-09-24T00:00:00,23
2,2026-09-24T00:00:00,15
3,2026-09-24T00:00:00,24
4,2026-09-24T00:00:00,27
5,2026-09-24T00:00:00,16
6,2026-09-24T00:00:00,16
7,2026-09-24T00:00:00,20
8,2026-09-24T00:00:00,18
9,2026-09-24T00:00:00,15
10,2026-09-24T00:00:00,21
11,2026-09-24T00:00:00,16
12,2026-09-24T00:00:00,14
13,2026-09-24T00:00:00,16
14,2026-09-24T00:00:00,24
15,2026-09-24T00:00:00,14
1,2026-09-24T01:00:00,26
2,2026-09-24T01:00:00,22
3,2026-09-24T01:00:00,15
4,2026-09-24T01:00:00,22
5,2026-09-24T01:00:00,10
6,2026-09-24T01:00:00,17
7,2026-09-24T01:00:00,23
8,2026-09-24T01:00:00,17
9,2026-09-24T01:00:00,16
10,2026-09-24T01:00:00,14
11,2026-09-24T01:00:00,23
12,2026-09-24T01:00:00,16
13,2026-09-24T01:00:00,18
14,2026-09-24T01:00:00,17
15,2026-09-24T01:00:00,20
1,2026-09-24T02:00:00,19
2,2026-09-24T02:00:00,14
3,2026-09-24T02:00:00,16
4,2026-09-24T02:00:00,17
5,2026-09-24T02:00:00,20
6,2026-09-24T02:00:00,21
7,2026-09-24T02:00:00,17
8,2026-09-24T02:00:00,18
9,2026-09-24T02:00:00,17
10,2026-09-24T02:00:00,23
11,2026-09-24T02:00:00,23
12,2026-09-24T02:00:00,22
13,2026-09-24T02:00:00,18
14,2026-09-24T02:00:00,21
15,2026-09-24T02:00:00,14
1,2026-09-24T03:00:00,19
2,2026-09-24T03:00:00,19
3,2026-09-24T03:00:00,17
4,2026-09-24T03:00:00,25
5,2026-09-24T03:00:00,12
6,2026-09-24T03:00:00,28
7,2026-09-24T03:00:00,13
8,2026-09-24T03:00:00,19
9,2026-09-24T03:00:00,22
10,2026-09-24T03:00:00,18
11,2026-09-24T03:00:00,21
12,2026-09-24T03:00:00,21
13,2026-09-24T03:00:00,22
14,2026-09-24T03:00:00,15
15,2026-09-24T03:00:00,15
1,2026-09-24T04:00:00,17
2,2026-09-24T04:00:00,11
3,2026-09-24T04:00:00,14
4,2026-09-24T04:00:00,22
5,2026-09-24T04:00:00,20
6,2026-09-24T04:00:00,20
7,2026-09-24T04:00:00,20
8,2026-09-24T04:00:00,22
9,2026-09-24T04:00:00,14
10,2026-09-24T04:00:00,21
11,2026-09-24T04:00:00,18
12,2026-09-24T04:00:00,28
13,2026-09-24T04:00:00,15
14,2026-09-24T04:00:00,21
15,2026-09-24T04:00:00,16
1,2026-09-24T05:00:00,16
2,2026-09-24T05:00:00,28
3,2026-09-24T05:00:00,19
4,2026-09-24T05:00:00,21
5,2026-09-24T05:00:00,16
6,2026-09-24T05:00:00,29
7,2026-09-24T05:00:00,14
8,2026-09-24T05:00:00,19
9,2026-09-24T05:00:00,14
10,2026-09-24T05:00:00,13
11,2026-09-24T05:00:00,13
12,2026-09-24T05:00:00,20
13,2026-09-24T05:00:00,16
14,2026-09-24T05:00:00,19
15,2026-09-24T05:00:00,9
1,2026-09-24T06:00:00,40
2,2026-09-24T06:00:00,45
3,2026-09-24T06:00:00,40
4,2026-09-24T06:00:00,46
5,2026-09-24T06:00:00,33
6,2026-09-24T06:00:00,46
7,2026-09-24T06:00:00,38
8,2026-09-24T06:00:00,44
9,2026-09-24T06:00:00,38
10,2026-09-24T06:00:00,45
11,2026-09-24T06:00:00,43
12,2026-09-24T06:00:00,46
13,2026-09-24T06:00:00,41
14,2026-09-24T06:00:00,36
15,2026-09-24T06:00:00,26
1,2026-09-24T07:00:00,42
2,2026-09-24T07:00:00,39
3,2026-09-24T07:00:00,45
4,2026-09-24T07:00:00,51
5,2026-09-24T07:00:00,38
6,2026-09-24T07:00:00,41
7,2026-09-24T07:00:00,47
8,2026-09-24T07:00:00,39
9,2026-09-24T07:00:00,26
10,2026-09-24T07:00:00,36
11,2026-09-24T07:00:00,42
12,2026-09-24T07:00:00,44
13,2026-09-24T07:00:00,45
14,2026-09-24T07:00:00,35
15,2026-09-24T07:00:00,27
1,2026-09-24T08:00:00,98
2,2026-09-24T08:00:00,80
3,2026-09-24T08:00:00,84
4,2026-09-24T08:00:00,93
5,2026-09-24T08:00:00,65
6,2026-09-24T08:00:00,96
7,2026-09-24T08:00:00,97
8,2026-09-24T08:00:00,82
9,2026-09-24T08:00:00,75
10,2026-09-24T08:00:00,80
11,2026-09-24T08:00:00,91
12,2026-09-24T08:00:00,89
13,2026-09-24T08:00:00,79
14,2026-09-24T08:00:00,75
15,2026-09-24T08:00:00,73
1,2026-09-24T09:00:00,81
2,2026-09-24T09:00:00,81
3,2026-09-24T09:00:00,83
4,2026-09-24T09:00:00,93
5,2026-09-24T09:00:00,66
6,2026-09-24T09:00:00,95
7,2026-09-24T09:00:00,92
8,2026-09-24T09:00:00,81
9,2026-09-24T09:00:00,83
10,2026-09-24T09:00:00,74
11,2026-09-24T09:00:00,91
12,2026-09-24T09:00:00,89
13,2026-09-24T09:00:00,82
14,2026-09-24T09:00:00,76
15,2026-09-24T09:00:00,68
1,2026-09-24T10:00:00,91
2,2026-09-24T10:00:00,83
3,2026-09-24T10:00:00,86
4,2026-09-24T10:00:00,90
5,2026-09-24T10:00:00,69
6,2026-09-24T10:00:00,89
7,2026-09-24T10:00:00,96
8,2026-09-24T10:00:00,91
9,2026-09-24T10:00:00,75
10,2026-09-24T10:00:00,81
11,2026-09-24T10:00:00,92
12,2026-09-24T10:00:00,91
13,2026-09-24T10:00:00,81
14,2026-09-24T10:00:00,83
15,2026-09-24T10:00:00,69
1,2026-09-24T11:00:00,62
2,2026-09-24T11:00:00,59
3,2026-09-24T11:00:00,61
4,2026-09-24T11:00:00,62
5,2026-09-24T11:00:00,45
6,2026-09-24T11:00:00,69
7,2026-09-24T11:00:00,67
8,2026-09-24T11:00:00,55
9,2026-09-24T11:00:00,62
10,2026-09-24T11:00:00,58
11,2026-09-24T11:00:00,60
12,2026-09-24T11:00:00,60
13,2026-09-24T11:00:00,61
14,2026-09-24T11:00:00,54
15,2026-09-24T11:00:00,51
1,2026-09-24T12:00:00,64
2,2026-09-24T12:00:00,61
3,2026-09-24T12:00:00,53
4,2026-09-24T12:00:00,62
5,2026-09-24T12:00:00,49
6,2026-09-24T12:00:00,65
7,2026-09-24T12:00:00,73
8,2026-09-24T12:00:00,60
9,2026-09-24T12:00:00,59
10,2026-09-24T12:00:00,54
11,2026-09-24T12:00:00,64
12,2026-09-24T12:00:00,66
13,2026-09-24T12:00:00,62
14,2026-09-24T12:00:00,56
15,2026-09-24T12:00:00,53
1,2026-09-24T13:00:00,70
2,2026-09-24T13:00:00,61
3,2026-09-24T13:00:00,60
4,2026-09-24T13:00:00,65
5,2026-09-24T13:00:00,55
6,2026-09-24T13:00:00,65
7,2026-09-24T13:00:00,66
8,2026-09-24T13:00:00,62
9,2026-09-24T13:00:00,56
10,2026-09-24T13:00:00,55
11,2026-09-24T13:00:00,62
12,2026-09-24T13:00:00,65
13,2026-09-24T13:00:00,61
14,2026-09-24T13:00:00,55
15,2026-09-24T13:00:00,45
1,2026-09-24T14:00:00,66
2,2026-09-24T14:00:00,56
3,2026-09-24T14:00:00,63
4,2026-09-24T14:00:00,65
5,2026-09-24T14:00:00,49
6,2026-09-24T14:00:00,69
7,2026-09-24T14:00:00,70
8,2026-09-24T14:00:00,63
9,2026-09-24T14:00:00,55
10,2026-09-24T14:00:00,59
11,2026-09-24T14:00:00,65
12,2026-09-24T14:00:00,66
13,2026-09-24T14:00:00,59
14,2026-09-24T14:00:00,52
15,2026-09-24T14:00:00,51
1,2026-09-24T15:00:00,67
2,2026-09-24T15:00:00,61
3,2026-09-24T15:00:00,61
4,2026-09-24T15:00:00,68
5,2026-09-24T15:00:00,52
6,2026-09-24T15:00:00,61
7,2026-09-24T15:00:00,68
8,2026-09-24T15:00:00,58
9,2026-09-24T15:00:00,61
10,2026-09-24T15:00:00,60
11,2026-09-24T15:00:00,66
12,2026-09-24T15:00:00,64
13,2026-09-24T15:00:00,61
14,2026-09-24T15:00:00,59
15,2026-09-24T15:00:00,49
1,2026-09-24T16:00:00,68
2,2026-09-24T16:00:00,64
3,2026-09-24T16:00:00,58
4,2026-09-24T16:00:00,59
5,2026-09-24T16:00:00,45
6,2026-09-24T16:00:00,61
7,2026-09-24T16:00:00,70
8,2026-09-24T16:00:00,64
9,2026-09-24T16:00:00,63
10,2026-09-24T16:00:00,54
11,2026-09-24T16:00:00,61
12,2026-09-24T16:00:00,64
13,2026-09-24T16:00:00,62
14,2026-09-24T16:00:00,61
15,2026-09-24T16:00:00,53
1,2026-09-24T17:00:00,68
2,2026-09-24T17:00:00,63
3,2026-09-24T17:00:00,61
4,2026-09-24T17:00:00,71
5,2026-09-24T17:00:00,49
6,2026-09-24T17:00:00,71
7,2026-09-24T17:00:00,69
8,2026-09-24T17:00:00,60
9,2026-09-24T17:00:00,61
10,2026-09-24T17:00:00,60
11,2026-09-24T17:00:00,68
12,2026-09-24T17:00:00,62
13,2026-09-24T17:00:00,58
14,2026-09-24T17:00:00,58
15,2026-09-24T17:00:00,51
1,2026-09-24T18:00:00,95
2,2026-09-24T18:00:00,92
3,2026-09-24T18:00:00,92
4,2026-09-24T18:00:00,98
5,2026-09-24T18:00:00,75
6,2026-09-24T18:00:00,92
7,2026-09-24T18:00:00,98
8,2026-09-24T18:00:00,85
9,2026-09-24T18:00:00,85
10,2026-09-24T18:00:00,83
11,2026-09-24T18:00:00,94
12,2026-09-24T18:00:00,98
13,2026-09-24T18:00:00,90
14,2026-09-24T18:00:00,82
15,2026-09-24T18:00:00,72
1,2026-09-24T19:00:00,95
2,2026-09-24T19:00:00,86
3,2026-09-24T19:00:00,86
4,2026-09-24T19:00:00,98
5,2026-09-24T19:00:00,72
6,2026-09-24T19:00:00,98
7,2026-09-24T19:00:00,97
8,2026-09-24T19:00:00,95
9,2026-09-24T19:00:00,87
10,2026-09-24T19:00:00,75
11,2026-09-24T19:00:00,88
12,2026-09-24T19:00:00,98
13,2026-09-24T19:00:00,84
14,2026-09-24T19:00:00,84
15,2026-09-24T19:00:00,75
1,2026-09-24T20:00:00,84
2,2026-09-24T20:00:00,89
3,2026-09-24T20:00:00,92
4,2026-09-24T20:00:00,98
5,2026-09-24T20:00:00,78
6,2026-09-24T20:00:00,98
7,2026-09-24T20:00:00,98
8,2026-09-24T20:00:00,82
9,2026-09-24T20:00:00,85
10,2026-09-24T20:00:00,78
11,2026-09-24T20:00:00,93
12,2026-09-24T20:00:00,91
13,2026-09-24T20:00:00,95
14,2026-09-24T20:00:00,90
15,2026-09-24T20:00:00,79
1,2026-09-24T21:00:00,98
2,2026-09-24T21:00:00,90
3,2026-09-24T21:00:00,92
4,2026-09-24T21:00:00,98
5,2026-09-24T21:00:00,75
6,2026-09-24T21:00:00,98
7,2026-09-24T21:00:00,98
8,2026-09-24T21:00:00,88
9,2026-09-24T21:00:00,79
10,2026-09-24T21:00:00,76
11,2026-09-24T21:00:00,93
12,2026-09-24T21:00:00,98
13,2026-09-24T21:00:00,84
14,2026-09-24T21:00:00,88
15,2026-09-24T21:00:00,65
1,2026-09-24T22:00:00,38
2,2026-09-24T22:00:00,34
3,2026-09-24T22:00:00,45
4,2026-09-24T22:00:00,44
5,2026-09-24T22:00:00,32
6,2026-09-24T22:00:00,43
7,2026-09-24T22:00:00,57
8,2026-09-24T22:00:00,36
9,2026-09-24T22:00:00,41
10,2026-09-24T22:00:00,34
11,2026-09-24T22:00:00,43
12,2026-09-24T22:00:00,43
13,2026-09-24T22:00:00,33
14,2026-09-24T22:00:00,35
15,2026-09-24T22:00:00,28
1,2026-09-24T23:00:00,46
2,2026-09-24T23:00:00,36
3,2026-09-24T23:00:00,47
4,2026-09-24T23:00:00,39
5,2026-09-24T23:00:00,30
6,2026-09-24T23:00:00,49
7,2026-09-24T23:00:00,50
8,2026-09-24T23:00:00,42
9,2026-09-24T23:00:00,43
10,2026-09-24T23:00:00,44
11,2026-09-24T23:00:00,45
12,2026-09-24T23:00:00,43
13,2026-09-24T23:00:00,42
14,2026-09-24T23:00:00,44
15,2026-09-24T23:00:00,34
1,2026-09-25T00:00:00,17
2,2026-09-25T00:00:00,17
3,2026-09-25T00:00:00,20
4,2026-09-25T00:00:00,25
5,2026-09-25T00:00:00,14
6,2026-09-25T00:00:00,22
7,2026-09-25T00:00:00,20
8,2026-09-25T00:00:00,19
9,2026-09-25T00:00:00,23
10,2026-09-25T00:00:00,21
11,2026-09-25T00:00:00,24
12,2026-09-25T00:00:00,28
13,2026-09-25T00:00:00,11
14,2026-09-25T00:00:00,15
15,2026-09-25T00:00:00,14
1,2026-09-25T01:00:00,16
2,2026-09-25T01:00:00,16
3,2026-09-25T01:00:00,21
4,2026-09-25T01:00:00,26
5,2026-09-25T01:00:00,11
6,2026-09-25T01:00:00,24
7,2026-09-25T01:00:00,21
8,2026-09-25T01:00:00,19
9,2026-09-25T01:00:00,18
10,2026-09-25T01:00:00,11
11,2026-09-25T01:00:00,14
12,2026-09-25T01:00:00,20
13,2026-09-25T01:00:00,18
14,2026-09-25T01:00:00,18
15,2026-09-25T01:00:00,24
1,2026-09-25T02:00:00,21
2,2026-09-25T02:00:00,18
3,2026-09-25T02:00:00,18
4,2026-09-25T02:00:00,18
5,2026-09-25T02:00:00,16
6,2026-09-25T02:00:00,17
7,2026-09-25T02:00:00,17
8,2026-09-25T02:00:00,20
9,2026-09-25T02:00:00,20
10,2026-09-25T02:00:00,14
11,2026-09-25T02:00:00,19
12,2026-09-25T02:00:00,25
13,2026-09-25T02:00:00,8
14,2026-09-25T02:00:00,11
15,2026-09-25T02:00:00,6
1,2026-09-25T03:00:00,17
2,2026-09-25T03:00:00,15
3,2026-09-25T03:00:00,7
4,2026-09-25T03:00:00,21
5,2026-09-25T03:00:00,14
6,2026-09-25T03:00:00,24
7,2026-09-25T03:00:00,28
8,2026-09-25T03:00:00,18
9,2026-09-25T03:00:00,21
10,2026-09-25T03:00:00,18
11,2026-09-25T03:00:00,22
12,2026-09-25T03:00:00,24
13,2026-09-25T03:00:00,20
14,2026-09-25T03:00:00,21
15,2026-09-25T03:00:00,20
1,2026-09-25T04:00:00,20
2,2026-09-25T04:00:00,22
3,2026-09-25T04:00:00,17
4,2026-09-25T04:00:00,19
5,2026-09-25T04:00:00,14
6,2026-09-25T04:00:00,23
7,2026-09-25T04:00:00,21
8,2026-09-25T04:00:00,16
9,2026-09-25T04:00:00,19
10,2026-09-25T04:00:00,13
11,2026-09-25T04:00:00,20
12,2026-09-25T04:00:00,17
13,2026-09-25T04:00:00,20
14,2026-09-25T04:00:00,15
15,2026-09-25T04:00:00,8
1,2026-09-25T05:00:00,23
2,2026-09-25T05:00:00,16
3,2026-09-25T05:00:00,11
4,2026-09-25T05:00:00,22
5,2026-09-25T05:00:00,7
6,2026-09-25T05:00:00,15
7,2026-09-25T05:00:00,20
8,2026-09-25T05:00:00,22
9,2026-09-25T05:00:00,23
10,2026-09-25T05:00:00,22
11,2026-09-25T05:00:00,20
12,2026-09-25T05:00:00,23
13,2026-09-25T05:00:00,21
14,2026-09-25T05:00:00,14
15,2026-09-25T05:00:00,15
1,2026-09-25T06:00:00,47
2,2026-09-25T06:00:00,45
3,2026-09-25T06:00:00,42
4,2026-09-25T06:00:00,44
5,2026-09-25T06:00:00,33
6,2026-09-25T06:00:00,42
7,2026-09-25T06:00:00,49
8,2026-09-25T06:00:00,39
9,2026-09-25T06:00:00,46
10,2026-09-25T06:00:00,40
11,2026-09-25T06:00:00,40
12,2026-09-25T06:00:00,47
13,2026-09-25T06:00:00,43
14,2026-09-25T06:00:00,34
15,2026-09-25T06:00:00,31
1,2026-09-25T07:00:00,52
2,2026-09-25T07:00:00,46
3,2026-09-25T07:00:00,45
4,2026-09-25T07:00:00,44
5,2026-09-25T07:00:00,38
6,2026-09-25T07:00:00,50
7,2026-09-25T07:00:00,51
8,2026-09-25T07:00:00,37
9,2026-09-25T07:00:00,51
10,2026-09-25T07:00:00,37
11,2026-09-25T07:00:00,44
12,2026-09-25T07:00:00,48
13,2026-09-25T07:00:00,39
14,2026-09-25T07:00:00,37
15,2026-09-25T07:00:00,33
1,2026-09-25T08:00:00,93
2,2026-09-25T08:00:00,83
3,2026-09-25T08:00:00,81
4,2026-09-25T08:00:00,93
5,2026-09-25T08:00:00,65
6,2026-09-25T08:00:00,98
7,2026-09-25T08:00:00,96
8,2026-09-25T08:00:00,83
9,2026-09-25T08:00:00,83
10,2026-09-25T08:00:00,79
11,2026-09-25T08:00:00,92
12,2026-09-25T08:00:00,88
13,2026-09-25T08:00:00,79
14,2026-09-25T08:00:00,73
15,2026-09-25T08:00:00,73
1,2026-09-25T09:00:00,91
2,2026-09-25T09:00:00,89
3,2026-09-25T09:00:00,80
4,2026-09-25T09:00:00,80
5,2026-09-25T09:00:00,72
6,2026-09-25T09:00:00,96
7,2026-09-25T09:00:00,95
8,2026-09-25T09:00:00,83
9,2026-09-25T09:00:00,81
10,2026-09-25T09:00:00,78
11,2026-09-25T09:00:00,92
12,2026-09-25T09:00:00,92
13,2026-09-25T09:00:00,88
14,2026-09-25T09:00:00,77
15,2026-09-25T09:00:00,65
1,2026-09-25T10:00:00,87
2,2026-09-25T10:00:00,85
3,2026-09-25T10:00:00,85
4,2026-09-25T10:00:00,87
5,2026-09-25T10:00:00,66
6,2026-09-25T10:00:00,87
7,2026-09-25T10:00:00,90
8,2026-09-25T10:00:00,78
9,2026-09-25T10:00:00,80
10,2026-09-25T10:00:00,78
11,2026-09-25T10:00:00,89
12,2026-09-25T10:00:00,86
13,2026-09-25T10:00:00,79
14,2026-09-25T10:00:00,78
15,2026-09-25T10:00:00,67
1,2026-09-25T11:00:00,65
2,2026-09-25T11:00:00,63
3,2026-09-25T11:00:00,59
4,2026-09-25T11:00:00,67
5,2026-09-25T11:00:00,49
6,2026-09-25T11:00:00,75
7,2026-09-25T11:00:00,69
8,2026-09-25T11:00:00,58
9,2026-09-25T11:00:00,60
10,2026-09-25T11:00:00,51
11,2026-09-25T11:00:00,70
12,2026-09-25T11:00:00,66
13,2026-09-25T11:00:00,58
14,2026-09-25T11:00:00,64
15,2026-09-25T11:00:00,40
1,2026-09-25T12:00:00,65
2,2026-09-25T12:00:00,66
3,2026-09-25T12:00:00,61
4,2026-09-25T12:00:00,61
5,2026-09-25T12:00:00,54
6,2026-09-25T12:00:00,67
7,2026-09-25T12:00:00,62
8,2026-09-25T12:00:00,59
9,2026-09-25T12:00:00,62
10,2026-09-25T12:00:00,57
11,2026-09-25T12:00:00,65
12,2026-09-25T12:00:00,64
13,2026-09-25T12:00:00,54
14,2026-09-25T12:00:00,61
15,2026-09-25T12:00:00,49
1,2026-09-25T13:00:00,63
2,2026-09-25T13:00:00,57
3,2026-09-25T13:00:00,61
4,2026-09-25T13:00:00,63
5,2026-09-25T13:00:00,47
6,2026-09-25T13:00:00,63
7,2026-09-25T13:00:00,70
8,2026-09-25T13:00:00,71
9,2026-09-25T13:00:00,59
10,2026-09-25T13:00:00,56
11,2026-09-25T13:00:00,61
12,2026-09-25T13:00:00,67
13,2026-09-25T13:00:00,62
14,2026-09-25T13:00:00,57
15,2026-09-25T13:00:00,52
1,2026-09-25T14:00:00,71
2,2026-09-25T14:00:00,55
3,2026-09-25T14:00:00,57
4,2026-09-25T14:00:00,68
5,2026-09-25T14:00:00,51
6,2026-09-25T14:00:00,59
7,2026-09-25T14:00:00,64
8,2026-09-25T14:00:00,58
9,2026-09-25T14:00:00,47
10,2026-09-25T14:00:00,56
11,2026-09-25T14:00:00,65
12,2026-09-25T14:00:00,61
13,2026-09-25T14:00:00,66
14,2026-09-25T14:00:00,55
15,2026-09-25T14:00:00,56
1,2026-09-25T15:00:00,71
2,2026-09-25T15:00:00,61
3,2026-09-25T15:00:00,60
4,2026-09-25T15:00:00,62
5,2026-09-25T15:00:00,45
6,2026-09-25T15:00:00,69
7,2026-09-25T15:00:00,74
8,2026-09-25T15:00:00,60
9,2026-09-25T15:00:00,67
10,2026-09-25T15:00:00,60
11,2026-09-25T15:00:00,69
12,2026-09-25T15:00:00,67
13,2026-09-25T15:00:00,63
14,2026-09-25T15:00:00,62
15,2026-09-25T15:00:00,45
1,2026-09-25T16:00:00,64
2,2026-09-25T16:00:00,54
3,2026-09-25T16:00:00,59
4,2026-09-25T16:00:00,67
5,2026-09-25T16:00:00,55
6,2026-09-25T16:00:00,66
7,2026-09-25T16:00:00,63
8,2026-09-25T16:00:00,60
9,2026-09-25T16:00:00,61
10,2026-09-25T16:00:00,60
11,2026-09-25T16:00:00,67
12,2026-09-25T16:00:00,63
13,2026-09-25T16:00:00,63
14,2026-09-25T16:00:00,63
15,2026-09-25T16:00:00,48
1,2026-09-25T17:00:00,61
2,2026-09-25T17:00:00,54
3,2026-09-25T17:00:00,57
4,2026-09-25T17:00:00,67
5,2026-09-25T17:00:00,46
6,2026-09-25T17:00:00,61
7,2026-09-25T17:00:00,69
8,2026-09-25T17:00:00,69
9,2026-09-25T17:00:00,61
10,2026-09-25T17:00:00,52
11,2026-09-25T17:00:00,66
12,2026-09-25T17:00:00,73
13,2026-09-25T17:00:00,62
14,2026-09-25T17:00:00,61
15,2026-09-25T17:00:00,43
1,2026-09-25T18:00:00,95
2,2026-09-25T18:00:00,85
3,2026-09-25T18:00:00,95
4,2026-09-25T18:00:00,97
5,2026-09-25T18:00:00,71
6,2026-09-25T18:00:00,98
7,2026-09-25T18:00:00,98
8,2026-09-25T18:00:00,90
9,2026-09-25T18:00:00,82
10,2026-09-25T18:00:00,84
11,2026-09-25T18:00:00,95
12,2026-09-25T18:00:00,91
13,2026-09-25T18:00:00,81
14,2026-09-25T18:00:00,84
15,2026-09-25T18:00:00,73
1,2026-09-25T19:00:00,98
2,2026-09-25T19:00:00,91
3,2026-09-25T19:00:00,91
4,2026-09-25T19:00:00,97
5,2026-09-25T19:00:00,82
6,2026-09-25T19:00:00,92
7,2026-09-25T19:00:00,98
8,2026-09-25T19:00:00,85
9,2026-09-25T19:00:00,89
10,2026-09-25T19:00:00,82
11,2026-09-25T19:00:00,98
12,2026-09-25T19:00:00,98
13,2026-09-25T19:00:00,95
14,2026-09-25T19:00:00,81
15,2026-09-25T19:00:00,64
1,2026-09-25T20:00:00,97
2,2026-09-25T20:00:00,85
3,2026-09-25T20:00:00,90
4,2026-09-25T20:00:00,98
5,2026-09-25T20:00:00,71
6,2026-09-25T20:00:00,98
7,2026-09-25T20:00:00,95
8,2026-09-25T20:00:00,83
9,2026-09-25T20:00:00,80
10,2026-09-25T20:00:00,85
11,2026-09-25T20:00:00,97
12,2026-09-25T20:00:00,92
13,2026-09-25T20:00:00,86
14,2026-09-25T20:00:00,84
15,2026-09-25T20:00:00,74
1,2026-09-25T21:00:00,98
2,2026-09-25T21:00:00,84
3,2026-09-25T21:00:00,93
4,2026-09-25T21:00:00,96
5,2026-09-25T21:00:00,75
6,2026-09-25T21:00:00,97
7,2026-09-25T21:00:00,98
8,2026-09-25T21:00:00,89
9,2026-09-25T21:00:00,90
10,2026-09-25T21:00:00,87
11,2026-09-25T21:00:00,98
12,2026-09-25T21:00:00,98
13,2026-09-25T21:00:00,83
14,2026-09-25T21:00:00,83
15,2026-09-25T21:00:00,71
1,2026-09-25T22:00:00,49
2,2026-09-25T22:00:00,41
3,2026-09-25T22:00:00,42
4,2026-09-25T22:00:00,42
5,2026-09-25T22:00:00,32
6,2026-09-25T22:00:00,48
7,2026-09-25T22:00:00,41
8,2026-09-25T22:00:00,41
9,2026-09-25T22:00:00,35
10,2026-09-25T22:00:00,42
11,2026-09-25T22:00:00,42
12,2026-09-25T22:00:00,41
13,2026-09-25T22:00:00,36
14,2026-09-25T22:00:00,43
15,2026-09-25T22:00:00,39
1,2026-09-25T23:00:00,47
2,2026-09-25T23:00:00,42
3,2026-09-25T23:00:00,42
4,2026-09-25T23:00:00,43
5,2026-09-25T23:00:00,29
6,2026-09-25T23:00:00,47
7,2026-09-25T23:00:00,45
8,2026-09-25T23:00:00,38
9,2026-09-25T23:00:00,44
10,2026-09-25T23:00:00,44
11,2026-09-25T23:00:00,35
12,2026-09-25T23:00:00,42
13,2026-09-25T23:00:00,37
14,2026-09-25T23:00:00,47
15,2026-09-25T23:00:00,34
1,2026-09-26T00:00:00,25
2,2026-09-26T00:00:00,20
3,2026-09-26T00:00:00,18
4,2026-09-26T00:00:00,17
5,2026-09-26T00:00:00,12
6,2026-09-26T00:00:00,21
7,2026-09-26T00:00:00,18
8,2026-09-26T00:00:00,18
9,2026-09-26T00:00:00,21
10,2026-09-26T00:00:00,16
11,2026-09-26T00:00:00,16
12,2026-09-26T00:00:00,17
13,2026-09-26T00:00:00,13
14,2026-09-26T00:00:00,21
15,2026-09-26T00:00:00,12
1,2026-09-26T01:00:00,25
2,2026-09-26T01:00:00,19
3,2026-09-26T01:00:00,9
4,2026-09-26T01:00:00,16
5,2026-09-26T01:00:00,14
6,2026-09-26T01:00:00,26
7,2026-09-26T01:00:00,31
8,2026-09-26T01:00:00,28
9,2026-09-26T01:00:00,15
10,2026-09-26T01:00:00,23
11,2026-09-26T01:00:00,22
12,2026-09-26T01:00:00,21
13,2026-09-26T01:00:00,18
14,2026-09-26T01:00:00,11
15,2026-09-26T01:00:00,16
1,2026-09-26T02:00:00,20
2,2026-09-26T02:00:00,17
3,2026-09-26T02:00:00,20
4,2026-09-26T02:00:00,22
5,2026-09-26T02:00:00,12
6,2026-09-26T02:00:00,22
7,2026-09-26T02:00:00,17
8,2026-09-26T02:00:00,16
9,2026-09-26T02:00:00,23
10,2026-09-26T02:00:00,21
11,2026-09-26T02:00:00,19
12,2026-09-26T02:00:00,15
13,2026-09-26T02:00:00,22
14,2026-09-26T02:00:00,18
15,2026-09-26T02:00:00,13
1,2026-09-26T03:00:00,20
2,2026-09-26T03:00:00,26
3,2026-09-26T03:00:00,21
4,2026-09-26T03:00:00,17
5,2026-09-26T03:00:00,14
6,2026-09-26T03:00:00,23
7,2026-09-26T03:00:00,22
8,2026-09-26T03:00:00,23
9,2026-09-26T03:00:00,12
10,2026-09-26T03:00:00,20
11,2026-09-26T03:00:00,18
12,2026-09-26T03:00:00,21
13,2026-09-26T03:00:00,19
14,2026-09-26T03:00:00,11
15,2026-09-26T03:00:00,20
1,2026-09-26T04:00:00,18
2,2026-09-26T04:00:00,18
3,2026-09-26T04:00:00,15
4,2026-09-26T04:00:00,17
5,2026-09-26T04:00:00,19
6,2026-09-26T04:00:00,17
7,2026-09-26T04:00:00,19
8,2026-09-26T04:00:00,27
9,2026-09-26T04:00:00,17
10,2026-09-26T04:00:00,21
11,2026-09-26T04:00:00,24
12,2026-09-26T04:00:00,19
13,2026-09-26T04:00:00,20
14,2026-09-26T04:00:00,20
15,2026-09-26T04:00:00,11
1,2026-09-26T05:00:00,21
2,2026-09-26T05:00:00,14
3,2026-09-26T05:00:00,19
4,2026-09-26T05:00:00,22
5,2026-09-26T05:00:00,19
6,2026-09-26T05:00:00,19
7,2026-09-26T05:00:00,24
8,2026-09-26T05:00:00,24
9,2026-09-26T05:00:00,8
10,2026-09-26T05:00:00,27
11,2026-09-26T05:00:00,17
12,2026-09-26T05:00:00,13
13,2026-09-26T05:00:00,12
14,2026-09-26T05:00:00,17
15,2026-09-26T05:00:00,14
1,2026-09-26T06:00:00,41
2,2026-09-26T06:00:00,46
3,2026-09-26T06:00:00,45
4,2026-09-26T06:00:00,47
5,2026-09-26T06:00:00,36
6,2026-09-26T06:00:00,40
7,2026-09-26T06:00:00,42
8,2026-09-26T06:00:00,40
9,2026-09-26T06:00:00,41
10,2026-09-26T06:00:00,42
11,2026-09-26T06:00:00,42
12,2026-09-26T06:00:00,47
13,2026-09-26T06:00:00,39
14,2026-09-26T06:00:00,43
15,2026-09-26T06:00:00,35
1,2026-09-26T07:00:00,41
2,2026-09-26T07:00:00,34
3,2026-09-26T07:00:00,40
4,2026-09-26T07:00:00,45
5,2026-09-26T07:00:00,32
6,2026-09-26T07:00:00,46
7,2026-09-26T07:00:00,46
8,2026-09-26T07:00:00,39
9,2026-09-26T07:00:00,42
10,2026-09-26T07:00:00,36
11,2026-09-26T07:00:00,43
12,2026-09-26T07:00:00,46
13,2026-09-26T07:00:00,37
14,2026-09-26T07:00:00,45
15,2026-09-26T07:00:00,32
1,2026-09-26T08:00:00,88
2,2026-09-26T08:00:00,76
3,2026-09-26T08:00:00,82
4,2026-09-26T08:00:00,87
5,2026-09-26T08:00:00,65
6,2026-09-26T08:00:00,90
7,2026-09-26T08:00:00,95
8,2026-09-26T08:00:00,80
9,2026-09-26T08:00:00,86
10,2026-09-26T08:00:00,76
11,2026-09-26T08:00:00,96
12,2026-09-26T08:00:00,91
13,2026-09-26T08:00:00,81
14,2026-09-26T08:00:00,85
15,2026-09-26T08:00:00,60
1,2026-09-26T09:00:00,89
2,2026-09-26T09:00:00,84
3,2026-09-26T09:00:00,82
4,2026-09-26T09:00:00,94
5,2026-09-26T09:00:00,70
6,2026-09-26T09:00:00,96
7,2026-09-26T09:00:00,98
8,2026-09-26T09:00:00,82
9,2026-09-26T09:00:00,83
10,2026-09-26T09:00:00,79
11,2026-09-26T09:00:00,87
12,2026-09-26T09:00:00,96
13,2026-09-26T09:00:00,80
14,2026-09-26T09:00:00,78
15,2026-09-26T09:00:00,67
1,2026-09-26T10:00:00,86
2,2026-09-26T10:00:00,82
3,2026-09-26T10:00:00,87
4,2026-09-26T10:00:00,92
5,2026-09-26T10:00:00,65
6,2026-09-26T10:00:00,95
7,2026-09-26T10:00:00,88
8,2026-09-26T10:00:00,83
9,2026-09-26T10:00:00,78
10,2026-09-26T10:00:00,78
11,2026-09-26T10:00:00,86
12,2026-09-26T10:00:00,95
13,2026-09-26T10:00:00,78
14,2026-09-26T10:00:00,79
15,2026-09-26T10:00:00,65
1,2026-09-26T11:00:00,63
2,2026-09-26T11:00:00,62
3,2026-09-26T11:00:00,59
4,2026-09-26T11:00:00,71
5,2026-09-26T11:00:00,50
6,2026-09-26T11:00:00,58
7,2026-09-26T11:00:00,65
8,2026-09-26T11:00:00,59
9,2026-09-26T11:00:00,55
10,2026-09-26T11:00:00,55
11,2026-09-26T11:00:00,63
12,2026-09-26T11:00:00,59
13,2026-09-26T11:00:00,58
14,2026-09-26T11:00:00,63
15,2026-09-26T11:00:00,41
1,2026-09-26T12:00:00,60
2,2026-09-26T12:00:00,53
3,2026-09-26T12:00:00,64
4,2026-09-26T12:00:00,64
5,2026-09-26T12:00:00,54
6,2026-09-26T12:00:00,64
7,2026-09-26T12:00:00,69
8,2026-09-26T12:00:00,64
9,2026-09-26T12:00:00,62
10,2026-09-26T12:00:00,56
11,2026-09-26T12:00:00,65
12,2026-09-26T12:00:00,64
13,2026-09-26T12:00:00,54
14,2026-09-26T12:00:00,71
15,2026-09-26T12:00:00,46
1,2026-09-26T13:00:00,64
2,2026-09-26T13:00:00,59
3,2026-09-26T13:00:00,61
4,2026-09-26T13:00:00,73
5,2026-09-26T13:00:00,53
6,2026-09-26T13:00:00,64
7,2026-09-26T13:00:00,65
8,2026-09-26T13:00:00,64
9,2026-09-26T13:00:00,61
10,2026-09-26T13:00:00,58
11,2026-09-26T13:00:00,67
12,2026-09-26T13:00:00,67
13,2026-09-26T13:00:00,62
14,2026-09-26T13:00:00,56
15,2026-09-26T13:00:00,49
1,2026-09-26T14:00:00,66
2,2026-09-26T14:00:00,61
3,2026-09-26T14:00:00,61
4,2026-09-26T14:00:00,67
5,2026-09-26T14:00:00,46
6,2026-09-26T14:00:00,66
7,2026-09-26T14:00:00,69
8,2026-09-26T14:00:00,57
9,2026-09-26T14:00:00,61
10,2026-09-26T14:00:00,55
11,2026-09-26T14:00:00,61
12,2026-09-26T14:00:00,65
13,2026-09-26T14:00:00,52
14,2026-09-26T14:00:00,58
15,2026-09-26T14:00:00,49
1,2026-09-26T15:00:00,62
2,2026-09-26T15:00:00,66
3,2026-09-26T15:00:00,58
4,2026-09-26T15:00:00,66
5,2026-09-26T15:00:00,54
6,2026-09-26T15:00:00,70
7,2026-09-26T15:00:00,69
8,2026-09-26T15:00:00,59
9,2026-09-26T15:00:00,57
10,2026-09-26T15:00:00,51
11,2026-09-26T15:00:00,63
12,2026-09-26T15:00:00,62
13,2026-09-26T15:00:00,62
14,2026-09-26T15:00:00,54
15,2026-09-26T15:00:00,52
1,2026-09-26T16:00:00,63
2,2026-09-26T16:00:00,63
3,2026-09-26T16:00:00,61
4,2026-09-26T16:00:00,68
5,2026-09-26T16:00:00,45
6,2026-09-26T16:00:00,65
7,2026-09-26T16:00:00,67
8,2026-09-26T16:00:00,66
9,2026-09-26T16:00:00,58
10,2026-09-26T16:00:00,61
11,2026-09-26T16:00:00,61
12,2026-09-26T16:00:00,62
13,2026-09-26T16:00:00,61
14,2026-09-26T16:00:00,65
15,2026-09-26T16:00:00,46
1,2026-09-26T17:00:00,66
2,2026-09-26T17:00:00,58
3,2026-09-26T17:00:00,60
4,2026-09-26T17:00:00,71
5,2026-09-26T17:00:00,54
6,2026-09-26T17:00:00,61
7,2026-09-26T17:00:00,65
8,2026-09-26T17:00:00,57
9,2026-09-26T17:00:00,52
10,2026-09-26T17:00:00,58
11,2026-09-26T17:00:00,65
12,2026-09-26T17:00:00,61
13,2026-09-26T17:00:00,54
14,2026-09-26T17:00:00,52
15,2026-09-26T17:00:00,51
1,2026-09-26T18:00:00,98
2,2026-09-26T18:00:00,87
3,2026-09-26T18:00:00,93
4,2026-09-26T18:00:00,97
5,2026-09-26T18:00:00,76
6,2026-09-26T18:00:00,98
7,2026-09-26T18:00:00,96
8,2026-09-26T18:00:00,88
9,2026-09-26T18:00:00,79
10,2026-09-26T18:00:00,89
11,2026-09-26T18:00:00,93
12,2026-09-26T18:00:00,95
13,2026-09-26T18:00:00,87
14,2026-09-26T18:00:00,79
15,2026-09-26T18:00:00,66
1,2026-09-26T19:00:00,94
2,2026-09-26T19:00:00,92
3,2026-09-26T19:00:00,87
4,2026-09-26T19:00:00,91
5,2026-09-26T19:00:00,68
6,2026-09-26T19:00:00,96
7,2026-09-26T19:00:00,98
8,2026-09-26T19:00:00,87
9,2026-09-26T19:00:00,93
10,2026-09-26T19:00:00,79
11,2026-09-26T19:00:00,90
12,2026-09-26T19:00:00,91
13,2026-09-26T19:00:00,88
14,2026-09-26T19:00:00,81
15,2026-09-26T19:00:00,70
1,2026-09-26T20:00:00,97
2,2026-09-26T20:00:00,93
3,2026-09-26T20:00:00,92
4,2026-09-26T20:00:00,94
5,2026-09-26T20:00:00,74
6,2026-09-26T20:00:00,93
7,2026-09-26T20:00:00,95
8,2026-09-26T20:00:00,95
9,2026-09-26T20:00:00,88
10,2026-09-26T20:00:00,80
11,2026-09-26T20:00:00,98
12,2026-09-26T20:00:00,98
13,2026-09-26T20:00:00,93
14,2026-09-26T20:00:00,80
15,2026-09-26T20:00:00,65
1,2026-09-26T21:00:00,94
2,2026-09-26T21:00:00,79
3,2026-09-26T21:00:00,92
4,2026-09-26T21:00:00,92
5,2026-09-26T21:00:00,75
6,2026-09-26T21:00:00,93
7,2026-09-26T21:00:00,98
8,2026-09-26T21:00:00,87
9,2026-09-26T21:00:00,87
10,2026-09-26T21:00:00,85
11,2026-09-26T21:00:00,89
12,2026-09-26T21:00:00,91
13,2026-09-26T21:00:00,88
14,2026-09-26T21:00:00,82
15,2026-09-26T21:00:00,66
1,2026-09-26T22:00:00,44
2,2026-09-26T22:00:00,41
3,2026-09-26T22:00:00,45
4,2026-09-26T22:00:00,48
5,2026-09-26T22:00:00,35
6,2026-09-26T22:00:00,48
7,2026-09-26T22:00:00,43
8,2026-09-26T22:00:00,39
9,2026-09-26T22:00:00,30
10,2026-09-26T22:00:00,42
11,2026-09-26T22:00:00,48
12,2026-09-26T22:00:00,48
13,2026-09-26T22:00:00,44
14,2026-09-26T22:00:00,42
15,2026-09-26T22:00:00,36
1,2026-09-26T23:00:00,46
2,2026-09-26T23:00:00,38
3,2026-09-26T23:00:00,41
4,2026-09-26T23:00:00,40
5,2026-09-26T23:00:00,31
6,2026-09-26T23:00:00,46
7,2026-09-26T23:00:00,45
8,2026-09-26T23:00:00,45
9,2026-09-26T23:00:00,41
10,2026-09-26T23:00:00,39
11,2026-09-26T23:00:00,50
12,2026-09-26T23:00:00,33
13,2026-09-26T23:00:00,44
14,2026-09-26T23:00:00,36
15,2026-09-26T23:00:00,30
1,2026-09-27T00:00:00,17
2,2026-09-27T00:00:00,17
3,2026-09-27T00:00:00,18
4,2026-09-27T00:00:00,19
5,2026-09-27T00:00:00,10
6,2026-09-27T00:00:00,22
7,2026-09-27T00:00:00,18
8,2026-09-27T00:00:00,29
9,2026-09-27T00:00:00,21
10,2026-09-27T00:00:00,13
11,2026-09-27T00:00:00,21
12,2026-09-27T00:00:00,18
13,2026-09-27T00:00:00,24
14,2026-09-27T00:00:00,18
15,2026-09-27T00:00:00,10
1,2026-09-27T01:00:00,17
2,2026-09-27T01:00:00,20
3,2026-09-27T01:00:00,15
4,2026-09-27T01:00:00,19
5,2026-09-27T01:00:00,10
6,2026-09-27T01:00:00,20
7,2026-09-27T01:00:00,20
8,2026-09-27T01:00:00,18
9,2026-09-27T01:00:00,15
10,2026-09-27T01:00:00,22
11,2026-09-27T01:00:00,20
12,2026-09-27T01:00:00,19
13,2026-09-27T01:00:00,18
14,2026-09-27T01:00:00,15
15,2026-09-27T01:00:00,11
1,2026-09-27T02:00:00,15
2,2026-09-27T02:00:00,20
3,2026-09-27T02:00:00,26
4,2026-09-27T02:00:00,26
5,2026-09-27T02:00:00,14
6,2026-09-27T02:00:00,21
7,2026-09-27T02:00:00,24
8,2026-09-27T02:00:00,19
9,2026-09-27T02:00:00,20
10,2026-09-27T02:00:00,28
11,2026-09-27T02:00:00,13
12,2026-09-27T02:00:00,15
13,2026-09-27T02:00:00,12
14,2026-09-27T02:00:00,14
15,2026-09-27T02:00:00,13
1,2026-09-27T03:00:00,18
2,2026-09-27T03:00:00,25
3,2026-09-27T03:00:00,17
4,2026-09-27T03:00:00,17
5,2026-09-27T03:00:00,13
6,2026-09-27T03:00:00,22
7,2026-09-27T03:00:00,25
8,2026-09-27T03:00:00,18
9,2026-09-27T03:00:00,12
10,2026-09-27T03:00:00,14
11,2026-09-27T03:00:00,15
12,2026-09-27T03:00:00,20
13,2026-09-27T03:00:00,8
14,2026-09-27T03:00:00,12
15,2026-09-27T03:00:00,16
1,2026-09-27T04:00:00,21
2,2026-09-27T04:00:00,15
3,2026-09-27T04:00:00,17
4,2026-09-27T04:00:00,12
5,2026-09-27T04:00:00,12
6,2026-09-27T04:00:00,22
7,2026-09-27T04:00:00,24
8,2026-09-27T04:00:00,16
9,2026-09-27T04:00:00,10
10,2026-09-27T04:00:00,14
11,2026-09-27T04:00:00,18
12,2026-09-27T04:00:00,26
13,2026-09-27T04:00:00,24
14,2026-09-27T04:00:00,23
15,2026-09-27T04:00:00,18
1,2026-09-27T05:00:00,21
2,2026-09-27T05:00:00,13
3,2026-09-27T05:00:00,20
4,2026-09-27T05:00:00,21
5,2026-09-27T05:00:00,15
6,2026-09-27T05:00:00,24
7,2026-09-27T05:00:00,18
8,2026-09-27T05:00:00,14
9,2026-09-27T05:00:00,20
10,2026-09-27T05:00:00,21
11,2026-09-27T05:00:00,23
12,2026-09-27T05:00:00,15
13,2026-09-27T05:00:00,12
14,2026-09-27T05:00:00,14
15,2026-09-27T05:00:00,7
1,2026-09-27T06:00:00,41
2,2026-09-27T06:00:00,41
3,2026-09-27T06:00:00,42
4,2026-09-27T06:00:00,54
5,2026-09-27T06:00:00,32
6,2026-09-27T06:00:00,44
7,2026-09-27T06:00:00,40
8,2026-09-27T06:00:00,46
9,2026-09-27T06:00:00,37
10,2026-09-27T06:00:00,39
11,2026-09-27T06:00:00,42
12,2026-09-27T06:00:00,48
13,2026-09-27T06:00:00,36
14,2026-09-27T06:00:00,47
15,2026-09-27T06:00:00,27
1,2026-09-27T07:00:00,45
2,2026-09-27T07:00:00,42
3,2026-09-27T07:00:00,40
4,2026-09-27T07:00:00,54
5,2026-09-27T07:00:00,36
6,2026-09-27T07:00:00,46
7,2026-09-27T07:00:00,46
8,2026-09-27T07:00:00,42
9,2026-09-27T07:00:00,42
10,2026-09-27T07:00:00,39
11,2026-09-27T07:00:00,44
12,2026-09-27T07:00:00,47
13,2026-09-27T07:00:00,46
14,2026-09-27T07:00:00,40
15,2026-09-27T07:00:00,28
1,2026-09-27T08:00:00,91
2,2026-09-27T08:00:00,83
3,2026-09-27T08:00:00,84
4,2026-09-27T08:00:00,89
5,2026-09-27T08:00:00,70
6,2026-09-27T08:00:00,89
7,2026-09-27T08:00:00,93
8,2026-09-27T08:00:00,83
9,2026-09-27T08:00:00,82
10,2026-09-27T08:00:00,74
11,2026-09-27T08:00:00,87
12,2026-09-27T08:00:00,95
13,2026-09-27T08:00:00,81
14,2026-09-27T08:00:00,83
15,2026-09-27T08:00:00,69
1,2026-09-27T09:00:00,93
2,2026-09-27T09:00:00,92
3,2026-09-27T09:00:00,80
4,2026-09-27T09:00:00,92
5,2026-09-27T09:00:00,62
6,2026-09-27T09:00:00,85
7,2026-09-27T09:00:00,94
8,2026-09-27T09:00:00,86
9,2026-09-27T09:00:00,86
10,2026-09-27T09:00:00,71
11,2026-09-27T09:00:00,85
12,2026-09-27T09:00:00,89
13,2026-09-27T09:00:00,90
14,2026-09-27T09:00:00,83
15,2026-09-27T09:00:00,59
1,2026-09-27T10:00:00,95
2,2026-09-27T10:00:00,86
3,2026-09-27T10:00:00,81
4,2026-09-27T10:00:00,84
5,2026-09-27T10:00:00,67
6,2026-09-27T10:00:00,93
7,2026-09-27T10:00:00,94
8,2026-09-27T10:00:00,93
9,2026-09-27T10:00:00,76
10,2026-09-27T10:00:00,76
11,2026-09-27T10:00:00,88
12,2026-09-27T10:00:00,88
13,2026-09-27T10:00:00,81
14,2026-09-27T10:00:00,71
15,2026-09-27T10:00:00,67
1,2026-09-27T11:00:00,64
2,2026-09-27T11:00:00,63
3,2026-09-27T11:00:00,59
4,2026-09-27T11:00:00,69
5,2026-09-27T11:00:00,45
6,2026-09-27T11:00:00,75
7,2026-09-27T11:00:00,66
8,2026-09-27T11:00:00,60
9,2026-09-27T11:00:00,62
10,2026-09-27T11:00:00,57
11,2026-09-27T11:00:00,52
12,2026-09-27T11:00:00,62
13,2026-09-27T11:00:00,59
14,2026-09-27T11:00:00,66
15,2026-09-27T11:00:00,51
1,2026-09-27T12:00:00,65
2,2026-09-27T12:00:00,57
3,2026-09-27T12:00:00,61
4,2026-09-27T12:00:00,69
5,2026-09-27T12:00:00,40
6,2026-09-27T12:00:00,74
7,2026-09-27T12:00:00,69
8,2026-09-27T12:00:00,59
9,2026-09-27T12:00:00,60
10,2026-09-27T12:00:00,54
11,2026-09-27T12:00:00,61
12,2026-09-27T12:00:00,69
13,2026-09-27T12:00:00,58
14,2026-09-27T12:00:00,59
15,2026-09-27T12:00:00,47
1,2026-09-27T13:00:00,64
2,2026-09-27T13:00:00,60
3,2026-09-27T13:00:00,56
4,2026-09-27T13:00:00,62
5,2026-09-27T13:00:00,46
6,2026-09-27T13:00:00,63
7,2026-09-27T13:00:00,68
8,2026-09-27T13:00:00,60
9,2026-09-27T13:00:00,57
10,2026-09-27T13:00:00,54
11,2026-09-27T13:00:00,60
12,2026-09-27T13:00:00,68
13,2026-09-27T13:00:00,59
14,2026-09-27T13:00:00,57
15,2026-09-27T13:00:00,53
1,2026-09-27T14:00:00,69
2,2026-09-27T14:00:00,63
3,2026-09-27T14:00:00,66
4,2026-09-27T14:00:00,63
5,2026-09-27T14:00:00,50
6,2026-09-27T14:00:00,61
7,2026-09-27T14:00:00,59
8,2026-09-27T14:00:00,61
9,2026-09-27T14:00:00,63
10,2026-09-27T14:00:00,61
11,2026-09-27T14:00:00,71
12,2026-09-27T14:00:00,66
13,2026-09-27T14:00:00,56
14,2026-09-27T14:00:00,58
15,2026-09-27T14:00:00,54
1,2026-09-27T15:00:00,62
2,2026-09-27T15:00:00,57
3,2026-09-27T15:00:00,59
4,2026-09-27T15:00:00,71
5,2026-09-27T15:00:00,51
6,2026-09-27T15:00:00,60
7,2026-09-27T15:00:00,71
8,2026-09-27T15:00:00,57
9,2026-09-27T15:00:00,64
10,2026-09-27T15:00:00,59
11,2026-09-27T15:00:00,61
12,2026-09-27T15:00:00,63
13,2026-09-27T15:00:00,61
14,2026-09-27T15:00:00,60
15,2026-09-27T15:00:00,52
1,2026-09-27T16:00:00,59
2,2026-09-27T16:00:00,58
3,2026-09-27T16:00:00,55
4,2026-09-27T16:00:00,66
5,2026-09-27T16:00:00,57
6,2026-09-27T16:00:00,64
7,2026-09-27T16:00:00,72
8,2026-09-27T16:00:00,57
9,2026-09-27T16:00:00,59
10,2026-09-27T16:00:00,56
11,2026-09-27T16:00:00,60
12,2026-09-27T16:00:00,62
13,2026-09-27T16:00:00,61
14,2026-09-27T16:00:00,51
15,2026-09-27T16:00:00,55
1,2026-09-27T17:00:00,65
2,2026-09-27T17:00:00,57
3,2026-09-27T17:00:00,57
4,2026-09-27T17:00:00,69
5,2026-09-27T17:00:00,46
6,2026-09-27T17:00:00,62
7,2026-09-27T17:00:00,68
8,2026-09-27T17:00:00,57
9,2026-09-27T17:00:00,59
10,2026-09-27T17:00:00,53
11,2026-09-27T17:00:00,62
12,2026-09-27T17:00:00,66
13,2026-09-27T17:00:00,60
14,2026-09-27T17:00:00,61
15,2026-09-27T17:00:00,47
1,2026-09-27T18:00:00,98
2,2026-09-27T18:00:00,86
3,2026-09-27T18:00:00,87
4,2026-09-27T18:00:00,98
5,2026-09-27T18:00:00,70
6,2026-09-27T18:00:00,98
7,2026-09-27T18:00:00,98
8,2026-09-27T18:00:00,89
9,2026-09-27T18:00:00,86
10,2026-09-27T18:00:00,81
11,2026-09-27T18:00:00,97
12,2026-09-27T18:00:00,93
13,2026-09-27T18:00:00,87
14,2026-09-27T18:00:00,80
15,2026-09-27T18:00:00,69
1,2026-09-27T19:00:00,94
2,2026-09-27T19:00:00,79
3,2026-09-27T19:00:00,84
4,2026-09-27T19:00:00,97
5,2026-09-27T19:00:00,73
6,2026-09-27T19:00:00,94
7,2026-09-27T19:00:00,98
8,2026-09-27T19:00:00,92
9,2026-09-27T19:00:00,81
10,2026-09-27T19:00:00,82
11,2026-09-27T19:00:00,98
12,2026-09-27T19:00:00,98
13,2026-09-27T19:00:00,94
14,2026-09-27T19:00:00,84
15,2026-09-27T19:00:00,70
1,2026-09-27T20:00:00,92
2,2026-09-27T20:00:00,90
3,2026-09-27T20:00:00,91
4,2026-09-27T20:00:00,89
5,2026-09-27T20:00:00,77
6,2026-09-27T20:00:00,98
7,2026-09-27T20:00:00,96
8,2026-09-27T20:00:00,85
9,2026-09-27T20:00:00,85
10,2026-09-27T20:00:00,82
11,2026-09-27T20:00:00,95
12,2026-09-27T20:00:00,94
13,2026-09-27T20:00:00,87
14,2026-09-27T20:00:00,81
15,2026-09-27T20:00:00,69
1,2026-09-27T21:00:00,96
2,2026-09-27T21:00:00,88
3,2026-09-27T21:00:00,86
4,2026-09-27T21:00:00,98
5,2026-09-27T21:00:00,72
6,2026-09-27T21:00:00,98
7,2026-09-27T21:00:00,96
8,2026-09-27T21:00:00,88
9,2026-09-27T21:00:00,78
10,2026-09-27T21:00:00,85
11,2026-09-27T21:00:00,96
12,2026-09-27T21:00:00,98
13,2026-09-27T21:00:00,92
14,2026-09-27T21:00:00,80
15,2026-09-27T21:00:00,71
1,2026-09-27T22:00:00,45
2,2026-09-27T22:00:00,37
3,2026-09-27T22:00:00,46
4,2026-09-27T22:00:00,48
5,2026-09-27T22:00:00,39
6,2026-09-27T22:00:00,39
7,2026-09-27T22:00:00,49
8,2026-09-27T22:00:00,45
9,2026-09-27T22:00:00,45
10,2026-09-27T22:00:00,34
11,2026-09-27T22:00:00,36
12,2026-09-27T22:00:00,48
13,2026-09-27T22:00:00,42
14,2026-09-27T22:00:00,42
15,2026-09-27T22:00:00,34
1,2026-09-27T23:00:00,45
2,2026-09-27T23:00:00,45
3,2026-09-27T23:00:00,41
4,2026-09-27T23:00:00,44
5,2026-09-27T23:00:00,33
6,2026-09-27T23:00:00,41
7,2026-09-27T23:00:00,49
8,2026-09-27T23:00:00,41
9,2026-09-27T23:00:00,42
10,2026-09-27T23:00:00,43
11,2026-09-27T23:00:00,45
12,2026-09-27T23:00:00,44
13,2026-09-27T23:00:00,38
14,2026-09-27T23:00:00,33
15,2026-09-27T23:00:00,38
1,2026-09-28T00:00:00,22
2,2026-09-28T00:00:00,14
3,2026-09-28T00:00:00,17
4,2026-09-28T00:00:00,27
5,2026-09-28T00:00:00,21
6,2026-09-28T00:00:00,21
7,2026-09-28T00:00:00,23
8,2026-09-28T00:00:00,19
9,2026-09-28T00:00:00,21
10,2026-09-28T00:00:00,11
11,2026-09-28T00:00:00,18
12,2026-09-28T00:00:00,22
13,2026-09-28T00:00:00,20
14,2026-09-28T00:00:00,16
15,2026-09-28T00:00:00,15
1,2026-09-28T01:00:00,17
2,2026-09-28T01:00:00,21
3,2026-09-28T01:00:00,19
4,2026-09-28T01:00:00,10
5,2026-09-28T01:00:00,20
6,2026-09-28T01:00:00,18
7,2026-09-28T01:00:00,29
8,2026-09-28T01:00:00,25
9,2026-09-28T01:00:00,14
10,2026-09-28T01:00:00,14
11,2026-09-28T01:00:00,16
12,2026-09-28T01:00:00,15
13,2026-09-28T01:00:00,17
14,2026-09-28T01:00:00,10
15,2026-09-28T01:00:00,12
1,2026-09-28T02:00:00,29
2,2026-09-28T02:00:00,21
3,2026-09-28T02:00:00,18
4,2026-09-28T02:00:00,20
5,2026-09-28T02:00:00,11
6,2026-09-28T02:00:00,25
7,2026-09-28T02:00:00,20
8,2026-09-28T02:00:00,18
9,2026-09-28T02:00:00,29
10,2026-09-28T02:00:00,22
11,2026-09-28T02:00:00,18
12,2026-09-28T02:00:00,12
13,2026-09-28T02:00:00,16
14,2026-09-28T02:00:00,19
15,2026-09-28T02:00:00,16
1,2026-09-28T03:00:00,24
2,2026-09-28T03:00:00,24
3,2026-09-28T03:00:00,20
4,2026-09-28T03:00:00,18
5,2026-09-28T03:00:00,8
6,2026-09-28T03:00:00,25
7,2026-09-28T03:00:00,19
8,2026-09-28T03:00:00,17
9,2026-09-28T03:00:00,16
10,2026-09-28T03:00:00,20
11,2026-09-28T03:00:00,24
12,2026-09-28T03:00:00,19
13,2026-09-28T03:00:00,17
14,2026-09-28T03:00:00,11
15,2026-09-28T03:00:00,12
1,2026-09-28T04:00:00,21
2,2026-09-28T04:00:00,22
3,2026-09-28T04:00:00,25
4,2026-09-28T04:00:00,21
5,2026-09-28T04:00:00,16
6,2026-09-28T04:00:00,23
7,2026-09-28T04:00:00,19
8,2026-09-28T04:00:00,19
9,2026-09-28T04:00:00,17
10,2026-09-28T04:00:00,17
11,2026-09-28T04:00:00,21
12,2026-09-28T04:00:00,17
13,2026-09-28T04:00:00,13
14,2026-09-28T04:00:00,19
15,2026-09-28T04:00:00,15
1,2026-09-28T05:00:00,22
2,2026-09-28T05:00:00,22
3,2026-09-28T05:00:00,24
4,2026-09-28T05:00:00,23
5,2026-09-28T05:00:00,18
6,2026-09-28T05:00:00,26
7,2026-09-28T05:00:00,22
8,2026-09-28T05:00:00,21
9,2026-09-28T05:00:00,16
10,2026-09-28T05:00:00,16
11,2026-09-28T05:00:00,23
12,2026-09-28T05:00:00,21
13,2026-09-28T05:00:00,17
14,2026-09-28T05:00:00,21
15,2026-09-28T05:00:00,20
1,2026-09-28T06:00:00,51
2,2026-09-28T06:00:00,43
3,2026-09-28T06:00:00,38
4,2026-09-28T06:00:00,43
5,2026-09-28T06:00:00,40
6,2026-09-28T06:00:00,39
7,2026-09-28T06:00:00,48
8,2026-09-28T06:00:00,38
9,2026-09-28T06:00:00,44
10,2026-09-28T06:00:00,42
11,2026-09-28T06:00:00,37
12,2026-09-28T06:00:00,35
13,2026-09-28T06:00:00,41
14,2026-09-28T06:00:00,45
15,2026-09-28T06:00:00,33
1,2026-09-28T07:00:00,50
2,2026-09-28T07:00:00,36
3,2026-09-28T07:00:00,42
4,2026-09-28T07:00:00,45
5,2026-09-28T07:00:00,41
6,2026-09-28T07:00:00,51
7,2026-09-28T07:00:00,43
8,2026-09-28T07:00:00,41
9,2026-09-28T07:00:00,40
10,2026-09-28T07:00:00,46
11,2026-09-28T07:00:00,50
12,2026-09-28T07:00:00,48
13,2026-09-28T07:00:00,38
14,2026-09-28T07:00:00,40
15,2026-09-28T07:00:00,34
1,2026-09-28T08:00:00,85
2,2026-09-28T08:00:00,74
3,2026-09-28T08:00:00,82
4,2026-09-28T08:00:00,93
5,2026-09-28T08:00:00,70
6,2026-09-28T08:00:00,89
7,2026-09-28T08:00:00,98
8,2026-09-28T08:00:00,86
9,2026-09-28T08:00:00,80
10,2026-09-28T08:00:00,82
11,2026-09-28T08:00:00,91
12,2026-09-28T08:00:00,94
13,2026-09-28T08:00:00,79
14,2026-09-28T08:00:00,67
15,2026-09-28T08:00:00,64
1,2026-09-28T09:00:00,91
2,2026-09-28T09:00:00,97
3,2026-09-28T09:00:00,86
4,2026-09-28T09:00:00,89
5,2026-09-28T09:00:00,66
6,2026-09-28T09:00:00,86
7,2026-09-28T09:00:00,92
8,2026-09-28T09:00:00,84
9,2026-09-28T09:00:00,77
10,2026-09-28T09:00:00,79
11,2026-09-28T09:00:00,88
12,2026-09-28T09:00:00,90
13,2026-09-28T09:00:00,90
14,2026-09-28T09:00:00,76
15,2026-09-28T09:00:00,66
1,2026-09-28T10:00:00,91
2,2026-09-28T10:00:00,84
3,2026-09-28T10:00:00,83
4,2026-09-28T10:00:00,95
5,2026-09-28T10:00:00,67
6,2026-09-28T10:00:00,95
7,2026-09-28T10:00:00,88
8,2026-09-28T10:00:00,79
9,2026-09-28T10:00:00,83
10,2026-09-28T10:00:00,84
11,2026-09-28T10:00:00,80
12,2026-09-28T10:00:00,89
13,2026-09-28T10:00:00,84
14,2026-09-28T10:00:00,70
15,2026-09-28T10:00:00,56
1,2026-09-28T11:00:00,71
2,2026-09-28T11:00:00,56
3,2026-09-28T11:00:00,60
4,2026-09-28T11:00:00,69
5,2026-09-28T11:00:00,46
6,2026-09-28T11:00:00,59
7,2026-09-28T11:00:00,61
8,2026-09-28T11:00:00,62
9,2026-09-28T11:00:00,54
10,2026-09-28T11:00:00,49
11,2026-09-28T11:00:00,68
12,2026-09-28T11:00:00,62
13,2026-09-28T11:00:00,63
14,2026-09-28T11:00:00,54
15,2026-09-28T11:00:00,46
1,2026-09-28T12:00:00,65
2,2026-09-28T12:00:00,59
3,2026-09-28T12:00:00,61
4,2026-09-28T12:00:00,64
5,2026-09-28T12:00:00,42
6,2026-09-28T12:00:00,73
7,2026-09-28T12:00:00,60
8,2026-09-28T12:00:00,65
9,2026-09-28T12:00:00,55
10,2026-09-28T12:00:00,51
11,2026-09-28T12:00:00,74
12,2026-09-28T12:00:00,67
13,2026-09-28T12:00:00,54
14,2026-09-28T12:00:00,49
15,2026-09-28T12:00:00,42
1,2026-09-28T13:00:00,62
2,2026-09-28T13:00:00,55
3,2026-09-28T13:00:00,59
4,2026-09-28T13:00:00,72
5,2026-09-28T13:00:00,47
6,2026-09-28T13:00:00,63
7,2026-09-28T13:00:00,68
8,2026-09-28T13:00:00,62
9,2026-09-28T13:00:00,56
10,2026-09-28T13:00:00,59
11,2026-09-28T13:00:00,67
12,2026-09-28T13:00:00,70
13,2026-09-28T13:00:00,58
14,2026-09-28T13:00:00,50
15,2026-09-28T13:00:00,44
1,2026-09-28T14:00:00,66
2,2026-09-28T14:00:00,51
3,2026-09-28T14:00:00,58
4,2026-09-28T14:00:00,74
5,2026-09-28T14:00:00,54
6,2026-09-28T14:00:00,69
7,2026-09-28T14:00:00,72
8,2026-09-28T14:00:00,57
9,2026-09-28T14:00:00,59
10,2026-09-28T14:00:00,54
11,2026-09-28T14:00:00,61
12,2026-09-28T14:00:00,66
13,2026-09-28T14:00:00,56
14,2026-09-28T14:00:00,54
15,2026-09-28T14:00:00,50
1,2026-09-28T15:00:00,68
2,2026-09-28T15:00:00,61
3,2026-09-28T15:00:00,54
4,2026-09-28T15:00:00,69
5,2026-09-28T15:00:00,49
6,2026-09-28T15:00:00,68
7,2026-09-28T15:00:00,67
8,2026-09-28T15:00:00,56
9,2026-09-28T15:00:00,56
10,2026-09-28T15:00:00,60
11,2026-09-28T15:00:00,64
12,2026-09-28T15:00:00,66
13,2026-09-28T15:00:00,54
14,2026-09-28T15:00:00,60
15,2026-09-28T15:00:00,50
1,2026-09-28T16:00:00,58
2,2026-09-28T16:00:00,60
3,2026-09-28T16:00:00,60
4,2026-09-28T16:00:00,63
5,2026-09-28T16:00:00,43
6,2026-09-28T16:00:00,72
7,2026-09-28T16:00:00,66
8,2026-09-28T16:00:00,62
9,2026-09-28T16:00:00,62
10,2026-09-28T16:00:00,50
11,2026-09-28T16:00:00,59
12,2026-09-28T16:00:00,62
13,2026-09-28T16:00:00,55
14,2026-09-28T16:00:00,53
15,2026-09-28T16:00:00,48
1,2026-09-28T17:00:00,61
2,2026-09-28T17:00:00,57
3,2026-09-28T17:00:00,60
4,2026-09-28T17:00:00,70
5,2026-09-28T17:00:00,50
6,2026-09-28T17:00:00,63
7,2026-09-28T17:00:00,63
8,2026-09-28T17:00:00,57
9,2026-09-28T17:00:00,50
10,2026-09-28T17:00:00,51
11,2026-09-28T17:00:00,61
12,2026-09-28T17:00:00,53
13,2026-09-28T17:00:00,53
14,2026-09-28T17:00:00,60
15,2026-09-28T17:00:00,43
1,2026-09-28T18:00:00,98
2,2026-09-28T18:00:00,87
3,2026-09-28T18:00:00,83
4,2026-09-28T18:00:00,98
5,2026-09-28T18:00:00,63
6,2026-09-28T18:00:00,91
7,2026-09-28T18:00:00,98
8,2026-09-28T18:00:00,86
9,2026-09-28T18:00:00,87
10,2026-09-28T18:00:00,81
11,2026-09-28T18:00:00,88
12,2026-09-28T18:00:00,94
13,2026-09-28T18:00:00,88
14,2026-09-28T18:00:00,77
15,2026-09-28T18:00:00,71
1,2026-09-28T19:00:00,89
2,2026-09-28T19:00:00,91
3,2026-09-28T19:00:00,91
4,2026-09-28T19:00:00,97
5,2026-09-28T19:00:00,70
6,2026-09-28T19:00:00,98
7,2026-09-28T19:00:00,97
8,2026-09-28T19:00:00,88
9,2026-09-28T19:00:00,85
10,2026-09-28T19:00:00,83
11,2026-09-28T19:00:00,98
12,2026-09-28T19:00:00,91
13,2026-09-28T19:00:00,89
14,2026-09-28T19:00:00,77
15,2026-09-28T19:00:00,66
1,2026-09-28T20:00:00,92
2,2026-09-28T20:00:00,91
3,2026-09-28T20:00:00,91
4,2026-09-28T20:00:00,98
5,2026-09-28T20:00:00,72
6,2026-09-28T20:00:00,98
7,2026-09-28T20:00:00,98
8,2026-09-28T20:00:00,89
9,2026-09-28T20:00:00,88
10,2026-09-28T20:00:00,84
11,2026-09-28T20:00:00,96
12,2026-09-28T20:00:00,98
13,2026-09-28T20:00:00,86
14,2026-09-28T20:00:00,79
15,2026-09-28T20:00:00,70
1,2026-09-28T21:00:00,98
2,2026-09-28T21:00:00,93
3,2026-09-28T21:00:00,86
4,2026-09-28T21:00:00,92
5,2026-09-28T21:00:00,68
6,2026-09-28T21:00:00,93
7,2026-09-28T21:00:00,98
8,2026-09-28T21:00:00,91
9,2026-09-28T21:00:00,79
10,2026-09-28T21:00:00,84
11,2026-09-28T21:00:00,96
12,2026-09-28T21:00:00,98
13,2026-09-28T21:00:00,85
14,2026-09-28T21:00:00,81
15,2026-09-28T21:00:00,75
1,2026-09-28T22:00:00,46
2,2026-09-28T22:00:00,42
3,2026-09-28T22:00:00,45
4,2026-09-28T22:00:00,38
5,2026-09-28T22:00:00,32
6,2026-09-28T22:00:00,51
7,2026-09-28T22:00:00,50
8,2026-09-28T22:00:00,38
9,2026-09-28T22:00:00,45
10,2026-09-28T22:00:00,44
11,2026-09-28T22:00:00,44
12,2026-09-28T22:00:00,42
13,2026-09-28T22:00:00,48
14,2026-09-28T22:00:00,37
15,2026-09-28T22:00:00,31
1,2026-09-28T23:00:00,49
2,2026-09-28T23:00:00,41
3,2026-09-28T23:00:00,46
4,2026-09-28T23:00:00,44
5,2026-09-28T23:00:00,41
6,2026-09-28T23:00:00,40
7,2026-09-28T23:00:00,41
8,2026-09-28T23:00:00,38
9,2026-09-28T23:00:00,36
10,2026-09-28T23:00:00,44
11,2026-09-28T23:00:00,52
12,2026-09-28T23:00:00,48
13,2026-09-28T23:00:00,37
14,2026-09-28T23:00:00,40
15,2026-09-28T23:00:00,30
1,2026-09-29T00:00:00,19
2,2026-09-29T00:00:00,11
3,2026-09-29T00:00:00,20
4,2026-09-29T00:00:00,14
5,2026-09-29T00:00:00,6
6,2026-09-29T00:00:00,23
7,2026-09-29T00:00:00,18
8,2026-09-29T00:00:00,14
9,2026-09-29T00:00:00,19
10,2026-09-29T00:00:00,17
11,2026-09-29T00:00:00,14
12,2026-09-29T00:00:00,12
13,2026-09-29T00:00:00,15
14,2026-09-29T00:00:00,17
15,2026-09-29T00:00:00,17
1,2026-09-29T01:00:00,24
2,2026-09-29T01:00:00,20
3,2026-09-29T01:00:00,17
4,2026-09-29T01:00:00,19
5,2026-09-29T01:00:00,6
6,2026-09-29T01:00:00,17
7,2026-09-29T01:00:00,17
8,2026-09-29T01:00:00,18
9,2026-09-29T01:00:00,20
10,2026-09-29T01:00:00,11
11,2026-09-29T01:00:00,28
12,2026-09-29T01:00:00,19
13,2026-09-29T01:00:00,19
14,2026-09-29T01:00:00,7
15,2026-09-29T01:00:00,10
1,2026-09-29T02:00:00,17
2,2026-09-29T02:00:00,15
3,2026-09-29T02:00:00,19
4,2026-09-29T02:00:00,17
5,2026-09-29T02:00:00,15
6,2026-09-29T02:00:00,23
7,2026-09-29T02:00:00,25
8,2026-09-29T02:00:00,11
9,2026-09-29T02:00:00,20
10,2026-09-29T02:00:00,19
11,2026-09-29T02:00:00,21
12,2026-09-29T02:00:00,22
13,2026-09-29T02:00:00,10
14,2026-09-29T02:00:00,21
15,2026-09-29T02:00:00,12
1,2026-09-29T03:00:00,18
2,2026-09-29T03:00:00,20
3,2026-09-29T03:00:00,23
4,2026-09-29T03:00:00,13
5,2026-09-29T03:00:00,22
6,2026-09-29T03:00:00,15
7,2026-09-29T03:00:00,17
8,2026-09-29T03:00:00,16
9,2026-09-29T03:00:00,27
10,2026-09-29T03:00:00,19
11,2026-09-29T03:00:00,19
12,2026-09-29T03:00:00,13
13,2026-09-29T03:00:00,25
14,2026-09-29T03:00:00,30
15,2026-09-29T03:00:00,17
1,2026-09-29T04:00:00,25
2,2026-09-29T04:00:00,20
3,2026-09-29T04:00:00,17
4,2026-09-29T04:00:00,19
5,2026-09-29T04:00:00,16
6,2026-09-29T04:00:00,22
7,2026-09-29T04:00:00,24
8,2026-09-29T04:00:00,18
9,2026-09-29T04:00:00,16
10,2026-09-29T04:00:00,13
11,2026-09-29T04:00:00,19
12,2026-09-29T04:00:00,23
13,2026-09-29T04:00:00,18
14,2026-09-29T04:00:00,18
15,2026-09-29T04:00:00,12
1,2026-09-29T05:00:00,20
2,2026-09-29T05:00:00,19
3,2026-09-29T05:00:00,18
4,2026-09-29T05:00:00,21
5,2026-09-29T05:00:00,14
6,2026-09-29T05:00:00,25
7,2026-09-29T05:00:00,18
8,2026-09-29T05:00:00,14
9,2026-09-29T05:00:00,11
10,2026-09-29T05:00:00,11
11,2026-09-29T05:00:00,20
12,2026-09-29T05:00:00,21
13,2026-09-29T05:00:00,16
14,2026-09-29T05:00:00,20
15,2026-09-29T05:00:00,18
1,2026-09-29T06:00:00,45
2,2026-09-29T06:00:00,39
3,2026-09-29T06:00:00,42
4,2026-09-29T06:00:00,49
5,2026-09-29T06:00:00,31
6,2026-09-29T06:00:00,41
7,2026-09-29T06:00:00,45
8,2026-09-29T06:00:00,39
9,2026-09-29T06:00:00,41
10,2026-09-29T06:00:00,41
11,2026-09-29T06:00:00,48
12,2026-09-29T06:00:00,42
13,2026-09-29T06:00:00,47
14,2026-09-29T06:00:00,37
15,2026-09-29T06:00:00,32
1,2026-09-29T07:00:00,48
2,2026-09-29T07:00:00,42
3,2026-09-29T07:00:00,39
4,2026-09-29T07:00:00,47
5,2026-09-29T07:00:00,33
6,2026-09-29T07:00:00,46
7,2026-09-29T07:00:00,48
8,2026-09-29T07:00:00,40
9,2026-09-29T07:00:00,45
10,2026-09-29T07:00:00,48
11,2026-09-29T07:00:00,39
12,2026-09-29T07:00:00,38
13,2026-09-29T07:00:00,40
14,2026-09-29T07:00:00,36
15,2026-09-29T07:00:00,37
1,2026-09-29T08:00:00,91
2,2026-09-29T08:00:00,79
3,2026-09-29T08:00:00,85
4,2026-09-29T08:00:00,98
5,2026-09-29T08:00:00,74
6,2026-09-29T08:00:00,92
7,2026-09-29T08:00:00,92
8,2026-09-29T08:00:00,75
9,2026-09-29T08:00:00,83
10,2026-09-29T08:00:00,76
11,2026-09-29T08:00:00,87
12,2026-09-29T08:00:00,92
13,2026-09-29T08:00:00,82
14,2026-09-29T08:00:00,78
15,2026-09-29T08:00:00,65
1,2026-09-29T09:00:00,90
2,2026-09-29T09:00:00,81
3,2026-09-29T09:00:00,90
4,2026-09-29T09:00:00,85
5,2026-09-29T09:00:00,70
6,2026-09-29T09:00:00,84
7,2026-09-29T09:00:00,90
8,2026-09-29T09:00:00,78
9,2026-09-29T09:00:00,88
10,2026-09-29T09:00:00,74
11,2026-09-29T09:00:00,91
12,2026-09-29T09:00:00,86
13,2026-09-29T09:00:00,83
14,2026-09-29T09:00:00,84
15,2026-09-29T09:00:00,74
1,2026-09-29T10:00:00,86
2,2026-09-29T10:00:00,74
3,2026-09-29T10:00:00,78
4,2026-09-29T10:00:00,91
5,2026-09-29T10:00:00,67
6,2026-09-29T10:00:00,93
7,2026-09-29T10:00:00,98
8,2026-09-29T10:00:00,84
9,2026-09-29T10:00:00,78
10,2026-09-29T10:00:00,76
11,2026-09-29T10:00:00,92
12,2026-09-29T10:00:00,90
13,2026-09-29T10:00:00,83
14,2026-09-29T10:00:00,79
15,2026-09-29T10:00:00,72
1,2026-09-29T11:00:00,59
2,2026-09-29T11:00:00,57
3,2026-09-29T11:00:00,60
4,2026-09-29T11:00:00,69
5,2026-09-29T11:00:00,51
6,2026-09-29T11:00:00,65
7,2026-09-29T11:00:00,70
8,2026-09-29T11:00:00,59
9,2026-09-29T11:00:00,58
10,2026-09-29T11:00:00,59
11,2026-09-29T11:00:00,72
12,2026-09-29T11:00:00,68
13,2026-09-29T11:00:00,56
14,2026-09-29T11:00:00,61
15,2026-09-29T11:00:00,46
1,2026-09-29T12:00:00,64
2,2026-09-29T12:00:00,64
3,2026-09-29T12:00:00,60
4,2026-09-29T12:00:00,63
5,2026-09-29T12:00:00,51
6,2026-09-29T12:00:00,64
7,2026-09-29T12:00:00,69
8,2026-09-29T12:00:00,60
9,2026-09-29T12:00:00,57
10,2026-09-29T12:00:00,57
11,2026-09-29T12:00:00,59
12,2026-09-29T12:00:00,66
13,2026-09-29T12:00:00,55
14,2026-09-29T12:00:00,57
15,2026-09-29T12:00:00,47
1,2026-09-29T13:00:00,63
2,2026-09-29T13:00:00,57
3,2026-09-29T13:00:00,62
4,2026-09-29T13:00:00,57
5,2026-09-29T13:00:00,49
6,2026-09-29T13:00:00,70
7,2026-09-29T13:00:00,75
8,2026-09-29T13:00:00,67
9,2026-09-29T13:00:00,54
10,2026-09-29T13:00:00,56
11,2026-09-29T13:00:00,62
12,2026-09-29T13:00:00,64
13,2026-09-29T13:00:00,61
14,2026-09-29T13:00:00,53
15,2026-09-29T13:00:00,56
1,2026-09-29T14:00:00,65
2,2026-09-29T14:00:00,61
3,2026-09-29T14:00:00,63
4,2026-09-29T14:00:00,70
5,2026-09-29T14:00:00,49
6,2026-09-29T14:00:00,66
7,2026-09-29T14:00:00,69
8,2026-09-29T14:00:00,62
9,2026-09-29T14:00:00,57
10,2026-09-29T14:00:00,57
11,2026-09-29T14:00:00,64
12,2026-09-29T14:00:00,69
13,2026-09-29T14:00:00,56
14,2026-09-29T14:00:00,51
15,2026-09-29T14:00:00,45
1,2026-09-29T15:00:00,67
2,2026-09-29T15:00:00,65
3,2026-09-29T15:00:00,62
4,2026-09-29T15:00:00,66
5,2026-09-29T15:00:00,46
6,2026-09-29T15:00:00,61
7,2026-09-29T15:00:00,65
8,2026-09-29T15:00:00,59
9,2026-09-29T15:00:00,55
10,2026-09-29T15:00:00,60
11,2026-09-29T15:00:00,65
12,2026-09-29T15:00:00,66
13,2026-09-29T15:00:00,57
14,2026-09-29T15:00:00,57
15,2026-09-29T15:00:00,41
1,2026-09-29T16:00:00,64
2,2026-09-29T16:00:00,59
3,2026-09-29T16:00:00,61
4,2026-09-29T16:00:00,72
5,2026-09-29T16:00:00,55
6,2026-09-29T16:00:00,62
7,2026-09-29T16:00:00,70
8,2026-09-29T16:00:00,56
9,2026-09-29T16:00:00,58
10,2026-09-29T16:00:00,62
11,2026-09-29T16:00:00,69
12,2026-09-29T16:00:00,59
13,2026-09-29T16:00:00,64
14,2026-09-29T16:00:00,58
15,2026-09-29T16:00:00,46
1,2026-09-29T17:00:00,59
2,2026-09-29T17:00:00,58
3,2026-09-29T17:00:00,60
4,2026-09-29T17:00:00,66
5,2026-09-29T17:00:00,51
6,2026-09-29T17:00:00,63
7,2026-09-29T17:00:00,74
8,2026-09-29T17:00:00,60
9,2026-09-29T17:00:00,59
10,2026-09-29T17:00:00,55
11,2026-09-29T17:00:00,63
12,2026-09-29T17:00:00,63
13,2026-09-29T17:00:00,66
14,2026-09-29T17:00:00,54
15,2026-09-29T17:00:00,51
1,2026-09-29T18:00:00,88
2,2026-09-29T18:00:00,81
3,2026-09-29T18:00:00,92
4,2026-09-29T18:00:00,98
5,2026-09-29T18:00:00,72
6,2026-09-29T18:00:00,98
7,2026-09-29T18:00:00,97
8,2026-09-29T18:00:00,87
9,2026-09-29T18:00:00,90
10,2026-09-29T18:00:00,88
11,2026-09-29T18:00:00,98
12,2026-09-29T18:00:00,91
13,2026-09-29T18:00:00,85
14,2026-09-29T18:00:00,82
15,2026-09-29T18:00:00,70
1,2026-09-29T19:00:00,98
2,2026-09-29T19:00:00,88
3,2026-09-29T19:00:00,96
4,2026-09-29T19:00:00,98
5,2026-09-29T19:00:00,71
6,2026-09-29T19:00:00,94
7,2026-09-29T19:00:00,98
8,2026-09-29T19:00:00,92
9,2026-09-29T19:00:00,79
10,2026-09-29T19:00:00,84
11,2026-09-29T19:00:00,96
12,2026-09-29T19:00:00,95
13,2026-09-29T19:00:00,91
14,2026-09-29T19:00:00,89
15,2026-09-29T19:00:00,74
1,2026-09-29T20:00:00,98
2,2026-09-29T20:00:00,90
3,2026-09-29T20:00:00,83
4,2026-09-29T20:00:00,98
5,2026-09-29T20:00:00,73
6,2026-09-29T20:00:00,98
7,2026-09-29T20:00:00,96
8,2026-09-29T20:00:00,85
9,2026-09-29T20:00:00,82
10,2026-09-29T20:00:00,81
11,2026-09-29T20:00:00,98
12,2026-09-29T20:00:00,97
13,2026-09-29T20:00:00,89
14,2026-09-29T20:00:00,85
15,2026-09-29T20:00:00,70
1,2026-09-29T21:00:00,98
2,2026-09-29T21:00:00,94
3,2026-09-29T21:00:00,89
4,2026-09-29T21:00:00,97
5,2026-09-29T21:00:00,76
6,2026-09-29T21:00:00,98
7,2026-09-29T21:00:00,98
8,2026-09-29T21:00:00,97
9,2026-09-29T21:00:00,86
10,2026-09-29T21:00:00,81
11,2026-09-29T21:00:00,93
12,2026-09-29T21:00:00,89
13,2026-09-29T21:00:00,95
14,2026-09-29T21:00:00,85
15,2026-09-29T21:00:00,65
1,2026-09-29T22:00:00,40
2,2026-09-29T22:00:00,37
3,2026-09-29T22:00:00,41
4,2026-09-29T22:00:00,49
5,2026-09-29T22:00:00,27
6,2026-09-29T22:00:00,46
7,2026-09-29T22:00:00,49
8,2026-09-29T22:00:00,43
9,2026-09-29T22:00:00,46
10,2026-09-29T22:00:00,38
11,2026-09-29T22:00:00,40
12,2026-09-29T22:00:00,48
13,2026-09-29T22:00:00,41
14,2026-09-29T22:00:00,41
15,2026-09-29T22:00:00,31
1,2026-09-29T23:00:00,44
2,2026-09-29T23:00:00,44
3,2026-09-29T23:00:00,44
4,2026-09-29T23:00:00,46
5,2026-09-29T23:00:00,30
6,2026-09-29T23:00:00,43
7,2026-09-29T23:00:00,46
8,2026-09-29T23:00:00,45
9,2026-09-29T23:00:00,41
10,2026-09-29T23:00:00,43
11,2026-09-29T23:00:00,43
12,2026-09-29T23:00:00,52
13,2026-09-29T23:00:00,40
14,2026-09-29T23:00:00,36
15,2026-09-29T23:00:00,36
1,2026-09-30T00:00:00,17
2,2026-09-30T00:00:00,19
3,2026-09-30T00:00:00,18
4,2026-09-30T00:00:00,29
5,2026-09-30T00:00:00,20
6,2026-09-30T00:00:00,18
7,2026-09-30T00:00:00,16
8,2026-09-30T00:00:00,16
9,2026-09-30T00:00:00,17
10,2026-09-30T00:00:00,20
11,2026-09-30T00:00:00,18
12,2026-09-30T00:00:00,12
13,2026-09-30T00:00:00,20
14,2026-09-30T00:00:00,17
15,2026-09-30T00:00:00,17
1,2026-09-30T01:00:00,21
2,2026-09-30T01:00:00,15
3,2026-09-30T01:00:00,16
4,2026-09-30T01:00:00,11
5,2026-09-30T01:00:00,16
6,2026-09-30T01:00:00,14
7,2026-09-30T01:00:00,19
8,2026-09-30T01:00:00,23
9,2026-09-30T01:00:00,15
10,2026-09-30T01:00:00,16
11,2026-09-30T01:00:00,14
12,2026-09-30T01:00:00,23
13,2026-09-30T01:00:00,24
14,2026-09-30T01:00:00,17
15,2026-09-30T01:00:00,11
1,2026-09-30T02:00:00,22
2,2026-09-30T02:00:00,21
3,2026-09-30T02:00:00,13
4,2026-09-30T02:00:00,26
5,2026-09-30T02:00:00,11
6,2026-09-30T02:00:00,12
7,2026-09-30T02:00:00,21
8,2026-09-30T02:00:00,20
9,2026-09-30T02:00:00,11
10,2026-09-30T02:00:00,16
11,2026-09-30T02:00:00,18
12,2026-09-30T02:00:00,23
13,2026-09-30T02:00:00,23
14,2026-09-30T02:00:00,12
15,2026-09-30T02:00:00,21
1,2026-09-30T03:00:00,18
2,2026-09-30T03:00:00,27
3,2026-09-30T03:00:00,23
4,2026-09-30T03:00:00,20
5,2026-09-30T03:00:00,14
6,2026-09-30T03:00:00,19
7,2026-09-30T03:00:00,22
8,2026-09-30T03:00:00,19
9,2026-09-30T03:00:00,13
10,2026-09-30T03:00:00,20
11,2026-09-30T03:00:00,16
12,2026-09-30T03:00:00,26
13,2026-09-30T03:00:00,18
14,2026-09-30T03:00:00,17
15,2026-09-30T03:00:00,15
1,2026-09-30T04:00:00,17
2,2026-09-30T04:00:00,15
3,2026-09-30T04:00:00,10
4,2026-09-30T04:00:00,20
5,2026-09-30T04:00:00,13
6,2026-09-30T04:00:00,23
7,2026-09-30T04:00:00,21
8,2026-09-30T04:00:00,18
9,2026-09-30T04:00:00,18
10,2026-09-30T04:00:00,12
11,2026-09-30T04:00:00,26
12,2026-09-30T04:00:00,20
13,2026-09-30T04:00:00,15
14,2026-09-30T04:00:00,20
15,2026-09-30T04:00:00,15
1,2026-09-30T05:00:00,22
2,2026-09-30T05:00:00,21
3,2026-09-30T05:00:00,13
4,2026-09-30T05:00:00,23
5,2026-09-30T05:00:00,14
6,2026-09-30T05:00:00,21
7,2026-09-30T05:00:00,15
8,2026-09-30T05:00:00,22
9,2026-09-30T05:00:00,14
10,2026-09-30T05:00:00,10
11,2026-09-30T05:00:00,24
12,2026-09-30T05:00:00,20
13,2026-09-30T05:00:00,20
14,2026-09-30T05:00:00,18
15,2026-09-30T05:00:00,15
1,2026-09-30T06:00:00,47
2,2026-09-30T06:00:00,38
3,2026-09-30T06:00:00,48
4,2026-09-30T06:00:00,49
5,2026-09-30T06:00:00,38
6,2026-09-30T06:00:00,51
7,2026-09-30T06:00:00,46
8,2026-09-30T06:00:00,49
9,2026-09-30T06:00:00,36
10,2026-09-30T06:00:00,35
11,2026-09-30T06:00:00,32
12,2026-09-30T06:00:00,46
13,2026-09-30T06:00:00,42
14,2026-09-30T06:00:00,36
15,2026-09-30T06:00:00,35
1,2026-09-30T07:00:00,49
2,2026-09-30T07:00:00,30
3,2026-09-30T07:00:00,42
4,2026-09-30T07:00:00,43
5,2026-09-30T07:00:00,41
6,2026-09-30T07:00:00,39
7,2026-09-30T07:00:00,42
8,2026-09-30T07:00:00,39
9,2026-09-30T07:00:00,38
10,2026-09-30T07:00:00,41
11,2026-09-30T07:00:00,44
12,2026-09-30T07:00:00,48
13,2026-09-30T07:00:00,44
14,2026-09-30T07:00:00,33
15,2026-09-30T07:00:00,39
1,2026-09-30T08:00:00,86
2,2026-09-30T08:00:00,84
3,2026-09-30T08:00:00,84
4,2026-09-30T08:00:00,94
5,2026-09-30T08:00:00,65
6,2026-09-30T08:00:00,95
7,2026-09-30T08:00:00,93
8,2026-09-30T08:00:00,89
9,2026-09-30T08:00:00,77
10,2026-09-30T08:00:00,81
11,2026-09-30T08:00:00,88
12,2026-09-30T08:00:00,91
13,2026-09-30T08:00:00,87
14,2026-09-30T08:00:00,77
15,2026-09-30T08:00:00,74
1,2026-09-30T09:00:00,89
2,2026-09-30T09:00:00,84
3,2026-09-30T09:00:00,88
4,2026-09-30T09:00:00,95
5,2026-09-30T09:00:00,74
6,2026-09-30T09:00:00,88
7,2026-09-30T09:00:00,91
8,2026-09-30T09:00:00,84
9,2026-09-30T09:00:00,76
10,2026-09-30T09:00:00,76
11,2026-09-30T09:00:00,89
12,2026-09-30T09:00:00,89
13,2026-09-30T09:00:00,84
14,2026-09-30T09:00:00,80
15,2026-09-30T09:00:00,73
1,2026-09-30T10:00:00,93
2,2026-09-30T10:00:00,82
3,2026-09-30T10:00:00,80
4,2026-09-30T10:00:00,98
5,2026-09-30T10:00:00,65
6,2026-09-30T10:00:00,88
7,2026-09-30T10:00:00,95
8,2026-09-30T10:00:00,86
9,2026-09-30T10:00:00,80
10,2026-09-30T10:00:00,84
11,2026-09-30T10:00:00,94
12,2026-09-30T10:00:00,91
13,2026-09-30T10:00:00,83
14,2026-09-30T10:00:00,76
15,2026-09-30T10:00:00,69
1,2026-09-30T11:00:00,64
2,2026-09-30T11:00:00,61
3,2026-09-30T11:00:00,63
4,2026-09-30T11:00:00,66
5,2026-09-30T11:00:00,44
6,2026-09-30T11:00:00,61
7,2026-09-30T11:00:00,68
8,2026-09-30T11:00:00,61
9,2026-09-30T11:00:00,61
10,2026-09-30T11:00:00,61
11,2026-09-30T11:00:00,65
12,2026-09-30T11:00:00,71
13,2026-09-30T11:00:00,60
14,2026-09-30T11:00:00,59
15,2026-09-30T11:00:00,46
1,2026-09-30T12:00:00,64
2,2026-09-30T12:00:00,65
3,2026-09-30T12:00:00,57
4,2026-09-30T12:00:00,72
5,2026-09-30T12:00:00,48
6,2026-09-30T12:00:00,63
7,2026-09-30T12:00:00,68
8,2026-09-30T12:00:00,58
9,2026-09-30T12:00:00,54
10,2026-09-30T12:00:00,59
11,2026-09-30T12:00:00,65
12,2026-09-30T12:00:00,65
13,2026-09-30T12:00:00,60
14,2026-09-30T12:00:00,61
15,2026-09-30T12:00:00,49
1,2026-09-30T13:00:00,57
2,2026-09-30T13:00:00,63
3,2026-09-30T13:00:00,56
4,2026-09-30T13:00:00,67
5,2026-09-30T13:00:00,39
6,2026-09-30T13:00:00,60
7,2026-09-30T13:00:00,68
8,2026-09-30T13:00:00,62
9,2026-09-30T13:00:00,55
10,2026-09-30T13:00:00,52
11,2026-09-30T13:00:00,67
12,2026-09-30T13:00:00,59
13,2026-09-30T13:00:00,58
14,2026-09-30T13:00:00,55
15,2026-09-30T13:00:00,55
1,2026-09-30T14:00:00,68
2,2026-09-30T14:00:00,55
3,2026-09-30T14:00:00,61
4,2026-09-30T14:00:00,65
5,2026-09-30T14:00:00,47
6,2026-09-30T14:00:00,66
7,2026-09-30T14:00:00,65
8,2026-09-30T14:00:00,58
9,2026-09-30T14:00:00,64
10,2026-09-30T14:00:00,57
11,2026-09-30T14:00:00,60
12,2026-09-30T14:00:00,65
13,2026-09-30T14:00:00,63
14,2026-09-30T14:00:00,59
15,2026-09-30T14:00:00,45
1,2026-09-30T15:00:00,61
2,2026-09-30T15:00:00,66
3,2026-09-30T15:00:00,52
4,2026-09-30T15:00:00,61
5,2026-09-30T15:00:00,52
6,2026-09-30T15:00:00,62
7,2026-09-30T15:00:00,65
8,2026-09-30T15:00:00,59
9,2026-09-30T15:00:00,54
10,2026-09-30T15:00:00,55
11,2026-09-30T15:00:00,64
12,2026-09-30T15:00:00,65
13,2026-09-30T15:00:00,61
14,2026-09-30T15:00:00,57
15,2026-09-30T15:00:00,50
1,2026-09-30T16:00:00,72
2,2026-09-30T16:00:00,57
3,2026-09-30T16:00:00,52
4,2026-09-30T16:00:00,65
5,2026-09-30T16:00:00,50
6,2026-09-30T16:00:00,70
7,2026-09-30T16:00:00,66
8,2026-09-30T16:00:00,61
9,2026-09-30T16:00:00,56
10,2026-09-30T16:00:00,60
11,2026-09-30T16:00:00,68
12,2026-09-30T16:00:00,62
13,2026-09-30T16:00:00,64
14,2026-09-30T16:00:00,53
15,2026-09-30T16:00:00,45
1,2026-09-30T17:00:00,70
2,2026-09-30T17:00:00,57
3,2026-09-30T17:00:00,56
4,2026-09-30T17:00:00,63
5,2026-09-30T17:00:00,49
6,2026-09-30T17:00:00,63
7,2026-09-30T17:00:00,70
8,2026-09-30T17:00:00,62
9,2026-09-30T17:00:00,59
10,2026-09-30T17:00:00,55
11,2026-09-30T17:00:00,56
12,2026-09-30T17:00:00,65
13,2026-09-30T17:00:00,51
14,2026-09-30T17:00:00,52
15,2026-09-30T17:00:00,50
1,2026-09-30T18:00:00,91
2,2026-09-30T18:00:00,82
3,2026-09-30T18:00:00,90
4,2026-09-30T18:00:00,98
5,2026-09-30T18:00:00,76
6,2026-09-30T18:00:00,97
7,2026-09-30T18:00:00,98
8,2026-09-30T18:00:00,93
9,2026-09-30T18:00:00,78
10,2026-09-30T18:00:00,88
11,2026-09-30T18:00:00,94
12,2026-09-30T18:00:00,90
13,2026-09-30T18:00:00,87
14,2026-09-30T18:00:00,78
15,2026-09-30T18:00:00,73
1,2026-09-30T19:00:00,98
2,2026-09-30T19:00:00,90
3,2026-09-30T19:00:00,91
4,2026-09-30T19:00:00,98
5,2026-09-30T19:00:00,73
6,2026-09-30T19:00:00,96
7,2026-09-30T19:00:00,96
8,2026-09-30T19:00:00,86
9,2026-09-30T19:00:00,82
10,2026-09-30T19:00:00,81
11,2026-09-30T19:00:00,94
12,2026-09-30T19:00:00,94
13,2026-09-30T19:00:00,90
14,2026-09-30T19:00:00,81
15,2026-09-30T19:00:00,71
1,2026-09-30T20:00:00,98
2,2026-09-30T20:00:00,88
3,2026-09-30T20:00:00,91
4,2026-09-30T20:00:00,91
5,2026-09-30T20:00:00,75
6,2026-09-30T20:00:00,91
7,2026-09-30T20:00:00,98
8,2026-09-30T20:00:00,88
9,2026-09-30T20:00:00,86
10,2026-09-30T20:00:00,81
11,2026-09-30T20:00:00,93
12,2026-09-30T20:00:00,98
13,2026-09-30T20:00:00,84
14,2026-09-30T20:00:00,87
15,2026-09-30T20:00:00,70
1,2026-09-30T21:00:00,98
2,2026-09-30T21:00:00,91
3,2026-09-30T21:00:00,84
4,2026-09-30T21:00:00,96
5,2026-09-30T21:00:00,69
6,2026-09-30T21:00:00,91
7,2026-09-30T21:00:00,98
8,2026-09-30T21:00:00,86
9,2026-09-30T21:00:00,87
10,2026-09-30T21:00:00,80
11,2026-09-30T21:00:00,95
12,2026-09-30T21:00:00,93
13,2026-09-30T21:00:00,93
14,2026-09-30T21:00:00,84
15,2026-09-30T21:00:00,77
1,2026-09-30T22:00:00,54
2,2026-09-30T22:00:00,78
3,2026-09-30T22:00:00,40
4,2026-09-30T22:00:00,52
5,2026-09-30T22:00:00,38
6,2026-09-30T22:00:00,53
7,2026-09-30T22:00:00,52
8,2026-09-30T22:00:00,37
9,2026-09-30T22:00:00,83
10,2026-09-30T22:00:00,41
11,2026-09-30T22:00:00,47
12,2026-09-30T22:00:00,85
13,2026-09-30T22:00:00,37
14,2026-09-30T22:00:00,29
15,2026-09-30T22:00:00,29
1,2026-09-30T23:00:00,53
2,2026-09-30T23:00:00,82
3,2026-09-30T23:00:00,44
4,2026-09-30T23:00:00,47
5,2026-09-30T23:00:00,33
6,2026-09-30T23:00:00,46
7,2026-09-30T23:00:00,44
8,2026-09-30T23:00:00,39
9,2026-09-30T23:00:00,82
10,2026-09-30T23:00:00,43
11,2026-09-30T23:00:00,60
12,2026-09-30T23:00:00,79
13,2026-09-30T23:00:00,40
14,2026-09-30T23:00:00,37
15,2026-09-30T23:00:00,42
1,2026-10-01T00:00:00,31
2,2026-10-01T00:00:00,84
3,2026-10-01T00:00:00,21
4,2026-10-01T00:00:00,22
5,2026-10-01T00:00:00,17
6,2026-10-01T00:00:00,28
7,2026-10-01T00:00:00,16
8,2026-10-01T00:00:00,24
9,2026-10-01T00:00:00,82
10,2026-10-01T00:00:00,26
11,2026-10-01T00:00:00,35
12,2026-10-01T00:00:00,82
13,2026-10-01T00:00:00,18
14,2026-10-01T00:00:00,28
15,2026-10-01T00:00:00,13
