station_id,timestamp,temperature,humidity,wind_speed,wind_direction,rainfall
1,2026-09-01T01:00:00,20.9,81.4,2.7,278.6,0.0
2,2026-09-01T01:00:00,19.9,74.0,2.4,274.3,0.0
3,2026-09-01T01:00:00,20.5,76.1,2.9,277.7,0.0
4,2026-09-01T01:00:00,20.4,77.7,2.4,269.8,0.0
5,2026-09-01T01:00:00,20.9,79.0,2.2,282.0,0.0
6,2026-09-01T01:00:00,20.6,79.7,2.3,268.7,0.0
7,2026-09-01T01:00:00,20.2,78.3,2.6,289.8,0.0
8,2026-09-01T01:00:00,21.0,81.4,2.5,289.7,0.0
9,2026-09-01T01:00:00,20.4,79.3,2.6,260.1,0.0
10,2026-09-01T01:00:00,20.7,81.1,2.8,282.6,0.0
11,2026-09-01T01:00:00,20.5,78.2,2.6,282.6,0.0
12,2026-09-01T01:00:00,21.3,78.6,2.0,270.6,0.0
13,2026-09-01T01:00:00,20.5,76.6,2.5,283.0,0.0
14,2026-09-01T01:00:00,20.5,77.8,2.9,271.2,0.0
15,2026-09-01T01:00:00,19.9,81.5,2.3,284.7,0.0
1,2026-09-01T02:00:00,21.6,79.3,2.4,298.2,0.0
2,2026-09-01T02:00:00,19.6,80.3,2.4,288.0,0.0
3,2026-09-01T02:00:00,19.5,78.5,2.6,291.9,0.0
4,2026-09-01T02:00:00,19.5,78.4,2.2,277.0,0.0
5,2026-09-01T02:00:00,20.0,78.1,2.3,270.5,0.0
6,2026-09-01T02:00:00,19.5,77.1,2.4,283.8,0.0
7,2026-09-01T02:00:00,19.6,81.8,2.7,286.9,0.0
8,2026-09-01T02:00:00,20.4,86.8,2.4,289.7,0.0
9,2026-09-01T02:00:00,19.5,79.8,1.9,286.2,0.0
10,2026-09-01T02:00:00,19.6,81.1,2.3,273.8,0.0
11,2026-09-01T02:00:00,20.3,81.7,2.5,284.7,0.0
12,2026-09-01T02:00:00,19.8,78.7,2.0,281.2,0.0
13,2026-09-01T02:00:00,19.3,79.4,2.8,277.3,0.0
14,2026-09-01T02:00:00,19.8,80.1,2.7,270.3,0.0
15,2026-09-01T02:00:00,20.1,76.4,2.3,291.0,0.0
1,2026-09-01T03:00:00,19.9,79.0,2.2,282.8,0.0
2,2026-09-01T03:00:00,20.6,80.8,2.2,282.8,0.0
3,2026-09-01T03:00:00,20.6,81.3,2.0,300.0,0.0
4,2026-09-01T03:00:00,20.7,76.6,1.9,308.2,0.0
5,2026-09-01T03:00:00,20.1,78.6,2.1,280.1,0.0
6,2026-09-01T03:00:00,20.6,81.9,2.1,294.6,0.0
7,2026-09-01T03:00:00,20.0,78.0,2.3,287.5,0.0
8,2026-09-01T03:00:00,19.5,79.2,2.1,274.6,0.0
9,2026-09-01T03:00:00,20.9,81.6,2.1,294.0,0.0
10,2026-09-01T03:00:00,19.2,81.7,2.3,287.5,0.0
11,2026-09-01T03:00:00,20.8,79.0,1.8,307.4,0.0
12,2026-09-01T03:00:00,20.0,80.3,1.9,288.0,0.0
13,2026-09-01T03:00:00,20.1,80.8,1.8,287.6,0.0
14,2026-09-01T03:00:00,21.0,80.2,2.6,290.2,0.0
15,2026-09-01T03:00:00,20.7,76.7,1.9,295.9,0.0
1,2026-09-01T04:00:00,20.7,78.6,2.3,303.2,0.0
2,2026-09-01T04:00:00,20.7,77.0,1.6,300.1,0.0
3,2026-09-01T04:00:00,20.2,76.1,1.8,285.2,0.0
4,2026-09-01T04:00:00,20.9,80.0,1.9,291.2,0.0
5,2026-09-01T04:00:00,19.9,78.7,1.4,301.9,0.0
6,2026-09-01T04:00:00,20.1,76.7,1.7,279.2,0.0
7,2026-09-01T04:00:00,21.4,78.0,2.2,289.0,0.0
8,2026-09-01T04:00:00,20.1,77.1,1.8,288.5,0.0
9,2026-09-01T04:00:00,20.2,79.6,2.0,286.2,0.0
10,2026-09-01T04:00:00,19.5,78.8,1.7,275.3,0.0
11,2026-09-01T04:00:00,20.3,77.6,1.5,291.9,0.0
12,2026-09-01T04:00:00,20.7,77.6,2.1,291.4,0.0
13,2026-09-01T04:00:00,20.3,79.6,2.1,290.2,0.0
14,2026-09-01T04:00:00,19.4,78.0,1.4,283.3,0.0
15,2026-09-01T04:00:00,20.7,79.0,2.0,284.5,0.0
1,2026-09-01T05:00:00,21.1,74.9,1.9,300.0,0.0
2,2026-09-01T05:00:00,21.1,75.6,2.0,310.4,0.0
3,2026-09-01T05:00:00,20.3,79.1,1.6,285.1,0.0
4,2026-09-01T05:00:00,21.7,76.8,1.8,315.3,0.0
5,2026-09-01T05:00:00,21.4,78.4,1.6,296.2,0.0
6,2026-09-01T05:00:00,21.7,78.7,1.3,295.2,0.0
7,2026-09-01T05:00:00,21.2,77.6,1.2,297.0,0.0
8,2026-09-01T05:00:00,21.4,75.2,1.8,297.5,0.0
9,2026-09-01T05:00:00,20.9,76.6,1.8,292.1,0.0
10,2026-09-01T05:00:00,21.2,76.1,1.9,300.4,0.0
11,2026-09-01T05:00:00,21.0,77.3,2.0,286.2,0.0
12,2026-09-01T05:00:00,20.7,75.2,1.9,314.0,0.0
13,2026-09-01T05:00:00,20.4,77.5,1.7,283.4,0.0
14,2026-09-01T05:00:00,22.2,80.3,1.8,294.1,0.0
15,2026-09-01T05:00:00,21.5,74.6,1.7,289.7,0.0
1,2026-09-01T06:00:00,22.8,72.9,2.2,291.3,0.0
2,2026-09-01T06:00:00,22.2,70.6,1.8,293.8,0.0
3,2026-09-01T06:00:00,22.7,74.2,1.7,302.3,0.0
4,2026-09-01T06:00:00,22.2,76.4,1.8,319.0,0.0
5,2026-09-01T06:00:00,22.4,75.1,2.1,288.1,0.0
6,2026-09-01T06:00:00,22.8,73.5,1.8,284.7,0.0
7,2026-09-01T06:00:00,23.1,70.6,1.8,296.7,0.0
8,2026-09-01T06:00:00,23.2,70.5,2.2,303.3,0.0
9,2026-09-01T06:00:00,21.1,74.8,1.6,296.2,0.0
10,2026-09-01T06:00:00,21.9,71.8,1.5,292.1,0.0
11,2026-09-01T06:00:00,22.1,75.3,1.6,324.4,0.0
12,2026-09-01T06:00:00,23.4,72.1,1.6,313.2,0.0
13,2026-09-01T06:00:00,22.6,72.5,2.0,292.9,0.0
14,2026-09-01T06:00:00,22.5,76.4,1.5,294.0,0.0
15,2026-09-01T06:00:00,21.9,70.2,1.9,314.5,0.0
1,2026-09-01T07:00:00,24.8,70.4,2.1,316.4,0.0
2,2026-09-01T07:00:00,24.0,70.7,1.9,302.5,0.0
3,2026-09-01T07:00:00,24.2,72.0,1.8,306.9,0.0
4,2026-09-01T07:00:00,24.1,65.9,1.7,301.1,0.0
5,2026-09-01T07:00:00,23.7,72.6,2.2,304.1,0.0
6,2026-09-01T07:00:00,23.3,69.0,2.2,302.5,0.0
7,2026-09-01T07:00:00,23.3,71.8,1.8,308.3,0.0
8,2026-09-01T07:00:00,24.4,67.5,2.0,309.3,0.0
9,2026-09-01T07:00:00,24.1,68.0,1.8,290.4,0.0
10,2026-09-01T07:00:00,23.7,71.0,1.7,329.5,0.0
11,2026-09-01T07:00:00,24.9,70.8,1.8,293.2,0.0
12,2026-09-01T07:00:00,23.6,69.5,1.8,303.0,0.0
13,2026-09-01T07:00:00,24.4,69.9,1.8,298.3,0.0
14,2026-09-01T07:00:00,25.3,68.5,2.2,308.8,0.0
15,2026-09-01T07:00:00,24.0,69.4,2.3,309.1,0.0
1,2026-09-01T08:00:00,25.1,62.0,2.2,289.1,0.0
2,2026-09-01T08:00:00,26.5,67.3,2.1,292.0,0.0
3,2026-09-01T08:00:00,26.3,60.8,1.9,306.2,0.0
4,2026-09-01T08:00:00,25.6,65.6,1.8,311.2,0.0
5,2026-09-01T08:00:00,26.0,66.3,1.6,299.4,0.0
6,2026-09-01T08:00:00,25.6,64.7,1.9,305.8,0.0
7,2026-09-01T08:00:00,25.7,65.0,2.0,301.9,0.0
8,2026-09-01T08:00:00,26.0,62.9,2.2,297.4,0.0
9,2026-09-01T08:00:00,25.8,64.0,2.4,317.4,0.0
10,2026-09-01T08:00:00,25.8,63.4,2.3,296.3,0.0
11,2026-09-01T08:00:00,25.1,66.7,2.0,290.9,0.0
12,2026-09-01T08:00:00,25.0,62.2,1.9,307.9,0.0
13,2026-09-01T08:00:00,25.2,66.7,1.8,309.5,0.0
14,2026-09-01T08:00:00,26.3,69.2,1.6,291.3,0.0
15,2026-09-01T08:00:00,25.1,63.2,2.1,307.4,0.0
1,2026-09-01T09:00:00,26.8,59.8,1.8,319.7,0.0
2,2026-09-01T09:00:00,27.3,59.2,1.9,324.3,0.0
3,2026-09-01T09:00:00,26.5,63.4,1.9,303.7,0.0
4,2026-09-01T09:00:00,26.9,64.2,1.9,312.7,0.0
5,2026-09-01T09:00:00,27.9,64.2,2.1,308.8,0.0
6,2026-09-01T09:00:00,26.2,62.0,1.9,296.0,0.0
7,2026-09-01T09:00:00,27.0,58.0,1.9,300.2,0.0
8,2026-09-01T09:00:00,28.6,58.1,2.1,314.9,0.0
9,2026-09-01T09:00:00,27.7,58.6,2.2,311.1,0.0
10,2026-09-01T09:00:00,26.5,60.3,1.8,305.0,0.0
11,2026-09-01T09:00:00,27.8,61.9,2.1,308.8,0.0
12,2026-09-01T09:00:00,26.7,61.7,1.7,331.9,0.0
13,2026-09-01T09:00:00,27.5,60.8,2.3,307.4,0.0
14,2026-09-01T09:00:00,27.5,59.8,2.4,310.8,0.0
15,2026-09-01T09:00:00,27.0,59.9,1.8,307.3,0.0
1,2026-09-01T10:00:00,28.5,56.8,2.4,315.2,0.0
2,2026-09-01T10:00:00,28.6,55.3,2.3,309.0,0.0
3,2026-09-01T10:00:00,28.9,55.6,2.9,301.9,0.0
4,2026-09-01T10:00:00,28.7,56.5,2.2,286.4,0.0
5,2026-09-01T10:00:00,29.0,57.9,2.8,300.4,0.0
6,2026-09-01T10:00:00,28.6,59.1,2.1,322.7,0.0
7,2026-09-01T10:00:00,29.5,54.7,2.6,315.1,0.0
8,2026-09-01T10:00:00,28.2,54.1,2.2,314.2,0.0
9,2026-09-01T10:00:00,29.5,56.9,2.1,304.5,0.0
10,2026-09-01T10:00:00,28.6,57.5,2.4,334.0,0.0
11,2026-09-01T10:00:00,28.9,54.7,2.4,317.9,0.0
12,2026-09-01T10:00:00,29.5,54.8,2.4,320.5,0.0
13,2026-09-01T10:00:00,29.3,56.4,2.5,301.9,0.0
14,2026-09-01T10:00:00,29.2,58.9,2.6,312.5,0.0
15,2026-09-01T10:00:00,29.3,55.4,2.5,306.1,0.0
1,2026-09-01T11:00:00,31.5,52.6,2.4,319.7,0.0
2,2026-09-01T11:00:00,30.0,50.4,2.3,309.3,0.0
3,2026-09-01T11:00:00,30.1,56.5,2.2,326.4,0.0
4,2026-09-01T11:00:00,31.0,51.8,2.8,307.6,0.0
5,2026-09-01T11:00:00,30.0,48.5,2.3,311.9,0.0
6,2026-09-01T11:00:00,30.6,53.9,2.3,310.3,0.0
7,2026-09-01T11:00:00,30.7,51.6,2.6,296.1,0.0
8,2026-09-01T11:00:00,30.4,52.2,2.9,302.7,0.0
9,2026-09-01T11:00:00,30.9,54.1,2.3,316.8,0.0
10,2026-09-01T11:00:00,31.4,50.9,2.3,310.8,0.0
11,2026-09-01T11:00:00,29.5,50.9,2.6,319.0,0.0
12,2026-09-01T11:00:00,30.3,51.1,2.6,305.7,0.0
13,2026-09-01T11:00:00,30.6,51.2,2.6,320.7,0.0
14,2026-09-01T11:00:00,29.8,50.6,3.0,331.5,0.0
15,2026-09-01T11:00:00,30.5,54.8,2.4,304.3,0.0
1,2026-09-01T12:00:00,31.2,48.8,2.8,314.1,0.0
2,2026-09-01T12:00:00,32.2,47.4,2.8,300.3,0.0
3,2026-09-01T12:00:00,32.1,50.1,2.8,324.5,0.0
4,2026-09-01T12:00:00,32.9,46.7,2.6,318.9,0.0
5,2026-09-01T12:00:00,31.5,48.7,3.2,302.8,0.0
6,2026-09-01T12:00:00,31.8,51.0,2.9,311.7,0.0
7,2026-09-01T12:00:00,32.3,49.6,2.2,309.7,0.0
8,2026-09-01T12:00:00,32.3,47.8,3.1,329.9,0.0
9,2026-09-01T12:00:00,32.0,47.7,2.5,310.7,0.0
10,2026-09-01T12:00:00,31.9,49.5,2.9,316.5,0.0
11,2026-09-01T12:00:00,30.3,48.9,2.8,297.7,0.0
12,2026-09-01T12:00:00,32.1,47.8,2.9,316.6,0.0
13,2026-09-01T12:00:00,31.3,47.0,2.7,318.1,0.0
14,2026-09-01T12:00:00,31.6,48.3,3.0,331.8,0.0
15,2026-09-01T12:00:00,33.3,45.4,3.0,321.2,0.0
1,2026-09-01T13:00:00,33.5,47.7,3.5,328.1,0.0
2,2026-09-01T13:00:00,32.9,50.5,3.1,329.8,0.0
3,2026-09-01T13:00:00,31.7,46.2,3.0,308.1,0.0
4,2026-09-01T13:00:00,34.1,47.0,2.9,319.8,0.0
5,2026-09-01T13:00:00,33.6,46.2,3.3,315.2,0.0
6,2026-09-01T13:00:00,32.2,46.6,3.4,324.2,0.0
7,2026-09-01T13:00:00,32.4,46.5,3.0,305.1,0.0
8,2026-09-01T13:00:00,33.0,47.0,2.6,317.1,0.0
9,2026-09-01T13:00:00,32.2,46.5,3.0,296.2,0.0
10,2026-09-01T13:00:00,32.1,44.6,3.3,333.4,0.0
11,2026-09-01T13:00:00,33.0,43.2,3.0,323.1,0.0
12,2026-09-01T13:00:00,32.2,46.4,2.8,305.4,0.0
13,2026-09-01T13:00:00,31.8,45.3,3.3,331.2,0.0
14,2026-09-01T13:00:00,32.8,44.4,2.9,314.0,0.0
15,2026-09-01T13:00:00,32.4,47.1,3.4,318.7,0.0
1,2026-09-01T14:00:00,33.7,43.2,3.4,312.5,0.0
2,2026-09-01T14:00:00,34.2,43.5,3.0,317.1,0.0
3,2026-09-01T14:00:00,32.2,45.1,3.6,310.2,0.0
4,2026-09-01T14:00:00,33.1,44.4,3.6,315.7,0.0
5,2026-09-01T14:00:00,33.6,42.5,3.4,317.3,0.0
6,2026-09-01T14:00:00,32.9,45.7,3.6,316.9,0.0
7,2026-09-01T14:00:00,33.1,48.7,3.6,338.0,0.0
8,2026-09-01T14:00:00,33.5,46.1,3.1,323.3,0.0
9,2026-09-01T14:00:00,33.2,43.8,3.6,320.5,0.0
10,2026-09-01T14:00:00,31.8,45.5,3.1,311.6,0.0
11,2026-09-01T14:00:00,32.5,46.7,3.1,304.7,0.0
12,2026-09-01T14:00:00,33.0,45.6,3.5,302.3,0.0
13,2026-09-01T14:00:00,33.1,43.2,3.0,308.2,0.0
14,2026-09-01T14:00:00,32.9,42.0,3.4,309.6,0.0
15,2026-09-01T14:00:00,33.6,44.7,3.0,306.1,0.0
1,2026-09-01T15:00:00,33.2,45.0,3.7,312.4,0.0
2,2026-09-01T15:00:00,33.0,43.3,3.3,315.7,0.0
3,2026-09-01T15:00:00,32.1,41.0,3.5,319.8,0.0
4,2026-09-01T15:00:00,34.2,44.7,3.6,310.1,0.0
5,2026-09-01T15:00:00,32.2,48.1,3.3,325.1,0.0
6,2026-09-01T15:00:00,32.3,44.8,3.5,298.6,0.0
7,2026-09-01T15:00:00,32.2,47.2,3.5,319.3,0.0
8,2026-09-01T15:00:00,33.1,46.9,3.3,292.2,0.0
9,2026-09-01T15:00:00,32.8,48.1,3.5,297.4,0.0
10,2026-09-01T15:00:00,32.3,45.9,3.4,317.2,0.0
11,2026-09-01T15:00:00,32.8,46.0,3.3,301.2,0.0
12,2026-09-01T15:00:00,32.0,44.2,3.7,313.8,0.0
13,2026-09-01T15:00:00,32.7,46.2,3.2,311.1,0.0
14,2026-09-01T15:00:00,32.6,45.2,3.5,319.3,0.0
15,2026-09-01T15:00:00,33.8,45.8,3.3,318.5,0.0
1,2026-09-01T16:00:00,31.9,47.2,3.3,305.4,0.0
2,2026-09-01T16:00:00,33.0,46.0,3.6,305.9,0.0
3,2026-09-01T16:00:00,32.1,47.1,3.8,324.3,0.0
4,2026-09-01T16:00:00,32.6,47.4,3.6,319.2,0.0
5,2026-09-01T16:00:00,32.3,45.7,3.6,326.4,0.0
6,2026-09-01T16:00:00,32.8,47.1,3.0,314.3,0.0
7,2026-09-01T16:00:00,31.5,47.6,3.9,306.6,0.0
8,2026-09-01T16:00:00,31.5,45.1,3.8,317.0,0.0
9,2026-09-01T16:00:00,32.6,49.6,3.2,306.4,0.0
10,2026-09-01T16:00:00,32.3,46.8,3.9,302.4,0.0
11,2026-09-01T16:00:00,33.1,45.6,3.6,323.2,0.0
12,2026-09-01T16:00:00,32.5,47.5,3.8,329.1,0.0
13,2026-09-01T16:00:00,31.9,46.7,3.8,320.1,0.0
14,2026-09-01T16:00:00,32.2,44.8,3.1,323.3,0.0
15,2026-09-01T16:00:00,32.1,44.5,4.1,313.0,0.0
1,2026-09-01T17:00:00,31.0,50.8,3.6,293.2,0.0
2,2026-09-01T17:00:00,31.4,48.1,3.9,325.5,0.0
3,2026-09-01T17:00:00,32.2,50.5,3.7,301.1,0.0
4,2026-09-01T17:00:00,30.9,48.8,3.7,319.8,0.0
5,2026-09-01T17:00:00,32.1,46.5,3.4,318.6,0.0
6,2026-09-01T17:00:00,32.1,47.1,3.8,327.0,0.0
7,2026-09-01T17:00:00,32.0,46.8,4.0,307.0,0.0
8,2026-09-01T17:00:00,31.4,48.6,3.7,327.1,0.0
9,2026-09-01T17:00:00,31.2,47.4,3.8,308.0,0.0
10,2026-09-01T17:00:00,31.9,46.1,4.0,314.4,0.0
11,2026-09-01T17:00:00,32.3,52.9,3.9,308.2,0.0
12,2026-09-01T17:00:00,31.0,45.7,3.6,318.6,0.0
13,2026-09-01T17:00:00,31.7,45.2,3.7,309.9,0.0
14,2026-09-01T17:00:00,31.4,49.6,3.5,303.3,0.0
15,2026-09-01T17:00:00,33.4,50.9,3.5,302.1,0.0
1,2026-09-01T18:00:00,30.5,53.8,3.5,314.8,0.0
2,2026-09-01T18:00:00,31.7,49.8,3.9,313.8,0.0
3,2026-09-01T18:00:00,30.7,50.4,4.2,305.0,0.0
4,2026-09-01T18:00:00,29.5,48.5,4.1,328.7,0.0
5,2026-09-01T18:00:00,31.8,52.3,3.7,313.3,0.0
6,2026-09-01T18:00:00,30.5,49.2,4.0,305.4,0.0
7,2026-09-01T18:00:00,31.0,54.1,4.0,296.8,0.0
8,2026-09-01T18:00:00,30.0,51.7,3.5,305.7,0.0
9,2026-09-01T18:00:00,30.1,51.5,3.8,309.7,0.0
10,2026-09-01T18:00:00,30.1,51.5,3.6,295.9,0.0
11,2026-09-01T18:00:00,31.4,54.4,4.3,310.5,0.0
12,2026-09-01T18:00:00,30.2,51.0,4.2,314.7,0.0
13,2026-09-01T18:00:00,31.1,51.7,3.9,326.4,0.0
14,2026-09-01T18:00:00,30.5,53.5,3.7,293.7,0.0
15,2026-09-01T18:00:00,30.4,49.3,3.5,308.8,0.0
1,2026-09-01T19:00:00,29.3,56.9,4.0,292.4,0.0
2,2026-09-01T19:00:00,29.3,54.8,3.7,301.4,0.0
3,2026-09-01T19:00:00,29.3,53.0,3.8,307.9,0.0
4,2026-09-01T19:00:00,29.4,53.6,3.6,286.6,0.0
5,2026-09-01T19:00:00,29.1,57.7,4.3,315.0,0.0
6,2026-09-01T19:00:00,29.1,55.4,3.6,311.8,0.0
7,2026-09-01T19:00:00,30.2,54.9,3.6,306.0,0.0
8,2026-09-01T19:00:00,29.5,56.5,4.0,291.6,0.0
9,2026-09-01T19:00:00,29.9,57.3,3.7,308.2,0.0
10,2026-09-01T19:00:00,29.3,56.1,3.7,288.2,0.0
11,2026-09-01T19:00:00,28.3,56.9,3.8,297.2,0.0
12,2026-09-01T19:00:00,28.7,56.4,3.7,302.9,0.0
13,2026-09-01T19:00:00,28.8,55.4,3.6,301.9,0.0
14,2026-09-01T19:00:00,28.6,58.3,3.6,300.9,0.0
15,2026-09-01T19:00:00,28.8,56.3,3.9,286.9,0.0
1,2026-09-01T20:00:00,27.1,58.1,3.7,282.4,0.0
2,2026-09-01T20:00:00,27.2,61.7,3.8,282.0,0.0
3,2026-09-01T20:00:00,28.0,59.3,3.9,298.6,0.0
4,2026-09-01T20:00:00,27.5,57.5,4.2,299.7,0.0
5,2026-09-01T20:00:00,27.1,60.9,3.5,305.7,0.0
6,2026-09-01T20:00:00,28.1,60.6,3.5,299.0,0.0
7,2026-09-01T20:00:00,27.6,62.7,3.8,304.3,0.0
8,2026-09-01T20:00:00,27.5,59.9,3.4,294.6,0.0
9,2026-09-01T20:00:00,27.1,59.1,3.3,313.0,0.0
10,2026-09-01T20:00:00,27.2,60.7,3.1,318.6,0.0
11,2026-09-01T20:00:00,27.1,62.8,3.5,313.5,0.0
12,2026-09-01T20:00:00,27.4,62.5,3.6,308.0,0.0
13,2026-09-01T20:00:00,28.0,60.8,3.3,289.6,0.0
14,2026-09-01T20:00:00,26.4,59.5,3.5,299.0,0.0
15,2026-09-01T20:00:00,27.6,57.2,3.7,300.8,0.0
1,2026-09-01T21:00:00,26.2,64.4,3.3,315.0,0.0
2,2026-09-01T21:00:00,26.7,64.7,3.0,299.8,0.0
3,2026-09-01T21:00:00,26.0,65.1,3.8,289.0,0.0
4,2026-09-01T21:00:00,25.1,62.9,3.6,299.3,0.0
5,2026-09-01T21:00:00,25.8,62.5,3.3,298.3,0.0
6,2026-09-01T21:00:00,25.5,62.0,3.5,298.8,0.0
7,2026-09-01T21:00:00,24.9,62.3,3.5,310.8,0.0
8,2026-09-01T21:00:00,24.9,65.7,3.5,291.9,0.0
9,2026-09-01T21:00:00,24.2,63.6,3.4,297.8,0.0
10,2026-09-01T21:00:00,25.1,65.1,3.3,300.2,0.0
11,2026-09-01T21:00:00,24.8,63.5,3.6,309.5,0.0
12,2026-09-01T21:00:00,25.4,62.6,3.3,293.7,0.0
13,2026-09-01T21:00:00,24.9,67.8,3.6,304.4,0.0
14,2026-09-01T21:00:00,26.4,64.4,3.6,299.0,0.0
15,2026-09-01T21:00:00,24.6,66.2,3.0,298.9,0.0
1,2026-09-01T22:00:00,23.8,71.5,3.2,294.1,0.0
2,2026-09-01T22:00:00,23.8,67.0,3.0,290.6,0.0
3,2026-09-01T22:00:00,23.7,68.1,3.4,289.7,0.0
4,2026-09-01T22:00:00,23.0,71.9,3.3,293.0,0.0
5,2026-09-01T22:00:00,24.1,71.4,3.5,287.1,0.0
6,2026-09-01T22:00:00,22.3,68.5,3.5,289.7,0.0
7,2026-09-01T22:00:00,23.9,67.7,3.5,291.7,0.0
8,2026-09-01T22:00:00,23.2,70.6,3.1,299.5,0.0
9,2026-09-01T22:00:00,24.7,70.1,3.5,289.6,0.0
10,2026-09-01T22:00:00,25.4,68.1,3.2,300.5,0.0
11,2026-09-01T22:00:00,24.2,70.4,3.4,308.1,0.0
12,2026-09-01T22:00:00,25.0,71.9,3.6,281.6,0.0
13,2026-09-01T22:00:00,23.2,67.7,3.0,299.6,0.0
14,2026-09-01T22:00:00,23.8,65.6,3.5,293.0,0.0
15,2026-09-01T22:00:00,25.2,67.8,3.3,309.6,0.0
1,2026-09-01T23:00:00,22.7,69.8,3.2,281.7,0.0
2,2026-09-01T23:00:00,21.9,75.3,3.1,295.6,0.0
3,2026-09-01T23:00:00,22.4,71.6,3.1,295.5,0.0
4,2026-09-01T23:00:00,24.2,73.3,3.0,295.1,0.0
5,2026-09-01T23:00:00,23.4,68.7,2.9,286.2,0.0
6,2026-09-01T23:00:00,22.3,71.5,3.3,281.1,0.0
7,2026-09-01T23:00:00,21.8,74.0,3.5,289.1,0.0
8,2026-09-01T23:00:00,22.6,75.3,2.9,280.5,0.0
9,2026-09-01T23:00:00,23.1,70.4,2.8,297.4,0.0
10,2026-09-01T23:00:00,23.0,72.5,2.8,268.8,0.0
11,2026-09-01T23:00:00,23.0,72.9,3.0,305.0,0.0
12,2026-09-01T23:00:00,22.6,69.4,2.9,276.6,0.0
13,2026-09-01T23:00:00,22.2,73.5,2.9,308.6,0.0
14,2026-09-01T23:00:00,22.3,71.1,3.4,280.7,0.0
15,2026-09-01T23:00:00,23.2,72.1,3.1,299.3,0.0
1,2026-09-02T00:00:00,20.7,75.0,2.7,282.4,0.0
2,2026-09-02T00:00:00,21.5,76.2,2.9,290.3,0.0
3,2026-09-02T00:00:00,21.8,76.1,2.8,278.7,0.0
4,2026-09-02T00:00:00,21.0,76.2,2.5,279.2,0.0
5,2026-09-02T00:00:00,21.7,73.6,2.9,297.0,0.0
6,2026-09-02T00:00:00,21.4,75.3,2.5,287.5,0.0
7,2026-09-02T00:00:00,21.0,75.4,2.7,279.4,0.0
8,2026-09-02T00:00:00,22.4,79.8,2.8,272.9,0.0
9,2026-09-02T00:00:00,21.4,77.0,3.0,268.2,0.0
10,2026-09-02T00:00:00,21.1,76.3,2.7,258.5,0.0
11,2026-09-02T00:00:00,21.0,77.5,3.1,270.6,0.0
12,2026-09-02T00:00:00,21.4,76.5,3.1,278.3,0.0
13,2026-09-02T00:00:00,21.5,77.0,3.2,296.6,0.0
14,2026-09-02T00:00:00,20.8,79.3,2.9,259.6,0.0
15,2026-09-02T00:00:00,21.5,81.0,2.4,272.8,0.0
1,2026-09-02T01:00:00,21.0,76.7,2.6,294.5,0.0
2,2026-09-02T01:00:00,19.6,75.3,2.4,298.1,0.0
3,2026-09-02T01:00:00,20.6,77.3,2.5,267.0,0.0
4,2026-09-02T01:00:00,20.7,81.5,2.6,292.5,0.0
5,2026-09-02T01:00:00,21.8,81.1,2.3,269.3,0.0
6,2026-09-02T01:00:00,21.2,78.5,2.2,293.4,0.0
7,2026-09-02T01:00:00,20.0,77.4,2.6,277.7,0.0
8,2026-09-02T01:00:00,20.6,80.5,2.1,285.6,0.0
9,2026-09-02T01:00:00,19.7,79.3,2.8,288.9,0.0
10,2026-09-02T01:00:00,20.1,78.9,2.2,271.7,0.0
11,2026-09-02T01:00:00,20.2,78.3,2.5,284.6,0.0
12,2026-09-02T01:00:00,20.7,79.3,2.7,274.4,0.0
13,2026-09-02T01:00:00,20.7,79.2,2.5,272.7,0.0
14,2026-09-02T01:00:00,21.2,79.7,2.4,288.5,0.0
15,2026-09-02T01:00:00,20.9,77.1,2.6,292.3,0.0
1,2026-09-02T02:00:00,20.6,78.1,2.4,280.2,0.0
2,2026-09-02T02:00:00,19.5,78.3,2.6,290.0,0.0
3,2026-09-02T02:00:00,20.2,77.4,2.2,274.8,0.0
4,2026-09-02T02:00:00,20.7,82.9,2.3,274.4,0.0
5,2026-09-02T02:00:00,19.9,80.0,2.8,258.9,0.0
6,2026-09-02T02:00:00,19.8,77.4,2.2,273.8,0.0
7,2026-09-02T02:00:00,19.4,77.6,2.5,275.8,0.0
8,2026-09-02T02:00:00,20.1,83.5,2.1,255.7,0.0
9,2026-09-02T02:00:00,19.7,78.9,2.2,261.2,0.0
10,2026-09-02T02:00:00,18.8,79.7,1.8,263.1,0.0
11,2026-09-02T02:00:00,20.2,80.7,2.4,266.5,0.0
12,2026-09-02T02:00:00,20.1,79.3,2.4,273.0,0.0
13,2026-09-02T02:00:00,19.5,78.9,1.7,280.3,0.0
14,2026-09-02T02:00:00,19.3,76.6,2.1,276.4,0.0
15,2026-09-02T02:00:00,19.7,82.0,2.2,288.6,0.0
1,2026-09-02T03:00:00,20.7,77.3,2.0,265.7,0.0
2,2026-09-02T03:00:00,19.4,82.0,2.0,263.1,0.0
3,2026-09-02T03:00:00,20.8,77.9,2.0,275.9,0.0
4,2026-09-02T03:00:00,20.0,80.7,2.0,260.3,0.0
5,2026-09-02T03:00:00,19.4,77.2,1.7,272.5,0.0
6,2026-09-02T03:00:00,19.6,79.6,1.7,278.4,0.0
7,2026-09-02T03:00:00,20.5,80.9,2.1,279.4,0.0
8,2026-09-02T03:00:00,20.4,79.3,2.2,278.8,0.0
9,2026-09-02T03:00:00,20.4,78.5,2.4,256.9,0.0
10,2026-09-02T03:00:00,20.6,78.0,1.4,271.5,0.0
11,2026-09-02T03:00:00,20.5,82.6,1.8,272.7,0.0
12,2026-09-02T03:00:00,19.7,76.9,2.1,281.0,0.0
13,2026-09-02T03:00:00,20.4,78.3,2.0,258.2,0.0
14,2026-09-02T03:00:00,20.0,80.5,2.3,276.8,0.0
15,2026-09-02T03:00:00,21.3,82.2,2.2,252.0,0.0
1,2026-09-02T04:00:00,21.4,78.2,2.0,277.8,0.0
2,2026-09-02T04:00:00,19.5,77.8,2.4,258.9,0.0
3,2026-09-02T04:00:00,20.2,79.7,1.7,266.3,0.0
4,2026-09-02T04:00:00,19.7,79.7,1.9,271.3,0.0
5,2026-09-02T04:00:00,20.1,80.8,1.9,267.8,0.0
6,2026-09-02T04:00:00,20.1,78.1,1.5,274.4,0.0
7,2026-09-02T04:00:00,21.8,81.6,2.2,259.3,0.0
8,2026-09-02T04:00:00,19.5,79.2,2.0,274.3,0.0
9,2026-09-02T04:00:00,20.2,78.9,1.5,269.0,0.0
10,2026-09-02T04:00:00,19.9,79.2,2.1,269.4,0.0
11,2026-09-02T04:00:00,21.5,79.7,1.8,265.0,0.0
12,2026-09-02T04:00:00,21.5,75.2,2.1,259.6,0.0
13,2026-09-02T04:00:00,20.6,79.0,2.1,264.8,0.0
14,2026-09-02T04:00:00,20.4,78.8,2.1,260.7,0.0
15,2026-09-02T04:00:00,19.8,77.6,1.9,259.8,0.0
1,2026-09-02T05:00:00,21.0,76.1,1.7,252.1,0.0
2,2026-09-02T05:00:00,19.8,75.9,1.7,263.9,0.0
3,2026-09-02T05:00:00,21.6,76.9,2.0,278.9,0.0
4,2026-09-02T05:00:00,21.5,76.8,2.2,260.0,0.0
5,2026-09-02T05:00:00,21.9,75.1,1.8,260.0,0.0
6,2026-09-02T05:00:00,21.9,74.6,1.8,261.5,0.0
7,2026-09-02T05:00:00,22.1,72.0,1.9,265.1,0.0
8,2026-09-02T05:00:00,21.7,73.2,1.9,262.6,0.0
9,2026-09-02T05:00:00,20.8,74.4,2.0,234.0,0.0
10,2026-09-02T05:00:00,21.4,75.8,1.9,259.3,0.0
11,2026-09-02T05:00:00,21.3,78.5,1.2,270.9,0.0
12,2026-09-02T05:00:00,20.7,74.9,1.7,258.5,0.0
13,2026-09-02T05:00:00,21.4,73.6,1.7,269.5,0.0
14,2026-09-02T05:00:00,21.7,75.0,1.9,278.8,0.0
15,2026-09-02T05:00:00,21.5,72.8,1.8,267.4,0.0
1,2026-09-02T06:00:00,22.2,70.8,1.3,248.6,0.0
2,2026-09-02T06:00:00,22.3,73.5,1.6,260.7,0.0
3,2026-09-02T06:00:00,21.9,74.6,1.7,253.0,0.0
4,2026-09-02T06:00:00,21.8,70.3,1.6,265.7,0.0
5,2026-09-02T06:00:00,22.6,75.7,1.8,259.7,0.0
6,2026-09-02T06:00:00,22.1,75.0,2.1,247.9,0.0
7,2026-09-02T06:00:00,23.5,72.8,2.2,262.9,0.0
8,2026-09-02T06:00:00,22.5,70.3,1.6,259.0,0.0
9,2026-09-02T06:00:00,22.7,74.3,1.8,252.7,0.0
10,2026-09-02T06:00:00,22.2,73.2,1.7,279.7,0.0
11,2026-09-02T06:00:00,22.8,73.3,1.6,253.7,0.0
12,2026-09-02T06:00:00,22.2,72.4,1.6,260.7,0.0
13,2026-09-02T06:00:00,23.1,70.6,1.9,249.7,0.0
14,2026-09-02T06:00:00,22.0,73.8,1.9,269.4,0.0
15,2026-09-02T06:00:00,22.2,74.6,2.3,257.7,0.0
1,2026-09-02T07:00:00,24.8,70.9,2.2,244.4,0.0
2,2026-09-02T07:00:00,24.6,67.8,1.9,254.0,0.0
3,2026-09-02T07:00:00,23.2,69.6,1.7,260.3,0.0
4,2026-09-02T07:00:00,23.8,66.9,1.3,257.3,0.0
5,2026-09-02T07:00:00,23.3,66.8,2.2,258.1,0.0
6,2026-09-02T07:00:00,24.4,67.6,2.0,244.7,0.0
7,2026-09-02T07:00:00,24.8,70.2,1.9,268.1,0.0
8,2026-09-02T07:00:00,24.0,69.3,1.5,257.2,0.0
9,2026-09-02T07:00:00,24.5,69.2,1.9,249.5,0.0
10,2026-09-02T07:00:00,22.9,69.6,2.0,250.2,0.0
11,2026-09-02T07:00:00,24.4,69.7,1.8,259.0,0.0
12,2026-09-02T07:00:00,23.8,67.1,1.8,268.8,0.0
13,2026-09-02T07:00:00,24.0,68.2,1.5,262.9,0.0
14,2026-09-02T07:00:00,24.1,69.4,2.0,253.4,0.0
15,2026-09-02T07:00:00,24.0,69.1,1.9,261.1,0.0
1,2026-09-02T08:00:00,25.5,66.0,1.6,255.0,0.0
2,2026-09-02T08:00:00,26.5,64.8,2.1,239.9,0.0
3,2026-09-02T08:00:00,25.7,62.6,1.8,252.5,0.0
4,2026-09-02T08:00:00,25.5,66.9,1.9,260.1,0.0
5,2026-09-02T08:00:00,25.7,67.2,1.8,253.7,0.0
6,2026-09-02T08:00:00,25.0,64.3,2.3,265.3,0.0
7,2026-09-02T08:00:00,26.3,63.8,1.9,249.6,0.0
8,2026-09-02T08:00:00,25.1,66.2,1.8,269.5,0.0
9,2026-09-02T08:00:00,25.4,63.7,2.2,258.2,0.0
10,2026-09-02T08:00:00,25.5,67.3,2.1,253.5,0.0
11,2026-09-02T08:00:00,25.6,68.8,1.9,255.9,0.0
12,2026-09-02T08:00:00,25.3,63.9,2.3,249.4,0.0
13,2026-09-02T08:00:00,25.8,62.5,2.2,243.0,0.0
14,2026-09-02T08:00:00,26.5,63.5,1.9,246.5,0.0
15,2026-09-02T08:00:00,25.8,65.6,1.6,249.3,0.0
1,2026-09-02T09:00:00,27.7,60.0,2.3,255.5,0.0
2,2026-09-02T09:00:00,27.8,60.4,2.0,245.1,0.0
3,2026-09-02T09:00:00,27.4,59.7,2.3,254.9,0.0
4,2026-09-02T09:00:00,26.8,60.5,2.5,253.8,0.0
5,2026-09-02T09:00:00,27.7,61.1,1.8,256.7,0.0
6,2026-09-02T09:00:00,26.9,61.3,2.6,248.0,0.0
7,2026-09-02T09:00:00,26.6,61.4,1.9,256.9,0.0
8,2026-09-02T09:00:00,26.8,59.5,1.8,254.7,0.0
9,2026-09-02T09:00:00,27.3,62.4,1.5,257.5,0.0
10,2026-09-02T09:00:00,27.6,60.1,1.6,234.6,0.0
11,2026-09-02T09:00:00,27.6,56.7,2.1,237.0,0.0
12,2026-09-02T09:00:00,27.2,61.4,1.9,265.5,0.0
13,2026-09-02T09:00:00,27.5,59.8,2.3,241.6,0.0
14,2026-09-02T09:00:00,27.5,62.0,2.0,232.6,0.0
15,2026-09-02T09:00:00,27.1,58.9,1.6,250.6,0.0
1,2026-09-02T10:00:00,29.8,54.3,2.4,246.1,0.0
2,2026-09-02T10:00:00,29.7,60.0,2.4,249.2,0.0
3,2026-09-02T10:00:00,28.6,51.2,2.1,234.0,0.0
4,2026-09-02T10:00:00,28.6,54.0,2.0,250.0,0.0
5,2026-09-02T10:00:00,28.5,58.0,2.2,252.1,0.0
6,2026-09-02T10:00:00,29.1,56.9,2.1,263.8,0.0
7,2026-09-02T10:00:00,28.6,55.0,2.1,259.8,0.0
8,2026-09-02T10:00:00,29.1,54.3,2.2,236.1,0.0
9,2026-09-02T10:00:00,29.6,57.4,2.0,251.9,0.0
10,2026-09-02T10:00:00,28.7,56.2,2.4,242.7,0.0
11,2026-09-02T10:00:00,29.3,55.1,2.5,257.4,0.0
12,2026-09-02T10:00:00,29.3,55.4,2.5,233.7,0.0
13,2026-09-02T10:00:00,28.7,58.6,2.2,252.6,0.0
14,2026-09-02T10:00:00,28.8,53.9,2.3,252.7,0.0
15,2026-09-02T10:00:00,28.6,54.5,2.2,258.0,0.0
1,2026-09-02T11:00:00,30.7,47.8,2.9,247.4,0.0
2,2026-09-02T11:00:00,30.3,57.3,2.8,247.0,0.0
3,2026-09-02T11:00:00,30.9,57.4,2.4,245.7,0.0
4,2026-09-02T11:00:00,31.2,51.3,2.3,259.6,0.0
5,2026-09-02T11:00:00,30.5,50.9,2.5,243.8,0.0
6,2026-09-02T11:00:00,29.5,48.6,2.5,221.5,0.0
7,2026-09-02T11:00:00,30.9,56.2,2.7,251.6,0.0
8,2026-09-02T11:00:00,30.1,51.8,2.6,261.3,0.0
9,2026-09-02T11:00:00,29.7,49.8,2.6,243.5,0.0
10,2026-09-02T11:00:00,29.7,52.1,2.4,227.2,0.0
11,2026-09-02T11:00:00,30.6,52.0,2.7,230.6,0.0
12,2026-09-02T11:00:00,30.2,52.7,2.6,247.1,0.0
13,2026-09-02T11:00:00,30.4,51.2,2.2,263.2,0.0
14,2026-09-02T11:00:00,31.2,52.7,2.4,253.3,0.0
15,2026-09-02T11:00:00,30.4,49.3,2.4,271.6,0.0
1,2026-09-02T12:00:00,31.1,47.4,2.4,242.0,0.0
2,2026-09-02T12:00:00,31.9,49.4,2.9,253.7,0.0
3,2026-09-02T12:00:00,32.3,49.0,2.6,241.1,0.0
4,2026-09-02T12:00:00,31.1,48.6,2.9,240.0,0.0
5,2026-09-02T12:00:00,32.5,46.8,3.0,236.5,0.0
6,2026-09-02T12:00:00,31.6,48.6,2.5,226.8,0.0
7,2026-09-02T12:00:00,31.3,47.2,2.8,247.8,0.0
8,2026-09-02T12:00:00,31.5,47.7,2.6,254.6,0.0
9,2026-09-02T12:00:00,31.7,50.0,3.1,252.5,0.0
10,2026-09-02T12:00:00,32.7,48.6,2.7,233.3,0.0
11,2026-09-02T12:00:00,32.8,47.3,2.7,250.6,0.0
12,2026-09-02T12:00:00,31.6,47.1,2.8,253.7,0.0
13,2026-09-02T12:00:00,32.1,47.9,2.8,248.4,0.0
14,2026-09-02T12:00:00,30.7,52.3,2.7,237.9,0.0
15,2026-09-02T12:00:00,31.1,47.5,2.9,241.7,0.0
1,2026-09-02T13:00:00,32.3,47.7,2.8,252.0,0.0
2,2026-09-02T13:00:00,33.2,48.3,3.4,253.2,0.0
3,2026-09-02T13:00:00,32.6,47.7,3.4,243.3,0.0
4,2026-09-02T13:00:00,32.4,43.6,3.1,236.8,0.0
5,2026-09-02T13:00:00,32.1,45.9,2.9,246.9,0.0
6,2026-09-02T13:00:00,31.9,46.2,3.1,246.8,0.0
7,2026-09-02T13:00:00,32.0,45.4,3.1,256.9,0.0
8,2026-09-02T13:00:00,33.1,45.9,3.0,248.4,0.0
9,2026-09-02T13:00:00,32.9,47.0,2.6,245.3,0.0
10,2026-09-02T13:00:00,32.3,45.1,2.6,238.7,0.0
11,2026-09-02T13:00:00,31.8,44.3,2.9,260.9,0.0
12,2026-09-02T13:00:00,32.8,47.5,3.1,239.8,0.0
13,2026-09-02T13:00:00,31.7,42.4,3.4,229.9,0.0
14,2026-09-02T13:00:00,32.6,46.4,3.0,238.7,0.0
15,2026-09-02T13:00:00,31.6,48.4,2.8,245.1,0.0
1,2026-09-02T14:00:00,32.3,46.4,3.1,239.0,0.0
2,2026-09-02T14:00:00,33.5,45.1,3.3,251.9,0.0
3,2026-09-02T14:00:00,32.6,43.9,3.4,219.3,0.0
4,2026-09-02T14:00:00,32.7,45.3,3.4,231.2,0.0
5,2026-09-02T14:00:00,32.8,45.1,3.1,225.5,0.0
6,2026-09-02T14:00:00,32.7,44.2,3.7,249.1,0.0
7,2026-09-02T14:00:00,33.3,46.1,3.6,245.7,0.0
8,2026-09-02T14:00:00,33.2,42.9,3.2,266.1,0.0
9,2026-09-02T14:00:00,33.0,45.7,3.5,252.7,0.0
10,2026-09-02T14:00:00,33.3,45.6,3.3,252.6,0.0
11,2026-09-02T14:00:00,31.6,43.9,3.6,251.4,0.0
12,2026-09-02T14:00:00,33.7,43.8,3.3,244.2,0.0
13,2026-09-02T14:00:00,33.0,45.9,3.3,245.0,0.0
14,2026-09-02T14:00:00,34.2,46.0,3.2,228.6,0.0
15,2026-09-02T14:00:00,33.0,41.8,3.3,253.0,0.0
1,2026-09-02T15:00:00,33.1,43.4,3.8,253.1,0.0
2,2026-09-02T15:00:00,32.5,45.7,3.2,246.3,0.0
3,2026-09-02T15:00:00,33.7,47.9,3.3,218.8,0.0
4,2026-09-02T15:00:00,33.1,42.6,3.3,257.8,0.0
5,2026-09-02T15:00:00,33.5,45.2,3.2,242.4,0.0
6,2026-09-02T15:00:00,32.9,43.5,3.7,238.4,0.0
7,2026-09-02T15:00:00,33.1,46.9,3.9,245.2,0.0
8,2026-09-02T15:00:00,33.4,44.6,3.5,255.7,0.0
9,2026-09-02T15:00:00,33.4,42.0,2.8,259.8,0.0
10,2026-09-02T15:00:00,32.0,44.7,3.4,245.1,0.0
11,2026-09-02T15:00:00,33.4,46.4,3.4,231.8,0.0
12,2026-09-02T15:00:00,32.7,43.2,2.6,250.7,0.0
13,2026-09-02T15:00:00,33.7,44.3,3.4,231.3,0.0
14,2026-09-02T15:00:00,33.0,44.2,4.0,249.0,0.0
15,2026-09-02T15:00:00,33.0,44.1,3.5,244.0,0.0
1,2026-09-02T16:00:00,32.7,46.6,3.6,229.6,0.0
2,2026-09-02T16:00:00,32.2,49.4,3.8,228.6,0.0
3,2026-09-02T16:00:00,32.7,46.2,3.4,248.7,0.0
4,2026-09-02T16:00:00,32.7,44.5,3.5,248.7,0.0
5,2026-09-02T16:00:00,32.5,42.2,3.9,235.2,0.0
6,2026-09-02T16:00:00,32.5,47.3,3.5,256.2,0.0
7,2026-09-02T16:00:00,32.6,45.3,4.4,243.8,0.0
8,2026-09-02T16:00:00,31.8,45.1,3.7,254.6,0.0
9,2026-09-02T16:00:00,31.5,49.7,3.1,244.4,0.0
10,2026-09-02T16:00:00,32.7,45.9,3.8,241.2,0.0
11,2026-09-02T16:00:00,32.7,46.9,3.1,234.8,0.0
12,2026-09-02T16:00:00,31.8,45.9,3.5,249.4,0.0
13,2026-09-02T16:00:00,32.7,46.9,3.4,230.0,0.0
14,2026-09-02T16:00:00,31.6,42.5,3.8,235.7,0.0
15,2026-09-02T16:00:00,33.4,44.7,3.8,238.6,0.0
1,2026-09-02T17:00:00,31.3,47.5,3.7,231.7,0.0
2,2026-09-02T17:00:00,32.7,50.0,4.1,254.6,0.0
3,2026-09-02T17:00:00,31.2,47.1,3.4,266.4,0.0
4,2026-09-02T17:00:00,32.6,50.5,3.7,261.6,0.0
5,2026-09-02T17:00:00,31.6,43.4,3.5,245.8,0.0
6,2026-09-02T17:00:00,31.0,50.6,3.8,233.2,0.0
7,2026-09-02T17:00:00,30.6,47.1,3.9,250.5,0.0
8,2026-09-02T17:00:00,31.2,48.3,4.0,257.2,0.0
9,2026-09-02T17:00:00,30.9,50.0,4.1,272.0,0.0
10,2026-09-02T17:00:00,31.4,48.9,3.3,237.3,0.0
11,2026-09-02T17:00:00,31.2,52.4,3.7,270.2,0.0
12,2026-09-02T17:00:00,32.7,48.4,3.8,249.7,0.0
13,2026-09-02T17:00:00,31.1,51.5,3.8,254.6,0.0
14,2026-09-02T17:00:00,30.9,49.2,4.0,259.1,0.0
15,2026-09-02T17:00:00,31.1,47.6,3.5,243.4,0.0
1,2026-09-02T18:00:00,30.6,52.1,3.8,240.5,0.0
2,2026-09-02T18:00:00,30.3,52.1,4.4,249.5,0.0
3,2026-09-02T18:00:00,30.1,52.1,3.3,245.0,0.0
4,2026-09-02T18:00:00,31.8,51.2,4.0,264.4,0.0
5,2026-09-02T18:00:00,30.7,54.0,3.5,259.7,0.0
6,2026-09-02T18:00:00,30.2,56.1,3.8,259.5,0.0
7,2026-09-02T18:00:00,30.5,50.3,3.9,258.9,0.0
8,2026-09-02T18:00:00,31.2,52.1,4.2,255.4,0.0
9,2026-09-02T18:00:00,30.6,52.6,4.0,252.6,0.0
10,2026-09-02T18:00:00,30.1,52.3,3.9,245.1,0.0
11,2026-09-02T18:00:00,31.1,50.1,3.9,243.5,0.0
12,2026-09-02T18:00:00,30.4,52.1,3.9,248.8,0.0
13,2026-09-02T18:00:00,30.3,51.9,4.0,244.0,0.0
14,2026-09-02T18:00:00,30.2,51.8,3.8,261.8,0.0
15,2026-09-02T18:00:00,31.0,51.0,3.4,265.1,0.0
1,2026-09-02T19:00:00,29.0,53.0,3.7,246.1,0.0
2,2026-09-02T19:00:00,27.8,53.4,4.2,262.4,0.0
3,2026-09-02T19:00:00,29.0,54.5,3.3,274.8,0.0
4,2026-09-02T19:00:00,27.9,52.6,3.9,254.8,0.0
5,2026-09-02T19:00:00,28.3,58.7,4.3,273.9,0.0
6,2026-09-02T19:00:00,28.4,53.8,3.9,239.2,0.0
7,2026-09-02T19:00:00,29.3,55.2,3.7,274.1,0.0
8,2026-09-02T19:00:00,27.6,57.2,3.8,265.4,0.0
9,2026-09-02T19:00:00,28.0,57.6,3.9,261.7,0.0
10,2026-09-02T19:00:00,29.1,55.1,3.7,262.8,0.0
11,2026-09-02T19:00:00,29.0,57.5,3.6,256.6,0.0
12,2026-09-02T19:00:00,28.7,53.9,3.6,254.5,0.0
13,2026-09-02T19:00:00,28.6,54.7,4.0,265.4,0.0
14,2026-09-02T19:00:00,29.6,54.4,3.7,259.8,0.0
15,2026-09-02T19:00:00,27.8,57.6,4.0,266.5,0.0
1,2026-09-02T20:00:00,28.3,58.7,3.4,257.2,0.0
2,2026-09-02T20:00:00,27.0,61.3,3.5,244.6,0.0
3,2026-09-02T20:00:00,27.1,59.5,3.6,255.9,0.0
4,2026-09-02T20:00:00,27.1,62.5,3.7,259.5,0.0
5,2026-09-02T20:00:00,26.2,57.1,3.6,252.7,0.0
6,2026-09-02T20:00:00,27.2,56.1,4.0,276.6,0.0
7,2026-09-02T20:00:00,26.5,60.3,3.7,279.7,0.0
8,2026-09-02T20:00:00,27.3,57.7,3.8,271.4,0.0
9,2026-09-02T20:00:00,27.0,56.9,3.4,252.0,0.0
10,2026-09-02T20:00:00,27.3,60.8,3.8,272.1,0.0
11,2026-09-02T20:00:00,28.2,61.1,3.6,268.4,0.0
12,2026-09-02T20:00:00,26.9,62.9,3.5,263.8,0.0
13,2026-09-02T20:00:00,27.3,59.1,3.6,253.8,0.0
14,2026-09-02T20:00:00,27.8,58.6,3.3,267.7,0.0
15,2026-09-02T20:00:00,26.7,59.3,3.6,242.3,0.0
1,2026-09-02T21:00:00,25.6,65.9,3.4,249.8,0.0
2,2026-09-02T21:00:00,26.2,69.9,3.4,241.8,0.0
3,2026-09-02T21:00:00,25.1,64.2,3.7,242.2,0.0
4,2026-09-02T21:00:00,25.9,65.8,3.6,280.7,0.0
5,2026-09-02T21:00:00,25.9,62.3,3.8,250.4,0.0
6,2026-09-02T21:00:00,24.7,62.9,3.3,275.6,0.0
7,2026-09-02T21:00:00,25.4,66.2,3.4,261.8,0.0
8,2026-09-02T21:00:00,25.3,65.5,3.6,268.3,0.0
9,2026-09-02T21:00:00,25.3,62.9,3.3,269.5,0.0
10,2026-09-02T21:00:00,25.9,62.8,3.4,268.7,0.0
11,2026-09-02T21:00:00,25.5,67.2,3.7,276.5,0.0
12,2026-09-02T21:00:00,25.8,65.7,3.6,249.6,0.0
13,2026-09-02T21:00:00,25.3,63.0,3.5,274.1,0.0
14,2026-09-02T21:00:00,23.9,64.2,3.4,273.0,0.0
15,2026-09-02T21:00:00,24.5,67.2,3.9,256.3,0.0
1,2026-09-02T22:00:00,24.4,70.0,3.1,262.1,0.0
2,2026-09-02T22:00:00,23.3,73.2,3.5,276.2,0.0
3,2026-09-02T22:00:00,22.7,67.2,2.9,257.5,0.0
4,2026-09-02T22:00:00,23.6,68.5,3.2,259.0,0.0
5,2026-09-02T22:00:00,23.7,70.3,3.3,250.8,0.0
6,2026-09-02T22:00:00,23.6,69.8,3.4,263.2,0.0
7,2026-09-02T22:00:00,24.0,68.7,3.3,268.9,0.0
8,2026-09-02T22:00:00,24.2,70.5,3.0,264.5,0.0
9,2026-09-02T22:00:00,24.1,66.4,3.4,263.9,0.0
10,2026-09-02T22:00:00,23.7,67.5,3.3,268.0,0.0
11,2026-09-02T22:00:00,24.6,67.2,3.2,279.7,0.0
12,2026-09-02T22:00:00,23.8,69.3,3.2,255.0,0.0
13,2026-09-02T22:00:00,24.9,67.7,3.2,268.7,0.0
14,2026-09-02T22:00:00,24.2,64.7,3.4,277.5,0.0
15,2026-09-02T22:00:00,24.1,71.7,2.9,261.9,0.0
1,2026-09-02T23:00:00,21.5,72.4,3.8,260.7,0.0
2,2026-09-02T23:00:00,21.9,73.0,2.9,266.1,0.0
3,2026-09-02T23:00:00,23.8,73.4,3.1,275.9,0.0
4,2026-09-02T23:00:00,23.6,74.4,2.5,261.4,0.0
5,2026-09-02T23:00:00,23.0,72.9,3.3,274.2,0.0
6,2026-09-02T23:00:00,23.3,70.2,3.2,282.1,0.0
7,2026-09-02T23:00:00,22.0,71.5,3.0,283.2,0.0
8,2026-09-02T23:00:00,22.3,69.9,2.9,256.7,0.0
9,2026-09-02T23:00:00,23.7,76.5,3.1,265.5,0.0
10,2026-09-02T23:00:00,23.6,72.3,3.0,273.9,0.0
11,2026-09-02T23:00:00,23.7,71.6,2.9,265.3,0.0
12,2026-09-02T23:00:00,23.1,71.7,3.1,265.8,0.0
13,2026-09-02T23:00:00,22.0,76.5,2.9,279.9,0.0
14,2026-09-02T23:00:00,22.4,72.0,3.2,280.9,0.0
15,2026-09-02T23:00:00,22.7,73.1,3.0,254.7,0.0
1,2026-09-03T00:00:00,20.9,74.2,2.3,275.7,0.0
2,2026-09-03T00:00:00,21.3,73.7,2.6,264.2,0.0
3,2026-09-03T00:00:00,20.9,77.1,2.6,270.1,0.0
4,2026-09-03T00:00:00,20.7,81.0,3.1,262.6,0.0
5,2026-09-03T00:00:00,21.2,74.4,3.2,265.1,0.0
6,2026-09-03T00:00:00,22.2,75.6,3.0,280.2,0.0
7,2026-09-03T00:00:00,20.2,75.2,3.2,285.5,0.0
8,2026-09-03T00:00:00,21.4,79.6,2.6,257.9,0.0
9,2026-09-03T00:00:00,21.4,75.0,2.9,277.7,0.0
10,2026-09-03T00:00:00,22.2,76.4,3.3,287.1,0.0
11,2026-09-03T00:00:00,21.2,77.1,3.0,282.0,0.0
12,2026-09-03T00:00:00,21.7,78.1,2.8,274.9,0.0
13,2026-09-03T00:00:00,20.8,75.0,2.8,271.3,0.0
14,2026-09-03T00:00:00,22.2,79.0,3.2,289.0,0.0
15,2026-09-03T00:00:00,22.1,78.1,2.1,273.3,0.0
1,2026-09-03T01:00:00,19.7,77.7,2.3,283.2,0.0
2,2026-09-03T01:00:00,19.3,80.5,2.8,276.1,0.0
3,2026-09-03T01:00:00,20.5,78.5,2.7,274.4,0.0
4,2026-09-03T01:00:00,21.2,78.7,2.7,252.1,0.0
5,2026-09-03T01:00:00,20.3,78.3,2.6,270.6,0.0
6,2026-09-03T01:00:00,21.3,78.2,2.3,292.9,0.0
7,2026-09-03T01:00:00,20.3,74.9,2.3,273.5,0.0
8,2026-09-03T01:00:00,19.9,78.6,2.3,267.2,0.0
9,2026-09-03T01:00:00,20.9,78.0,2.6,277.0,0.0
10,2026-09-03T01:00:00,21.3,78.4,2.3,271.0,0.0
11,2026-09-03T01:00:00,20.2,78.6,2.4,271.6,0.0
12,2026-09-03T01:00:00,19.4,77.4,2.6,287.2,0.0
13,2026-09-03T01:00:00,20.7,79.5,2.5,263.2,0.0
14,2026-09-03T01:00:00,19.8,75.0,2.8,274.0,0.0
15,2026-09-03T01:00:00,20.0,78.5,2.7,266.6,0.0
1,2026-09-03T02:00:00,20.7,78.6,1.8,278.2,0.0
2,2026-09-03T02:00:00,18.8,83.7,2.3,291.4,0.0
3,2026-09-03T02:00:00,20.4,82.7,2.5,283.7,0.0
4,2026-09-03T02:00:00,21.5,79.2,2.0,296.1,0.0
5,2026-09-03T02:00:00,19.1,83.5,2.0,268.3,0.0
6,2026-09-03T02:00:00,19.4,82.9,2.3,291.2,0.0
7,2026-09-03T02:00:00,19.6,78.1,2.4,279.2,0.0
8,2026-09-03T02:00:00,18.9,77.2,2.3,284.7,0.0
9,2026-09-03T02:00:00,19.8,80.0,2.4,287.0,0.0
10,2026-09-03T02:00:00,20.3,82.3,2.8,284.7,0.0
11,2026-09-03T02:00:00,19.9,79.6,2.9,289.4,0.0
12,2026-09-03T02:00:00,19.6,82.3,2.3,292.3,0.0
13,2026-09-03T02:00:00,20.6,77.4,2.8,284.3,0.0
14,2026-09-03T02:00:00,19.7,78.9,2.1,295.8,0.0
15,2026-09-03T02:00:00,20.0,78.5,2.4,284.1,0.0
1,2026-09-03T03:00:00,20.3,76.6,1.9,301.5,0.0
2,2026-09-03T03:00:00,19.1,83.1,2.4,289.7,0.0
3,2026-09-03T03:00:00,20.1,82.0,2.1,271.7,0.0
4,2026-09-03T03:00:00,19.5,81.4,1.9,302.3,0.0
5,2026-09-03T03:00:00,19.6,81.0,1.8,308.5,0.0
6,2026-09-03T03:00:00,19.3,83.4,2.5,294.7,0.0
7,2026-09-03T03:00:00,19.9,78.4,2.3,293.0,0.0
8,2026-09-03T03:00:00,21.2,79.3,2.0,291.2,0.0
9,2026-09-03T03:00:00,19.7,80.9,2.2,302.7,0.0
10,2026-09-03T03:00:00,18.7,79.4,1.7,295.4,0.0
11,2026-09-03T03:00:00,19.8,79.8,2.1,286.6,0.0
12,2026-09-03T03:00:00,20.2,77.6,2.0,275.0,0.0
13,2026-09-03T03:00:00,21.1,84.9,1.7,295.4,0.0
14,2026-09-03T03:00:00,20.8,80.6,2.3,286.8,0.0
15,2026-09-03T03:00:00,19.7,77.4,1.9,296.7,0.0
1,2026-09-03T04:00:00,20.7,79.3,1.5,283.3,0.0
2,2026-09-03T04:00:00,19.1,79.0,1.9,310.7,0.0
3,2026-09-03T04:00:00,19.1,78.4,1.6,293.6,0.0
4,2026-09-03T04:00:00,20.9,78.8,2.4,294.6,0.0
5,2026-09-03T04:00:00,20.5,80.3,1.6,285.4,0.0
6,2026-09-03T04:00:00,20.6,79.5,2.2,277.5,0.0
7,2026-09-03T04:00:00,20.0,76.4,2.2,313.7,0.0
8,2026-09-03T04:00:00,21.0,81.1,2.1,293.0,0.0
9,2026-09-03T04:00:00,20.2,74.6,2.0,295.5,0.0
10,2026-09-03T04:00:00,19.6,76.6,1.7,291.3,0.0
11,2026-09-03T04:00:00,20.8,75.5,2.0,288.3,0.0
12,2026-09-03T04:00:00,19.2,78.6,1.8,279.4,0.0
13,2026-09-03T04:00:00,20.8,76.1,1.8,299.8,0.0
14,2026-09-03T04:00:00,20.0,78.5,1.7,299.5,0.0
15,2026-09-03T04:00:00,20.7,76.4,1.8,287.0,0.0
1,2026-09-03T05:00:00,22.2,74.4,1.6,293.6,0.0
2,2026-09-03T05:00:00,20.4,77.5,1.7,298.6,0.0
3,2026-09-03T05:00:00,21.9,77.7,2.1,289.0,0.0
4,2026-09-03T05:00:00,20.9,76.6,1.9,297.6,0.0
5,2026-09-03T05:00:00,21.3,77.3,2.1,293.7,0.0
6,2026-09-03T05:00:00,21.7,77.6,2.3,303.2,0.0
7,2026-09-03T05:00:00,21.5,75.9,2.0,277.4,0.0
8,2026-09-03T05:00:00,21.8,79.6,1.7,306.9,0.0
9,2026-09-03T05:00:00,21.6,75.3,1.8,295.5,0.0
10,2026-09-03T05:00:00,21.7,76.0,2.1,307.6,0.0
11,2026-09-03T05:00:00,21.2,77.0,1.9,284.2,0.0
12,2026-09-03T05:00:00,21.1,80.3,1.7,311.1,0.0
13,2026-09-03T05:00:00,21.1,76.4,2.2,299.9,0.0
14,2026-09-03T05:00:00,22.4,75.8,1.9,286.9,0.0
15,2026-09-03T05:00:00,21.8,75.1,1.8,300.7,0.0
1,2026-09-03T06:00:00,23.2,73.1,1.4,309.4,0.0
2,2026-09-03T06:00:00,22.4,74.0,2.0,299.3,0.0
3,2026-09-03T06:00:00,21.5,77.1,1.7,313.4,0.0
4,2026-09-03T06:00:00,22.6,75.3,1.6,296.8,0.0
5,2026-09-03T06:00:00,21.7,75.7,1.8,305.8,0.0
6,2026-09-03T06:00:00,22.6,73.4,1.8,297.3,0.0
7,2026-09-03T06:00:00,22.8,71.3,1.7,310.7,0.0
8,2026-09-03T06:00:00,23.0,73.0,1.9,293.1,0.0
9,2026-09-03T06:00:00,23.9,72.9,2.0,307.8,0.0
10,2026-09-03T06:00:00,22.8,74.1,2.3,298.2,0.0
11,2026-09-03T06:00:00,23.5,71.9,1.1,291.0,0.0
12,2026-09-03T06:00:00,24.3,71.5,2.2,320.3,0.0
13,2026-09-03T06:00:00,21.7,70.6,1.6,300.7,0.0
14,2026-09-03T06:00:00,21.4,72.2,1.5,291.2,0.0
15,2026-09-03T06:00:00,22.2,72.2,1.5,291.3,0.0
1,2026-09-03T07:00:00,23.8,69.2,1.8,310.2,0.0
2,2026-09-03T07:00:00,23.8,70.1,2.0,312.3,0.0
3,2026-09-03T07:00:00,23.9,70.7,1.8,318.4,0.0
4,2026-09-03T07:00:00,23.7,68.2,1.6,305.6,0.0
5,2026-09-03T07:00:00,23.9,66.7,1.5,314.5,0.0
6,2026-09-03T07:00:00,23.7,67.9,2.0,319.7,0.0
7,2026-09-03T07:00:00,23.6,68.3,2.2,311.2,0.0
8,2026-09-03T07:00:00,24.1,68.3,1.6,284.6,0.0
9,2026-09-03T07:00:00,24.2,70.2,1.9,301.2,0.0
10,2026-09-03T07:00:00,25.2,68.3,1.8,313.4,0.0
11,2026-09-03T07:00:00,23.8,71.1,1.9,319.7,0.0
12,2026-09-03T07:00:00,24.8,68.3,1.8,306.7,0.0
13,2026-09-03T07:00:00,23.3,69.3,1.0,303.4,0.0
14,2026-09-03T07:00:00,23.6,71.9,2.1,281.4,0.0
15,2026-09-03T07:00:00,24.6,70.6,1.5,314.2,0.0
1,2026-09-03T08:00:00,25.3,65.2,1.8,313.9,0.0
2,2026-09-03T08:00:00,25.1,64.9,1.6,317.7,0.0
3,2026-09-03T08:00:00,24.6,66.3,2.1,308.7,0.0
4,2026-09-03T08:00:00,24.8,65.2,1.8,315.5,0.0
5,2026-09-03T08:00:00,25.7,65.2,1.9,318.6,0.0
6,2026-09-03T08:00:00,25.0,61.2,1.8,289.0,0.0
7,2026-09-03T08:00:00,25.5,64.5,1.6,314.4,0.0
8,2026-09-03T08:00:00,25.9,64.8,2.2,296.0,0.0
9,2026-09-03T08:00:00,25.5,65.0,2.0,310.6,0.0
10,2026-09-03T08:00:00,25.3,63.5,1.5,311.2,0.0
11,2026-09-03T08:00:00,26.0,63.5,2.0,299.0,0.0
12,2026-09-03T08:00:00,25.6,66.4,2.0,300.1,0.0
13,2026-09-03T08:00:00,26.4,63.3,2.0,305.2,0.0
14,2026-09-03T08:00:00,26.1,64.3,2.3,323.1,0.0
15,2026-09-03T08:00:00,26.0,63.0,1.9,314.6,0.0
1,2026-09-03T09:00:00,28.7,60.4,2.3,331.1,0.0
2,2026-09-03T09:00:00,28.2,60.9,1.9,327.6,0.0
3,2026-09-03T09:00:00,27.2,57.8,2.5,289.8,0.0
4,2026-09-03T09:00:00,26.9,61.8,2.2,312.6,0.0
5,2026-09-03T09:00:00,27.9,58.4,2.4,318.2,0.0
6,2026-09-03T09:00:00,29.4,61.0,2.1,317.5,0.0
7,2026-09-03T09:00:00,27.2,60.7,2.4,312.6,0.0
8,2026-09-03T09:00:00,27.8,60.5,1.9,320.7,0.0
9,2026-09-03T09:00:00,28.8,61.6,1.8,314.1,0.0
10,2026-09-03T09:00:00,27.1,56.8,2.1,304.2,0.0
11,2026-09-03T09:00:00,28.5,60.9,2.3,320.6,0.0
12,2026-09-03T09:00:00,26.9,60.5,1.9,291.9,0.0
13,2026-09-03T09:00:00,26.9,59.3,2.0,318.7,0.0
14,2026-09-03T09:00:00,27.8,61.6,2.1,306.0,0.0
15,2026-09-03T09:00:00,27.4,59.9,1.9,296.8,0.0
1,2026-09-03T10:00:00,29.0,56.5,2.2,313.1,0.0
2,2026-09-03T10:00:00,29.0,54.2,2.8,321.9,0.0
3,2026-09-03T10:00:00,29.3,56.0,2.0,316.1,0.0
4,2026-09-03T10:00:00,28.2,54.1,2.3,310.3,0.0
5,2026-09-03T10:00:00,29.7,54.3,2.3,338.9,0.0
6,2026-09-03T10:00:00,29.5,56.1,2.1,321.3,0.0
7,2026-09-03T10:00:00,29.7,55.6,2.4,292.7,0.0
8,2026-09-03T10:00:00,28.4,56.3,2.3,322.4,0.0
9,2026-09-03T10:00:00,29.3,55.4,2.4,300.3,0.0
10,2026-09-03T10:00:00,28.8,56.1,2.1,319.7,0.0
11,2026-09-03T10:00:00,28.9,59.0,2.2,300.0,0.0
12,2026-09-03T10:00:00,28.3,57.1,2.1,306.1,0.0
13,2026-09-03T10:00:00,29.8,56.6,2.3,298.4,0.0
14,2026-09-03T10:00:00,29.3,54.8,2.1,306.4,0.0
15,2026-09-03T10:00:00,28.8,57.9,2.6,311.9,0.0
1,2026-09-03T11:00:00,30.4,50.8,2.9,304.1,0.0
2,2026-09-03T11:00:00,31.9,50.8,2.0,306.9,0.0
3,2026-09-03T11:00:00,30.5,52.9,2.4,319.7,0.0
4,2026-09-03T11:00:00,30.4,50.1,2.4,312.2,0.0
5,2026-09-03T11:00:00,30.7,54.3,2.3,299.4,0.0
6,2026-09-03T11:00:00,30.8,51.4,2.6,304.3,0.0
7,2026-09-03T11:00:00,29.7,50.5,2.4,310.7,0.0
8,2026-09-03T11:00:00,30.4,50.6,2.5,324.8,0.0
9,2026-09-03T11:00:00,30.7,48.7,2.8,319.1,0.0
10,2026-09-03T11:00:00,30.5,52.1,2.5,305.1,0.0
11,2026-09-03T11:00:00,31.6,48.0,2.5,319.4,0.0
12,2026-09-03T11:00:00,30.1,54.1,2.6,322.3,0.0
13,2026-09-03T11:00:00,29.6,55.0,2.7,325.2,0.0
14,2026-09-03T11:00:00,29.9,48.8,2.5,323.3,0.0
15,2026-09-03T11:00:00,30.8,50.6,2.5,323.4,0.0
1,2026-09-03T12:00:00,30.9,47.9,3.1,303.3,0.0
2,2026-09-03T12:00:00,31.8,45.1,3.1,316.5,0.0
3,2026-09-03T12:00:00,30.9,50.8,3.0,310.3,0.0
4,2026-09-03T12:00:00,31.5,50.2,3.0,331.3,0.0
5,2026-09-03T12:00:00,31.6,49.7,2.9,325.6,0.0
6,2026-09-03T12:00:00,32.2,49.2,2.4,323.0,0.0
7,2026-09-03T12:00:00,32.0,48.3,2.7,316.9,0.0
8,2026-09-03T12:00:00,31.6,46.5,3.4,300.7,0.0
9,2026-09-03T12:00:00,32.5,49.5,2.8,318.6,0.0
10,2026-09-03T12:00:00,32.3,49.6,2.5,311.4,0.0
11,2026-09-03T12:00:00,31.8,48.2,2.3,297.5,0.0
12,2026-09-03T12:00:00,32.5,45.9,2.9,312.3,0.0
13,2026-09-03T12:00:00,30.4,50.7,2.8,311.1,0.0
14,2026-09-03T12:00:00,31.4,49.1,2.6,327.4,0.0
15,2026-09-03T12:00:00,31.8,51.5,2.4,331.0,0.0
1,2026-09-03T13:00:00,32.1,48.1,3.3,313.3,0.0
2,2026-09-03T13:00:00,33.7,48.0,3.2,311.4,0.0
3,2026-09-03T13:00:00,32.0,44.3,3.4,326.9,0.0
4,2026-09-03T13:00:00,32.6,47.0,2.7,316.9,0.0
5,2026-09-03T13:00:00,32.7,48.7,3.2,317.7,0.0
6,2026-09-03T13:00:00,32.7,47.7,2.9,305.6,0.0
7,2026-09-03T13:00:00,32.1,47.6,3.4,320.9,0.0
8,2026-09-03T13:00:00,33.6,45.0,2.7,307.2,0.0
9,2026-09-03T13:00:00,32.2,43.3,3.1,316.4,0.0
10,2026-09-03T13:00:00,33.1,44.7,3.3,314.0,0.0
11,2026-09-03T13:00:00,33.1,45.6,2.5,311.3,0.0
12,2026-09-03T13:00:00,31.9,47.9,3.0,305.5,0.0
13,2026-09-03T13:00:00,31.9,46.6,3.0,317.1,0.0
14,2026-09-03T13:00:00,31.3,47.6,3.3,307.6,0.0
15,2026-09-03T13:00:00,31.7,45.8,2.8,321.4,0.0
1,2026-09-03T14:00:00,33.8,41.4,3.5,319.6,0.0
2,2026-09-03T14:00:00,32.8,45.5,3.1,313.2,0.0
3,2026-09-03T14:00:00,32.0,44.4,3.2,298.3,0.0
4,2026-09-03T14:00:00,32.7,45.7,3.5,299.3,0.0
5,2026-09-03T14:00:00,33.9,46.5,3.1,309.1,0.0
6,2026-09-03T14:00:00,33.9,44.3,3.1,308.6,0.0
7,2026-09-03T14:00:00,32.3,47.5,3.3,319.4,0.0
8,2026-09-03T14:00:00,32.8,46.9,3.3,303.1,0.0
9,2026-09-03T14:00:00,32.9,44.8,3.2,307.4,0.0
10,2026-09-03T14:00:00,33.0,46.4,3.0,323.5,0.0
11,2026-09-03T14:00:00,32.9,41.7,3.3,328.0,0.0
12,2026-09-03T14:00:00,32.8,46.8,3.6,314.1,0.0
13,2026-09-03T14:00:00,32.8,44.5,3.1,320.6,0.0
14,2026-09-03T14:00:00,33.2,44.5,3.4,306.8,0.0
15,2026-09-03T14:00:00,31.7,43.0,3.6,325.6,0.0
1,2026-09-03T15:00:00,33.8,44.4,3.5,316.8,0.0
2,2026-09-03T15:00:00,31.7,44.3,3.7,319.4,0.0
3,2026-09-03T15:00:00,32.4,44.5,3.7,327.6,0.0
4,2026-09-03T15:00:00,33.7,44.7,3.6,315.8,0.0
5,2026-09-03T15:00:00,33.4,45.2,3.0,299.6,0.0
6,2026-09-03T15:00:00,33.1,44.9,3.9,324.8,0.0
7,2026-09-03T15:00:00,32.9,44.8,3.4,321.8,0.0
8,2026-09-03T15:00:00,32.4,45.6,3.3,317.9,0.0
9,2026-09-03T15:00:00,32.6,45.0,3.9,325.7,0.0
10,2026-09-03T15:00:00,33.8,44.6,3.4,314.5,0.0
11,2026-09-03T15:00:00,32.9,44.5,3.3,309.2,0.0
12,2026-09-03T15:00:00,32.9,41.3,3.2,311.3,0.0
13,2026-09-03T15:00:00,33.9,47.7,3.3,298.5,0.0
14,2026-09-03T15:00:00,32.5,44.7,3.7,311.0,0.0
15,2026-09-03T15:00:00,33.7,46.1,3.1,304.6,0.0
1,2026-09-03T16:00:00,31.9,47.5,3.5,305.3,0.0
2,2026-09-03T16:00:00,32.5,46.1,3.7,318.9,0.0
3,2026-09-03T16:00:00,31.3,44.6,3.7,307.9,0.0
4,2026-09-03T16:00:00,32.2,44.0,3.5,329.1,0.0
5,2026-09-03T16:00:00,33.6,44.0,3.9,329.9,0.0
6,2026-09-03T16:00:00,33.6,45.6,3.6,293.1,0.0
7,2026-09-03T16:00:00,31.9,47.1,3.5,313.2,0.0
8,2026-09-03T16:00:00,32.1,46.9,3.7,321.3,0.0
9,2026-09-03T16:00:00,32.3,48.4,3.6,304.9,0.0
10,2026-09-03T16:00:00,32.6,48.2,3.9,316.1,0.0
11,2026-09-03T16:00:00,32.5,44.2,3.8,301.3,0.0
12,2026-09-03T16:00:00,31.6,47.0,3.7,296.2,0.0
13,2026-09-03T16:00:00,31.7,46.2,3.8,302.6,0.0
14,2026-09-03T16:00:00,32.5,46.0,4.0,316.8,0.0
15,2026-09-03T16:00:00,31.9,48.5,4.1,313.2,0.0
1,2026-09-03T17:00:00,31.6,48.9,4.1,324.4,0.0
2,2026-09-03T17:00:00,31.4,48.1,4.1,304.7,0.0
3,2026-09-03T17:00:00,30.9,46.8,3.8,299.6,0.0
4,2026-09-03T17:00:00,31.2,46.3,3.9,283.9,0.0
5,2026-09-03T17:00:00,32.0,51.9,3.4,308.2,0.0
6,2026-09-03T17:00:00,31.3,47.7,3.8,306.7,0.0
7,2026-09-03T17:00:00,31.8,48.8,3.8,313.1,0.0
8,2026-09-03T17:00:00,31.6,48.1,3.4,320.7,0.0
9,2026-09-03T17:00:00,32.2,48.4,3.8,309.2,0.0
10,2026-09-03T17:00:00,32.0,49.6,3.5,294.5,0.0
11,2026-09-03T17:00:00,32.1,48.7,4.0,303.0,0.0
12,2026-09-03T17:00:00,31.8,48.0,3.9,303.8,0.0
13,2026-09-03T17:00:00,30.5,47.7,3.9,326.1,0.0
14,2026-09-03T17:00:00,32.3,49.6,3.8,312.2,0.0
15,2026-09-03T17:00:00,31.4,49.3,3.8,309.9,0.0
1,2026-09-03T18:00:00,30.4,52.9,3.8,297.5,0.0
2,2026-09-03T18:00:00,29.0,50.0,3.7,316.1,0.0
3,2026-09-03T18:00:00,30.5,53.4,4.2,302.6,0.0
4,2026-09-03T18:00:00,30.6,51.6,3.5,312.2,0.0
5,2026-09-03T18:00:00,29.4,51.8,4.0,301.5,0.0
6,2026-09-03T18:00:00,30.1,48.2,4.0,315.2,0.0
7,2026-09-03T18:00:00,29.9,54.0,3.6,298.4,0.0
8,2026-09-03T18:00:00,31.8,51.2,3.6,312.9,0.0
9,2026-09-03T18:00:00,30.0,51.2,4.2,305.9,0.0
10,2026-09-03T18:00:00,29.2,53.3,3.9,313.6,0.0
11,2026-09-03T18:00:00,30.1,52.1,4.4,304.7,0.0
12,2026-09-03T18:00:00,29.6,52.7,3.1,312.1,0.0
13,2026-09-03T18:00:00,31.1,51.2,3.6,296.1,0.0
14,2026-09-03T18:00:00,31.7,51.7,3.6,328.2,0.0
15,2026-09-03T18:00:00,30.0,53.2,3.8,308.8,0.0
1,2026-09-03T19:00:00,29.1,58.5,4.0,311.5,0.0
2,2026-09-03T19:00:00,28.8,55.1,3.6,306.6,0.0
3,2026-09-03T19:00:00,29.4,58.5,3.5,288.7,0.0
4,2026-09-03T19:00:00,28.8,55.7,4.0,300.1,0.0
5,2026-09-03T19:00:00,28.8,54.4,4.4,302.5,0.0
6,2026-09-03T19:00:00,29.9,53.8,3.3,312.5,0.0
7,2026-09-03T19:00:00,29.1,53.9,3.9,304.1,0.0
8,2026-09-03T19:00:00,29.0,56.6,3.9,319.4,0.0
9,2026-09-03T19:00:00,29.5,56.5,3.9,299.8,0.0
10,2026-09-03T19:00:00,28.9,57.9,3.9,320.0,0.0
11,2026-09-03T19:00:00,28.9,54.8,4.0,299.8,0.0
12,2026-09-03T19:00:00,30.6,50.4,3.9,305.0,0.0
13,2026-09-03T19:00:00,28.7,57.7,4.0,308.4,0.0
14,2026-09-03T19:00:00,29.2,58.4,4.0,302.1,0.0
15,2026-09-03T19:00:00,30.4,54.0,4.0,309.8,0.0
1,2026-09-03T20:00:00,27.0,61.4,3.8,291.2,0.0
2,2026-09-03T20:00:00,27.5,60.9,3.4,312.4,0.0
3,2026-09-03T20:00:00,27.9,58.8,3.5,294.1,0.0
4,2026-09-03T20:00:00,26.7,62.6,3.4,289.1,0.0
5,2026-09-03T20:00:00,26.6,61.3,3.6,296.5,0.0
6,2026-09-03T20:00:00,27.7,58.3,3.8,306.0,0.0
7,2026-09-03T20:00:00,25.9,60.1,3.7,289.5,0.0
8,2026-09-03T20:00:00,26.6,61.0,3.7,298.9,0.0
9,2026-09-03T20:00:00,27.9,61.3,3.9,291.7,0.0
10,2026-09-03T20:00:00,26.7,60.1,3.9,305.0,0.0
11,2026-09-03T20:00:00,27.6,61.7,3.7,315.3,0.0
12,2026-09-03T20:00:00,26.3,62.1,3.4,303.6,0.0
13,2026-09-03T20:00:00,26.9,61.3,3.8,293.0,0.0
14,2026-09-03T20:00:00,27.2,57.0,4.2,319.6,0.0
15,2026-09-03T20:00:00,27.2,59.0,3.8,306.0,0.0
1,2026-09-03T21:00:00,26.6,65.7,3.7,295.2,0.0
2,2026-09-03T21:00:00,26.4,63.7,3.3,293.9,0.0
3,2026-09-03T21:00:00,26.0,65.2,3.4,292.5,0.0
4,2026-09-03T21:00:00,25.5,63.6,3.3,297.7,0.0
5,2026-09-03T21:00:00,25.2,64.2,3.6,303.9,0.0
6,2026-09-03T21:00:00,25.1,63.7,3.7,305.7,0.0
7,2026-09-03T21:00:00,26.6,65.9,3.3,315.4,0.0
8,2026-09-03T21:00:00,25.2,63.5,3.2,306.2,0.0
9,2026-09-03T21:00:00,26.0,68.4,3.4,294.4,0.0
10,2026-09-03T21:00:00,26.4,63.0,3.6,300.1,0.0
11,2026-09-03T21:00:00,25.7,65.2,3.6,283.1,0.0
12,2026-09-03T21:00:00,25.6,64.4,3.6,294.6,0.0
13,2026-09-03T21:00:00,25.9,62.9,3.3,286.7,0.0
14,2026-09-03T21:00:00,25.1,62.7,3.6,311.1,0.0
15,2026-09-03T21:00:00,25.4,63.7,3.7,300.6,0.0
1,2026-09-03T22:00:00,23.7,69.0,3.1,298.3,0.0
2,2026-09-03T22:00:00,24.3,70.0,3.2,294.6,0.0
3,2026-09-03T22:00:00,23.9,69.1,3.5,294.6,0.0
4,2026-09-03T22:00:00,23.4,68.3,3.1,290.7,0.0
5,2026-09-03T22:00:00,23.7,66.6,3.2,300.3,0.0
6,2026-09-03T22:00:00,24.1,71.1,3.2,279.3,0.0
7,2026-09-03T22:00:00,24.4,70.2,3.0,293.6,0.0
8,2026-09-03T22:00:00,23.6,68.8,3.5,297.0,0.0
9,2026-09-03T22:00:00,24.8,67.4,3.1,295.8,0.0
10,2026-09-03T22:00:00,24.7,69.2,3.1,290.7,0.0
11,2026-09-03T22:00:00,24.6,64.8,3.4,294.7,0.0
12,2026-09-03T22:00:00,22.9,67.5,3.5,292.3,0.0
13,2026-09-03T22:00:00,23.2,70.0,3.6,305.9,0.0
14,2026-09-03T22:00:00,24.7,68.9,2.9,294.9,0.0
15,2026-09-03T22:00:00,24.9,69.2,2.9,301.0,0.0
1,2026-09-03T23:00:00,23.0,72.7,3.1,275.5,0.0
2,2026-09-03T23:00:00,22.8,72.5,2.8,290.7,0.0
3,2026-09-03T23:00:00,22.6,75.3,3.1,293.0,0.0
4,2026-09-03T23:00:00,21.9,71.3,2.9,280.5,0.0
5,2026-09-03T23:00:00,23.7,71.4,3.5,279.3,0.0
6,2026-09-03T23:00:00,22.9,74.7,3.1,273.1,0.0
7,2026-09-03T23:00:00,22.7,74.2,3.3,309.7,0.0
8,2026-09-03T23:00:00,22.8,73.1,3.2,298.9,0.0
9,2026-09-03T23:00:00,22.2,71.1,2.9,305.3,0.0
10,2026-09-03T23:00:00,23.5,72.2,3.3,275.9,0.0
11,2026-09-03T23:00:00,22.3,73.4,3.2,269.1,0.0
12,2026-09-03T23:00:00,21.8,76.3,2.8,293.3,0.0
13,2026-09-03T23:00:00,23.1,74.6,3.1,294.8,0.0
14,2026-09-03T23:00:00,22.2,72.9,3.6,286.1,0.0
15,2026-09-03T23:00:00,23.0,71.6,3.3,285.5,0.0
1,2026-09-04T00:00:00,21.7,75.3,2.5,280.2,0.0
2,2026-09-04T00:00:00,21.3,76.0,2.5,279.3,0.0
3,2026-09-04T00:00:00,21.9,75.6,2.9,288.8,0.0
4,2026-09-04T00:00:00,21.5,76.7,2.9,284.1,0.0
5,2026-09-04T00:00:00,21.9,74.3,2.7,295.1,0.0
6,2026-09-04T00:00:00,20.9,74.9,2.5,274.7,0.0
7,2026-09-04T00:00:00,22.3,76.1,2.5,290.7,0.0
8,2026-09-04T00:00:00,22.0,75.9,3.3,288.5,0.0
9,2026-09-04T00:00:00,20.7,74.8,2.4,285.8,0.0
10,2026-09-04T00:00:00,21.8,76.5,3.2,297.9,0.0
11,2026-09-04T00:00:00,21.3,78.2,3.4,284.0,0.0
12,2026-09-04T00:00:00,20.2,76.3,2.7,286.0,0.0
13,2026-09-04T00:00:00,21.6,74.8,3.1,290.9,0.0
14,2026-09-04T00:00:00,20.5,76.7,2.3,303.3,0.0
15,2026-09-04T00:00:00,20.6,73.7,2.6,269.2,0.0
1,2026-09-04T01:00:00,20.5,78.4,2.4,286.1,0.0
2,2026-09-04T01:00:00,20.1,75.7,2.6,285.0,0.0
3,2026-09-04T01:00:00,20.7,78.2,2.5,275.2,0.0
4,2026-09-04T01:00:00,19.7,78.5,2.5,292.7,0.0
5,2026-09-04T01:00:00,20.7,79.3,2.7,288.8,0.0
6,2026-09-04T01:00:00,20.8,78.5,2.6,255.9,0.0
7,2026-09-04T01:00:00,20.7,78.2,2.6,282.9,0.0
8,2026-09-04T01:00:00,19.8,77.8,2.6,277.1,0.0
9,2026-09-04T01:00:00,20.7,76.7,2.5,264.7,0.0
10,2026-09-04T01:00:00,20.4,78.7,2.7,281.3,0.0
11,2026-09-04T01:00:00,20.0,81.3,2.4,263.3,0.0
12,2026-09-04T01:00:00,21.1,78.4,2.7,273.9,0.0
13,2026-09-04T01:00:00,21.2,79.0,2.2,274.9,0.0
14,2026-09-04T01:00:00,19.7,79.5,2.1,273.1,0.0
15,2026-09-04T01:00:00,20.8,74.9,2.9,301.5,0.0
1,2026-09-04T02:00:00,20.1,82.0,2.3,268.1,0.0
2,2026-09-04T02:00:00,21.0,80.2,2.3,282.9,0.0
3,2026-09-04T02:00:00,20.7,78.5,2.2,267.8,0.0
4,2026-09-04T02:00:00,19.7,78.9,1.9,278.8,0.0
5,2026-09-04T02:00:00,18.8,79.3,2.5,290.8,0.0
6,2026-09-04T02:00:00,20.3,81.8,1.8,273.8,0.0
7,2026-09-04T02:00:00,19.5,80.1,2.5,297.0,0.0
8,2026-09-04T02:00:00,21.3,80.2,2.5,288.9,0.0
9,2026-09-04T02:00:00,19.8,81.0,2.4,262.7,0.0
10,2026-09-04T02:00:00,20.1,80.6,2.2,270.5,0.0
11,2026-09-04T02:00:00,20.1,80.4,2.4,290.2,0.0
12,2026-09-04T02:00:00,20.0,80.2,2.1,277.7,0.0
13,2026-09-04T02:00:00,19.5,79.1,2.3,276.9,0.0
14,2026-09-04T02:00:00,19.7,79.4,2.7,278.3,0.0
15,2026-09-04T02:00:00,20.0,81.1,2.0,277.9,0.0
1,2026-09-04T03:00:00,19.9,78.7,2.4,283.9,0.0
2,2026-09-04T03:00:00,20.5,79.0,1.9,252.8,0.0
3,2026-09-04T03:00:00,19.6,80.9,2.1,263.0,0.0
4,2026-09-04T03:00:00,20.3,78.1,2.3,284.9,0.0
5,2026-09-04T03:00:00,20.8,81.0,1.9,262.5,0.0
6,2026-09-04T03:00:00,19.4,80.2,1.8,261.6,0.0
7,2026-09-04T03:00:00,19.7,78.6,1.9,274.3,0.0
8,2026-09-04T03:00:00,19.6,80.6,1.9,275.1,0.0
9,2026-09-04T03:00:00,19.4,79.5,1.9,265.9,0.0
10,2026-09-04T03:00:00,20.7,76.8,2.0,271.6,0.0
11,2026-09-04T03:00:00,19.6,83.9,1.9,278.9,0.0
12,2026-09-04T03:00:00,19.4,79.8,1.9,284.0,0.0
13,2026-09-04T03:00:00,20.4,80.7,2.3,260.7,0.0
14,2026-09-04T03:00:00,20.8,80.0,2.0,275.4,0.0
15,2026-09-04T03:00:00,21.1,79.5,2.3,272.9,0.0
1,2026-09-04T04:00:00,21.2,78.8,1.7,249.1,0.0
2,2026-09-04T04:00:00,20.5,78.5,1.8,259.2,0.0
3,2026-09-04T04:00:00,19.8,76.3,2.0,283.6,0.0
4,2026-09-04T04:00:00,20.6,76.1,2.0,282.6,0.0
5,2026-09-04T04:00:00,20.9,77.5,1.9,261.8,0.0
6,2026-09-04T04:00:00,21.4,77.6,1.9,275.2,0.0
7,2026-09-04T04:00:00,20.7,77.3,2.6,264.5,0.0
8,2026-09-04T04:00:00,21.3,78.1,1.5,276.7,0.0
9,2026-09-04T04:00:00,19.9,77.6,1.3,270.4,0.0
10,2026-09-04T04:00:00,20.6,78.6,2.3,266.3,0.0
11,2026-09-04T04:00:00,19.9,80.9,1.6,261.6,0.0
12,2026-09-04T04:00:00,20.0,80.4,1.9,253.2,0.0
13,2026-09-04T04:00:00,20.9,77.0,2.4,269.8,0.0
14,2026-09-04T04:00:00,20.6,76.3,2.0,278.2,0.0
15,2026-09-04T04:00:00,19.8,80.3,1.6,280.4,0.0
1,2026-09-04T05:00:00,20.7,78.4,1.5,237.7,0.0
2,2026-09-04T05:00:00,19.5,78.9,2.3,273.9,0.0
3,2026-09-04T05:00:00,21.7,77.3,1.5,259.3,0.0
4,2026-09-04T05:00:00,21.2,76.2,1.6,243.1,0.0
5,2026-09-04T05:00:00,21.2,75.9,2.0,245.2,0.0
6,2026-09-04T05:00:00,22.5,76.4,1.3,250.8,0.0
7,2026-09-04T05:00:00,21.6,78.4,2.0,268.3,0.0
8,2026-09-04T05:00:00,21.3,76.3,1.7,281.5,0.0
9,2026-09-04T05:00:00,21.5,76.1,1.9,256.6,0.0
10,2026-09-04T05:00:00,22.3,76.3,1.7,258.0,0.0
11,2026-09-04T05:00:00,22.1,76.2,2.1,259.9,0.0
12,2026-09-04T05:00:00,21.0,75.4,1.8,251.1,0.0
13,2026-09-04T05:00:00,22.5,75.5,2.1,274.9,0.0
14,2026-09-04T05:00:00,21.6,75.2,1.8,254.4,0.0
15,2026-09-04T05:00:00,21.0,73.9,1.7,255.2,0.0
1,2026-09-04T06:00:00,22.6,72.8,1.8,260.9,0.0
2,2026-09-04T06:00:00,22.1,69.2,1.9,259.0,0.0
3,2026-09-04T06:00:00,22.3,71.9,1.7,241.5,0.0
4,2026-09-04T06:00:00,22.8,74.4,1.8,250.7,0.0
5,2026-09-04T06:00:00,23.0,73.6,2.1,242.0,0.0
6,2026-09-04T06:00:00,24.6,74.1,1.9,251.4,0.0
7,2026-09-04T06:00:00,21.3,74.0,1.9,276.4,0.0
8,2026-09-04T06:00:00,22.1,73.7,1.8,265.0,0.0
9,2026-09-04T06:00:00,22.1,70.9,1.6,278.4,0.0
10,2026-09-04T06:00:00,22.9,73.3,1.8,268.5,0.0
11,2026-09-04T06:00:00,23.0,70.8,1.7,251.4,0.0
12,2026-09-04T06:00:00,22.6,71.7,1.6,251.8,0.0
13,2026-09-04T06:00:00,22.3,71.7,1.9,266.9,0.0
14,2026-09-04T06:00:00,22.8,73.6,1.6,238.4,0.0
15,2026-09-04T06:00:00,22.7,72.4,1.8,264.7,0.0
1,2026-09-04T07:00:00,23.9,69.8,1.8,260.9,0.0
2,2026-09-04T07:00:00,24.0,69.8,1.2,270.7,0.0
3,2026-09-04T07:00:00,22.9,67.3,1.7,246.7,0.0
4,2026-09-04T07:00:00,24.4,69.1,1.7,250.7,0.0
5,2026-09-04T07:00:00,23.3,68.9,2.2,254.0,0.0
6,2026-09-04T07:00:00,24.1,69.0,2.1,243.8,0.0
7,2026-09-04T07:00:00,24.1,71.5,1.6,257.1,0.0
8,2026-09-04T07:00:00,24.3,69.6,1.6,259.3,0.0
9,2026-09-04T07:00:00,23.6,66.7,2.1,256.2,0.0
10,2026-09-04T07:00:00,24.1,70.8,2.1,234.5,0.0
11,2026-09-04T07:00:00,24.6,71.7,1.7,239.5,0.0
12,2026-09-04T07:00:00,24.3,66.5,1.7,266.9,0.0
13,2026-09-04T07:00:00,24.3,70.1,2.1,266.6,0.0
14,2026-09-04T07:00:00,22.5,68.2,2.0,254.9,0.0
15,2026-09-04T07:00:00,23.7,70.0,1.7,258.5,0.0
1,2026-09-04T08:00:00,26.0,63.4,1.8,241.4,0.0
2,2026-09-04T08:00:00,24.7,69.3,1.9,260.9,0.0
3,2026-09-04T08:00:00,25.2,65.3,1.5,249.6,0.0
4,2026-09-04T08:00:00,25.4,66.4,1.8,252.5,0.0
5,2026-09-04T08:00:00,25.7,65.0,1.4,242.7,0.0
6,2026-09-04T08:00:00,25.6,64.3,2.2,254.0,0.0
7,2026-09-04T08:00:00,26.2,64.8,1.9,243.3,0.0
8,2026-09-04T08:00:00,26.5,66.8,1.4,245.3,0.0
9,2026-09-04T08:00:00,26.2,65.4,2.1,257.3,0.0
10,2026-09-04T08:00:00,25.0,63.1,1.9,248.6,0.0
11,2026-09-04T08:00:00,25.7,67.9,2.3,266.0,0.0
12,2026-09-04T08:00:00,25.9,62.2,1.8,239.9,0.0
13,2026-09-04T08:00:00,26.2,64.5,1.8,261.4,0.0
14,2026-09-04T08:00:00,25.9,63.5,2.1,235.5,0.0
15,2026-09-04T08:00:00,26.1,64.3,1.6,260.8,0.0
1,2026-09-04T09:00:00,27.9,59.9,1.8,274.1,0.0
2,2026-09-04T09:00:00,26.9,58.3,2.1,250.3,0.0
3,2026-09-04T09:00:00,27.7,62.9,2.2,233.1,0.0
4,2026-09-04T09:00:00,29.2,60.5,2.1,259.7,0.0
5,2026-09-04T09:00:00,27.7,61.1,1.6,257.0,0.0
6,2026-09-04T09:00:00,26.1,61.3,2.0,232.4,0.0
7,2026-09-04T09:00:00,28.3,60.2,1.7,264.7,0.0
8,2026-09-04T09:00:00,28.7,61.4,2.1,266.4,0.0
9,2026-09-04T09:00:00,27.9,61.0,2.3,256.7,0.0
10,2026-09-04T09:00:00,27.2,60.2,2.2,251.0,0.0
11,2026-09-04T09:00:00,26.5,60.3,2.2,233.7,0.0
12,2026-09-04T09:00:00,27.9,59.7,2.2,238.5,0.0
13,2026-09-04T09:00:00,28.1,61.0,2.2,251.2,0.0
14,2026-09-04T09:00:00,27.5,56.6,2.3,238.8,0.0
15,2026-09-04T09:00:00,27.1,57.5,2.2,241.1,0.0
1,2026-09-04T10:00:00,29.0,54.7,2.0,241.7,0.0
2,2026-09-04T10:00:00,28.8,56.3,2.2,245.2,0.0
3,2026-09-04T10:00:00,28.9,59.2,1.9,228.4,0.0
4,2026-09-04T10:00:00,28.3,56.3,2.3,240.5,0.0
5,2026-09-04T10:00:00,28.7,53.6,2.8,247.8,0.0
6,2026-09-04T10:00:00,29.5,54.8,2.2,250.3,0.0
7,2026-09-04T10:00:00,29.5,53.1,1.9,236.4,0.0
8,2026-09-04T10:00:00,29.8,56.5,2.1,242.8,0.0
9,2026-09-04T10:00:00,28.6,55.3,1.8,252.9,0.0
10,2026-09-04T10:00:00,28.6,53.3,2.1,239.5,0.0
11,2026-09-04T10:00:00,28.7,54.9,2.0,260.7,0.0
12,2026-09-04T10:00:00,28.7,54.1,2.2,233.2,0.0
13,2026-09-04T10:00:00,30.2,53.0,2.1,231.9,0.0
14,2026-09-04T10:00:00,29.4,54.5,2.3,242.5,0.0
15,2026-09-04T10:00:00,29.7,59.7,2.6,250.4,0.0
1,2026-09-04T11:00:00,30.3,47.6,2.9,239.1,0.0
2,2026-09-04T11:00:00,30.8,52.8,2.8,249.4,0.0
3,2026-09-04T11:00:00,30.4,52.4,2.2,262.1,0.0
4,2026-09-04T11:00:00,30.0,54.3,2.7,253.8,0.0
5,2026-09-04T11:00:00,31.5,53.2,2.5,250.6,0.0
6,2026-09-04T11:00:00,30.0,51.2,2.4,231.2,0.0
7,2026-09-04T11:00:00,31.3,50.8,2.7,248.5,0.0
8,2026-09-04T11:00:00,30.2,54.5,2.5,233.8,0.0
9,2026-09-04T11:00:00,30.3,53.1,2.4,251.2,0.0
10,2026-09-04T11:00:00,29.8,52.1,2.8,227.0,0.0
11,2026-09-04T11:00:00,29.9,53.6,2.5,246.9,0.0
12,2026-09-04T11:00:00,30.7,51.1,2.3,239.9,0.0
13,2026-09-04T11:00:00,30.1,52.2,2.6,253.3,0.0
14,2026-09-04T11:00:00,29.7,50.1,3.0,246.7,0.0
15,2026-09-04T11:00:00,30.5,52.4,2.2,250.0,0.0
1,2026-09-04T12:00:00,31.3,50.0,3.1,253.8,0.0
2,2026-09-04T12:00:00,31.9,51.6,2.6,245.5,0.0
3,2026-09-04T12:00:00,31.3,48.6,2.9,243.1,0.0
4,2026-09-04T12:00:00,31.7,48.8,2.7,244.6,0.0
5,2026-09-04T12:00:00,31.1,49.2,2.2,239.4,0.0
6,2026-09-04T12:00:00,32.3,47.9,3.4,237.7,0.0
7,2026-09-04T12:00:00,31.8,48.2,2.8,252.0,0.0
8,2026-09-04T12:00:00,32.1,50.7,2.4,238.2,0.0
9,2026-09-04T12:00:00,31.3,48.7,2.7,243.5,0.0
10,2026-09-04T12:00:00,31.6,46.5,2.3,247.0,0.0
11,2026-09-04T12:00:00,32.0,46.3,3.4,256.4,0.0
12,2026-09-04T12:00:00,32.2,50.9,3.1,261.3,0.0
13,2026-09-04T12:00:00,31.9,47.5,2.5,246.2,0.0
14,2026-09-04T12:00:00,31.2,46.3,3.2,249.7,0.0
15,2026-09-04T12:00:00,32.7,50.4,2.9,242.6,0.0
1,2026-09-04T13:00:00,32.8,47.5,2.8,246.4,0.0
2,2026-09-04T13:00:00,32.1,47.8,3.2,252.6,0.0
3,2026-09-04T13:00:00,31.1,46.0,2.9,241.7,0.0
4,2026-09-04T13:00:00,32.9,45.3,2.9,235.0,0.0
5,2026-09-04T13:00:00,32.8,44.6,3.1,243.0,0.0
6,2026-09-04T13:00:00,32.5,45.9,3.4,225.9,0.0
7,2026-09-04T13:00:00,32.1,46.0,3.4,237.2,0.0
8,2026-09-04T13:00:00,32.1,44.9,2.5,231.7,0.0
9,2026-09-04T13:00:00,32.2,46.6,3.4,243.5,0.0
10,2026-09-04T13:00:00,32.3,47.1,3.3,239.4,0.0
11,2026-09-04T13:00:00,32.7,45.9,2.9,242.5,0.0
12,2026-09-04T13:00:00,32.3,44.1,2.8,229.2,0.0
13,2026-09-04T13:00:00,31.4,46.2,3.3,241.9,0.0
14,2026-09-04T13:00:00,33.4,48.4,2.9,236.5,0.0
15,2026-09-04T13:00:00,32.4,46.1,3.2,227.2,0.0
1,2026-09-04T14:00:00,32.9,45.5,3.3,252.4,0.0
2,2026-09-04T14:00:00,32.8,43.1,3.5,252.8,0.0
3,2026-09-04T14:00:00,32.9,43.6,3.2,241.1,0.0
4,2026-09-04T14:00:00,32.9,45.0,3.2,253.7,0.0
5,2026-09-04T14:00:00,32.3,45.5,3.1,251.7,0.0
6,2026-09-04T14:00:00,32.3,43.8,3.5,248.5,0.0
7,2026-09-04T14:00:00,32.6,47.4,3.5,230.0,0.0
8,2026-09-04T14:00:00,32.3,42.5,3.3,245.2,0.0
9,2026-09-04T14:00:00,32.5,44.8,3.2,239.9,0.0
10,2026-09-04T14:00:00,33.9,45.1,3.5,234.2,0.0
11,2026-09-04T14:00:00,32.5,45.8,3.0,246.2,0.0
12,2026-09-04T14:00:00,33.0,46.5,3.7,237.3,0.0
13,2026-09-04T14:00:00,34.3,47.2,3.1,249.2,0.0
14,2026-09-04T14:00:00,33.2,45.6,3.7,250.9,0.0
15,2026-09-04T14:00:00,32.9,43.2,3.1,240.6,0.0
1,2026-09-04T15:00:00,33.0,47.6,3.5,236.5,0.0
2,2026-09-04T15:00:00,32.6,41.3,3.4,261.4,0.0
3,2026-09-04T15:00:00,33.0,48.1,3.9,250.0,0.0
4,2026-09-04T15:00:00,32.9,44.3,3.5,244.8,0.0
5,2026-09-04T15:00:00,32.0,45.8,3.4,244.5,0.0
6,2026-09-04T15:00:00,33.4,46.8,3.5,262.7,0.0
7,2026-09-04T15:00:00,32.7,45.2,3.4,247.5,0.0
8,2026-09-04T15:00:00,32.3,46.3,3.2,233.4,0.0
9,2026-09-04T15:00:00,32.9,46.7,3.4,254.9,0.0
10,2026-09-04T15:00:00,32.4,45.2,3.5,245.0,0.0
11,2026-09-04T15:00:00,33.0,45.9,3.7,243.1,0.0
12,2026-09-04T15:00:00,32.1,48.0,3.5,248.1,0.0
13,2026-09-04T15:00:00,33.0,44.4,4.0,238.2,0.0
14,2026-09-04T15:00:00,32.7,43.1,3.7,239.1,0.0
15,2026-09-04T15:00:00,33.0,45.5,3.6,252.4,0.0
1,2026-09-04T16:00:00,31.8,46.7,3.8,257.7,0.0
2,2026-09-04T16:00:00,32.3,48.0,3.8,240.9,0.0
3,2026-09-04T16:00:00,32.6,46.2,3.4,238.1,0.0
4,2026-09-04T16:00:00,33.5,44.5,3.1,263.7,0.0
5,2026-09-04T16:00:00,32.7,49.5,4.1,235.3,0.0
6,2026-09-04T16:00:00,32.6,43.7,3.5,252.5,0.0
7,2026-09-04T16:00:00,32.6,47.3,3.6,243.8,0.0
8,2026-09-04T16:00:00,33.6,44.2,4.2,248.0,0.0
9,2026-09-04T16:00:00,31.8,45.0,3.4,265.8,0.0
10,2026-09-04T16:00:00,32.7,46.6,3.6,250.6,0.0
11,2026-09-04T16:00:00,31.3,48.0,3.7,253.6,0.0
12,2026-09-04T16:00:00,32.7,46.4,3.7,245.4,0.0
13,2026-09-04T16:00:00,32.5,49.2,3.6,246.9,0.0
14,2026-09-04T16:00:00,32.5,44.1,3.3,230.0,0.0
15,2026-09-04T16:00:00,33.3,48.0,3.7,235.9,0.0
1,2026-09-04T17:00:00,30.8,44.6,4.1,253.4,0.0
2,2026-09-04T17:00:00,32.5,49.4,4.0,253.0,0.0
3,2026-09-04T17:00:00,32.8,49.0,4.0,239.9,0.0
4,2026-09-04T17:00:00,31.0,50.9,3.9,240.9,0.0
5,2026-09-04T17:00:00,31.8,49.1,3.9,241.2,0.0
6,2026-09-04T17:00:00,31.9,46.8,3.8,246.4,0.0
7,2026-09-04T17:00:00,31.2,46.0,4.0,230.7,0.0
8,2026-09-04T17:00:00,31.0,49.1,3.9,229.9,0.0
9,2026-09-04T17:00:00,31.2,48.0,3.7,240.8,0.0
10,2026-09-04T17:00:00,30.6,46.5,3.7,262.0,0.0
11,2026-09-04T17:00:00,31.3,49.2,4.0,249.3,0.0
12,2026-09-04T17:00:00,31.9,46.0,4.3,242.7,0.0
13,2026-09-04T17:00:00,31.6,47.8,4.1,254.0,0.0
14,2026-09-04T17:00:00,31.4,50.8,3.6,239.0,0.0
15,2026-09-04T17:00:00,31.1,47.6,4.4,255.0,0.0
1,2026-09-04T18:00:00,31.1,51.4,3.9,247.7,0.0
2,2026-09-04T18:00:00,30.7,49.8,3.7,253.8,0.0
3,2026-09-04T18:00:00,30.7,49.0,4.1,230.9,0.0
4,2026-09-04T18:00:00,31.0,51.5,4.1,255.5,0.0
5,2026-09-04T18:00:00,31.9,51.5,3.7,249.7,0.0
6,2026-09-04T18:00:00,30.4,54.0,3.5,261.6,0.0
7,2026-09-04T18:00:00,30.8,49.6,3.7,280.2,0.0
8,2026-09-04T18:00:00,29.7,55.2,3.4,260.1,0.0
9,2026-09-04T18:00:00,30.8,50.4,3.9,248.9,0.0
10,2026-09-04T18:00:00,30.8,53.9,3.7,257.3,0.0
11,2026-09-04T18:00:00,30.4,51.7,3.9,269.2,0.0
12,2026-09-04T18:00:00,31.3,53.0,3.5,237.4,0.0
13,2026-09-04T18:00:00,31.0,54.1,3.9,252.2,0.0
14,2026-09-04T18:00:00,30.7,54.0,3.7,257.4,0.0
15,2026-09-04T18:00:00,30.5,54.4,4.0,244.9,0.0
1,2026-09-04T19:00:00,27.7,57.5,4.1,263.9,0.0
2,2026-09-04T19:00:00,28.3,52.6,3.7,214.6,0.0
3,2026-09-04T19:00:00,28.9,55.4,3.5,251.0,0.0
4,2026-09-04T19:00:00,28.7,56.9,3.9,257.3,0.0
5,2026-09-04T19:00:00,29.1,53.2,4.1,256.2,0.0
6,2026-09-04T19:00:00,28.7,56.7,4.1,255.9,0.0
7,2026-09-04T19:00:00,29.3,57.7,4.1,266.0,0.0
8,2026-09-04T19:00:00,28.4,52.3,3.3,244.1,0.0
9,2026-09-04T19:00:00,30.4,56.5,3.9,258.1,0.0
10,2026-09-04T19:00:00,30.4,56.6,4.0,265.4,0.0
11,2026-09-04T19:00:00,28.9,54.7,4.0,267.9,0.0
12,2026-09-04T19:00:00,29.1,50.5,3.8,259.8,0.0
13,2026-09-04T19:00:00,29.4,55.6,4.0,264.6,0.0
14,2026-09-04T19:00:00,28.8,56.8,3.6,239.2,0.0
15,2026-09-04T19:00:00,28.9,54.7,3.7,253.7,0.0
1,2026-09-04T20:00:00,27.8,61.6,3.6,260.7,0.0
2,2026-09-04T20:00:00,27.9,59.1,3.6,275.5,0.0
3,2026-09-04T20:00:00,27.3,59.4,3.8,262.9,0.0
4,2026-09-04T20:00:00,26.4,58.4,3.4,259.7,0.0
5,2026-09-04T20:00:00,27.3,59.9,3.7,268.2,0.0
6,2026-09-04T20:00:00,28.0,61.9,3.5,255.9,0.0
7,2026-09-04T20:00:00,26.1,56.7,3.9,260.6,0.0
8,2026-09-04T20:00:00,27.8,58.6,4.5,272.1,0.0
9,2026-09-04T20:00:00,27.0,60.1,3.4,258.8,0.0
10,2026-09-04T20:00:00,27.7,60.3,3.7,271.9,0.0
11,2026-09-04T20:00:00,27.1,62.7,3.2,253.1,0.0
12,2026-09-04T20:00:00,27.7,60.3,3.5,266.7,0.0
13,2026-09-04T20:00:00,26.7,60.9,3.7,251.6,0.0
14,2026-09-04T20:00:00,27.8,62.6,3.9,264.1,0.0
15,2026-09-04T20:00:00,26.9,57.9,3.2,249.7,0.0
1,2026-09-04T21:00:00,25.2,66.1,3.8,258.8,0.0
2,2026-09-04T21:00:00,26.3,65.0,3.7,272.2,0.0
3,2026-09-04T21:00:00,23.8,65.5,3.3,258.8,0.0
4,2026-09-04T21:00:00,26.7,64.8,3.1,274.3,0.0
5,2026-09-04T21:00:00,25.7,65.1,3.7,267.6,0.0
6,2026-09-04T21:00:00,26.4,62.7,3.4,253.5,0.0
7,2026-09-04T21:00:00,24.5,62.5,3.9,267.5,0.0
8,2026-09-04T21:00:00,25.0,65.2,3.7,266.0,0.0
9,2026-09-04T21:00:00,25.8,66.1,3.5,257.6,0.0
10,2026-09-04T21:00:00,26.1,62.8,3.7,270.2,0.0
11,2026-09-04T21:00:00,27.1,65.0,3.2,255.3,0.0
12,2026-09-04T21:00:00,25.3,66.3,3.7,276.7,0.0
13,2026-09-04T21:00:00,24.3,65.5,3.8,262.3,0.0
14,2026-09-04T21:00:00,24.7,63.6,3.2,250.0,0.0
15,2026-09-04T21:00:00,25.9,64.2,3.8,260.2,0.0
1,2026-09-04T22:00:00,24.1,70.3,3.7,259.5,0.0
2,2026-09-04T22:00:00,23.9,70.8,3.9,266.3,0.0
3,2026-09-04T22:00:00,23.5,67.1,3.1,275.9,0.0
4,2026-09-04T22:00:00,25.2,68.0,3.1,274.6,0.0
5,2026-09-04T22:00:00,23.6,66.5,3.6,261.8,0.0
6,2026-09-04T22:00:00,23.6,67.3,3.0,272.9,0.0
7,2026-09-04T22:00:00,24.4,65.2,3.1,258.8,0.0
8,2026-09-04T22:00:00,24.2,69.9,3.4,270.5,0.0
9,2026-09-04T22:00:00,24.6,67.4,3.5,254.5,0.0
10,2026-09-04T22:00:00,25.3,70.3,2.7,273.6,0.0
11,2026-09-04T22:00:00,25.2,69.3,3.2,254.8,0.0
12,2026-09-04T22:00:00,23.6,66.0,3.3,255.2,0.0
13,2026-09-04T22:00:00,23.8,70.2,3.3,256.2,0.0
14,2026-09-04T22:00:00,22.6,68.2,3.1,277.6,0.0
15,2026-09-04T22:00:00,22.9,71.3,3.5,262.3,0.0
1,2026-09-04T23:00:00,23.5,74.9,2.9,261.7,0.0
2,2026-09-04T23:00:00,22.6,78.0,3.2,278.4,0.0
3,2026-09-04T23:00:00,22.6,75.0,3.2,273.7,0.0
4,2026-09-04T23:00:00,22.7,74.8,3.4,270.8,0.0
5,2026-09-04T23:00:00,22.5,73.6,3.4,264.2,0.0
6,2026-09-04T23:00:00,22.3,76.1,3.6,273.3,0.0
7,2026-09-04T23:00:00,22.6,72.7,3.4,268.9,0.0
8,2026-09-04T23:00:00,23.1,70.7,2.7,250.8,0.0
9,2026-09-04T23:00:00,22.8,74.2,3.0,270.1,0.0
10,2026-09-04T23:00:00,22.1,72.1,3.0,245.3,0.0
11,2026-09-04T23:00:00,22.6,72.4,3.5,251.4,0.0
12,2026-09-04T23:00:00,22.4,71.9,3.2,239.0,0.0
13,2026-09-04T23:00:00,22.1,72.6,3.1,253.0,0.0
14,2026-09-04T23:00:00,22.6,73.1,3.2,267.9,0.0
15,2026-09-04T23:00:00,24.2,74.2,3.9,277.9,0.0
1,2026-09-05T00:00:00,20.3,77.7,2.6,276.0,0.0
2,2026-09-05T00:00:00,20.8,74.6,3.0,282.8,0.0
3,2026-09-05T00:00:00,21.6,75.9,3.1,278.4,0.0
4,2026-09-05T00:00:00,20.8,74.0,2.8,286.5,0.0
5,2026-09-05T00:00:00,21.8,76.6,2.7,280.4,0.0
6,2026-09-05T00:00:00,21.0,79.8,2.6,294.5,0.0
7,2026-09-05T00:00:00,20.9,77.5,2.7,289.1,0.0
8,2026-09-05T00:00:00,22.0,73.3,3.1,280.5,0.0
9,2026-09-05T00:00:00,21.8,77.8,3.0,270.1,0.0
10,2026-09-05T00:00:00,21.5,74.9,2.6,265.8,0.0
11,2026-09-05T00:00:00,21.1,73.5,2.9,275.0,0.0
12,2026-09-05T00:00:00,20.8,76.9,2.8,273.3,0.0
13,2026-09-05T00:00:00,21.2,74.7,2.5,265.7,0.0
14,2026-09-05T00:00:00,20.4,75.7,2.8,272.7,0.0
15,2026-09-05T00:00:00,20.5,77.3,2.4,262.2,0.0
1,2026-09-05T01:00:00,20.0,77.8,2.8,257.7,0.0
2,2026-09-05T01:00:00,20.8,78.6,2.3,265.1,0.0
3,2026-09-05T01:00:00,20.7,75.1,2.6,266.4,0.0
4,2026-09-05T01:00:00,20.7,78.8,2.6,273.2,0.0
5,2026-09-05T01:00:00,19.8,83.0,2.2,260.7,0.0
6,2026-09-05T01:00:00,20.9,76.5,2.7,280.9,0.0
7,2026-09-05T01:00:00,19.9,79.0,2.6,296.4,0.0
8,2026-09-05T01:00:00,19.6,75.3,2.8,293.9,0.0
9,2026-09-05T01:00:00,20.4,77.6,2.6,295.9,0.0
10,2026-09-05T01:00:00,20.7,76.2,2.0,284.7,0.0
11,2026-09-05T01:00:00,21.3,78.2,2.2,281.7,0.0
12,2026-09-05T01:00:00,21.0,81.8,2.2,284.6,0.0
13,2026-09-05T01:00:00,21.6,78.2,2.3,297.0,0.0
14,2026-09-05T01:00:00,20.9,78.8,2.3,272.0,0.0
15,2026-09-05T01:00:00,21.4,78.2,2.7,283.4,0.0
1,2026-09-05T02:00:00,20.4,81.7,2.1,284.1,0.0
2,2026-09-05T02:00:00,20.3,79.2,2.4,293.7,0.0
3,2026-09-05T02:00:00,20.0,78.5,1.9,276.4,0.0
4,2026-09-05T02:00:00,19.8,76.2,2.3,280.6,0.0
5,2026-09-05T02:00:00,20.2,81.0,2.0,274.3,0.0
6,2026-09-05T02:00:00,19.9,78.6,2.7,270.1,0.0
7,2026-09-05T02:00:00,20.3,80.3,2.1,286.9,0.0
8,2026-09-05T02:00:00,20.1,75.1,1.6,282.5,0.0
9,2026-09-05T02:00:00,19.5,79.3,2.5,295.6,0.0
10,2026-09-05T02:00:00,19.3,79.4,2.4,287.5,0.0
11,2026-09-05T02:00:00,20.7,80.4,2.4,291.4,0.0
12,2026-09-05T02:00:00,19.3,82.0,2.1,270.2,0.0
13,2026-09-05T02:00:00,20.5,80.6,2.5,273.3,0.0
14,2026-09-05T02:00:00,20.0,79.4,2.4,293.1,0.0
15,2026-09-05T02:00:00,19.1,78.2,2.5,294.8,0.0
1,2026-09-05T03:00:00,19.7,81.1,2.3,296.5,0.0
2,2026-09-05T03:00:00,19.9,81.4,2.4,286.5,0.0
3,2026-09-05T03:00:00,19.9,79.2,2.1,280.0,0.0
4,2026-09-05T03:00:00,19.9,80.0,1.7,284.1,0.0
5,2026-09-05T03:00:00,20.8,80.9,2.0,277.7,0.0
6,2026-09-05T03:00:00,20.0,78.8,2.0,300.6,0.0
7,2026-09-05T03:00:00,19.4,80.7,2.2,282.7,0.0
8,2026-09-05T03:00:00,19.2,79.7,2.5,280.1,0.0
9,2026-09-05T03:00:00,19.3,80.5,1.9,278.2,0.0
10,2026-09-05T03:00:00,19.3,83.8,1.8,284.0,0.0
11,2026-09-05T03:00:00,20.4,79.3,2.3,296.2,0.0
12,2026-09-05T03:00:00,19.6,77.8,2.4,285.9,0.0
13,2026-09-05T03:00:00,20.8,82.3,2.2,300.9,0.0
14,2026-09-05T03:00:00,20.0,76.9,2.2,279.0,0.0
15,2026-09-05T03:00:00,20.8,77.1,2.1,291.2,0.0
1,2026-09-05T04:00:00,20.8,79.0,2.1,294.2,0.0
2,2026-09-05T04:00:00,21.3,75.8,1.7,290.1,0.0
3,2026-09-05T04:00:00,20.3,76.5,1.7,280.0,0.0
4,2026-09-05T04:00:00,20.5,72.7,2.1,281.8,0.0
5,2026-09-05T04:00:00,20.0,78.9,2.3,290.7,0.0
6,2026-09-05T04:00:00,21.3,82.1,1.5,297.9,0.0
7,2026-09-05T04:00:00,20.4,78.7,1.8,303.5,0.0
8,2026-09-05T04:00:00,21.3,79.8,1.8,308.7,0.0
9,2026-09-05T04:00:00,20.0,76.2,1.9,307.8,0.0
10,2026-09-05T04:00:00,20.1,77.6,2.1,290.5,0.0
11,2026-09-05T04:00:00,20.5,78.1,1.7,281.0,0.0
12,2026-09-05T04:00:00,19.1,76.1,2.2,281.8,0.0
13,2026-09-05T04:00:00,20.3,79.3,2.0,283.6,0.0
14,2026-09-05T04:00:00,20.8,77.2,2.0,286.6,0.0
15,2026-09-05T04:00:00,20.9,79.7,2.0,298.6,0.0
1,2026-09-05T05:00:00,21.5,76.7,2.1,292.0,0.0
2,2026-09-05T05:00:00,21.6,77.8,2.1,308.2,0.0
3,2026-09-05T05:00:00,20.6,75.4,2.1,297.4,0.0
4,2026-09-05T05:00:00,21.5,78.3,1.9,301.7,0.0
5,2026-09-05T05:00:00,21.6,77.1,1.9,301.2,0.0
6,2026-09-05T05:00:00,22.1,77.6,1.8,286.7,0.0
7,2026-09-05T05:00:00,21.4,74.5,2.0,273.3,0.0
8,2026-09-05T05:00:00,21.6,77.8,1.9,292.2,0.0
9,2026-09-05T05:00:00,21.4,80.0,2.3,301.9,0.0
10,2026-09-05T05:00:00,21.9,76.2,2.2,293.0,0.0
11,2026-09-05T05:00:00,21.5,75.6,2.0,306.4,0.0
12,2026-09-05T05:00:00,21.9,76.4,1.8,300.7,0.0
13,2026-09-05T05:00:00,21.7,75.2,1.3,297.9,0.0
14,2026-09-05T05:00:00,20.4,75.6,1.7,303.6,0.0
15,2026-09-05T05:00:00,22.2,77.2,2.0,302.3,0.0
1,2026-09-05T06:00:00,23.3,74.1,1.9,300.2,0.0
2,2026-09-05T06:00:00,22.7,71.4,2.1,306.0,0.0
3,2026-09-05T06:00:00,22.3,74.0,2.1,285.8,0.0
4,2026-09-05T06:00:00,23.1,72.9,1.7,299.0,0.0
5,2026-09-05T06:00:00,23.2,74.2,1.9,302.4,0.0
6,2026-09-05T06:00:00,23.3,72.2,1.8,290.2,0.0
7,2026-09-05T06:00:00,22.1,72.5,1.6,295.6,0.0
8,2026-09-05T06:00:00,22.8,74.6,1.4,312.6,0.0
9,2026-09-05T06:00:00,22.8,75.3,1.0,282.8,0.0
10,2026-09-05T06:00:00,22.5,72.6,1.8,309.5,0.0
11,2026-09-05T06:00:00,22.5,73.1,2.1,279.1,0.0
12,2026-09-05T06:00:00,22.5,76.2,1.6,288.5,0.0
13,2026-09-05T06:00:00,23.1,76.6,2.0,309.3,0.0
14,2026-09-05T06:00:00,22.6,78.0,1.8,299.3,0.0
15,2026-09-05T06:00:00,23.1,73.8,2.1,305.2,0.0
1,2026-09-05T07:00:00,24.7,71.1,1.4,304.8,0.0
2,2026-09-05T07:00:00,23.3,70.8,1.9,319.7,0.0
3,2026-09-05T07:00:00,23.6,67.7,1.9,314.2,0.0
4,2026-09-05T07:00:00,24.3,70.0,1.7,296.7,0.0
5,2026-09-05T07:00:00,24.8,67.1,2.0,306.1,0.0
6,2026-09-05T07:00:00,23.6,70.6,1.5,320.7,0.0
7,2026-09-05T07:00:00,23.0,67.7,1.7,291.6,0.0
8,2026-09-05T07:00:00,23.3,65.6,1.8,301.1,0.0
9,2026-09-05T07:00:00,24.1,70.4,2.0,299.9,0.0
10,2026-09-05T07:00:00,23.3,67.6,1.5,313.2,0.0
11,2026-09-05T07:00:00,23.9,69.1,1.4,301.3,0.0
12,2026-09-05T07:00:00,23.8,69.6,1.5,287.2,0.0
13,2026-09-05T07:00:00,24.4,66.9,1.8,312.3,0.0
14,2026-09-05T07:00:00,24.1,68.1,2.1,294.3,0.0
15,2026-09-05T07:00:00,23.8,68.3,1.6,298.5,0.0
1,2026-09-05T08:00:00,26.1,64.4,1.9,314.5,0.0
2,2026-09-05T08:00:00,25.3,66.2,2.0,325.6,0.0
3,2026-09-05T08:00:00,25.0,65.6,2.0,316.9,0.0
4,2026-09-05T08:00:00,24.9,66.1,2.1,306.7,0.0
5,2026-09-05T08:00:00,24.9,62.4,1.8,307.9,0.0
6,2026-09-05T08:00:00,25.0,64.9,1.9,325.5,0.0
7,2026-09-05T08:00:00,25.6,66.5,1.7,296.1,0.0
8,2026-09-05T08:00:00,25.8,64.8,2.2,314.7,0.0
9,2026-09-05T08:00:00,25.9,67.3,1.5,308.7,0.0
10,2026-09-05T08:00:00,27.3,64.6,2.1,312.3,0.0
11,2026-09-05T08:00:00,25.9,62.1,2.1,319.7,0.0
12,2026-09-05T08:00:00,25.7,64.2,1.8,307.0,0.0
13,2026-09-05T08:00:00,25.9,66.6,2.1,307.9,0.0
14,2026-09-05T08:00:00,25.9,62.4,2.1,296.7,0.0
15,2026-09-05T08:00:00,26.1,62.9,2.1,312.3,0.0
1,2026-09-05T09:00:00,27.5,63.5,2.4,301.1,0.0
2,2026-09-05T09:00:00,28.0,55.4,2.1,308.9,0.0
3,2026-09-05T09:00:00,26.6,57.6,2.3,317.5,0.0
4,2026-09-05T09:00:00,26.2,61.7,2.0,311.0,0.0
5,2026-09-05T09:00:00,27.7,58.5,2.2,307.5,0.0
6,2026-09-05T09:00:00,26.8,61.0,2.1,289.8,0.0
7,2026-09-05T09:00:00,27.7,60.8,2.0,309.8,0.0
8,2026-09-05T09:00:00,27.4,58.9,2.1,296.5,0.0
9,2026-09-05T09:00:00,28.0,59.0,2.0,308.1,0.0
10,2026-09-05T09:00:00,27.2,57.9,1.7,301.8,0.0
11,2026-09-05T09:00:00,27.0,62.0,1.7,311.0,0.0
12,2026-09-05T09:00:00,26.8,57.4,2.2,330.2,0.0
13,2026-09-05T09:00:00,27.5,61.4,2.3,299.0,0.0
14,2026-09-05T09:00:00,27.5,59.1,2.0,324.6,0.0
15,2026-09-05T09:00:00,26.5,63.5,2.1,317.8,0.0
1,2026-09-05T10:00:00,28.9,53.6,2.3,313.3,0.0
2,2026-09-05T10:00:00,29.2,55.8,2.3,304.6,0.0
3,2026-09-05T10:00:00,28.4,58.8,2.1,319.8,0.0
4,2026-09-05T10:00:00,28.8,52.2,2.1,317.0,0.0
5,2026-09-05T10:00:00,28.4,54.8,2.2,327.6,0.0
6,2026-09-05T10:00:00,29.1,58.6,2.4,318.2,0.0
7,2026-09-05T10:00:00,30.1,51.2,2.6,302.4,0.0
8,2026-09-05T10:00:00,28.1,61.0,2.4,309.5,0.0
9,2026-09-05T10:00:00,28.9,56.2,2.1,331.8,0.0
10,2026-09-05T10:00:00,28.3,55.7,2.7,325.3,0.0
11,2026-09-05T10:00:00,28.6,55.1,2.4,329.9,0.0
12,2026-09-05T10:00:00,28.8,57.8,1.7,301.2,0.0
13,2026-09-05T10:00:00,29.5,52.1,2.5,328.7,0.0
14,2026-09-05T10:00:00,28.5,55.2,2.3,304.5,0.0
15,2026-09-05T10:00:00,28.7,54.5,1.8,295.8,0.0
1,2026-09-05T11:00:00,31.6,52.4,2.5,289.0,0.0
2,2026-09-05T11:00:00,30.6,52.5,2.5,320.0,0.0
3,2026-09-05T11:00:00,30.3,52.9,2.2,324.6,0.0
4,2026-09-05T11:00:00,30.7,48.2,2.5,289.8,0.0
5,2026-09-05T11:00:00,30.6,53.4,2.4,312.5,0.0
6,2026-09-05T11:00:00,30.3,52.6,2.7,317.8,0.0
7,2026-09-05T11:00:00,30.3,56.3,2.5,314.1,0.0
8,2026-09-05T11:00:00,31.3,53.0,2.7,313.7,0.0
9,2026-09-05T11:00:00,30.1,53.2,2.6,318.6,0.0
10,2026-09-05T11:00:00,30.7,52.6,2.5,328.4,0.0
11,2026-09-05T11:00:00,30.6,52.1,2.8,307.2,0.0
12,2026-09-05T11:00:00,30.1,48.9,2.8,311.5,0.0
13,2026-09-05T11:00:00,30.9,56.1,2.3,319.2,0.0
14,2026-09-05T11:00:00,30.0,48.6,2.6,303.3,0.0
15,2026-09-05T11:00:00,29.8,50.7,2.3,327.7,0.0
1,2026-09-05T12:00:00,31.5,47.2,2.8,318.8,0.0
2,2026-09-05T12:00:00,31.8,47.1,2.5,310.2,0.0
3,2026-09-05T12:00:00,32.0,46.9,2.1,315.9,0.0
4,2026-09-05T12:00:00,31.1,50.3,3.0,317.6,0.0
5,2026-09-05T12:00:00,31.5,50.4,2.9,311.6,0.0
6,2026-09-05T12:00:00,32.6,49.4,3.1,311.1,0.0
7,2026-09-05T12:00:00,31.0,48.2,2.6,309.5,0.0
8,2026-09-05T12:00:00,32.1,48.1,2.7,306.5,0.0
9,2026-09-05T12:00:00,31.5,49.0,3.3,304.2,0.0
10,2026-09-05T12:00:00,31.0,50.4,3.0,307.1,0.0
11,2026-09-05T12:00:00,32.8,51.4,2.7,307.7,0.0
12,2026-09-05T12:00:00,32.8,48.1,2.5,312.1,0.0
13,2026-09-05T12:00:00,31.7,46.0,2.6,298.5,0.0
14,2026-09-05T12:00:00,32.3,52.0,2.6,330.4,0.0
15,2026-09-05T12:00:00,32.3,50.0,2.4,319.5,0.0
1,2026-09-05T13:00:00,32.4,45.2,2.9,294.9,0.0
2,2026-09-05T13:00:00,32.3,44.1,2.8,313.2,0.0
3,2026-09-05T13:00:00,32.2,47.2,2.9,325.9,0.0
4,2026-09-05T13:00:00,33.0,46.0,2.7,301.5,0.0
5,2026-09-05T13:00:00,31.7,44.9,3.3,321.7,0.0
6,2026-09-05T13:00:00,32.8,45.1,3.1,315.0,0.0
7,2026-09-05T13:00:00,33.2,45.4,3.4,326.9,0.0
8,2026-09-05T13:00:00,33.5,45.3,2.9,324.6,0.0
9,2026-09-05T13:00:00,33.2,47.1,3.2,311.1,0.0
10,2026-09-05T13:00:00,33.1,44.5,2.9,307.4,0.0
11,2026-09-05T13:00:00,32.3,48.3,2.9,327.2,0.0
12,2026-09-05T13:00:00,32.5,46.5,3.2,327.4,0.0
13,2026-09-05T13:00:00,32.1,47.9,3.4,311.4,0.0
14,2026-09-05T13:00:00,31.6,47.2,2.9,309.9,0.0
15,2026-09-05T13:00:00,32.2,47.8,3.1,333.2,0.0
1,2026-09-05T14:00:00,33.5,43.6,2.9,309.7,0.0
2,2026-09-05T14:00:00,33.4,44.7,3.3,339.5,0.0
3,2026-09-05T14:00:00,33.4,47.2,3.4,326.9,0.0
4,2026-09-05T14:00:00,33.1,47.0,3.1,313.8,0.0
5,2026-09-05T14:00:00,33.0,44.9,3.1,321.5,0.0
6,2026-09-05T14:00:00,32.8,43.5,3.3,322.1,0.0
7,2026-09-05T14:00:00,33.7,43.2,3.5,317.3,0.0
8,2026-09-05T14:00:00,32.9,44.2,3.5,310.5,0.0
9,2026-09-05T14:00:00,34.0,46.6,3.3,308.4,0.0
10,2026-09-05T14:00:00,32.2,46.1,3.3,339.5,0.0
11,2026-09-05T14:00:00,34.7,43.7,3.3,326.9,0.0
12,2026-09-05T14:00:00,33.5,43.0,3.1,306.6,0.0
13,2026-09-05T14:00:00,33.8,43.3,3.4,325.3,0.0
14,2026-09-05T14:00:00,33.2,44.6,3.2,312.9,0.0
15,2026-09-05T14:00:00,33.7,42.9,3.1,318.3,0.0
1,2026-09-05T15:00:00,33.7,43.8,3.4,322.9,0.0
2,2026-09-05T15:00:00,32.7,44.2,3.6,314.5,0.0
3,2026-09-05T15:00:00,32.5,43.7,3.2,318.9,0.0
4,2026-09-05T15:00:00,32.9,44.3,3.3,295.2,0.0
5,2026-09-05T15:00:00,32.1,44.5,3.6,298.7,0.0
6,2026-09-05T15:00:00,33.3,45.4,3.4,320.7,0.0
7,2026-09-05T15:00:00,33.8,45.5,3.9,305.1,0.0
8,2026-09-05T15:00:00,33.0,47.5,3.3,320.0,0.0
9,2026-09-05T15:00:00,33.5,44.9,3.2,307.0,0.0
10,2026-09-05T15:00:00,33.1,44.5,3.8,308.0,0.0
11,2026-09-05T15:00:00,33.2,47.0,3.9,305.5,0.0
12,2026-09-05T15:00:00,33.2,44.8,3.3,313.3,0.0
13,2026-09-05T15:00:00,33.1,47.1,3.6,323.5,0.0
14,2026-09-05T15:00:00,32.9,44.8,3.3,309.3,0.0
15,2026-09-05T15:00:00,32.9,43.1,3.7,319.8,0.0
1,2026-09-05T16:00:00,32.4,49.2,3.5,305.5,0.0
2,2026-09-05T16:00:00,32.1,43.6,3.5,311.3,0.0
3,2026-09-05T16:00:00,32.8,43.7,3.5,292.5,0.0
4,2026-09-05T16:00:00,33.1,46.5,3.6,327.3,0.0
5,2026-09-05T16:00:00,32.3,48.5,3.7,325.1,0.0
6,2026-09-05T16:00:00,32.5,47.5,3.7,315.9,0.0
7,2026-09-05T16:00:00,32.8,46.6,3.6,326.5,0.0
8,2026-09-05T16:00:00,31.8,46.4,3.9,303.6,0.0
9,2026-09-05T16:00:00,33.3,47.2,3.4,305.1,0.0
10,2026-09-05T16:00:00,32.8,45.1,3.7,313.8,0.0
11,2026-09-05T16:00:00,31.9,48.9,4.0,323.7,0.0
12,2026-09-05T16:00:00,33.3,46.2,3.7,319.4,0.0
13,2026-09-05T16:00:00,31.4,50.6,4.2,309.3,0.0
14,2026-09-05T16:00:00,31.8,44.0,3.6,299.0,0.0
15,2026-09-05T16:00:00,32.0,45.5,3.3,305.0,0.0
1,2026-09-05T17:00:00,32.0,48.5,3.7,293.1,0.0
2,2026-09-05T17:00:00,31.5,49.3,3.8,315.2,0.0
3,2026-09-05T17:00:00,32.0,50.3,3.7,319.6,0.0
4,2026-09-05T17:00:00,31.0,49.9,3.8,311.9,0.0
5,2026-09-05T17:00:00,30.8,49.2,4.0,319.9,0.0
6,2026-09-05T17:00:00,30.8,51.9,4.0,318.8,0.0
7,2026-09-05T17:00:00,32.0,50.5,3.9,317.5,0.0
8,2026-09-05T17:00:00,31.9,50.2,4.3,308.8,0.0
9,2026-09-05T17:00:00,31.9,48.2,3.8,333.7,0.0
10,2026-09-05T17:00:00,31.8,49.0,3.7,306.6,0.0
11,2026-09-05T17:00:00,30.3,46.0,3.6,319.7,0.0
12,2026-09-05T17:00:00,31.4,50.3,3.5,322.1,0.0
13,2026-09-05T17:00:00,31.9,49.3,3.4,311.6,0.0
14,2026-09-05T17:00:00,30.8,49.8,3.9,310.7,0.0
15,2026-09-05T17:00:00,30.8,49.0,4.1,304.0,0.0
1,2026-09-05T18:00:00,29.3,48.6,3.8,301.4,0.0
2,2026-09-05T18:00:00,30.2,50.8,4.0,292.1,0.0
3,2026-09-05T18:00:00,30.8,51.7,4.0,305.6,0.0
4,2026-09-05T18:00:00,30.2,52.1,4.4,304.2,0.0
5,2026-09-05T18:00:00,30.5,51.4,3.8,316.4,0.0
6,2026-09-05T18:00:00,30.6,52.3,4.2,308.5,0.0
7,2026-09-05T18:00:00,30.7,55.3,4.0,296.7,0.0
8,2026-09-05T18:00:00,30.6,49.1,4.1,319.4,0.0
9,2026-09-05T18:00:00,29.3,52.6,3.6,303.0,0.0
10,2026-09-05T18:00:00,29.4,50.5,3.8,305.9,0.0
11,2026-09-05T18:00:00,30.7,51.1,3.5,305.9,0.0
12,2026-09-05T18:00:00,30.5,51.3,3.7,310.2,0.0
13,2026-09-05T18:00:00,30.2,54.9,3.9,307.0,0.0
14,2026-09-05T18:00:00,29.8,51.6,3.9,316.5,0.0
15,2026-09-05T18:00:00,29.9,53.9,4.0,314.1,0.0
1,2026-09-05T19:00:00,28.8,55.4,3.8,294.1,0.0
2,2026-09-05T19:00:00,29.1,55.6,4.0,299.4,0.0
3,2026-09-05T19:00:00,28.6,54.7,4.3,316.1,0.0
4,2026-09-05T19:00:00,28.9,53.8,3.9,296.6,0.0
5,2026-09-05T19:00:00,29.8,55.8,3.3,290.0,0.0
6,2026-09-05T19:00:00,29.9,54.4,4.1,320.1,0.0
7,2026-09-05T19:00:00,29.2,59.2,3.8,303.8,0.0
8,2026-09-05T19:00:00,29.6,53.3,4.3,317.6,0.0
9,2026-09-05T19:00:00,29.3,54.0,3.8,316.8,0.0
10,2026-09-05T19:00:00,28.2,55.1,4.0,292.8,0.0
11,2026-09-05T19:00:00,30.2,57.3,4.1,305.8,0.0
12,2026-09-05T19:00:00,28.8,55.8,4.3,315.6,0.0
13,2026-09-05T19:00:00,29.3,57.1,3.7,307.5,0.0
14,2026-09-05T19:00:00,28.8,57.9,3.8,312.1,0.0
15,2026-09-05T19:00:00,28.4,54.6,3.9,299.2,0.0
1,2026-09-05T20:00:00,26.3,59.1,3.4,304.6,0.0
2,2026-09-05T20:00:00,27.2,61.9,3.2,301.0,0.0
3,2026-09-05T20:00:00,27.9,62.3,4.0,309.9,0.0
4,2026-09-05T20:00:00,27.5,60.4,3.5,317.6,0.0
5,2026-09-05T20:00:00,27.7,60.8,3.7,303.0,0.0
6,2026-09-05T20:00:00,26.9,59.5,3.7,299.7,0.0
7,2026-09-05T20:00:00,27.6,62.6,3.6,297.6,0.0
8,2026-09-05T20:00:00,28.0,60.8,3.5,302.7,0.0
9,2026-09-05T20:00:00,27.8,62.3,3.5,307.1,0.0
10,2026-09-05T20:00:00,26.4,61.0,3.2,309.6,0.0
11,2026-09-05T20:00:00,26.6,62.8,3.5,298.4,0.0
12,2026-09-05T20:00:00,25.8,58.3,3.7,303.7,0.0
13,2026-09-05T20:00:00,27.3,62.0,3.7,301.4,0.0
14,2026-09-05T20:00:00,27.1,60.5,3.9,304.3,0.0
15,2026-09-05T20:00:00,26.5,58.6,3.8,290.6,0.0
1,2026-09-05T21:00:00,26.2,64.9,3.6,299.0,0.0
2,2026-09-05T21:00:00,25.6,64.0,3.6,282.3,0.0
3,2026-09-05T21:00:00,25.4,63.0,3.4,297.4,0.0
4,2026-09-05T21:00:00,26.3,61.2,3.0,313.8,0.0
5,2026-09-05T21:00:00,24.9,66.6,3.4,287.1,0.0
6,2026-09-05T21:00:00,26.1,67.0,3.6,294.6,0.0
7,2026-09-05T21:00:00,25.3,65.9,3.4,310.9,0.0
8,2026-09-05T21:00:00,26.5,68.8,3.4,292.3,0.0
9,2026-09-05T21:00:00,26.4,62.5,3.0,319.5,0.0
10,2026-09-05T21:00:00,25.6,67.6,3.6,288.2,0.0
11,2026-09-05T21:00:00,25.6,65.7,3.5,291.8,0.0
12,2026-09-05T21:00:00,25.6,65.4,3.5,294.8,0.0
13,2026-09-05T21:00:00,26.3,69.0,3.6,314.3,0.0
14,2026-09-05T21:00:00,25.9,67.9,3.5,299.5,0.0
15,2026-09-05T21:00:00,26.4,68.3,3.5,297.0,0.0
1,2026-09-05T22:00:00,22.8,71.4,3.2,296.0,0.0
2,2026-09-05T22:00:00,24.7,68.6,3.2,269.0,0.0
3,2026-09-05T22:00:00,24.0,69.3,3.3,287.3,0.0
4,2026-09-05T22:00:00,24.7,72.1,3.0,293.8,0.0
5,2026-09-05T22:00:00,23.3,68.6,3.0,297.1,0.0
6,2026-09-05T22:00:00,24.1,70.4,3.9,305.3,0.0
7,2026-09-05T22:00:00,24.1,69.4,3.5,290.6,0.0
8,2026-09-05T22:00:00,24.7,68.1,3.0,285.6,0.0
9,2026-09-05T22:00:00,24.1,67.1,3.2,294.4,0.0
10,2026-09-05T22:00:00,24.4,69.8,2.8,292.0,0.0
11,2026-09-05T22:00:00,23.4,73.0,3.5,306.6,0.0
12,2026-09-05T22:00:00,24.2,70.2,3.0,296.4,0.0
13,2026-09-05T22:00:00,24.5,69.9,3.4,282.4,0.0
14,2026-09-05T22:00:00,24.3,68.8,3.7,308.3,0.0
15,2026-09-05T22:00:00,23.6,72.6,2.9,281.2,0.0
1,2026-09-05T23:00:00,23.0,73.6,2.9,311.7,0.0
2,2026-09-05T23:00:00,22.7,74.1,3.0,302.8,0.0
3,2026-09-05T23:00:00,24.1,76.5,2.9,286.2,0.0
4,2026-09-05T23:00:00,22.9,75.7,2.8,305.1,0.0
5,2026-09-05T23:00:00,23.1,73.0,2.9,296.0,0.0
6,2026-09-05T23:00:00,22.2,75.2,3.6,276.1,0.0
7,2026-09-05T23:00:00,21.7,69.3,3.0,297.2,0.0
8,2026-09-05T23:00:00,23.8,73.1,2.9,280.1,0.0
9,2026-09-05T23:00:00,23.6,75.7,3.1,299.4,0.0
10,2026-09-05T23:00:00,22.4,77.0,3.1,283.1,0.0
11,2026-09-05T23:00:00,22.5,73.3,3.0,295.7,0.0
12,2026-09-05T23:00:00,22.1,74.0,2.7,279.0,0.0
13,2026-09-05T23:00:00,23.0,70.3,3.0,291.0,0.0
14,2026-09-05T23:00:00,23.5,73.1,3.7,280.7,0.0
15,2026-09-05T23:00:00,22.5,69.6,3.1,277.0,0.0
1,2026-09-06T00:00:00,20.3,77.8,2.9,272.1,0.0
2,2026-09-06T00:00:00,21.2,74.8,3.0,272.8,0.0
3,2026-09-06T00:00:00,20.4,72.5,2.6,290.3,0.0
4,2026-09-06T00:00:00,22.1,75.2,2.8,279.3,0.0
5,2026-09-06T00:00:00,21.5,77.2,2.7,292.8,0.0
6,2026-09-06T00:00:00,21.0,78.7,3.2,293.7,0.0
7,2026-09-06T00:00:00,22.1,80.3,3.0,281.8,0.0
8,2026-09-06T00:00:00,21.3,78.2,2.3,299.1,0.0
9,2026-09-06T00:00:00,22.1,77.3,2.7,284.5,0.0
10,2026-09-06T00:00:00,20.4,74.2,3.2,283.7,0.0
11,2026-09-06T00:00:00,20.8,79.9,2.8,292.4,0.0
12,2026-09-06T00:00:00,21.4,80.7,3.2,303.8,0.0
13,2026-09-06T00:00:00,21.8,73.3,2.2,272.0,0.0
14,2026-09-06T00:00:00,22.2,77.2,2.5,282.8,0.0
15,2026-09-06T00:00:00,21.8,77.3,2.8,284.4,0.0
1,2026-09-06T01:00:00,20.5,78.3,2.2,287.5,0.0
2,2026-09-06T01:00:00,20.1,77.3,2.6,280.5,0.0
3,2026-09-06T01:00:00,20.9,83.6,2.6,289.4,0.0
4,2026-09-06T01:00:00,19.3,78.0,3.1,283.1,0.0
5,2026-09-06T01:00:00,20.9,77.1,2.3,302.2,0.0
6,2026-09-06T01:00:00,20.8,75.8,2.2,284.2,0.0
7,2026-09-06T01:00:00,21.2,76.3,2.4,290.5,0.0
8,2026-09-06T01:00:00,20.1,79.7,2.4,298.3,0.0
9,2026-09-06T01:00:00,19.8,80.5,2.6,282.6,0.0
10,2026-09-06T01:00:00,20.2,78.1,2.1,277.1,0.0
11,2026-09-06T01:00:00,21.1,78.6,2.0,272.0,0.0
12,2026-09-06T01:00:00,20.1,79.1,2.4,294.7,0.0
13,2026-09-06T01:00:00,21.4,79.9,2.6,286.0,0.0
14,2026-09-06T01:00:00,20.1,75.8,2.6,299.9,0.0
15,2026-09-06T01:00:00,19.6,74.6,2.6,278.5,0.0
1,2026-09-06T02:00:00,20.3,77.6,2.2,275.7,0.0
2,2026-09-06T02:00:00,20.1,79.5,2.7,280.3,0.0
3,2026-09-06T02:00:00,20.2,79.9,2.4,275.4,0.0
4,2026-09-06T02:00:00,19.3,80.6,2.4,276.1,0.0
5,2026-09-06T02:00:00,19.5,78.4,2.2,279.9,0.0
6,2026-09-06T02:00:00,19.4,76.8,2.4,278.7,0.0
7,2026-09-06T02:00:00,19.4,78.6,2.4,282.1,0.0
8,2026-09-06T02:00:00,20.0,78.0,2.1,265.3,0.0
9,2026-09-06T02:00:00,20.0,78.6,2.1,277.4,0.0
10,2026-09-06T02:00:00,19.7,81.2,2.6,282.3,0.0
11,2026-09-06T02:00:00,20.4,79.6,2.3,279.0,0.0
12,2026-09-06T02:00:00,19.7,78.5,1.8,284.2,0.0
13,2026-09-06T02:00:00,19.0,82.1,2.2,289.3,0.0
14,2026-09-06T02:00:00,19.3,79.6,2.1,271.2,0.0
15,2026-09-06T02:00:00,19.6,78.8,2.5,278.3,0.0
1,2026-09-06T03:00:00,20.3,80.6,2.1,271.8,0.0
2,2026-09-06T03:00:00,18.8,81.2,2.0,254.7,0.0
3,2026-09-06T03:00:00,19.6,79.3,2.3,280.9,0.0
4,2026-09-06T03:00:00,21.0,81.5,2.2,265.0,0.0
5,2026-09-06T03:00:00,20.1,81.4,2.6,272.8,0.0
6,2026-09-06T03:00:00,21.3,79.9,1.6,266.9,0.0
7,2026-09-06T03:00:00,19.8,82.3,2.3,262.2,0.0
8,2026-09-06T03:00:00,19.8,79.2,2.3,277.6,0.0
9,2026-09-06T03:00:00,19.3,81.1,2.4,264.6,0.0
10,2026-09-06T03:00:00,20.2,82.1,2.0,286.5,0.0
11,2026-09-06T03:00:00,20.2,78.8,2.3,283.9,0.0
12,2026-09-06T03:00:00,20.5,80.5,2.0,280.6,0.0
13,2026-09-06T03:00:00,20.5,78.8,2.2,263.1,0.0
14,2026-09-06T03:00:00,19.6,80.4,1.9,287.9,0.0
15,2026-09-06T03:00:00,20.0,77.5,1.9,252.5,0.0
1,2026-09-06T04:00:00,20.0,75.6,2.0,249.6,0.0
2,2026-09-06T04:00:00,20.9,74.6,2.2,262.2,0.0
3,2026-09-06T04:00:00,19.8,78.8,1.9,255.9,0.0
4,2026-09-06T04:00:00,20.1,80.2,2.0,260.3,0.0
5,2026-09-06T04:00:00,20.6,78.1,1.8,264.6,0.0
6,2026-09-06T04:00:00,20.2,79.1,2.0,248.5,0.0
7,2026-09-06T04:00:00,20.1,76.2,2.0,274.6,0.0
8,2026-09-06T04:00:00,21.1,80.9,2.3,260.5,0.0
9,2026-09-06T04:00:00,20.6,79.8,2.1,258.2,0.0
10,2026-09-06T04:00:00,20.0,80.1,2.1,265.0,0.0
11,2026-09-06T04:00:00,19.9,75.1,2.0,267.1,0.0
12,2026-09-06T04:00:00,21.3,77.7,1.7,282.6,0.0
13,2026-09-06T04:00:00,19.4,78.2,2.3,278.4,0.0
14,2026-09-06T04:00:00,19.3,74.7,2.4,260.9,0.0
15,2026-09-06T04:00:00,21.0,77.1,2.1,273.4,0.0
1,2026-09-06T05:00:00,21.0,78.6,2.1,276.0,0.0
2,2026-09-06T05:00:00,21.1,74.0,1.5,256.7,0.0
3,2026-09-06T05:00:00,21.5,78.3,2.1,262.6,0.0
4,2026-09-06T05:00:00,21.0,76.4,1.2,279.8,0.0
5,2026-09-06T05:00:00,21.8,76.8,2.0,271.4,0.0
6,2026-09-06T05:00:00,20.6,78.3,2.0,273.7,0.0
7,2026-09-06T05:00:00,21.3,75.1,1.9,255.5,0.0
8,2026-09-06T05:00:00,22.2,76.8,1.5,269.7,0.0
9,2026-09-06T05:00:00,22.6,76.2,1.9,260.9,0.0
10,2026-09-06T05:00:00,21.3,74.7,1.5,260.6,0.0
11,2026-09-06T05:00:00,20.0,76.3,1.5,266.1,0.0
12,2026-09-06T05:00:00,19.8,76.5,2.1,263.7,0.0
13,2026-09-06T05:00:00,20.6,76.1,1.9,253.7,0.0
14,2026-09-06T05:00:00,20.9,75.7,2.1,263.5,0.0
15,2026-09-06T05:00:00,21.3,74.5,1.9,271.3,0.0
1,2026-09-06T06:00:00,22.4,71.4,1.7,253.8,0.0
2,2026-09-06T06:00:00,23.2,75.5,1.8,256.8,0.0
3,2026-09-06T06:00:00,22.3,75.3,1.9,263.7,0.0
4,2026-09-06T06:00:00,23.0,78.5,2.1,255.3,0.0
5,2026-09-06T06:00:00,21.9,69.8,1.5,251.2,0.0
6,2026-09-06T06:00:00,22.9,71.6,1.8,256.2,0.0
7,2026-09-06T06:00:00,22.7,74.5,1.8,258.6,0.0
8,2026-09-06T06:00:00,21.8,73.1,1.4,241.3,0.0
9,2026-09-06T06:00:00,23.2,71.4,1.5,252.4,0.0
10,2026-09-06T06:00:00,22.1,72.9,2.5,254.0,0.0
11,2026-09-06T06:00:00,22.5,72.9,1.8,274.9,0.0
12,2026-09-06T06:00:00,21.0,74.0,1.9,269.7,0.0
13,2026-09-06T06:00:00,22.9,72.1,2.0,265.5,0.0
14,2026-09-06T06:00:00,22.6,75.1,2.3,251.6,0.0
15,2026-09-06T06:00:00,22.8,72.3,2.2,256.8,0.0
1,2026-09-06T07:00:00,24.2,72.4,1.8,263.0,0.0
2,2026-09-06T07:00:00,23.9,69.2,2.3,250.9,0.0
3,2026-09-06T07:00:00,24.7,69.0,2.1,257.2,0.0
4,2026-09-06T07:00:00,24.2,67.2,1.6,264.3,0.0
5,2026-09-06T07:00:00,23.4,68.5,1.7,263.5,0.0
6,2026-09-06T07:00:00,24.4,69.5,2.1,252.8,0.0
7,2026-09-06T07:00:00,23.7,66.5,1.8,259.1,0.0
8,2026-09-06T07:00:00,22.8,67.3,1.6,259.2,0.0
9,2026-09-06T07:00:00,24.4,68.5,1.4,258.9,0.0
10,2026-09-06T07:00:00,24.9,69.0,1.8,268.2,0.0
11,2026-09-06T07:00:00,24.8,67.2,1.7,253.3,0.0
12,2026-09-06T07:00:00,24.0,66.3,1.8,256.4,0.0
13,2026-09-06T07:00:00,22.9,68.8,1.7,258.5,0.0
14,2026-09-06T07:00:00,24.4,69.3,1.7,231.0,0.0
15,2026-09-06T07:00:00,23.9,65.9,1.1,259.1,0.0
1,2026-09-06T08:00:00,24.8,67.5,2.3,254.3,0.0
2,2026-09-06T08:00:00,25.7,64.8,1.9,254.5,0.0
3,2026-09-06T08:00:00,25.2,64.2,1.7,246.5,0.0
4,2026-09-06T08:00:00,26.4,63.8,1.9,259.2,0.0
5,2026-09-06T08:00:00,25.0,63.9,2.3,242.7,0.0
6,2026-09-06T08:00:00,25.4,64.5,1.9,251.4,0.0
7,2026-09-06T08:00:00,25.5,62.8,2.0,261.7,0.0
8,2026-09-06T08:00:00,27.0,61.7,1.7,265.4,0.0
9,2026-09-06T08:00:00,25.7,61.3,1.9,239.7,0.0
10,2026-09-06T08:00:00,25.1,62.0,2.1,265.2,0.0
11,2026-09-06T08:00:00,24.9,67.4,1.7,247.0,0.0
12,2026-09-06T08:00:00,26.5,63.6,2.2,258.2,0.0
13,2026-09-06T08:00:00,25.9,64.7,2.1,251.7,0.0
14,2026-09-06T08:00:00,25.8,65.4,1.9,264.7,0.0
15,2026-09-06T08:00:00,25.0,66.3,1.5,251.3,0.0
1,2026-09-06T09:00:00,28.0,59.6,2.0,245.6,0.0
2,2026-09-06T09:00:00,28.2,58.5,2.4,264.4,0.0
3,2026-09-06T09:00:00,26.6,62.2,2.0,262.6,0.0
4,2026-09-06T09:00:00,26.7,65.0,2.0,250.5,0.0
5,2026-09-06T09:00:00,27.9,59.8,2.3,240.1,0.0
6,2026-09-06T09:00:00,26.3,57.3,2.1,256.4,0.0
7,2026-09-06T09:00:00,27.7,60.7,2.5,252.4,0.0
8,2026-09-06T09:00:00,26.7,64.2,2.1,255.0,0.0
9,2026-09-06T09:00:00,27.4,60.7,1.8,256.3,0.0
10,2026-09-06T09:00:00,26.9,58.2,2.1,262.5,0.0
11,2026-09-06T09:00:00,26.2,58.2,2.0,236.3,0.0
12,2026-09-06T09:00:00,27.0,60.1,1.8,230.5,0.0
13,2026-09-06T09:00:00,26.5,57.4,1.9,243.6,0.0
14,2026-09-06T09:00:00,27.2,59.2,2.0,246.7,0.0
15,2026-09-06T09:00:00,27.4,60.4,1.6,240.0,0.0
1,2026-09-06T10:00:00,27.8,55.9,2.2,248.6,0.0
2,2026-09-06T10:00:00,29.1,55.0,2.6,256.0,0.0
3,2026-09-06T10:00:00,28.6,57.4,2.1,249.4,0.0
4,2026-09-06T10:00:00,29.7,54.1,2.4,243.5,0.0
5,2026-09-06T10:00:00,29.1,56.9,2.7,246.2,0.0
6,2026-09-06T10:00:00,28.5,57.3,2.4,261.2,0.0
7,2026-09-06T10:00:00,29.5,58.2,2.3,232.0,0.0
8,2026-09-06T10:00:00,29.2,55.6,2.4,247.9,0.0
9,2026-09-06T10:00:00,30.0,55.6,2.4,261.6,0.0
10,2026-09-06T10:00:00,28.5,57.9,2.4,236.0,0.0
11,2026-09-06T10:00:00,29.2,59.8,2.9,223.8,0.0
12,2026-09-06T10:00:00,28.5,55.6,2.6,233.8,0.0
13,2026-09-06T10:00:00,28.5,54.6,2.7,266.4,0.0
14,2026-09-06T10:00:00,29.6,56.1,2.3,239.9,0.0
15,2026-09-06T10:00:00,29.2,55.7,2.2,246.1,0.0
1,2026-09-06T11:00:00,30.7,51.7,2.4,241.5,0.0
2,2026-09-06T11:00:00,29.6,55.9,2.3,240.4,0.0
3,2026-09-06T11:00:00,30.7,53.8,2.7,243.9,0.0
4,2026-09-06T11:00:00,30.6,52.4,2.1,254.1,0.0
5,2026-09-06T11:00:00,31.4,51.1,2.2,245.5,0.0
6,2026-09-06T11:00:00,30.1,48.7,2.9,244.8,0.0
7,2026-09-06T11:00:00,31.1,50.2,2.6,270.1,0.0
8,2026-09-06T11:00:00,30.4,54.8,2.5,244.7,0.0
9,2026-09-06T11:00:00,30.0,52.4,2.2,234.1,0.0
10,2026-09-06T11:00:00,30.8,52.2,2.4,249.5,0.0
11,2026-09-06T11:00:00,30.3,49.1,2.9,256.8,0.0
12,2026-09-06T11:00:00,30.4,52.8,2.4,252.6,0.0
13,2026-09-06T11:00:00,31.0,56.2,2.3,254.6,0.0
14,2026-09-06T11:00:00,30.4,52.5,2.6,241.4,0.0
15,2026-09-06T11:00:00,30.9,53.1,3.1,223.3,0.0
1,2026-09-06T12:00:00,31.5,48.5,2.7,233.9,0.0
2,2026-09-06T12:00:00,31.7,51.1,2.6,255.6,0.0
3,2026-09-06T12:00:00,32.2,49.5,2.8,251.6,0.0
4,2026-09-06T12:00:00,31.7,46.4,2.6,266.6,0.0
5,2026-09-06T12:00:00,31.5,48.1,2.6,242.7,0.0
6,2026-09-06T12:00:00,30.9,51.5,2.7,245.8,0.0
7,2026-09-06T12:00:00,31.3,46.8,3.2,247.6,0.0
8,2026-09-06T12:00:00,31.2,46.2,2.8,247.0,0.0
9,2026-09-06T12:00:00,32.1,48.8,2.7,238.0,0.0
10,2026-09-06T12:00:00,32.5,46.4,2.9,255.7,0.0
11,2026-09-06T12:00:00,32.1,48.5,2.7,234.9,0.0
12,2026-09-06T12:00:00,32.3,47.8,2.9,238.9,0.0
13,2026-09-06T12:00:00,32.4,48.5,2.8,251.9,0.0
14,2026-09-06T12:00:00,31.5,49.3,3.1,234.7,0.0
15,2026-09-06T12:00:00,31.3,48.3,3.0,245.4,0.0
1,2026-09-06T13:00:00,33.6,43.9,3.4,247.1,0.0
2,2026-09-06T13:00:00,31.9,52.3,3.5,246.9,0.0
3,2026-09-06T13:00:00,33.9,47.3,2.7,253.8,0.0
4,2026-09-06T13:00:00,33.1,46.3,3.0,239.7,0.0
5,2026-09-06T13:00:00,32.4,43.9,3.1,225.7,0.0
6,2026-09-06T13:00:00,32.2,45.6,2.9,241.8,0.0
7,2026-09-06T13:00:00,32.9,46.5,3.1,245.6,0.0
8,2026-09-06T13:00:00,32.9,45.3,2.3,229.9,0.0
9,2026-09-06T13:00:00,33.2,46.0,2.9,235.1,0.0
10,2026-09-06T13:00:00,32.0,48.3,2.9,249.1,0.0
11,2026-09-06T13:00:00,33.1,48.0,2.8,263.2,0.0
12,2026-09-06T13:00:00,32.4,46.7,2.7,244.6,0.0
13,2026-09-06T13:00:00,32.1,46.4,3.3,249.5,0.0
14,2026-09-06T13:00:00,33.1,45.4,3.1,232.0,0.0
15,2026-09-06T13:00:00,31.8,45.6,2.6,252.5,0.0
1,2026-09-06T14:00:00,32.5,44.8,3.1,261.6,0.0
2,2026-09-06T14:00:00,32.8,48.2,3.3,243.8,0.0
3,2026-09-06T14:00:00,31.7,44.0,3.1,227.3,0.0
4,2026-09-06T14:00:00,33.5,45.9,3.1,261.9,0.0
5,2026-09-06T14:00:00,33.7,46.8,3.0,227.8,0.0
6,2026-09-06T14:00:00,31.8,45.9,3.1,242.5,0.0
7,2026-09-06T14:00:00,33.5,45.9,3.3,252.7,0.0
8,2026-09-06T14:00:00,34.6,46.9,3.4,254.7,0.0
9,2026-09-06T14:00:00,33.3,43.6,3.4,271.6,0.0
10,2026-09-06T14:00:00,32.8,44.2,3.2,239.9,0.0
11,2026-09-06T14:00:00,32.7,48.0,3.1,242.9,0.0
12,2026-09-06T14:00:00,33.3,46.7,3.7,265.2,0.0
13,2026-09-06T14:00:00,32.7,49.5,3.0,247.4,0.0
14,2026-09-06T14:00:00,33.0,41.6,3.3,241.3,0.0
15,2026-09-06T14:00:00,33.4,45.0,3.1,251.0,0.0
1,2026-09-06T15:00:00,31.5,44.8,3.3,236.6,0.0
2,2026-09-06T15:00:00,33.4,43.9,3.7,235.3,0.0
3,2026-09-06T15:00:00,31.9,46.2,2.5,256.9,0.0
4,2026-09-06T15:00:00,33.4,47.3,3.4,246.9,0.0
5,2026-09-06T15:00:00,32.5,43.7,3.3,246.2,0.0
6,2026-09-06T15:00:00,33.0,46.2,3.6,256.7,0.0
7,2026-09-06T15:00:00,34.1,45.8,3.4,240.7,0.0
8,2026-09-06T15:00:00,34.4,42.1,3.4,252.3,0.0
9,2026-09-06T15:00:00,32.4,45.2,3.5,250.1,0.0
10,2026-09-06T15:00:00,33.0,46.2,3.1,230.2,0.0
11,2026-09-06T15:00:00,32.9,47.2,3.9,250.0,0.0
12,2026-09-06T15:00:00,32.1,45.6,3.1,246.1,0.0
13,2026-09-06T15:00:00,33.0,43.8,3.6,247.6,0.0
14,2026-09-06T15:00:00,32.4,45.3,3.0,231.3,0.0
15,2026-09-06T15:00:00,33.3,45.1,4.0,253.1,0.0
1,2026-09-06T16:00:00,32.2,48.5,3.5,248.1,0.0
2,2026-09-06T16:00:00,33.5,44.8,3.7,253.0,0.0
3,2026-09-06T16:00:00,33.3,47.7,3.3,246.3,0.0
4,2026-09-06T16:00:00,33.1,42.9,4.0,256.8,0.0
5,2026-09-06T16:00:00,33.4,50.9,3.5,247.4,0.0
6,2026-09-06T16:00:00,32.9,43.9,3.9,261.8,0.0
7,2026-09-06T16:00:00,33.3,46.3,3.7,251.5,0.0
8,2026-09-06T16:00:00,32.5,47.6,3.6,237.6,0.0
9,2026-09-06T16:00:00,31.7,43.6,3.6,241.2,0.0
10,2026-09-06T16:00:00,33.1,47.4,3.7,246.4,0.0
11,2026-09-06T16:00:00,32.2,45.9,3.8,248.4,0.0
12,2026-09-06T16:00:00,33.3,44.9,3.8,247.3,0.0
13,2026-09-06T16:00:00,33.1,45.5,3.4,240.1,0.0
14,2026-09-06T16:00:00,33.2,44.1,3.5,253.4,0.0
15,2026-09-06T16:00:00,33.2,47.8,3.4,246.4,0.0
1,2026-09-06T17:00:00,31.7,46.9,3.7,243.9,0.0
2,2026-09-06T17:00:00,32.1,48.6,3.7,241.5,0.0
3,2026-09-06T17:00:00,32.3,47.9,4.1,246.4,0.0
4,2026-09-06T17:00:00,32.1,48.9,3.5,252.9,0.0
5,2026-09-06T17:00:00,32.2,50.2,4.1,245.0,0.0
6,2026-09-06T17:00:00,32.1,48.1,3.8,253.7,0.0
7,2026-09-06T17:00:00,31.3,46.7,4.0,254.2,0.0
8,2026-09-06T17:00:00,32.2,47.7,3.7,250.0,0.0
9,2026-09-06T17:00:00,31.4,50.8,3.7,245.2,0.0
10,2026-09-06T17:00:00,32.7,48.6,3.6,236.1,0.0
11,2026-09-06T17:00:00,30.4,48.0,4.0,233.5,0.0
12,2026-09-06T17:00:00,31.9,49.9,4.2,233.6,0.0
13,2026-09-06T17:00:00,32.1,49.8,3.8,240.9,0.0
14,2026-09-06T17:00:00,32.1,48.7,4.0,239.6,0.0
15,2026-09-06T17:00:00,31.7,47.2,3.7,259.6,0.0
1,2026-09-06T18:00:00,29.5,53.8,3.8,257.8,0.0
2,2026-09-06T18:00:00,30.5,52.8,3.7,247.0,0.0
3,2026-09-06T18:00:00,30.8,49.0,3.7,239.8,0.0
4,2026-09-06T18:00:00,31.3,53.7,4.7,252.6,0.0
5,2026-09-06T18:00:00,30.7,51.4,3.8,236.1,0.0
6,2026-09-06T18:00:00,30.2,48.7,3.8,231.5,0.0
7,2026-09-06T18:00:00,30.1,51.7,3.7,253.8,0.0
8,2026-09-06T18:00:00,30.5,52.0,3.8,244.1,0.0
9,2026-09-06T18:00:00,31.4,53.4,4.0,267.5,0.0
10,2026-09-06T18:00:00,30.3,48.5,3.7,252.1,0.0
11,2026-09-06T18:00:00,30.2,54.5,3.7,256.0,0.0
12,2026-09-06T18:00:00,30.3,51.2,3.9,252.6,0.0
13,2026-09-06T18:00:00,30.5,52.5,3.5,250.9,0.0
14,2026-09-06T18:00:00,30.4,49.5,3.7,261.2,0.0
15,2026-09-06T18:00:00,30.3,51.8,4.0,253.0,0.0
1,2026-09-06T19:00:00,28.9,54.9,3.4,264.0,0.0
2,2026-09-06T19:00:00,29.5,57.3,3.5,278.5,0.0
3,2026-09-06T19:00:00,28.6,55.3,3.3,246.3,0.0
4,2026-09-06T19:00:00,28.6,55.8,3.6,249.5,0.0
5,2026-09-06T19:00:00,29.4,52.3,4.3,254.5,0.0
6,2026-09-06T19:00:00,29.1,57.1,3.4,246.3,0.0
7,2026-09-06T19:00:00,29.2,58.0,3.5,250.4,0.0
8,2026-09-06T19:00:00,28.6,55.5,4.0,243.9,0.0
9,2026-09-06T19:00:00,28.3,57.3,3.5,270.0,0.0
10,2026-09-06T19:00:00,29.8,58.1,3.8,242.8,0.0
11,2026-09-06T19:00:00,27.4,56.3,4.2,257.8,0.0
12,2026-09-06T19:00:00,28.5,56.6,3.7,270.8,0.0
13,2026-09-06T19:00:00,28.3,54.1,3.9,247.4,0.0
14,2026-09-06T19:00:00,28.7,57.0,3.7,264.2,0.0
15,2026-09-06T19:00:00,29.9,56.2,3.7,238.7,0.0
1,2026-09-06T20:00:00,27.0,59.6,4.0,255.2,0.0
2,2026-09-06T20:00:00,26.9,62.4,3.5,264.7,0.0
3,2026-09-06T20:00:00,28.0,58.9,3.5,246.2,0.0
4,2026-09-06T20:00:00,26.7,57.9,3.9,255.7,0.0
5,2026-09-06T20:00:00,27.1,60.6,3.4,255.0,0.0
6,2026-09-06T20:00:00,26.9,60.7,3.6,256.6,0.0
7,2026-09-06T20:00:00,27.3,61.5,3.8,242.3,0.0
8,2026-09-06T20:00:00,27.3,59.0,3.8,261.3,0.0
9,2026-09-06T20:00:00,27.4,61.5,3.4,270.4,0.0
10,2026-09-06T20:00:00,28.1,59.6,3.8,257.3,0.0
11,2026-09-06T20:00:00,27.1,58.7,4.0,246.5,0.0
12,2026-09-06T20:00:00,27.8,61.7,3.7,260.7,0.0
13,2026-09-06T20:00:00,27.7,60.3,3.7,277.7,0.0
14,2026-09-06T20:00:00,27.9,59.7,3.6,242.1,0.0
15,2026-09-06T20:00:00,27.0,57.4,3.8,256.0,0.0
1,2026-09-06T21:00:00,25.7,61.8,4.1,279.8,0.0
2,2026-09-06T21:00:00,26.4,65.8,3.0,275.4,0.0
3,2026-09-06T21:00:00,25.9,65.1,3.5,264.9,0.0
4,2026-09-06T21:00:00,25.2,65.0,3.6,258.9,0.0
5,2026-09-06T21:00:00,26.2,64.0,3.2,257.3,0.0
6,2026-09-06T21:00:00,26.1,64.3,3.6,261.0,0.0
7,2026-09-06T21:00:00,26.4,65.7,3.0,276.2,0.0
8,2026-09-06T21:00:00,26.1,64.6,3.5,278.2,0.0
9,2026-09-06T21:00:00,25.9,61.2,3.4,259.7,0.0
10,2026-09-06T21:00:00,26.5,67.3,3.3,289.5,0.0
11,2026-09-06T21:00:00,26.0,63.1,3.0,254.2,0.0
12,2026-09-06T21:00:00,26.0,64.8,3.8,277.4,0.0
13,2026-09-06T21:00:00,25.8,65.7,3.8,268.2,0.0
14,2026-09-06T21:00:00,25.7,68.5,3.3,279.1,0.0
15,2026-09-06T21:00:00,25.3,66.7,3.4,276.9,0.0
1,2026-09-06T22:00:00,24.6,71.2,3.0,256.9,0.0
2,2026-09-06T22:00:00,24.4,70.9,3.2,257.3,0.0
3,2026-09-06T22:00:00,23.1,71.7,3.3,269.9,0.0
4,2026-09-06T22:00:00,24.2,68.5,3.4,249.3,0.0
5,2026-09-06T22:00:00,23.7,68.6,2.7,250.2,0.0
6,2026-09-06T22:00:00,25.2,71.5,3.6,277.0,0.0
7,2026-09-06T22:00:00,24.2,69.5,3.2,258.7,0.0
8,2026-09-06T22:00:00,23.9,66.9,3.5,271.2,0.0
9,2026-09-06T22:00:00,23.1,66.2,3.4,267.8,0.0
10,2026-09-06T22:00:00,24.4,68.9,3.6,269.6,0.0
11,2026-09-06T22:00:00,24.7,70.1,3.2,246.4,0.0
12,2026-09-06T22:00:00,24.6,68.3,3.2,280.7,0.0
13,2026-09-06T22:00:00,23.7,69.7,3.2,281.9,0.0
14,2026-09-06T22:00:00,23.4,70.4,3.7,261.6,0.0
15,2026-09-06T22:00:00,22.6,69.7,2.6,281.2,0.0
1,2026-09-06T23:00:00,22.6,73.0,2.8,268.6,0.0
2,2026-09-06T23:00:00,22.0,68.5,3.2,249.3,0.0
3,2026-09-06T23:00:00,23.5,74.6,3.1,284.5,0.0
4,2026-09-06T23:00:00,22.2,71.8,3.2,273.9,0.0
5,2026-09-06T23:00:00,22.0,71.8,3.1,271.8,0.0
6,2026-09-06T23:00:00,21.8,73.1,3.2,277.4,0.0
7,2026-09-06T23:00:00,23.6,72.4,3.0,276.0,0.0
8,2026-09-06T23:00:00,22.4,72.9,3.4,272.9,0.0
9,2026-09-06T23:00:00,22.6,72.5,3.4,257.3,0.0
10,2026-09-06T23:00:00,22.6,72.3,3.5,279.1,0.0
11,2026-09-06T23:00:00,22.1,71.2,3.2,269.2,0.0
12,2026-09-06T23:00:00,22.8,73.7,3.0,277.1,0.0
13,2026-09-06T23:00:00,22.3,70.8,3.2,277.2,0.0
14,2026-09-06T23:00:00,22.8,75.2,2.4,273.5,0.0
15,2026-09-06T23:00:00,23.1,74.2,3.0,278.3,0.0
1,2026-09-07T00:00:00,21.2,77.3,2.8,281.0,0.0
2,2026-09-07T00:00:00,22.9,78.5,3.0,260.7,0.0
3,2026-09-07T00:00:00,20.8,76.9,2.7,273.5,0.0
4,2026-09-07T00:00:00,21.2,75.4,3.4,275.2,0.0
5,2026-09-07T00:00:00,21.8,77.3,2.8,278.7,0.0
6,2026-09-07T00:00:00,21.5,77.8,2.6,250.0,0.0
7,2026-09-07T00:00:00,21.7,78.7,2.7,258.6,0.0
8,2026-09-07T00:00:00,21.0,75.7,2.8,268.9,0.0
9,2026-09-07T00:00:00,22.3,76.4,2.3,286.1,0.0
10,2026-09-07T00:00:00,21.0,75.1,3.3,266.4,0.0
11,2026-09-07T00:00:00,20.2,77.2,2.9,298.7,0.0
12,2026-09-07T00:00:00,22.3,76.4,3.2,273.2,0.0
13,2026-09-07T00:00:00,20.7,79.0,2.9,283.1,0.0
14,2026-09-07T00:00:00,21.1,74.5,2.6,272.8,0.0
15,2026-09-07T00:00:00,22.7,75.7,2.9,287.6,0.0
1,2026-09-07T01:00:00,20.2,77.1,2.8,267.3,0.0
2,2026-09-07T01:00:00,20.2,80.5,2.1,284.7,0.0
3,2026-09-07T01:00:00,21.0,77.0,2.4,282.3,0.0
4,2026-09-07T01:00:00,20.3,77.4,2.5,294.8,0.0
5,2026-09-07T01:00:00,20.1,76.5,3.0,271.0,0.0
6,2026-09-07T01:00:00,21.0,78.9,2.7,285.5,0.0
7,2026-09-07T01:00:00,21.2,81.7,2.6,274.5,0.0
8,2026-09-07T01:00:00,21.9,78.2,2.7,288.2,0.0
9,2026-09-07T01:00:00,20.2,75.9,2.4,285.3,0.0
10,2026-09-07T01:00:00,21.7,79.1,2.8,287.8,0.0
11,2026-09-07T01:00:00,19.8,78.7,2.3,269.6,0.0
12,2026-09-07T01:00:00,21.0,78.5,2.4,290.3,0.0
13,2026-09-07T01:00:00,20.1,79.0,2.4,275.5,0.0
14,2026-09-07T01:00:00,20.6,75.6,3.0,269.4,0.0
15,2026-09-07T01:00:00,21.3,80.4,3.0,287.6,0.0
1,2026-09-07T02:00:00,20.6,80.6,2.4,288.7,0.0
2,2026-09-07T02:00:00,19.9,80.9,2.2,281.9,0.0
3,2026-09-07T02:00:00,18.9,81.1,2.4,283.2,0.0
4,2026-09-07T02:00:00,21.0,78.0,2.1,272.1,0.0
5,2026-09-07T02:00:00,20.6,82.3,1.9,296.6,0.0
6,2026-09-07T02:00:00,18.6,78.2,2.2,271.9,0.0
7,2026-09-07T02:00:00,20.0,82.3,1.9,302.5,0.0
8,2026-09-07T02:00:00,21.3,77.5,2.2,285.4,0.0
9,2026-09-07T02:00:00,20.3,78.9,2.2,289.1,0.0
10,2026-09-07T02:00:00,20.3,79.4,2.3,282.6,0.0
11,2026-09-07T02:00:00,20.2,81.7,2.3,289.6,0.0
12,2026-09-07T02:00:00,21.3,82.1,2.3,268.8,0.0
13,2026-09-07T02:00:00,20.3,79.2,2.1,286.7,0.0
14,2026-09-07T02:00:00,20.1,80.5,2.8,290.7,0.0
15,2026-09-07T02:00:00,19.4,77.6,2.7,281.4,0.0
1,2026-09-07T03:00:00,20.2,74.1,2.5,266.0,0.0
2,2026-09-07T03:00:00,20.2,79.7,2.1,271.5,0.0
3,2026-09-07T03:00:00,21.1,78.8,2.0,292.4,0.0
4,2026-09-07T03:00:00,19.5,79.3,2.1,291.2,0.0
5,2026-09-07T03:00:00,20.4,79.9,1.8,301.1,0.0
6,2026-09-07T03:00:00,20.0,79.7,1.9,295.2,0.0
7,2026-09-07T03:00:00,19.5,79.4,1.7,299.1,0.0
8,2026-09-07T03:00:00,19.8,81.2,2.4,287.3,0.0
9,2026-09-07T03:00:00,20.6,77.9,2.4,291.2,0.0
10,2026-09-07T03:00:00,20.6,77.6,2.1,294.7,0.0
11,2026-09-07T03:00:00,20.9,79.9,1.8,299.3,0.0
12,2026-09-07T03:00:00,20.9,79.7,1.9,291.9,0.0
13,2026-09-07T03:00:00,20.3,76.7,2.1,272.4,0.0
14,2026-09-07T03:00:00,21.1,80.1,2.5,291.2,0.0
15,2026-09-07T03:00:00,19.8,81.8,2.0,282.1,0.0
1,2026-09-07T04:00:00,21.7,77.9,1.9,283.4,0.0
2,2026-09-07T04:00:00,19.7,79.1,1.9,302.4,0.0
3,2026-09-07T04:00:00,20.6,74.6,1.8,308.4,0.0
4,2026-09-07T04:00:00,20.4,78.9,2.2,307.7,0.0
5,2026-09-07T04:00:00,21.2,79.4,1.8,299.8,0.0
6,2026-09-07T04:00:00,20.3,77.4,1.9,299.1,0.0
7,2026-09-07T04:00:00,21.0,78.2,2.0,289.4,0.0
8,2026-09-07T04:00:00,20.7,76.2,1.7,307.8,0.0
9,2026-09-07T04:00:00,20.8,82.7,1.9,305.7,0.0
10,2026-09-07T04:00:00,20.6,78.3,1.7,284.6,0.0
11,2026-09-07T04:00:00,21.2,76.2,1.7,289.0,0.0
12,2026-09-07T04:00:00,20.9,76.5,2.2,291.2,0.0
13,2026-09-07T04:00:00,20.3,76.5,2.0,301.9,0.0
14,2026-09-07T04:00:00,21.5,79.5,2.1,273.7,0.0
15,2026-09-07T04:00:00,19.7,78.0,2.2,298.9,0.0
1,2026-09-07T05:00:00,21.2,73.7,1.7,297.8,0.0
2,2026-09-07T05:00:00,21.6,78.1,2.0,295.6,0.0
3,2026-09-07T05:00:00,21.3,77.3,1.9,314.7,0.0
4,2026-09-07T05:00:00,21.7,76.1,2.1,314.4,0.0
5,2026-09-07T05:00:00,21.2,75.7,2.2,310.8,0.0
6,2026-09-07T05:00:00,21.0,75.8,1.3,304.0,0.0
7,2026-09-07T05:00:00,22.4,76.1,1.7,296.1,0.0
8,2026-09-07T05:00:00,21.7,74.8,1.7,280.9,0.0
9,2026-09-07T05:00:00,21.9,78.8,2.1,302.8,0.0
10,2026-09-07T05:00:00,21.8,74.6,1.5,295.8,0.0
11,2026-09-07T05:00:00,21.5,77.4,1.6,293.8,0.0
12,2026-09-07T05:00:00,22.4,76.5,1.8,301.9,0.0
13,2026-09-07T05:00:00,20.4,75.1,2.4,302.9,0.0
14,2026-09-07T05:00:00,22.4,78.2,2.1,276.2,0.0
15,2026-09-07T05:00:00,21.3,78.7,1.8,297.2,0.0
1,2026-09-07T06:00:00,22.2,68.2,2.1,303.0,0.0
2,2026-09-07T06:00:00,22.0,76.5,1.6,302.9,0.0
3,2026-09-07T06:00:00,22.2,73.7,1.8,304.2,0.0
4,2026-09-07T06:00:00,21.6,71.5,1.7,294.6,0.0
5,2026-09-07T06:00:00,23.3,71.5,1.9,298.1,0.0
6,2026-09-07T06:00:00,23.3,74.0,1.8,299.6,0.0
7,2026-09-07T06:00:00,22.3,72.7,1.5,304.0,0.0
8,2026-09-07T06:00:00,23.2,74.4,1.7,323.4,0.0
9,2026-09-07T06:00:00,20.9,69.1,2.3,296.6,0.0
10,2026-09-07T06:00:00,22.4,72.5,1.6,290.8,0.0
11,2026-09-07T06:00:00,21.7,72.9,1.6,310.8,0.0
12,2026-09-07T06:00:00,22.7,73.2,1.7,294.7,0.0
13,2026-09-07T06:00:00,23.0,72.6,2.2,313.1,0.0
14,2026-09-07T06:00:00,21.7,72.9,1.8,304.8,0.0
15,2026-09-07T06:00:00,23.0,72.3,1.7,317.2,0.0
1,2026-09-07T07:00:00,23.1,69.4,1.9,283.7,0.0
2,2026-09-07T07:00:00,24.0,69.1,1.5,301.9,0.0
3,2026-09-07T07:00:00,24.1,69.4,2.2,306.2,0.0
4,2026-09-07T07:00:00,23.7,67.6,2.0,317.3,0.0
5,2026-09-07T07:00:00,23.7,66.9,2.0,287.1,0.0
6,2026-09-07T07:00:00,24.8,64.8,1.5,294.6,0.0
7,2026-09-07T07:00:00,23.8,70.4,2.0,306.9,0.0
8,2026-09-07T07:00:00,24.0,68.1,2.0,313.9,0.0
9,2026-09-07T07:00:00,24.8,72.1,1.6,320.3,0.0
10,2026-09-07T07:00:00,23.8,67.6,2.1,300.3,0.0
11,2026-09-07T07:00:00,24.2,68.2,2.1,308.5,0.0
12,2026-09-07T07:00:00,24.5,72.1,2.0,295.5,0.0
13,2026-09-07T07:00:00,24.4,68.0,2.1,291.7,0.0
14,2026-09-07T07:00:00,23.2,67.4,1.9,308.7,0.0
15,2026-09-07T07:00:00,23.7,70.8,1.3,291.1,0.0
1,2026-09-07T08:00:00,26.8,65.6,2.0,299.5,0.0
2,2026-09-07T08:00:00,25.7,64.8,1.6,295.0,0.0
3,2026-09-07T08:00:00,25.3,64.1,1.5,313.2,0.0
4,2026-09-07T08:00:00,25.3,64.1,2.0,302.5,0.0
5,2026-09-07T08:00:00,25.4,66.5,1.7,306.0,0.0
6,2026-09-07T08:00:00,26.0,67.2,1.8,294.5,0.0
7,2026-09-07T08:00:00,24.5,68.0,1.7,311.4,0.0
8,2026-09-07T08:00:00,25.4,63.5,1.8,304.5,0.0
9,2026-09-07T08:00:00,25.3,62.9,1.6,306.3,0.0
10,2026-09-07T08:00:00,24.5,64.0,2.0,293.3,0.0
11,2026-09-07T08:00:00,25.3,65.9,1.8,305.8,0.0
12,2026-09-07T08:00:00,24.4,65.0,1.8,299.2,0.0
13,2026-09-07T08:00:00,25.0,63.9,1.4,318.0,0.0
14,2026-09-07T08:00:00,25.8,63.3,2.0,331.5,0.0
15,2026-09-07T08:00:00,24.6,66.5,2.0,316.9,0.0
1,2026-09-07T09:00:00,27.9,61.1,2.0,301.3,0.0
2,2026-09-07T09:00:00,26.9,63.5,2.5,324.1,0.0
3,2026-09-07T09:00:00,26.5,60.2,1.9,306.5,0.0
4,2026-09-07T09:00:00,28.5,60.6,2.1,297.2,0.0
5,2026-09-07T09:00:00,27.1,61.1,1.7,311.9,0.0
6,2026-09-07T09:00:00,28.9,58.9,2.1,312.3,0.0
7,2026-09-07T09:00:00,27.5,60.3,1.8,299.9,0.0
8,2026-09-07T09:00:00,26.9,59.3,1.8,302.9,0.0
9,2026-09-07T09:00:00,26.3,58.9,1.8,299.5,0.0
10,2026-09-07T09:00:00,26.9,62.4,2.0,305.7,0.0
11,2026-09-07T09:00:00,28.3,58.8,2.3,292.9,0.0
12,2026-09-07T09:00:00,27.6,61.1,1.8,322.7,0.0
13,2026-09-07T09:00:00,26.6,60.9,1.8,306.5,0.0
14,2026-09-07T09:00:00,27.2,59.5,1.6,302.4,0.0
15,2026-09-07T09:00:00,28.6,59.3,1.8,308.6,0.0
1,2026-09-07T10:00:00,28.3,57.3,2.2,337.1,0.0
2,2026-09-07T10:00:00,30.2,56.3,2.4,298.3,0.0
3,2026-09-07T10:00:00,28.7,54.1,2.3,301.5,0.0
4,2026-09-07T10:00:00,29.1,54.0,2.1,318.9,0.0
5,2026-09-07T10:00:00,28.8,55.0,2.8,289.5,0.0
6,2026-09-07T10:00:00,28.8,55.3,2.4,325.2,0.0
7,2026-09-07T10:00:00,30.2,59.0,2.5,318.6,0.0
8,2026-09-07T10:00:00,29.5,54.8,2.4,307.3,0.0
9,2026-09-07T10:00:00,28.7,59.7,2.6,333.7,0.0
10,2026-09-07T10:00:00,29.1,55.0,2.0,311.8,0.0
11,2026-09-07T10:00:00,28.7,54.7,2.7,312.8,0.0
12,2026-09-07T10:00:00,28.0,60.7,2.6,308.6,0.0
13,2026-09-07T10:00:00,28.2,52.2,2.4,317.5,0.0
14,2026-09-07T10:00:00,28.7,58.6,2.2,323.0,0.0
15,2026-09-07T10:00:00,29.1,54.6,2.5,317.5,0.0
1,2026-09-07T11:00:00,30.7,51.7,2.1,314.2,0.0
2,2026-09-07T11:00:00,29.7,49.2,2.6,315.3,0.0
3,2026-09-07T11:00:00,29.8,50.6,2.2,311.7,0.0
4,2026-09-07T11:00:00,30.6,52.7,2.7,300.8,0.0
5,2026-09-07T11:00:00,30.3,50.0,2.3,317.3,0.0
6,2026-09-07T11:00:00,30.9,50.8,2.2,321.5,0.0
7,2026-09-07T11:00:00,31.0,52.3,2.6,290.8,0.0
8,2026-09-07T11:00:00,30.9,45.7,2.4,300.5,0.0
9,2026-09-07T11:00:00,29.9,49.6,2.3,308.5,0.0
10,2026-09-07T11:00:00,31.1,52.7,2.4,317.6,0.0
11,2026-09-07T11:00:00,31.0,52.1,2.2,307.9,0.0
12,2026-09-07T11:00:00,30.2,47.4,2.9,308.8,0.0
13,2026-09-07T11:00:00,30.0,52.6,2.8,315.4,0.0
14,2026-09-07T11:00:00,30.6,48.5,2.3,312.4,0.0
15,2026-09-07T11:00:00,30.5,49.6,2.4,326.8,0.0
1,2026-09-07T12:00:00,32.2,50.2,2.9,319.9,0.0
2,2026-09-07T12:00:00,32.3,46.8,2.5,298.1,0.0
3,2026-09-07T12:00:00,30.5,47.7,2.7,319.8,0.0
4,2026-09-07T12:00:00,32.3,43.8,3.3,315.4,0.0
5,2026-09-07T12:00:00,30.8,49.9,2.7,312.0,0.0
6,2026-09-07T12:00:00,31.7,48.5,3.0,304.9,0.0
7,2026-09-07T12:00:00,31.4,48.5,3.0,290.5,0.0
8,2026-09-07T12:00:00,33.0,46.7,2.8,308.6,0.0
9,2026-09-07T12:00:00,30.9,47.3,2.8,333.2,0.0
10,2026-09-07T12:00:00,33.3,47.3,3.0,331.1,0.0
11,2026-09-07T12:00:00,32.6,47.2,3.3,319.6,0.0
12,2026-09-07T12:00:00,31.8,48.7,3.0,295.1,0.0
13,2026-09-07T12:00:00,32.2,48.1,3.2,314.0,0.0
14,2026-09-07T12:00:00,31.0,47.6,3.0,308.8,0.0
15,2026-09-07T12:00:00,30.9,46.0,2.6,318.0,0.0
1,2026-09-07T13:00:00,32.7,47.7,2.8,324.5,0.0
2,2026-09-07T13:00:00,33.8,45.6,3.6,324.4,0.0
3,2026-09-07T13:00:00,31.8,45.1,3.0,312.7,0.0
4,2026-09-07T13:00:00,31.7,46.0,3.1,317.6,0.0
5,2026-09-07T13:00:00,33.2,46.7,3.2,313.2,0.0
6,2026-09-07T13:00:00,32.7,48.4,3.0,313.9,0.0
7,2026-09-07T13:00:00,32.3,45.8,3.2,313.8,0.0
8,2026-09-07T13:00:00,32.6,50.8,3.1,325.6,0.0
9,2026-09-07T13:00:00,32.0,47.9,3.0,311.6,0.0
10,2026-09-07T13:00:00,32.1,46.6,3.1,308.3,0.0
11,2026-09-07T13:00:00,32.4,48.6,3.1,323.3,0.0
12,2026-09-07T13:00:00,32.5,47.5,3.1,296.3,0.0
13,2026-09-07T13:00:00,33.2,44.1,3.1,314.7,0.0
14,2026-09-07T13:00:00,32.1,46.5,3.0,316.8,0.0
15,2026-09-07T13:00:00,33.3,46.0,2.8,332.2,0.0
1,2026-09-07T14:00:00,33.3,43.6,3.6,309.3,0.0
2,2026-09-07T14:00:00,33.6,43.0,3.2,313.7,0.0
3,2026-09-07T14:00:00,31.7,44.3,3.1,320.0,0.0
4,2026-09-07T14:00:00,32.1,45.0,2.7,318.8,0.0
5,2026-09-07T14:00:00,32.9,42.7,3.5,312.1,0.0
6,2026-09-07T14:00:00,31.3,44.8,3.7,314.4,0.0
7,2026-09-07T14:00:00,33.4,46.3,3.6,300.3,0.0
8,2026-09-07T14:00:00,33.0,44.9,3.3,308.6,0.0
9,2026-09-07T14:00:00,32.9,42.4,3.0,292.2,0.0
10,2026-09-07T14:00:00,32.8,45.3,2.8,324.2,0.0
11,2026-09-07T14:00:00,32.5,46.9,3.4,301.6,0.0
12,2026-09-07T14:00:00,32.6,43.1,3.1,328.5,0.0
13,2026-09-07T14:00:00,33.3,47.3,3.6,307.2,0.0
14,2026-09-07T14:00:00,33.1,44.4,3.3,309.1,0.0
15,2026-09-07T14:00:00,33.2,45.9,3.1,305.8,0.0
1,2026-09-07T15:00:00,33.4,45.3,3.8,304.3,0.0
2,2026-09-07T15:00:00,33.0,46.2,3.3,306.4,0.0
3,2026-09-07T15:00:00,34.1,48.1,3.5,311.8,0.0
4,2026-09-07T15:00:00,34.2,42.9,3.6,333.9,0.0
5,2026-09-07T15:00:00,34.0,43.6,3.2,293.2,0.0
6,2026-09-07T15:00:00,32.3,43.1,3.7,322.3,0.0
7,2026-09-07T15:00:00,32.9,44.6,3.2,312.6,0.0
8,2026-09-07T15:00:00,33.4,43.4,3.6,304.5,0.0
9,2026-09-07T15:00:00,33.2,46.5,3.2,333.2,0.0
10,2026-09-07T15:00:00,32.7,45.0,3.0,318.2,0.0
11,2026-09-07T15:00:00,31.8,45.3,3.9,318.3,0.0
12,2026-09-07T15:00:00,32.9,46.4,3.7,317.7,0.0
13,2026-09-07T15:00:00,32.5,47.1,3.8,310.7,0.0
14,2026-09-07T15:00:00,32.6,43.1,3.3,302.0,0.0
15,2026-09-07T15:00:00,32.2,46.7,3.7,323.4,0.0
1,2026-09-07T16:00:00,33.9,46.9,3.7,306.9,0.0
2,2026-09-07T16:00:00,32.7,46.2,3.4,301.4,0.0
3,2026-09-07T16:00:00,32.1,45.3,3.5,307.9,0.0
4,2026-09-07T16:00:00,33.4,48.0,4.1,343.7,0.0
5,2026-09-07T16:00:00,33.5,44.1,3.9,330.4,0.0
6,2026-09-07T16:00:00,32.8,46.4,3.8,325.7,0.0
7,2026-09-07T16:00:00,32.9,45.6,3.9,307.8,0.0
8,2026-09-07T16:00:00,32.1,46.3,3.5,311.4,0.0
9,2026-09-07T16:00:00,33.0,46.6,3.8,306.7,0.0
10,2026-09-07T16:00:00,32.5,43.8,3.5,299.7,0.0
11,2026-09-07T16:00:00,32.4,46.4,4.1,313.5,0.0
12,2026-09-07T16:00:00,32.2,47.8,3.8,296.7,0.0
13,2026-09-07T16:00:00,33.1,47.1,4.0,312.6,0.0
14,2026-09-07T16:00:00,32.1,46.5,3.6,311.3,0.0
15,2026-09-07T16:00:00,32.0,45.0,3.3,316.3,0.0
1,2026-09-07T17:00:00,31.0,47.9,4.0,325.7,0.0
2,2026-09-07T17:00:00,31.4,50.0,3.5,329.9,0.0
3,2026-09-07T17:00:00,31.9,48.8,3.8,286.8,0.0
4,2026-09-07T17:00:00,30.7,49.5,3.8,320.6,0.0
5,2026-09-07T17:00:00,31.6,49.0,3.8,311.5,0.0
6,2026-09-07T17:00:00,31.8,48.0,3.5,312.3,0.0
7,2026-09-07T17:00:00,30.9,47.5,3.7,298.5,0.0
8,2026-09-07T17:00:00,31.2,48.5,3.5,293.2,0.0
9,2026-09-07T17:00:00,31.4,52.1,3.9,315.5,0.0
10,2026-09-07T17:00:00,31.5,47.3,3.4,301.0,0.0
11,2026-09-07T17:00:00,31.2,47.3,3.6,306.6,0.0
12,2026-09-07T17:00:00,32.9,47.5,3.5,318.8,0.0
13,2026-09-07T17:00:00,32.5,48.3,3.8,319.2,0.0
14,2026-09-07T17:00:00,32.0,49.9,4.0,322.3,0.0
15,2026-09-07T17:00:00,32.2,51.8,3.6,304.6,0.0
1,2026-09-07T18:00:00,30.1,52.4,3.4,318.4,0.0
2,2026-09-07T18:00:00,30.6,52.9,3.9,306.5,0.0
3,2026-09-07T18:00:00,29.6,52.9,3.8,296.6,0.0
4,2026-09-07T18:00:00,30.9,51.0,3.7,309.2,0.0
5,2026-09-07T18:00:00,30.9,49.6,3.7,296.6,0.0
6,2026-09-07T18:00:00,29.4,51.4,3.6,310.1,0.0
7,2026-09-07T18:00:00,29.7,52.8,3.7,315.3,0.0
8,2026-09-07T18:00:00,31.0,51.6,3.5,318.5,0.0
9,2026-09-07T18:00:00,29.4,53.8,3.8,288.7,0.0
10,2026-09-07T18:00:00,30.5,52.3,3.6,310.1,0.0
11,2026-09-07T18:00:00,31.3,51.4,3.9,312.3,0.0
12,2026-09-07T18:00:00,30.2,52.1,3.6,308.8,0.0
13,2026-09-07T18:00:00,29.3,50.7,4.1,314.2,0.0
14,2026-09-07T18:00:00,30.8,54.5,3.5,307.9,0.0
15,2026-09-07T18:00:00,31.1,51.6,3.9,294.8,0.0
1,2026-09-07T19:00:00,28.7,53.6,3.5,306.5,0.0
2,2026-09-07T19:00:00,28.9,56.8,3.6,302.8,0.0
3,2026-09-07T19:00:00,28.4,57.7,3.6,287.0,0.0
4,2026-09-07T19:00:00,28.7,55.8,3.6,310.1,0.0
5,2026-09-07T19:00:00,28.7,57.5,3.9,305.6,0.0
6,2026-09-07T19:00:00,28.9,54.9,4.3,295.7,0.0
7,2026-09-07T19:00:00,28.3,54.9,3.9,318.1,0.0
8,2026-09-07T19:00:00,29.1,57.4,3.8,306.8,0.0
9,2026-09-07T19:00:00,28.7,57.3,3.9,294.6,0.0
10,2026-09-07T19:00:00,29.2,55.8,3.6,319.7,0.0
11,2026-09-07T19:00:00,28.6,55.9,3.8,317.9,0.0
12,2026-09-07T19:00:00,30.3,56.3,3.6,302.8,0.0
13,2026-09-07T19:00:00,28.9,53.8,3.9,304.3,0.0
14,2026-09-07T19:00:00,29.0,54.3,3.7,288.6,0.0
15,2026-09-07T19:00:00,29.0,55.1,3.7,303.3,0.0
1,2026-09-07T20:00:00,28.0,58.1,4.0,297.0,0.0
2,2026-09-07T20:00:00,26.9,58.3,3.6,305.4,0.0
3,2026-09-07T20:00:00,27.5,59.6,3.7,284.5,0.0
4,2026-09-07T20:00:00,26.5,58.2,3.5,293.2,0.0
5,2026-09-07T20:00:00,28.7,60.5,4.1,284.1,0.0
6,2026-09-07T20:00:00,27.8,58.1,4.2,304.4,0.0
7,2026-09-07T20:00:00,27.3,61.6,3.4,300.2,0.0
8,2026-09-07T20:00:00,27.7,59.1,4.1,298.9,0.0
9,2026-09-07T20:00:00,27.7,60.4,3.8,303.5,0.0
10,2026-09-07T20:00:00,27.5,61.2,3.8,303.4,0.0
11,2026-09-07T20:00:00,26.8,61.2,3.5,304.8,0.0
12,2026-09-07T20:00:00,27.1,60.5,3.7,313.7,0.0
13,2026-09-07T20:00:00,27.0,58.9,3.3,290.5,0.0
14,2026-09-07T20:00:00,27.4,60.5,3.7,279.7,0.0
15,2026-09-07T20:00:00,26.9,60.4,3.8,298.9,0.0
1,2026-09-07T21:00:00,26.0,63.1,3.5,302.6,0.0
2,2026-09-07T21:00:00,26.6,67.5,3.6,293.8,0.0
3,2026-09-07T21:00:00,25.5,63.9,3.4,301.7,0.0
4,2026-09-07T21:00:00,24.4,68.1,3.3,303.3,0.0
5,2026-09-07T21:00:00,25.9,67.4,3.2,301.3,0.0
6,2026-09-07T21:00:00,25.3,62.3,3.6,307.2,0.0
7,2026-09-07T21:00:00,26.2,66.1,3.5,295.1,0.0
8,2026-09-07T21:00:00,25.6,64.9,3.7,302.8,0.0
9,2026-09-07T21:00:00,26.0,66.4,3.9,299.3,0.0
10,2026-09-07T21:00:00,25.9,63.4,3.6,292.5,0.0
11,2026-09-07T21:00:00,26.2,64.7,3.4,296.3,0.0
12,2026-09-07T21:00:00,25.2,66.9,4.0,288.4,0.0
13,2026-09-07T21:00:00,24.7,66.6,3.9,327.9,0.0
14,2026-09-07T21:00:00,26.4,63.6,4.0,313.6,0.0
15,2026-09-07T21:00:00,25.0,63.6,3.1,289.7,0.0
1,2026-09-07T22:00:00,23.4,68.4,3.1,285.4,0.0
2,2026-09-07T22:00:00,24.0,70.1,2.8,282.7,0.0
3,2026-09-07T22:00:00,24.1,69.5,3.2,310.2,0.0
4,2026-09-07T22:00:00,22.8,72.6,3.4,281.2,0.0
5,2026-09-07T22:00:00,24.9,68.5,3.3,297.6,0.0
6,2026-09-07T22:00:00,24.0,72.4,3.3,289.3,0.0
7,2026-09-07T22:00:00,24.8,70.3,3.4,294.4,0.0
8,2026-09-07T22:00:00,23.2,68.1,3.1,292.9,0.0
9,2026-09-07T22:00:00,24.1,70.4,2.8,282.0,0.0
10,2026-09-07T22:00:00,24.3,68.4,3.4,290.5,0.0
11,2026-09-07T22:00:00,24.0,71.4,3.5,300.9,0.0
12,2026-09-07T22:00:00,23.4,70.5,3.5,302.9,0.0
13,2026-09-07T22:00:00,24.4,70.3,3.1,293.5,0.0
14,2026-09-07T22:00:00,23.6,66.4,3.4,296.5,0.0
15,2026-09-07T22:00:00,22.5,72.8,3.2,290.0,0.0
1,2026-09-07T23:00:00,22.0,72.5,2.8,300.5,0.0
2,2026-09-07T23:00:00,22.4,73.1,2.6,293.1,0.0
3,2026-09-07T23:00:00,23.3,74.4,2.7,304.5,0.0
4,2026-09-07T23:00:00,21.5,72.0,3.1,302.7,0.0
5,2026-09-07T23:00:00,22.1,73.3,3.4,294.4,0.0
6,2026-09-07T23:00:00,23.0,76.4,3.5,296.6,0.0
7,2026-09-07T23:00:00,22.2,74.6,2.8,280.3,0.0
8,2026-09-07T23:00:00,22.2,75.2,2.9,289.1,0.0
9,2026-09-07T23:00:00,22.8,74.4,3.3,294.1,0.0
10,2026-09-07T23:00:00,22.1,72.5,3.0,295.0,0.0
11,2026-09-07T23:00:00,22.4,72.8,3.3,278.4,0.0
12,2026-09-07T23:00:00,20.8,72.8,3.2,293.8,0.0
13,2026-09-07T23:00:00,22.4,71.2,3.3,274.2,0.0
14,2026-09-07T23:00:00,22.9,72.8,3.2,286.1,0.0
15,2026-09-07T23:00:00,21.9,74.5,3.2,301.1,0.0
1,2026-09-08T00:00:00,21.5,77.2,2.6,271.2,0.0
2,2026-09-08T00:00:00,21.6,76.2,2.9,269.3,0.0
3,2026-09-08T00:00:00,21.1,79.0,3.1,273.3,0.0
4,2026-09-08T00:00:00,21.4,74.4,2.8,292.6,0.0
5,2026-09-08T00:00:00,22.1,79.0,2.6,289.6,0.0
6,2026-09-08T00:00:00,21.3,77.0,3.0,285.9,0.0
7,2026-09-08T00:00:00,22.0,76.5,2.9,277.0,0.0
8,2026-09-08T00:00:00,21.7,76.2,2.9,281.9,0.0
9,2026-09-08T00:00:00,21.5,77.4,2.9,293.4,0.0
10,2026-09-08T00:00:00,22.0,80.1,2.7,284.4,0.0
11,2026-09-08T00:00:00,19.9,74.7,2.8,286.0,0.0
12,2026-09-08T00:00:00,21.6,74.0,3.0,293.7,0.0
13,2026-09-08T00:00:00,20.7,77.2,2.9,281.1,0.0
14,2026-09-08T00:00:00,22.0,76.8,2.5,294.1,0.0
15,2026-09-08T00:00:00,20.3,74.3,2.5,270.9,0.0
1,2026-09-08T01:00:00,19.7,76.7,2.3,284.3,0.0
2,2026-09-08T01:00:00,20.4,77.5,2.7,279.4,0.0
3,2026-09-08T01:00:00,20.1,77.7,2.3,285.4,0.0
4,2026-09-08T01:00:00,21.6,78.7,2.8,285.6,0.0
5,2026-09-08T01:00:00,21.0,77.8,2.2,281.2,0.0
6,2026-09-08T01:00:00,21.2,79.1,2.7,277.4,0.0
7,2026-09-08T01:00:00,20.1,75.3,2.2,262.3,0.0
8,2026-09-08T01:00:00,20.6,78.2,2.9,277.5,0.0
9,2026-09-08T01:00:00,21.0,79.8,2.3,282.3,0.0
10,2026-09-08T01:00:00,20.3,77.0,2.5,285.6,0.0
11,2026-09-08T01:00:00,21.1,80.6,2.6,280.5,0.0
12,2026-09-08T01:00:00,20.7,77.4,2.5,261.3,0.0
13,2026-09-08T01:00:00,20.9,76.9,2.5,272.0,0.0
14,2026-09-08T01:00:00,20.9,79.4,2.7,279.3,0.0
15,2026-09-08T01:00:00,20.6,80.9,2.5,286.1,0.0
1,2026-09-08T02:00:00,20.2,80.3,2.2,245.6,0.0
2,2026-09-08T02:00:00,19.2,79.8,2.3,262.7,0.0
3,2026-09-08T02:00:00,19.4,79.7,2.7,275.4,0.0
4,2026-09-08T02:00:00,20.1,81.5,2.1,291.0,0.0
5,2026-09-08T02:00:00,21.3,79.0,1.9,275.2,0.0
6,2026-09-08T02:00:00,20.6,81.6,2.4,276.9,0.0
7,2026-09-08T02:00:00,20.9,79.6,2.9,274.7,0.0
8,2026-09-08T02:00:00,19.8,81.5,2.2,260.4,0.0
9,2026-09-08T02:00:00,20.4,82.6,2.0,292.3,0.0
10,2026-09-08T02:00:00,20.4,76.1,2.1,270.5,0.0
11,2026-09-08T02:00:00,20.4,77.7,2.0,256.1,0.0
12,2026-09-08T02:00:00,20.0,80.1,2.5,262.9,0.0
13,2026-09-08T02:00:00,20.6,77.6,1.7,281.7,0.0
14,2026-09-08T02:00:00,20.2,80.4,2.4,279.8,0.0
15,2026-09-08T02:00:00,20.2,79.5,2.2,279.8,0.0
1,2026-09-08T03:00:00,19.2,79.6,2.1,267.3,0.0
2,2026-09-08T03:00:00,19.8,78.6,2.1,260.1,0.0
3,2026-09-08T03:00:00,21.1,78.7,2.2,268.5,0.0
4,2026-09-08T03:00:00,20.0,78.4,2.4,267.5,0.0
5,2026-09-08T03:00:00,20.2,79.9,2.2,271.1,0.0
6,2026-09-08T03:00:00,19.6,77.3,2.2,278.8,0.0
7,2026-09-08T03:00:00,20.0,78.1,2.3,257.3,0.0
8,2026-09-08T03:00:00,19.6,77.6,1.9,248.4,0.0
9,2026-09-08T03:00:00,20.3,78.8,2.3,265.4,0.0
10,2026-09-08T03:00:00,20.0,78.8,2.4,261.8,0.0
11,2026-09-08T03:00:00,19.4,77.9,1.8,268.6,0.0
12,2026-09-08T03:00:00,20.3,80.5,1.9,273.2,0.0
13,2026-09-08T03:00:00,19.9,83.6,2.1,274.7,0.0
14,2026-09-08T03:00:00,19.6,76.5,2.2,275.8,0.0
15,2026-09-08T03:00:00,19.0,77.7,1.4,265.0,0.0
1,2026-09-08T04:00:00,20.7,79.6,2.1,262.5,0.0
2,2026-09-08T04:00:00,21.3,77.1,2.2,261.3,0.0
3,2026-09-08T04:00:00,19.7,78.5,2.1,275.3,0.0
4,2026-09-08T04:00:00,19.9,78.7,2.3,256.4,0.0
5,2026-09-08T04:00:00,20.0,78.8,2.0,264.9,0.0
6,2026-09-08T04:00:00,21.3,78.5,1.3,243.2,0.0
7,2026-09-08T04:00:00,20.5,77.7,1.8,257.4,0.0
8,2026-09-08T04:00:00,20.6,79.9,2.1,265.7,0.0
9,2026-09-08T04:00:00,20.8,74.4,1.6,264.7,0.0
10,2026-09-08T04:00:00,20.3,76.8,1.6,264.4,0.0
11,2026-09-08T04:00:00,20.6,77.1,2.0,267.6,0.0
12,2026-09-08T04:00:00,20.1,78.1,2.1,250.7,0.0
13,2026-09-08T04:00:00,21.1,78.1,1.7,260.8,0.0
14,2026-09-08T04:00:00,20.4,81.6,1.9,282.8,0.0
15,2026-09-08T04:00:00,19.8,79.0,2.1,265.6,0.0
1,2026-09-08T05:00:00,21.8,79.4,1.3,265.8,0.0
2,2026-09-08T05:00:00,20.1,76.6,1.9,274.4,0.0
3,2026-09-08T05:00:00,21.6,76.2,1.8,256.0,0.0
4,2026-09-08T05:00:00,22.0,78.0,2.2,269.0,0.0
5,2026-09-08T05:00:00,20.6,77.8,1.6,279.8,0.0
6,2026-09-08T05:00:00,21.4,76.2,1.7,275.9,0.0
7,2026-09-08T05:00:00,21.9,76.0,1.8,244.1,0.0
8,2026-09-08T05:00:00,21.7,79.3,1.4,270.1,0.0
9,2026-09-08T05:00:00,22.5,78.2,1.5,262.0,0.0
10,2026-09-08T05:00:00,21.8,71.1,2.1,256.3,0.0
11,2026-09-08T05:00:00,21.2,76.0,2.1,261.5,0.0
12,2026-09-08T05:00:00,20.8,78.7,1.6,263.8,0.0
13,2026-09-08T05:00:00,21.7,74.7,2.0,255.7,0.0
14,2026-09-08T05:00:00,22.3,77.5,2.4,243.1,0.0
15,2026-09-08T05:00:00,20.7,79.2,1.8,258.2,0.0
1,2026-09-08T06:00:00,22.0,71.7,2.1,263.6,0.0
2,2026-09-08T06:00:00,21.5,70.6,2.4,248.0,0.0
3,2026-09-08T06:00:00,22.3,73.3,1.6,256.4,0.0
4,2026-09-08T06:00:00,22.6,77.6,1.9,267.2,0.0
5,2026-09-08T06:00:00,22.5,74.0,1.5,256.8,0.0
6,2026-09-08T06:00:00,22.1,71.3,1.9,264.0,0.0
7,2026-09-08T06:00:00,23.9,72.2,1.6,258.0,0.0
8,2026-09-08T06:00:00,22.9,76.8,2.3,272.0,0.0
9,2026-09-08T06:00:00,22.6,71.3,2.3,272.7,0.0
10,2026-09-08T06:00:00,22.9,76.3,1.9,264.2,0.0
11,2026-09-08T06:00:00,22.0,74.4,1.0,267.4,0.0
12,2026-09-08T06:00:00,23.1,73.3,1.9,269.7,0.0
13,2026-09-08T06:00:00,22.5,73.9,1.5,250.3,0.0
14,2026-09-08T06:00:00,22.1,74.0,1.8,250.1,0.0
15,2026-09-08T06:00:00,21.6,71.4,1.6,258.3,0.0
1,2026-09-08T07:00:00,23.1,69.3,1.9,239.1,0.0
2,2026-09-08T07:00:00,23.9,70.3,1.7,268.2,0.0
3,2026-09-08T07:00:00,24.9,69.8,2.2,263.8,0.0
4,2026-09-08T07:00:00,23.4,67.7,2.2,272.7,0.0
5,2026-09-08T07:00:00,23.3,69.9,2.1,272.9,0.0
6,2026-09-08T07:00:00,23.5,68.0,1.7,247.4,0.0
7,2026-09-08T07:00:00,23.9,67.5,2.0,259.5,0.0
8,2026-09-08T07:00:00,23.5,70.4,1.7,265.3,0.0
9,2026-09-08T07:00:00,24.2,69.6,2.0,287.4,0.0
10,2026-09-08T07:00:00,24.0,69.8,1.7,252.2,0.0
11,2026-09-08T07:00:00,23.3,71.8,1.8,254.6,0.0
12,2026-09-08T07:00:00,23.8,67.8,1.5,258.1,0.0
13,2026-09-08T07:00:00,24.1,69.2,1.7,257.7,0.0
14,2026-09-08T07:00:00,23.2,70.4,1.8,256.1,0.0
15,2026-09-08T07:00:00,23.2,72.6,1.5,243.0,0.0
1,2026-09-08T08:00:00,26.0,64.5,1.9,256.3,0.0
2,2026-09-08T08:00:00,24.9,63.0,2.0,247.5,0.0
3,2026-09-08T08:00:00,25.6,62.9,2.0,265.7,0.0
4,2026-09-08T08:00:00,26.4,62.7,2.0,252.5,0.0
5,2026-09-08T08:00:00,26.2,63.9,2.1,246.5,0.0
6,2026-09-08T08:00:00,26.8,65.1,1.9,248.5,0.0
7,2026-09-08T08:00:00,25.1,64.3,2.2,256.5,0.0
8,2026-09-08T08:00:00,25.3,62.4,1.6,263.6,0.0
9,2026-09-08T08:00:00,26.4,63.9,2.0,274.5,0.0
10,2026-09-08T08:00:00,25.3,63.6,2.1,257.7,0.0
11,2026-09-08T08:00:00,26.3,63.6,2.2,258.9,0.0
12,2026-09-08T08:00:00,25.6,62.7,1.8,266.7,0.0
13,2026-09-08T08:00:00,25.6,63.4,1.5,244.6,0.0
14,2026-09-08T08:00:00,26.6,67.5,1.5,237.3,0.0
15,2026-09-08T08:00:00,25.4,64.4,2.2,262.4,0.0
1,2026-09-08T09:00:00,27.4,60.6,2.4,244.2,0.0
2,2026-09-08T09:00:00,28.3,61.4,2.1,242.0,0.0
3,2026-09-08T09:00:00,27.6,60.1,2.1,257.4,0.0
4,2026-09-08T09:00:00,26.5,60.6,2.7,259.5,0.0
5,2026-09-08T09:00:00,26.8,57.6,1.9,226.9,0.0
6,2026-09-08T09:00:00,27.5,58.9,2.4,252.0,0.0
7,2026-09-08T09:00:00,26.9,64.3,2.2,263.0,0.0
8,2026-09-08T09:00:00,27.7,59.0,2.1,229.1,0.0
9,2026-09-08T09:00:00,27.2,60.1,2.6,252.4,0.0
10,2026-09-08T09:00:00,25.4,59.8,2.1,254.8,0.0
11,2026-09-08T09:00:00,27.1,58.9,2.2,238.9,0.0
12,2026-09-08T09:00:00,26.7,61.1,1.8,233.4,0.0
13,2026-09-08T09:00:00,26.6,62.4,1.7,248.6,0.0
14,2026-09-08T09:00:00,27.3,58.6,2.6,249.0,0.0
15,2026-09-08T09:00:00,27.7,60.4,2.1,251.2,0.0
1,2026-09-08T10:00:00,29.0,58.2,2.6,272.6,0.0
2,2026-09-08T10:00:00,29.4,58.3,2.6,251.1,0.0
3,2026-09-08T10:00:00,29.8,52.1,2.7,250.3,0.0
4,2026-09-08T10:00:00,28.6,55.6,2.6,273.8,0.0
5,2026-09-08T10:00:00,27.9,55.2,2.3,249.6,0.0
6,2026-09-08T10:00:00,29.3,55.6,1.8,248.6,0.0
7,2026-09-08T10:00:00,29.9,59.0,2.5,261.4,0.0
8,2026-09-08T10:00:00,29.4,53.5,2.0,253.4,0.0
9,2026-09-08T10:00:00,29.6,53.6,2.3,238.4,0.0
10,2026-09-08T10:00:00,28.5,58.0,2.1,258.4,0.0
11,2026-09-08T10:00:00,28.3,59.2,2.1,276.7,0.0
12,2026-09-08T10:00:00,28.3,55.0,2.1,231.6,0.0
13,2026-09-08T10:00:00,29.3,58.1,2.5,270.3,0.0
14,2026-09-08T10:00:00,29.2,55.9,2.2,238.9,0.0
15,2026-09-08T10:00:00,28.8,54.4,2.0,241.9,0.0
1,2026-09-08T11:00:00,30.6,54.3,2.6,237.4,0.0
2,2026-09-08T11:00:00,31.0,53.2,2.7,258.9,0.0
3,2026-09-08T11:00:00,30.3,51.4,2.4,228.8,0.0
4,2026-09-08T11:00:00,30.9,57.5,2.8,243.9,0.0
5,2026-09-08T11:00:00,30.1,52.9,2.5,246.3,0.0
6,2026-09-08T11:00:00,30.7,50.1,2.6,231.7,0.0
7,2026-09-08T11:00:00,31.0,52.0,2.4,248.6,0.0
8,2026-09-08T11:00:00,30.2,49.9,2.7,244.9,0.0
9,2026-09-08T11:00:00,29.7,51.4,2.9,238.6,0.0
10,2026-09-08T11:00:00,29.8,54.2,2.2,248.8,0.0
11,2026-09-08T11:00:00,30.1,53.8,2.6,249.1,0.0
12,2026-09-08T11:00:00,30.8,50.4,2.3,235.3,0.0
13,2026-09-08T11:00:00,30.7,53.0,2.8,254.0,0.0
14,2026-09-08T11:00:00,30.3,52.9,2.7,249.7,0.0
15,2026-09-08T11:00:00,31.8,52.9,2.7,242.9,0.0
1,2026-09-08T12:00:00,31.1,48.9,2.9,229.6,0.0
2,2026-09-08T12:00:00,33.0,51.8,2.7,253.5,0.0
3,2026-09-08T12:00:00,31.8,45.4,3.0,237.1,0.0
4,2026-09-08T12:00:00,31.8,49.0,2.7,247.4,0.0
5,2026-09-08T12:00:00,32.7,49.1,2.9,249.5,0.0
6,2026-09-08T12:00:00,31.3,47.7,2.7,248.8,0.0
7,2026-09-08T12:00:00,31.1,48.0,3.0,240.2,0.0
8,2026-09-08T12:00:00,31.5,47.4,2.9,253.4,0.0
9,2026-09-08T12:00:00,32.0,53.4,2.9,247.0,0.0
10,2026-09-08T12:00:00,31.2,51.8,3.0,249.5,0.0
11,2026-09-08T12:00:00,31.8,47.9,2.9,260.9,0.0
12,2026-09-08T12:00:00,30.9,48.9,2.7,255.1,0.0
13,2026-09-08T12:00:00,30.7,49.1,2.9,233.5,0.0
14,2026-09-08T12:00:00,31.4,47.3,2.4,234.4,0.0
15,2026-09-08T12:00:00,31.6,49.3,3.0,254.3,0.0
1,2026-09-08T13:00:00,33.0,46.8,2.8,247.7,4.9
2,2026-09-08T13:00:00,33.2,48.8,2.8,264.1,4.9
3,2026-09-08T13:00:00,32.5,43.6,2.9,235.4,4.9
4,2026-09-08T13:00:00,33.8,47.8,3.3,255.6,4.9
5,2026-09-08T13:00:00,32.7,47.8,3.4,230.4,4.9
6,2026-09-08T13:00:00,33.4,46.4,3.5,255.4,4.9
7,2026-09-08T13:00:00,32.5,47.5,2.7,253.6,4.9
8,2026-09-08T13:00:00,32.6,45.3,3.1,250.4,4.9
9,2026-09-08T13:00:00,31.4,42.5,3.6,242.0,4.9
10,2026-09-08T13:00:00,32.4,47.2,2.8,253.3,4.9
11,2026-09-08T13:00:00,33.1,48.5,2.8,240.7,4.9
12,2026-09-08T13:00:00,32.1,48.3,3.0,262.4,4.9
13,2026-09-08T13:00:00,32.4,47.9,3.4,251.0,4.9
14,2026-09-08T13:00:00,32.5,46.4,2.8,256.2,4.9
15,2026-09-08T13:00:00,33.0,47.5,3.2,240.6,4.9
1,2026-09-08T14:00:00,32.6,42.9,3.3,245.3,6.8
2,2026-09-08T14:00:00,32.9,43.2,3.1,252.4,6.8
3,2026-09-08T14:00:00,32.5,45.4,3.0,246.8,6.8
4,2026-09-08T14:00:00,32.5,47.5,3.3,250.1,6.8
5,2026-09-08T14:00:00,32.1,44.2,3.3,231.1,6.8
6,2026-09-08T14:00:00,32.2,46.9,3.0,237.9,6.8
7,2026-09-08T14:00:00,33.2,45.5,3.2,235.8,6.8
8,2026-09-08T14:00:00,33.0,43.7,3.3,233.6,6.8
9,2026-09-08T14:00:00,33.4,46.1,3.5,230.6,6.8
10,2026-09-08T14:00:00,33.0,47.5,3.6,246.4,6.8
11,2026-09-08T14:00:00,33.1,46.0,3.6,238.2,6.8
12,2026-09-08T14:00:00,32.7,45.0,2.9,245.4,6.8
13,2026-09-08T14:00:00,33.1,44.9,3.1,244.9,6.8
14,2026-09-08T14:00:00,33.5,43.9,3.5,226.8,6.8
15,2026-09-08T14:00:00,32.0,42.1,3.1,250.4,6.8
1,2026-09-08T15:00:00,32.3,45.9,3.5,239.4,5.7
2,2026-09-08T15:00:00,33.6,46.1,3.6,233.8,5.7
3,2026-09-08T15:00:00,31.8,45.9,3.7,251.1,5.7
4,2026-09-08T15:00:00,33.4,44.3,3.3,242.4,5.7
5,2026-09-08T15:00:00,32.8,44.3,3.9,220.5,5.7
6,2026-09-08T15:00:00,33.1,41.2,3.4,226.6,5.7
7,2026-09-08T15:00:00,32.2,44.9,3.9,238.1,5.7
8,2026-09-08T15:00:00,31.5,43.1,3.8,251.6,5.7
9,2026-09-08T15:00:00,33.0,48.8,3.5,223.5,5.7
10,2026-09-08T15:00:00,33.6,46.5,3.7,238.1,5.7
11,2026-09-08T15:00:00,33.4,43.4,3.6,251.3,5.7
12,2026-09-08T15:00:00,33.2,44.6,3.5,249.5,5.7
13,2026-09-08T15:00:00,32.0,43.8,3.6,253.0,5.7
14,2026-09-08T15:00:00,33.7,41.5,3.7,245.6,5.7
15,2026-09-08T15:00:00,32.6,46.3,3.6,241.8,5.7
1,2026-09-08T16:00:00,32.5,47.5,3.7,226.4,2.7
2,2026-09-08T16:00:00,33.1,46.6,3.6,253.8,2.7
3,2026-09-08T16:00:00,32.5,47.4,3.7,259.3,2.7
4,2026-09-08T16:00:00,32.8,45.5,3.7,254.2,2.7
5,2026-09-08T16:00:00,32.1,44.3,3.7,238.1,2.7
6,2026-09-08T16:00:00,31.4,44.6,3.4,265.1,2.7
7,2026-09-08T16:00:00,33.3,48.8,3.3,262.3,2.7
8,2026-09-08T16:00:00,32.4,44.7,4.0,268.4,2.7
9,2026-09-08T16:00:00,32.4,44.2,3.6,237.0,2.7
10,2026-09-08T16:00:00,32.6,45.2,3.7,239.9,2.7
11,2026-09-08T16:00:00,32.3,46.1,4.0,240.9,2.7
12,2026-09-08T16:00:00,32.4,46.8,3.6,258.4,2.7
13,2026-09-08T16:00:00,32.9,45.5,3.9,266.3,2.7
14,2026-09-08T16:00:00,32.8,49.2,3.5,242.8,2.7
15,2026-09-08T16:00:00,32.5,43.5,3.3,234.6,2.7
1,2026-09-08T17:00:00,31.0,45.6,3.7,241.5,3.9
2,2026-09-08T17:00:00,31.7,48.5,3.8,249.2,3.9
3,2026-09-08T17:00:00,32.1,46.3,4.1,252.6,3.9
4,2026-09-08T17:00:00,31.5,52.6,4.0,258.2,3.9
5,2026-09-08T17:00:00,31.3,49.0,3.5,244.9,3.9
6,2026-09-08T17:00:00,30.5,50.4,4.3,246.1,3.9
7,2026-09-08T17:00:00,30.2,46.1,3.7,241.6,3.9
8,2026-09-08T17:00:00,32.1,49.8,3.1,241.4,3.9
9,2026-09-08T17:00:00,31.6,50.4,4.1,255.9,3.9
10,2026-09-08T17:00:00,30.8,47.1,3.7,257.1,3.9
11,2026-09-08T17:00:00,31.1,46.4,3.8,247.8,3.9
12,2026-09-08T17:00:00,31.1,50.0,3.9,248.6,3.9
13,2026-09-08T17:00:00,31.3,49.3,3.4,233.3,3.9
14,2026-09-08T17:00:00,31.2,44.9,3.4,231.9,3.9
15,2026-09-08T17:00:00,32.2,50.2,3.4,246.0,3.9
1,2026-09-08T18:00:00,31.7,52.7,3.8,265.1,2.7
2,2026-09-08T18:00:00,29.4,51.9,4.0,268.6,2.7
3,2026-09-08T18:00:00,30.8,55.4,3.7,238.7,2.7
4,2026-09-08T18:00:00,30.7,53.2,3.7,247.0,2.7
5,2026-09-08T18:00:00,30.4,51.8,3.7,242.5,2.7
6,2026-09-08T18:00:00,30.1,53.8,4.2,270.3,2.7
7,2026-09-08T18:00:00,30.4,52.7,3.9,264.3,2.7
8,2026-09-08T18:00:00,30.4,49.5,3.7,243.7,2.7
9,2026-09-08T18:00:00,30.0,49.6,3.8,253.5,2.7
10,2026-09-08T18:00:00,30.9,53.4,4.0,265.0,2.7
11,2026-09-08T18:00:00,31.1,52.1,3.8,255.9,2.7
12,2026-09-08T18:00:00,30.1,50.8,3.5,244.1,2.7
13,2026-09-08T18:00:00,30.7,50.5,3.9,255.5,2.7
14,2026-09-08T18:00:00,29.7,53.8,3.8,259.4,2.7
15,2026-09-08T18:00:00,30.6,55.2,3.7,251.0,2.7
1,2026-09-08T19:00:00,28.7,57.0,3.8,260.7,4.8
2,2026-09-08T19:00:00,28.5,55.2,4.0,260.9,4.8
3,2026-09-08T19:00:00,28.9,55.1,4.2,265.2,4.8
4,2026-09-08T19:00:00,29.9,51.7,3.8,255.6,4.8
5,2026-09-08T19:00:00,28.7,55.3,3.9,250.0,4.8
6,2026-09-08T19:00:00,29.2,56.4,3.6,251.4,4.8
7,2026-09-08T19:00:00,29.3,54.5,3.8,247.2,4.8
8,2026-09-08T19:00:00,29.0,54.0,3.2,242.7,4.8
9,2026-09-08T19:00:00,29.1,57.0,3.8,239.9,4.8
10,2026-09-08T19:00:00,27.8,57.7,3.7,259.7,4.8
11,2026-09-08T19:00:00,29.0,58.5,3.6,257.2,4.8
12,2026-09-08T19:00:00,28.6,56.0,3.5,252.4,4.8
13,2026-09-08T19:00:00,28.4,57.1,3.5,252.2,4.8
14,2026-09-08T19:00:00,28.3,55.7,3.7,286.6,4.8
15,2026-09-08T19:00:00,29.5,55.8,3.5,270.2,4.8
1,2026-09-08T20:00:00,27.7,58.9,4.0,254.9,0.0
2,2026-09-08T20:00:00,28.0,60.3,3.7,263.3,0.0
3,2026-09-08T20:00:00,28.0,58.6,3.8,250.8,0.0
4,2026-09-08T20:00:00,26.0,63.0,3.5,265.1,0.0
5,2026-09-08T20:00:00,26.6,58.6,4.4,244.9,0.0
6,2026-09-08T20:00:00,27.2,59.2,3.5,257.2,0.0
7,2026-09-08T20:00:00,27.7,59.7,3.8,260.0,0.0
8,2026-09-08T20:00:00,28.4,59.2,3.7,256.5,0.0
9,2026-09-08T20:00:00,27.3,59.2,3.8,249.4,0.0
10,2026-09-08T20:00:00,28.5,60.8,3.5,288.1,0.0
11,2026-09-08T20:00:00,27.6,63.0,3.9,265.2,0.0
12,2026-09-08T20:00:00,28.0,59.9,4.0,268.3,0.0
13,2026-09-08T20:00:00,27.0,63.3,4.0,256.2,0.0
14,2026-09-08T20:00:00,28.6,59.5,3.5,264.0,0.0
15,2026-09-08T20:00:00,27.8,60.0,3.1,270.3,0.0
1,2026-09-08T21:00:00,24.5,66.9,3.3,257.2,0.0
2,2026-09-08T21:00:00,24.2,64.0,3.1,281.9,0.0
3,2026-09-08T21:00:00,27.1,62.9,3.5,268.9,0.0
4,2026-09-08T21:00:00,26.2,64.7,3.7,281.4,0.0
5,2026-09-08T21:00:00,26.4,64.0,3.5,254.7,0.0
6,2026-09-08T21:00:00,25.3,63.5,3.5,258.4,0.0
7,2026-09-08T21:00:00,24.9,63.8,3.4,259.6,0.0
8,2026-09-08T21:00:00,26.1,62.2,3.9,250.8,0.0
9,2026-09-08T21:00:00,26.2,62.4,3.3,244.8,0.0
10,2026-09-08T21:00:00,25.7,64.5,3.7,256.6,0.0
11,2026-09-08T21:00:00,25.5,63.1,3.5,262.3,0.0
12,2026-09-08T21:00:00,25.6,62.4,3.4,261.2,0.0
13,2026-09-08T21:00:00,26.0,66.4,3.3,252.8,0.0
14,2026-09-08T21:00:00,25.1,65.1,3.5,267.6,0.0
15,2026-09-08T21:00:00,26.0,66.2,3.8,253.5,0.0
1,2026-09-08T22:00:00,24.4,69.2,3.4,272.0,0.0
2,2026-09-08T22:00:00,23.3,67.5,3.1,259.3,0.0
3,2026-09-08T22:00:00,23.7,70.1,3.4,278.6,0.0
4,2026-09-08T22:00:00,23.8,68.2,3.1,259.7,0.0
5,2026-09-08T22:00:00,25.3,68.4,2.9,264.7,0.0
6,2026-09-08T22:00:00,23.8,71.5,3.4,266.5,0.0
7,2026-09-08T22:00:00,22.9,69.1,3.4,272.6,0.0
8,2026-09-08T22:00:00,23.2,71.4,3.4,261.7,0.0
9,2026-09-08T22:00:00,24.4,69.1,3.3,254.4,0.0
10,2026-09-08T22:00:00,24.1,73.9,3.5,280.2,0.0
11,2026-09-08T22:00:00,24.5,69.4,3.1,270.7,0.0
12,2026-09-08T22:00:00,24.0,72.0,3.1,263.4,0.0
13,2026-09-08T22:00:00,23.2,69.4,3.6,260.9,0.0
14,2026-09-08T22:00:00,23.8,70.0,3.2,269.4,0.0
15,2026-09-08T22:00:00,23.0,67.0,3.2,264.7,0.0
1,2026-09-08T23:00:00,22.5,74.6,3.1,260.6,0.0
2,2026-09-08T23:00:00,23.5,68.2,3.3,256.6,0.0
3,2026-09-08T23:00:00,22.3,75.5,2.9,265.3,0.0
4,2026-09-08T23:00:00,23.1,72.6,3.1,258.1,0.0
5,2026-09-08T23:00:00,22.9,72.3,3.6,280.9,0.0
6,2026-09-08T23:00:00,22.5,73.5,2.9,276.1,0.0
7,2026-09-08T23:00:00,22.8,70.3,3.1,275.1,0.0
8,2026-09-08T23:00:00,23.6,70.9,2.9,283.5,0.0
9,2026-09-08T23:00:00,22.9,71.6,3.9,278.2,0.0
10,2026-09-08T23:00:00,22.7,72.4,3.0,263.0,0.0
11,2026-09-08T23:00:00,22.5,74.4,3.7,248.4,0.0
12,2026-09-08T23:00:00,23.1,75.6,3.0,288.5,0.0
13,2026-09-08T23:00:00,22.6,71.5,3.3,268.8,0.0
14,2026-09-08T23:00:00,21.8,71.0,3.2,264.0,0.0
15,2026-09-08T23:00:00,23.0,73.0,3.2,270.1,0.0
1,2026-09-09T00:00:00,21.3,78.7,2.6,273.1,0.0
2,2026-09-09T00:00:00,21.7,76.3,2.5,276.2,0.0
3,2026-09-09T00:00:00,21.7,76.0,2.7,280.9,0.0
4,2026-09-09T00:00:00,20.3,78.6,2.4,267.1,0.0
5,2026-09-09T00:00:00,20.8,75.4,2.8,260.9,0.0
6,2026-09-09T00:00:00,21.6,76.0,2.7,282.9,0.0
7,2026-09-09T00:00:00,21.3,73.7,2.9,259.7,0.0
8,2026-09-09T00:00:00,22.2,78.4,3.0,286.8,0.0
9,2026-09-09T00:00:00,21.3,78.0,2.2,293.6,0.0
10,2026-09-09T00:00:00,20.9,76.5,2.5,267.4,0.0
11,2026-09-09T00:00:00,21.8,75.3,2.4,283.1,0.0
12,2026-09-09T00:00:00,22.2,77.6,2.3,281.3,0.0
13,2026-09-09T00:00:00,22.5,75.9,2.4,285.9,0.0
14,2026-09-09T00:00:00,21.0,75.7,2.4,268.1,0.0
15,2026-09-09T00:00:00,21.6,77.0,3.0,275.7,0.0
1,2026-09-09T01:00:00,20.2,80.5,2.5,279.1,0.0
2,2026-09-09T01:00:00,21.1,78.8,2.9,302.1,0.0
3,2026-09-09T01:00:00,20.2,80.5,3.0,269.2,0.0
4,2026-09-09T01:00:00,19.9,77.4,2.0,293.3,0.0
5,2026-09-09T01:00:00,20.9,78.7,2.6,272.7,0.0
6,2026-09-09T01:00:00,20.2,77.1,2.4,281.8,0.0
7,2026-09-09T01:00:00,19.7,79.6,2.2,283.4,0.0
8,2026-09-09T01:00:00,20.3,75.6,2.5,290.2,0.0
9,2026-09-09T01:00:00,21.3,79.3,2.3,272.8,0.0
10,2026-09-09T01:00:00,20.5,83.2,2.5,276.6,0.0
11,2026-09-09T01:00:00,20.1,79.6,2.7,278.6,0.0
12,2026-09-09T01:00:00,20.9,77.0,2.7,277.3,0.0
13,2026-09-09T01:00:00,20.4,81.6,2.5,297.7,0.0
14,2026-09-09T01:00:00,20.0,75.9,2.3,287.6,0.0
15,2026-09-09T01:00:00,20.8,76.5,2.4,286.2,0.0
1,2026-09-09T02:00:00,20.0,81.3,2.1,278.7,0.0
2,2026-09-09T02:00:00,19.1,80.4,2.3,280.6,0.0
3,2026-09-09T02:00:00,20.5,77.6,2.4,274.0,0.0
4,2026-09-09T02:00:00,19.4,82.5,2.4,285.0,0.0
5,2026-09-09T02:00:00,21.5,78.4,2.0,305.3,0.0
6,2026-09-09T02:00:00,18.9,81.0,2.5,282.9,0.0
7,2026-09-09T02:00:00,19.6,83.5,2.4,264.4,0.0
8,2026-09-09T02:00:00,19.4,77.9,2.2,280.2,0.0
9,2026-09-09T02:00:00,20.1,81.2,2.0,284.7,0.0
10,2026-09-09T02:00:00,20.0,78.8,1.8,286.8,0.0
11,2026-09-09T02:00:00,21.0,81.3,2.3,279.2,0.0
12,2026-09-09T02:00:00,20.5,77.0,2.3,288.5,0.0
13,2026-09-09T02:00:00,19.4,76.9,2.0,276.8,0.0
14,2026-09-09T02:00:00,20.0,80.1,2.3,285.1,0.0
15,2026-09-09T02:00:00,21.9,78.7,2.3,286.1,0.0
1,2026-09-09T03:00:00,20.6,81.9,1.9,290.2,0.0
2,2026-09-09T03:00:00,20.4,81.1,2.1,279.5,0.0
3,2026-09-09T03:00:00,21.6,80.5,2.0,283.3,0.0
4,2026-09-09T03:00:00,18.4,86.5,2.2,285.7,0.0
5,2026-09-09T03:00:00,20.1,78.8,2.4,291.7,0.0
6,2026-09-09T03:00:00,20.6,79.2,1.7,290.4,0.0
7,2026-09-09T03:00:00,21.1,76.5,2.0,296.6,0.0
8,2026-09-09T03:00:00,20.1,80.7,1.9,294.9,0.0
9,2026-09-09T03:00:00,19.9,81.7,1.8,284.8,0.0
10,2026-09-09T03:00:00,20.3,79.3,2.1,295.9,0.0
11,2026-09-09T03:00:00,20.5,80.4,1.8,275.7,0.0
12,2026-09-09T03:00:00,20.2,81.2,1.8,297.3,0.0
13,2026-09-09T03:00:00,19.7,78.9,2.2,294.1,0.0
14,2026-09-09T03:00:00,20.1,78.8,1.7,290.2,0.0
15,2026-09-09T03:00:00,19.9,78.4,2.5,307.5,0.0
1,2026-09-09T04:00:00,20.7,78.8,1.6,282.3,0.0
2,2026-09-09T04:00:00,20.7,77.2,1.8,286.5,0.0
3,2026-09-09T04:00:00,19.8,79.0,1.8,293.0,0.0
4,2026-09-09T04:00:00,20.5,77.9,1.6,287.4,0.0
5,2026-09-09T04:00:00,20.3,76.9,1.8,290.6,0.0
6,2026-09-09T04:00:00,18.8,76.7,2.2,302.2,0.0
7,2026-09-09T04:00:00,20.3,81.9,2.2,300.3,0.0
8,2026-09-09T04:00:00,19.8,77.9,2.0,303.9,0.0
9,2026-09-09T04:00:00,20.7,75.2,1.8,277.3,0.0
10,2026-09-09T04:00:00,20.5,75.8,1.9,312.5,0.0
11,2026-09-09T04:00:00,20.4,77.6,2.1,280.0,0.0
12,2026-09-09T04:00:00,19.8,81.9,1.6,307.0,0.0
13,2026-09-09T04:00:00,20.9,77.9,1.9,297.7,0.0
14,2026-09-09T04:00:00,20.6,84.4,1.6,296.4,0.0
15,2026-09-09T04:00:00,20.8,76.5,1.8,301.2,0.0
1,2026-09-09T05:00:00,21.6,72.9,1.9,295.6,0.0
2,2026-09-09T05:00:00,20.7,76.1,1.8,305.4,0.0
3,2026-09-09T05:00:00,21.0,74.6,1.9,284.4,0.0
4,2026-09-09T05:00:00,21.7,75.8,1.6,296.0,0.0
5,2026-09-09T05:00:00,21.4,72.2,2.0,271.0,0.0
6,2026-09-09T05:00:00,21.7,77.1,1.9,301.8,0.0
7,2026-09-09T05:00:00,20.8,77.9,1.6,295.9,0.0
8,2026-09-09T05:00:00,21.2,76.7,1.9,280.9,0.0
9,2026-09-09T05:00:00,22.0,76.3,2.0,297.4,0.0
10,2026-09-09T05:00:00,22.1,76.3,1.9,299.2,0.0
11,2026-09-09T05:00:00,21.5,75.5,1.9,290.1,0.0
12,2026-09-09T05:00:00,21.6,74.7,1.7,311.1,0.0
13,2026-09-09T05:00:00,21.4,79.8,2.1,300.5,0.0
14,2026-09-09T05:00:00,21.3,76.7,1.8,306.9,0.0
15,2026-09-09T05:00:00,20.8,76.0,1.4,302.5,0.0
1,2026-09-09T06:00:00,22.3,72.2,1.5,293.9,0.0
2,2026-09-09T06:00:00,23.3,71.7,1.6,307.1,0.0
3,2026-09-09T06:00:00,22.6,70.8,2.0,292.6,0.0
4,2026-09-09T06:00:00,23.2,73.2,1.7,295.1,0.0
5,2026-09-09T06:00:00,22.4,76.5,2.0,298.2,0.0
6,2026-09-09T06:00:00,22.4,72.9,2.2,302.3,0.0
7,2026-09-09T06:00:00,22.0,74.5,1.7,297.7,0.0
8,2026-09-09T06:00:00,21.8,72.4,1.8,294.0,0.0
9,2026-09-09T06:00:00,21.9,73.2,1.9,310.4,0.0
10,2026-09-09T06:00:00,22.1,74.1,1.8,311.3,0.0
11,2026-09-09T06:00:00,22.2,70.6,1.1,303.8,0.0
12,2026-09-09T06:00:00,22.9,71.8,2.0,290.0,0.0
13,2026-09-09T06:00:00,22.2,76.0,2.1,303.4,0.0
14,2026-09-09T06:00:00,22.8,72.4,1.9,304.0,0.0
15,2026-09-09T06:00:00,24.0,71.1,1.5,295.1,0.0
1,2026-09-09T07:00:00,23.6,68.6,1.9,301.9,0.0
2,2026-09-09T07:00:00,22.9,66.8,1.8,323.8,0.0
3,2026-09-09T07:00:00,24.9,71.0,1.8,296.7,0.0
4,2026-09-09T07:00:00,24.2,70.5,1.7,305.4,0.0
5,2026-09-09T07:00:00,23.4,67.5,2.0,295.9,0.0
6,2026-09-09T07:00:00,25.0,69.2,1.6,285.8,0.0
7,2026-09-09T07:00:00,24.9,66.6,2.5,299.0,0.0
8,2026-09-09T07:00:00,24.8,67.6,1.8,326.8,0.0
9,2026-09-09T07:00:00,23.2,69.9,1.9,320.4,0.0
10,2026-09-09T07:00:00,23.8,73.5,2.3,308.8,0.0
11,2026-09-09T07:00:00,23.2,70.3,2.0,332.1,0.0
12,2026-09-09T07:00:00,23.5,71.7,1.7,297.8,0.0
13,2026-09-09T07:00:00,23.7,65.9,1.5,297.9,0.0
14,2026-09-09T07:00:00,23.0,67.6,2.0,317.6,0.0
15,2026-09-09T07:00:00,24.7,71.7,2.1,298.1,0.0
1,2026-09-09T08:00:00,25.8,65.4,2.0,309.8,0.0
2,2026-09-09T08:00:00,25.5,65.2,2.1,312.7,0.0
3,2026-09-09T08:00:00,25.4,63.4,1.8,310.3,0.0
4,2026-09-09T08:00:00,24.4,66.2,1.8,302.5,0.0
5,2026-09-09T08:00:00,25.4,64.3,2.2,302.8,0.0
6,2026-09-09T08:00:00,25.9,65.3,2.2,303.7,0.0
7,2026-09-09T08:00:00,25.0,66.5,2.0,311.1,0.0
8,2026-09-09T08:00:00,24.6,67.5,2.3,301.8,0.0
9,2026-09-09T08:00:00,25.4,65.8,2.2,307.6,0.0
10,2026-09-09T08:00:00,25.3,64.6,2.2,310.8,0.0
11,2026-09-09T08:00:00,24.9,61.6,2.2,314.8,0.0
12,2026-09-09T08:00:00,24.9,62.4,1.6,310.8,0.0
13,2026-09-09T08:00:00,25.2,65.0,1.8,324.7,0.0
14,2026-09-09T08:00:00,25.7,67.0,1.9,316.4,0.0
15,2026-09-09T08:00:00,25.0,66.8,1.8,294.6,0.0
1,2026-09-09T09:00:00,26.8,64.6,2.1,312.5,0.0
2,2026-09-09T09:00:00,27.5,60.4,1.9,302.4,0.0
3,2026-09-09T09:00:00,27.3,61.0,2.4,314.8,0.0
4,2026-09-09T09:00:00,27.9,58.9,1.8,313.3,0.0
5,2026-09-09T09:00:00,27.2,58.3,2.5,290.0,0.0
6,2026-09-09T09:00:00,27.3,59.2,1.9,296.3,0.0
7,2026-09-09T09:00:00,27.7,61.7,2.2,317.0,0.0
8,2026-09-09T09:00:00,27.9,59.7,2.5,290.0,0.0
9,2026-09-09T09:00:00,26.1,61.8,2.4,314.6,0.0
10,2026-09-09T09:00:00,26.6,60.1,2.0,301.1,0.0
11,2026-09-09T09:00:00,26.3,59.2,2.0,319.1,0.0
12,2026-09-09T09:00:00,27.3,57.8,2.5,312.5,0.0
13,2026-09-09T09:00:00,26.4,62.3,1.4,312.3,0.0
14,2026-09-09T09:00:00,27.2,56.1,1.9,299.3,0.0
15,2026-09-09T09:00:00,26.5,61.7,1.7,314.0,0.0
1,2026-09-09T10:00:00,28.8,56.6,2.9,309.5,0.0
2,2026-09-09T10:00:00,29.6,56.9,2.3,310.0,0.0
3,2026-09-09T10:00:00,29.5,56.5,2.5,308.4,0.0
4,2026-09-09T10:00:00,29.7,56.2,2.3,315.4,0.0
5,2026-09-09T10:00:00,30.2,56.4,2.5,310.1,0.0
6,2026-09-09T10:00:00,28.6,51.9,1.9,316.9,0.0
7,2026-09-09T10:00:00,29.7,55.5,2.1,304.9,0.0
8,2026-09-09T10:00:00,29.1,60.0,2.1,308.4,0.0
9,2026-09-09T10:00:00,28.6,55.2,2.0,313.0,0.0
10,2026-09-09T10:00:00,29.8,56.7,2.0,322.7,0.0
11,2026-09-09T10:00:00,29.5,55.6,2.5,322.2,0.0
12,2026-09-09T10:00:00,29.6,56.2,2.5,298.4,0.0
13,2026-09-09T10:00:00,29.2,55.5,2.3,315.4,0.0
14,2026-09-09T10:00:00,28.8,51.2,2.2,314.6,0.0
15,2026-09-09T10:00:00,29.0,59.4,2.5,296.6,0.0
1,2026-09-09T11:00:00,30.5,53.7,2.4,305.3,0.0
2,2026-09-09T11:00:00,30.8,55.0,2.7,331.2,0.0
3,2026-09-09T11:00:00,30.8,52.5,2.1,317.2,0.0
4,2026-09-09T11:00:00,29.8,54.5,2.2,320.9,0.0
5,2026-09-09T11:00:00,29.2,52.4,2.4,306.0,0.0
6,2026-09-09T11:00:00,30.6,52.0,2.9,309.1,0.0
7,2026-09-09T11:00:00,31.5,53.1,2.4,299.1,0.0
8,2026-09-09T11:00:00,30.2,53.1,2.7,314.0,0.0
9,2026-09-09T11:00:00,30.6,48.3,2.8,316.9,0.0
10,2026-09-09T11:00:00,30.8,52.4,2.1,306.3,0.0
11,2026-09-09T11:00:00,30.5,52.0,2.3,303.3,0.0
12,2026-09-09T11:00:00,29.8,51.1,2.5,322.4,0.0
13,2026-09-09T11:00:00,29.8,51.6,2.4,294.3,0.0
14,2026-09-09T11:00:00,30.0,53.1,2.9,297.0,0.0
15,2026-09-09T11:00:00,30.4,51.1,2.4,307.5,0.0
1,2026-09-09T12:00:00,31.3,44.6,2.9,310.1,0.0
2,2026-09-09T12:00:00,32.6,47.4,2.6,312.8,0.0
3,2026-09-09T12:00:00,31.9,51.5,2.7,337.9,0.0
4,2026-09-09T12:00:00,31.3,46.9,3.0,312.2,0.0
5,2026-09-09T12:00:00,32.7,47.7,2.9,328.1,0.0
6,2026-09-09T12:00:00,31.8,47.4,2.5,300.3,0.0
7,2026-09-09T12:00:00,32.6,47.3,3.0,326.3,0.0
8,2026-09-09T12:00:00,31.5,48.3,2.7,296.9,0.0
9,2026-09-09T12:00:00,32.0,50.1,2.7,316.1,0.0
10,2026-09-09T12:00:00,31.4,46.2,3.0,313.0,0.0
11,2026-09-09T12:00:00,31.4,48.3,2.6,315.1,0.0
12,2026-09-09T12:00:00,32.9,45.5,3.2,313.3,0.0
13,2026-09-09T12:00:00,31.4,50.6,2.4,321.0,0.0
14,2026-09-09T12:00:00,31.5,49.7,2.9,326.8,0.0
15,2026-09-09T12:00:00,32.1,49.8,2.5,321.4,0.0
1,2026-09-09T13:00:00,32.4,44.6,2.7,332.2,0.0
2,2026-09-09T13:00:00,33.5,45.9,3.1,325.4,0.0
3,2026-09-09T13:00:00,33.0,45.4,3.0,330.9,0.0
4,2026-09-09T13:00:00,32.3,46.5,3.2,303.2,0.0
5,2026-09-09T13:00:00,32.0,45.1,3.6,307.8,0.0
6,2026-09-09T13:00:00,31.1,46.5,3.1,325.4,0.0
7,2026-09-09T13:00:00,32.5,47.5,3.0,298.9,0.0
8,2026-09-09T13:00:00,32.5,46.9,3.1,307.3,0.0
9,2026-09-09T13:00:00,32.8,46.5,3.3,313.1,0.0
10,2026-09-09T13:00:00,33.1,44.3,3.1,337.9,0.0
11,2026-09-09T13:00:00,33.1,47.3,2.8,310.3,0.0
12,2026-09-09T13:00:00,32.9,47.3,2.7,312.3,0.0
13,2026-09-09T13:00:00,32.7,45.5,2.8,312.1,0.0
14,2026-09-09T13:00:00,32.0,44.6,3.0,327.5,0.0
15,2026-09-09T13:00:00,32.5,47.9,3.4,324.1,0.0
1,2026-09-09T14:00:00,32.0,44.0,3.4,316.4,0.0
2,2026-09-09T14:00:00,32.4,44.3,3.7,299.4,0.0
3,2026-09-09T14:00:00,33.7,41.3,2.9,322.4,0.0
4,2026-09-09T14:00:00,32.2,47.7,3.8,322.0,0.0
5,2026-09-09T14:00:00,33.2,44.9,3.5,311.0,0.0
6,2026-09-09T14:00:00,31.6,45.3,3.4,300.7,0.0
7,2026-09-09T14:00:00,32.8,42.4,3.6,322.6,0.0
8,2026-09-09T14:00:00,32.9,46.7,3.6,302.7,0.0
9,2026-09-09T14:00:00,33.6,43.3,3.5,319.1,0.0
10,2026-09-09T14:00:00,33.6,45.4,3.4,332.6,0.0
11,2026-09-09T14:00:00,33.7,45.2,3.2,317.5,0.0
12,2026-09-09T14:00:00,31.5,45.8,3.2,315.0,0.0
13,2026-09-09T14:00:00,32.8,43.3,3.5,321.5,0.0
14,2026-09-09T14:00:00,33.0,45.5,3.1,304.7,0.0
15,2026-09-09T14:00:00,33.0,44.9,3.3,307.2,0.0
1,2026-09-09T15:00:00,32.7,44.5,3.7,307.2,0.0
2,2026-09-09T15:00:00,34.0,46.6,3.5,311.5,0.0
3,2026-09-09T15:00:00,33.0,44.7,3.4,312.1,0.0
4,2026-09-09T15:00:00,32.2,44.9,3.8,321.8,0.0
5,2026-09-09T15:00:00,31.9,43.3,3.4,302.0,0.0
6,2026-09-09T15:00:00,34.1,47.1,3.2,304.2,0.0
7,2026-09-09T15:00:00,33.1,42.6,3.5,314.6,0.0
8,2026-09-09T15:00:00,33.7,42.4,3.7,323.7,0.0
9,2026-09-09T15:00:00,33.6,45.8,3.6,314.1,0.0
10,2026-09-09T15:00:00,32.5,46.6,3.7,307.9,0.0
11,2026-09-09T15:00:00,33.5,46.3,3.3,328.6,0.0
12,2026-09-09T15:00:00,32.7,42.8,3.6,311.2,0.0
13,2026-09-09T15:00:00,33.1,44.7,3.5,306.0,0.0
14,2026-09-09T15:00:00,32.2,44.2,3.5,300.5,0.0
15,2026-09-09T15:00:00,33.2,46.3,3.3,310.6,0.0
1,2026-09-09T16:00:00,32.4,48.9,3.7,299.5,0.0
2,2026-09-09T16:00:00,31.7,48.9,4.1,324.6,0.0
3,2026-09-09T16:00:00,31.0,45.1,3.9,299.6,0.0
4,2026-09-09T16:00:00,33.0,47.5,3.6,312.0,0.0
5,2026-09-09T16:00:00,33.1,44.7,3.4,303.9,0.0
6,2026-09-09T16:00:00,32.5,45.7,4.1,310.8,0.0
7,2026-09-09T16:00:00,32.7,45.3,3.5,308.3,0.0
8,2026-09-09T16:00:00,33.0,48.2,4.2,316.5,0.0
9,2026-09-09T16:00:00,33.1,41.1,3.6,320.0,0.0
10,2026-09-09T16:00:00,31.9,49.0,3.5,311.2,0.0
11,2026-09-09T16:00:00,32.1,46.6,4.4,305.0,0.0
12,2026-09-09T16:00:00,32.2,43.5,4.0,315.7,0.0
13,2026-09-09T16:00:00,33.4,48.4,3.6,299.4,0.0
14,2026-09-09T16:00:00,31.9,42.4,3.5,302.1,0.0
15,2026-09-09T16:00:00,32.1,47.4,4.0,308.7,0.0
1,2026-09-09T17:00:00,31.4,49.6,3.6,331.3,0.0
2,2026-09-09T17:00:00,31.7,44.3,3.4,314.7,0.0
3,2026-09-09T17:00:00,31.2,52.1,3.9,319.0,0.0
4,2026-09-09T17:00:00,31.5,49.4,4.0,323.1,0.0
5,2026-09-09T17:00:00,29.9,43.8,4.1,306.6,0.0
6,2026-09-09T17:00:00,31.4,46.6,3.5,300.2,0.0
7,2026-09-09T17:00:00,32.1,48.9,3.9,314.5,0.0
8,2026-09-09T17:00:00,31.0,52.8,3.7,309.6,0.0
9,2026-09-09T17:00:00,32.5,50.2,3.7,317.3,0.0
10,2026-09-09T17:00:00,31.1,47.6,3.9,315.4,0.0
11,2026-09-09T17:00:00,31.0,51.0,3.7,290.0,0.0
12,2026-09-09T17:00:00,31.8,46.1,3.7,298.0,0.0
13,2026-09-09T17:00:00,32.5,48.9,3.8,293.4,0.0
14,2026-09-09T17:00:00,31.2,47.0,3.4,324.9,0.0
15,2026-09-09T17:00:00,33.0,48.8,4.3,309.1,0.0
1,2026-09-09T18:00:00,31.5,54.5,3.6,301.0,0.0
2,2026-09-09T18:00:00,30.1,55.4,3.5,287.4,0.0
3,2026-09-09T18:00:00,30.4,53.6,3.6,291.6,0.0
4,2026-09-09T18:00:00,29.8,54.0,3.7,305.3,0.0
5,2026-09-09T18:00:00,30.5,49.9,3.4,314.0,0.0
6,2026-09-09T18:00:00,30.5,52.0,3.9,309.8,0.0
7,2026-09-09T18:00:00,31.5,52.2,3.6,305.9,0.0
8,2026-09-09T18:00:00,29.5,52.2,3.1,301.5,0.0
9,2026-09-09T18:00:00,30.3,52.0,4.0,314.6,0.0
10,2026-09-09T18:00:00,30.4,53.2,3.3,306.0,0.0
11,2026-09-09T18:00:00,30.9,52.2,3.8,325.0,0.0
12,2026-09-09T18:00:00,29.8,52.1,3.9,286.7,0.0
13,2026-09-09T18:00:00,30.4,52.5,3.7,299.5,0.0
14,2026-09-09T18:00:00,31.0,50.1,3.6,303.0,0.0
15,2026-09-09T18:00:00,30.8,53.5,3.5,300.7,0.0
1,2026-09-09T19:00:00,29.1,56.9,3.7,292.4,0.0
2,2026-09-09T19:00:00,29.3,53.8,3.7,299.3,0.0
3,2026-09-09T19:00:00,28.9,58.3,3.5,312.3,0.0
4,2026-09-09T19:00:00,29.6,55.8,3.6,326.7,0.0
5,2026-09-09T19:00:00,28.0,58.0,3.2,315.0,0.0
6,2026-09-09T19:00:00,28.1,55.0,3.6,299.4,0.0
7,2026-09-09T19:00:00,28.3,54.5,4.1,310.0,0.0
8,2026-09-09T19:00:00,29.2,55.4,3.7,302.9,0.0
9,2026-09-09T19:00:00,28.7,56.9,3.7,297.4,0.0
10,2026-09-09T19:00:00,29.4,54.2,4.1,292.4,0.0
11,2026-09-09T19:00:00,30.1,56.2,3.9,292.3,0.0
12,2026-09-09T19:00:00,29.4,53.3,3.9,320.7,0.0
13,2026-09-09T19:00:00,29.2,52.8,3.6,310.7,0.0
14,2026-09-09T19:00:00,29.0,52.3,3.6,299.6,0.0
15,2026-09-09T19:00:00,29.0,54.4,3.5,301.0,0.0
1,2026-09-09T20:00:00,27.3,57.5,3.9,295.3,0.0
2,2026-09-09T20:00:00,26.9,56.5,3.8,305.1,0.0
3,2026-09-09T20:00:00,26.7,58.3,3.8,297.2,0.0
4,2026-09-09T20:00:00,28.2,63.4,3.7,277.3,0.0
5,2026-09-09T20:00:00,26.9,60.8,4.1,309.6,0.0
6,2026-09-09T20:00:00,27.2,60.7,3.5,299.1,0.0
7,2026-09-09T20:00:00,28.3,56.6,3.6,321.0,0.0
8,2026-09-09T20:00:00,27.7,61.0,3.9,303.1,0.0
9,2026-09-09T20:00:00,26.8,62.2,3.3,286.0,0.0
10,2026-09-09T20:00:00,26.4,59.8,4.0,310.4,0.0
11,2026-09-09T20:00:00,28.3,62.8,3.4,308.8,0.0
12,2026-09-09T20:00:00,27.5,62.0,3.6,302.0,0.0
13,2026-09-09T20:00:00,27.4,59.8,3.8,288.0,0.0
14,2026-09-09T20:00:00,28.2,61.2,3.9,307.3,0.0
15,2026-09-09T20:00:00,26.9,59.6,3.7,295.7,0.0
1,2026-09-09T21:00:00,24.9,68.7,3.3,303.4,0.0
2,2026-09-09T21:00:00,25.5,66.2,3.9,308.6,0.0
3,2026-09-09T21:00:00,25.2,69.4,3.8,313.8,0.0
4,2026-09-09T21:00:00,25.5,65.8,3.7,305.9,0.0
5,2026-09-09T21:00:00,25.9,64.8,3.6,293.6,0.0
6,2026-09-09T21:00:00,24.4,65.4,3.7,289.6,0.0
7,2026-09-09T21:00:00,25.9,64.6,2.9,302.5,0.0
8,2026-09-09T21:00:00,25.2,66.2,3.4,282.7,0.0
9,2026-09-09T21:00:00,25.7,66.8,3.4,290.9,0.0
10,2026-09-09T21:00:00,25.8,62.2,3.3,306.6,0.0
11,2026-09-09T21:00:00,25.5,67.9,4.3,299.6,0.0
12,2026-09-09T21:00:00,26.1,66.0,3.7,285.4,0.0
13,2026-09-09T21:00:00,25.2,62.4,3.7,295.7,0.0
14,2026-09-09T21:00:00,25.4,68.9,3.2,316.9,0.0
15,2026-09-09T21:00:00,25.6,62.3,3.5,289.6,0.0
1,2026-09-09T22:00:00,24.3,69.0,3.3,289.0,0.0
2,2026-09-09T22:00:00,24.1,69.7,3.3,289.8,0.0
3,2026-09-09T22:00:00,24.6,70.2,2.8,302.7,0.0
4,2026-09-09T22:00:00,24.4,69.2,3.1,287.7,0.0
5,2026-09-09T22:00:00,23.7,68.8,3.3,285.9,0.0
6,2026-09-09T22:00:00,23.7,70.8,3.5,316.6,0.0
7,2026-09-09T22:00:00,25.5,70.8,3.0,301.2,0.0
8,2026-09-09T22:00:00,24.8,69.1,3.2,292.0,0.0
9,2026-09-09T22:00:00,23.4,68.1,3.1,290.3,0.0
10,2026-09-09T22:00:00,24.6,66.6,3.2,272.0,0.0
11,2026-09-09T22:00:00,23.8,72.2,3.5,280.4,0.0
12,2026-09-09T22:00:00,24.0,67.3,3.1,284.3,0.0
13,2026-09-09T22:00:00,22.9,69.0,3.5,292.2,0.0
14,2026-09-09T22:00:00,25.0,71.2,3.3,303.2,0.0
15,2026-09-09T22:00:00,24.4,70.1,3.7,289.0,0.0
1,2026-09-09T23:00:00,22.8,72.4,3.3,281.3,0.0
2,2026-09-09T23:00:00,22.1,72.6,3.0,293.5,0.0
3,2026-09-09T23:00:00,21.2,71.7,3.3,301.9,0.0
4,2026-09-09T23:00:00,22.9,71.7,3.6,282.2,0.0
5,2026-09-09T23:00:00,22.7,71.8,3.0,312.8,0.0
6,2026-09-09T23:00:00,23.1,73.8,3.2,288.2,0.0
7,2026-09-09T23:00:00,22.0,70.0,2.9,296.4,0.0
8,2026-09-09T23:00:00,21.9,71.8,2.8,290.3,0.0
9,2026-09-09T23:00:00,21.8,75.6,3.0,284.0,0.0
10,2026-09-09T23:00:00,21.8,70.1,2.9,291.2,0.0
11,2026-09-09T23:00:00,22.2,72.2,2.6,287.9,0.0
12,2026-09-09T23:00:00,21.8,69.7,3.3,286.5,0.0
13,2026-09-09T23:00:00,22.0,69.3,3.2,283.8,0.0
14,2026-09-09T23:00:00,23.0,74.5,3.1,277.8,0.0
15,2026-09-09T23:00:00,22.4,71.3,3.4,290.9,0.0
1,2026-09-10T00:00:00,22.0,76.9,2.8,283.6,0.0
2,2026-09-10T00:00:00,21.3,75.5,2.4,271.4,0.0
3,2026-09-10T00:00:00,21.3,76.3,2.7,280.1,0.0
4,2026-09-10T00:00:00,21.6,76.0,2.4,296.3,0.0
5,2026-09-10T00:00:00,21.5,79.4,2.7,281.1,0.0
6,2026-09-10T00:00:00,21.6,78.6,2.7,287.3,0.0
7,2026-09-10T00:00:00,21.7,75.9,2.5,282.4,0.0
8,2026-09-10T00:00:00,20.8,75.0,3.0,279.7,0.0
9,2026-09-10T00:00:00,20.3,76.3,2.6,292.0,0.0
10,2026-09-10T00:00:00,21.0,77.1,2.9,277.9,0.0
11,2026-09-10T00:00:00,21.4,76.6,3.0,276.8,0.0
12,2026-09-10T00:00:00,22.0,72.2,2.9,268.9,0.0
13,2026-09-10T00:00:00,21.3,74.4,2.9,277.8,0.0
14,2026-09-10T00:00:00,20.2,75.1,2.8,296.1,0.0
15,2026-09-10T00:00:00,21.5,77.4,2.6,282.2,0.0
1,2026-09-10T01:00:00,20.2,80.1,2.6,262.4,0.0
2,2026-09-10T01:00:00,19.9,77.9,2.8,277.9,0.0
3,2026-09-10T01:00:00,19.8,79.7,2.3,253.3,0.0
4,2026-09-10T01:00:00,21.1,79.9,2.3,295.5,0.0
5,2026-09-10T01:00:00,21.7,80.8,2.3,268.6,0.0
6,2026-09-10T01:00:00,18.6,75.5,2.0,277.7,0.0
7,2026-09-10T01:00:00,20.0,80.1,2.3,290.2,0.0
8,2026-09-10T01:00:00,20.7,77.6,3.0,281.6,0.0
9,2026-09-10T01:00:00,20.1,77.1,2.2,286.4,0.0
10,2026-09-10T01:00:00,20.3,80.4,2.9,289.1,0.0
11,2026-09-10T01:00:00,20.9,79.6,2.5,277.3,0.0
12,2026-09-10T01:00:00,21.2,75.8,2.8,273.3,0.0
13,2026-09-10T01:00:00,21.4,77.1,2.9,279.0,0.0
14,2026-09-10T01:00:00,20.7,81.3,2.3,269.2,0.0
15,2026-09-10T01:00:00,19.3,76.8,3.1,278.6,0.0
1,2026-09-10T02:00:00,20.0,80.3,2.5,288.6,0.0
2,2026-09-10T02:00:00,20.1,81.3,2.3,277.1,0.0
3,2026-09-10T02:00:00,19.9,81.0,2.1,279.6,0.0
4,2026-09-10T02:00:00,19.9,81.1,2.6,273.2,0.0
5,2026-09-10T02:00:00,19.8,79.8,1.8,290.4,0.0
6,2026-09-10T02:00:00,19.3,78.4,2.3,272.4,0.0
7,2026-09-10T02:00:00,19.7,75.9,2.4,267.4,0.0
8,2026-09-10T02:00:00,17.9,78.4,2.1,270.3,0.0
9,2026-09-10T02:00:00,19.8,84.0,2.7,283.2,0.0
10,2026-09-10T02:00:00,20.4,78.7,2.3,275.6,0.0
11,2026-09-10T02:00:00,21.1,78.3,2.8,261.9,0.0
12,2026-09-10T02:00:00,19.4,79.0,2.6,279.3,0.0
13,2026-09-10T02:00:00,21.0,77.2,2.1,252.6,0.0
14,2026-09-10T02:00:00,20.0,79.3,2.2,261.4,0.0
15,2026-09-10T02:00:00,19.4,79.4,2.5,283.3,0.0
1,2026-09-10T03:00:00,20.1,79.9,2.0,276.0,0.0
2,2026-09-10T03:00:00,20.1,78.6,2.5,259.2,0.0
3,2026-09-10T03:00:00,20.4,79.7,2.2,287.4,0.0
4,2026-09-10T03:00:00,19.8,77.6,2.0,264.2,0.0
5,2026-09-10T03:00:00,20.6,79.6,2.0,275.5,0.0
6,2026-09-10T03:00:00,19.4,80.1,1.9,259.7,0.0
7,2026-09-10T03:00:00,20.9,80.2,1.9,269.1,0.0
8,2026-09-10T03:00:00,19.3,79.1,2.7,259.1,0.0
9,2026-09-10T03:00:00,19.7,78.8,1.9,260.1,0.0
10,2026-09-10T03:00:00,20.7,81.4,2.2,271.9,0.0
11,2026-09-10T03:00:00,19.4,76.5,2.2,281.1,0.0
12,2026-09-10T03:00:00,18.7,77.9,1.9,284.1,0.0
13,2026-09-10T03:00:00,20.5,79.5,2.2,265.0,0.0
14,2026-09-10T03:00:00,20.0,81.6,2.0,269.4,0.0
15,2026-09-10T03:00:00,19.5,79.8,1.9,266.0,0.0
1,2026-09-10T04:00:00,20.4,76.8,1.5,253.4,0.0
2,2026-09-10T04:00:00,20.1,77.0,2.3,283.4,0.0
3,2026-09-10T04:00:00,20.5,79.4,1.8,247.2,0.0
4,2026-09-10T04:00:00,20.5,79.9,1.8,258.6,0.0
5,2026-09-10T04:00:00,20.0,77.1,2.1,271.3,0.0
6,2026-09-10T04:00:00,21.0,76.3,1.7,264.9,0.0
7,2026-09-10T04:00:00,20.6,75.6,1.8,271.2,0.0
8,2026-09-10T04:00:00,20.7,82.6,1.6,267.5,0.0
9,2026-09-10T04:00:00,21.1,77.6,1.6,266.8,0.0
10,2026-09-10T04:00:00,20.9,79.3,1.8,260.0,0.0
11,2026-09-10T04:00:00,20.3,80.6,1.7,259.1,0.0
12,2026-09-10T04:00:00,20.6,76.2,1.9,261.1,0.0
13,2026-09-10T04:00:00,19.5,79.2,1.3,267.5,0.0
14,2026-09-10T04:00:00,20.8,79.5,1.9,268.0,0.0
15,2026-09-10T04:00:00,20.5,77.5,2.4,268.3,0.0
1,2026-09-10T05:00:00,21.0,73.1,1.9,263.9,0.0
2,2026-09-10T05:00:00,20.9,75.9,2.0,270.3,0.0
3,2026-09-10T05:00:00,20.5,77.3,1.9,262.9,0.0
4,2026-09-10T05:00:00,21.3,81.6,1.7,266.5,0.0
5,2026-09-10T05:00:00,22.1,79.5,1.9,255.7,0.0
6,2026-09-10T05:00:00,21.9,81.1,1.4,261.9,0.0
7,2026-09-10T05:00:00,21.1,73.5,1.6,256.8,0.0
8,2026-09-10T05:00:00,20.1,74.6,1.8,248.5,0.0
9,2026-09-10T05:00:00,21.9,76.1,1.9,239.1,0.0
10,2026-09-10T05:00:00,20.8,78.1,1.7,251.6,0.0
11,2026-09-10T05:00:00,22.1,81.2,1.8,270.5,0.0
12,2026-09-10T05:00:00,21.4,75.2,1.8,253.6,0.0
13,2026-09-10T05:00:00,21.4,78.4,1.8,257.5,0.0
14,2026-09-10T05:00:00,21.0,78.8,1.7,261.9,0.0
15,2026-09-10T05:00:00,22.8,75.4,2.0,252.2,0.0
1,2026-09-10T06:00:00,21.9,75.2,1.7,265.6,0.0
2,2026-09-10T06:00:00,21.9,77.3,1.7,257.3,0.0
3,2026-09-10T06:00:00,23.1,72.7,1.9,251.2,0.0
4,2026-09-10T06:00:00,23.6,71.4,1.9,268.3,0.0
5,2026-09-10T06:00:00,21.7,73.6,1.5,250.0,0.0
6,2026-09-10T06:00:00,22.6,73.7,2.1,259.2,0.0
7,2026-09-10T06:00:00,24.0,73.4,1.8,269.4,0.0
8,2026-09-10T06:00:00,22.4,72.1,1.6,260.3,0.0
9,2026-09-10T06:00:00,22.7,76.6,1.9,249.7,0.0
10,2026-09-10T06:00:00,22.0,76.1,1.8,256.8,0.0
11,2026-09-10T06:00:00,22.2,70.5,1.9,265.0,0.0
12,2026-09-10T06:00:00,22.3,70.4,1.8,258.2,0.0
13,2026-09-10T06:00:00,21.4,74.9,1.7,263.8,0.0
14,2026-09-10T06:00:00,23.6,73.5,2.1,252.0,0.0
15,2026-09-10T06:00:00,22.4,74.8,1.6,268.7,0.0
1,2026-09-10T07:00:00,23.6,68.4,1.9,249.3,0.0
2,2026-09-10T07:00:00,24.1,68.1,2.2,261.5,0.0
3,2026-09-10T07:00:00,24.5,70.4,1.6,252.6,0.0
4,2026-09-10T07:00:00,23.2,70.0,1.8,241.8,0.0
5,2026-09-10T07:00:00,23.7,73.0,1.8,265.3,0.0
6,2026-09-10T07:00:00,24.6,68.2,2.0,252.9,0.0
7,2026-09-10T07:00:00,23.4,68.5,1.6,256.5,0.0
8,2026-09-10T07:00:00,24.1,70.2,1.5,253.9,0.0
9,2026-09-10T07:00:00,23.6,69.6,1.9,274.6,0.0
10,2026-09-10T07:00:00,23.8,69.5,1.9,248.4,0.0
11,2026-09-10T07:00:00,24.9,69.4,1.6,243.6,0.0
12,2026-09-10T07:00:00,24.1,68.7,1.8,249.4,0.0
13,2026-09-10T07:00:00,24.0,71.3,2.4,264.1,0.0
14,2026-09-10T07:00:00,24.7,69.0,2.1,271.3,0.0
15,2026-09-10T07:00:00,23.4,71.4,2.0,253.9,0.0
1,2026-09-10T08:00:00,26.3,66.6,1.9,249.5,0.0
2,2026-09-10T08:00:00,26.2,60.7,2.1,257.7,0.0
3,2026-09-10T08:00:00,25.9,61.5,1.8,259.2,0.0
4,2026-09-10T08:00:00,26.6,62.5,1.9,235.2,0.0
5,2026-09-10T08:00:00,26.8,64.1,1.8,252.8,0.0
6,2026-09-10T08:00:00,25.0,66.8,1.9,239.8,0.0
7,2026-09-10T08:00:00,26.1,62.5,1.8,260.5,0.0
8,2026-09-10T08:00:00,26.7,65.0,1.9,275.4,0.0
9,2026-09-10T08:00:00,25.4,65.8,1.9,247.1,0.0
10,2026-09-10T08:00:00,25.3,65.8,1.5,249.9,0.0
11,2026-09-10T08:00:00,24.8,66.0,2.2,251.3,0.0
12,2026-09-10T08:00:00,24.6,61.9,1.8,259.2,0.0
13,2026-09-10T08:00:00,25.8,64.1,1.8,248.5,0.0
14,2026-09-10T08:00:00,25.4,63.7,2.2,256.9,0.0
15,2026-09-10T08:00:00,25.3,64.0,2.1,267.6,0.0
1,2026-09-10T09:00:00,27.3,61.3,1.5,261.2,0.0
2,2026-09-10T09:00:00,27.6,61.9,2.1,259.6,0.0
3,2026-09-10T09:00:00,28.0,59.1,2.4,234.3,0.0
4,2026-09-10T09:00:00,27.2,61.1,1.8,233.4,0.0
5,2026-09-10T09:00:00,27.9,60.9,2.3,257.8,0.0
6,2026-09-10T09:00:00,27.6,62.8,2.3,251.3,0.0
7,2026-09-10T09:00:00,27.6,59.1,2.2,247.8,0.0
8,2026-09-10T09:00:00,26.5,60.4,2.4,249.1,0.0
9,2026-09-10T09:00:00,26.9,61.0,2.4,268.9,0.0
10,2026-09-10T09:00:00,28.2,59.9,2.3,255.5,0.0
11,2026-09-10T09:00:00,27.6,59.8,1.4,251.4,0.0
12,2026-09-10T09:00:00,26.9,60.9,2.0,243.3,0.0
13,2026-09-10T09:00:00,27.8,61.2,1.9,248.5,0.0
14,2026-09-10T09:00:00,28.3,63.0,1.6,257.3,0.0
15,2026-09-10T09:00:00,26.9,61.1,2.2,255.3,0.0
1,2026-09-10T10:00:00,29.5,55.4,2.7,231.1,0.0
2,2026-09-10T10:00:00,28.7,56.9,1.9,231.9,0.0
3,2026-09-10T10:00:00,29.8,57.2,2.1,258.3,0.0
4,2026-09-10T10:00:00,28.7,56.1,2.2,251.3,0.0
5,2026-09-10T10:00:00,28.8,60.1,3.1,237.9,0.0
6,2026-09-10T10:00:00,28.8,53.4,2.5,246.2,0.0
7,2026-09-10T10:00:00,29.2,57.3,2.3,239.7,0.0
8,2026-09-10T10:00:00,29.4,55.8,2.2,233.4,0.0
9,2026-09-10T10:00:00,29.3,55.5,2.6,265.6,0.0
10,2026-09-10T10:00:00,29.2,55.5,2.5,241.8,0.0
11,2026-09-10T10:00:00,29.4,54.6,2.4,246.5,0.0
12,2026-09-10T10:00:00,29.2,54.1,2.2,247.9,0.0
13,2026-09-10T10:00:00,29.5,54.4,2.3,239.7,0.0
14,2026-09-10T10:00:00,28.8,55.5,2.5,260.7,0.0
15,2026-09-10T10:00:00,29.1,57.0,2.3,247.5,0.0
1,2026-09-10T11:00:00,30.1,55.2,2.6,247.2,0.0
2,2026-09-10T11:00:00,31.4,51.0,2.8,243.4,0.0
3,2026-09-10T11:00:00,30.7,54.1,2.8,234.9,0.0
4,2026-09-10T11:00:00,30.4,51.5,2.6,260.9,0.0
5,2026-09-10T11:00:00,30.8,48.4,3.0,251.4,0.0
6,2026-09-10T11:00:00,30.5,51.6,2.5,252.4,0.0
7,2026-09-10T11:00:00,29.8,51.1,2.6,246.3,0.0
8,2026-09-10T11:00:00,31.0,51.4,2.5,251.8,0.0
9,2026-09-10T11:00:00,29.6,53.2,3.0,263.2,0.0
10,2026-09-10T11:00:00,30.3,52.2,2.5,235.5,0.0
11,2026-09-10T11:00:00,30.9,52.3,2.6,235.1,0.0
12,2026-09-10T11:00:00,31.2,53.5,2.6,261.3,0.0
13,2026-09-10T11:00:00,31.4,52.5,3.2,241.1,0.0
14,2026-09-10T11:00:00,31.0,55.8,2.5,258.1,0.0
15,2026-09-10T11:00:00,29.3,51.9,3.1,233.3,0.0
1,2026-09-10T12:00:00,31.1,47.7,3.1,256.4,0.0
2,2026-09-10T12:00:00,31.6,50.3,2.8,236.5,0.0
3,2026-09-10T12:00:00,32.6,46.6,3.2,229.9,0.0
4,2026-09-10T12:00:00,31.6,47.7,2.9,238.2,0.0
5,2026-09-10T12:00:00,31.5,49.0,2.8,254.5,0.0
6,2026-09-10T12:00:00,32.7,51.3,2.9,232.2,0.0
7,2026-09-10T12:00:00,31.9,49.3,2.4,252.9,0.0
8,2026-09-10T12:00:00,31.2,49.0,3.0,242.9,0.0
9,2026-09-10T12:00:00,31.0,47.6,2.8,236.2,0.0
10,2026-09-10T12:00:00,31.5,45.7,2.5,251.8,0.0
11,2026-09-10T12:00:00,32.5,46.1,2.7,244.0,0.0
12,2026-09-10T12:00:00,31.4,46.2,3.1,243.3,0.0
13,2026-09-10T12:00:00,31.0,50.0,2.2,247.6,0.0
14,2026-09-10T12:00:00,31.5,50.9,3.0,241.2,0.0
15,2026-09-10T12:00:00,32.2,47.0,3.0,256.1,0.0
1,2026-09-10T13:00:00,31.5,46.5,3.2,257.4,0.0
2,2026-09-10T13:00:00,33.6,45.7,3.2,246.4,0.0
3,2026-09-10T13:00:00,32.0,47.3,3.6,244.4,0.0
4,2026-09-10T13:00:00,32.7,45.4,3.1,241.0,0.0
5,2026-09-10T13:00:00,33.2,42.4,3.1,260.6,0.0
6,2026-09-10T13:00:00,32.7,48.5,2.8,221.7,0.0
7,2026-09-10T13:00:00,32.2,47.4,3.3,246.0,0.0
8,2026-09-10T13:00:00,32.4,48.2,3.1,249.7,0.0
9,2026-09-10T13:00:00,32.9,49.7,3.1,237.1,0.0
10,2026-09-10T13:00:00,32.8,47.4,3.0,232.3,0.0
11,2026-09-10T13:00:00,31.8,48.6,3.0,239.0,0.0
12,2026-09-10T13:00:00,32.8,45.7,2.7,239.8,0.0
13,2026-09-10T13:00:00,33.1,44.3,2.9,241.2,0.0
14,2026-09-10T13:00:00,33.5,46.0,2.9,255.7,0.0
15,2026-09-10T13:00:00,33.8,48.1,3.0,260.8,0.0
1,2026-09-10T14:00:00,32.4,49.4,3.5,244.6,0.0
2,2026-09-10T14:00:00,32.0,43.3,3.2,227.2,0.0
3,2026-09-10T14:00:00,33.5,45.0,3.4,247.0,0.0
4,2026-09-10T14:00:00,33.6,47.0,3.0,250.2,0.0
5,2026-09-10T14:00:00,33.0,47.4,3.2,245.4,0.0
6,2026-09-10T14:00:00,33.2,47.0,2.8,242.9,0.0
7,2026-09-10T14:00:00,32.0,44.2,2.4,240.9,0.0
8,2026-09-10T14:00:00,32.1,45.7,3.0,227.7,0.0
9,2026-09-10T14:00:00,33.7,45.7,3.0,252.1,0.0
10,2026-09-10T14:00:00,33.2,43.9,3.8,234.9,0.0
11,2026-09-10T14:00:00,32.9,45.5,3.7,250.7,0.0
12,2026-09-10T14:00:00,33.0,47.9,3.1,249.5,0.0
13,2026-09-10T14:00:00,33.5,44.2,3.6,253.8,0.0
14,2026-09-10T14:00:00,33.3,43.6,3.0,243.1,0.0
15,2026-09-10T14:00:00,32.6,45.1,3.2,250.7,0.0
1,2026-09-10T15:00:00,32.0,47.5,3.4,223.5,0.0
2,2026-09-10T15:00:00,32.3,44.1,3.8,249.8,0.0
3,2026-09-10T15:00:00,33.9,44.8,3.1,228.5,0.0
4,2026-09-10T15:00:00,33.9,46.3,3.8,238.1,0.0
5,2026-09-10T15:00:00,32.3,44.9,3.2,256.8,0.0
6,2026-09-10T15:00:00,33.4,43.1,3.6,265.6,0.0
7,2026-09-10T15:00:00,33.1,42.9,3.2,248.1,0.0
8,2026-09-10T15:00:00,31.6,43.2,3.2,239.7,0.0
9,2026-09-10T15:00:00,32.9,45.7,3.6,255.0,0.0
10,2026-09-10T15:00:00,33.0,45.0,3.6,249.2,0.0
11,2026-09-10T15:00:00,33.1,47.6,3.4,259.3,0.0
12,2026-09-10T15:00:00,33.5,46.0,3.1,245.3,0.0
13,2026-09-10T15:00:00,32.7,46.3,3.6,259.0,0.0
14,2026-09-10T15:00:00,32.5,45.4,3.9,252.8,0.0
15,2026-09-10T15:00:00,32.7,47.3,3.2,252.1,0.0
1,2026-09-10T16:00:00,32.5,47.5,3.4,242.7,0.0
2,2026-09-10T16:00:00,33.2,47.0,3.7,259.4,0.0
3,2026-09-10T16:00:00,31.8,45.2,3.5,268.3,0.0
4,2026-09-10T16:00:00,32.1,45.8,3.8,250.3,0.0
5,2026-09-10T16:00:00,31.5,48.7,3.3,243.8,0.0
6,2026-09-10T16:00:00,32.8,44.8,3.3,248.1,0.0
7,2026-09-10T16:00:00,32.4,49.2,3.6,262.9,0.0
8,2026-09-10T16:00:00,32.7,45.1,3.7,245.7,0.0
9,2026-09-10T16:00:00,31.5,47.5,3.4,248.5,0.0
10,2026-09-10T16:00:00,32.4,49.2,3.8,240.8,0.0
11,2026-09-10T16:00:00,32.9,50.2,3.5,251.4,0.0
12,2026-09-10T16:00:00,32.6,46.2,3.5,241.7,0.0
13,2026-09-10T16:00:00,32.0,45.7,4.1,249.1,0.0
14,2026-09-10T16:00:00,32.1,43.8,3.6,227.2,0.0
15,2026-09-10T16:00:00,33.1,46.9,3.8,256.9,0.0
1,2026-09-10T17:00:00,31.7,47.1,4.1,250.4,0.0
2,2026-09-10T17:00:00,32.4,47.0,3.7,252.4,0.0
3,2026-09-10T17:00:00,30.5,52.5,3.6,259.9,0.0
4,2026-09-10T17:00:00,31.3,47.4,3.9,249.9,0.0
5,2026-09-10T17:00:00,31.3,49.4,3.8,250.9,0.0
6,2026-09-10T17:00:00,32.2,48.7,3.1,243.1,0.0
7,2026-09-10T17:00:00,31.5,48.1,3.8,244.6,0.0
8,2026-09-10T17:00:00,31.5,47.9,3.8,222.0,0.0
9,2026-09-10T17:00:00,31.5,50.6,3.4,225.5,0.0
10,2026-09-10T17:00:00,31.0,50.7,3.9,238.8,0.0
11,2026-09-10T17:00:00,32.1,49.4,3.5,246.0,0.0
12,2026-09-10T17:00:00,31.5,47.7,4.2,260.0,0.0
13,2026-09-10T17:00:00,31.5,48.9,3.5,256.7,0.0
14,2026-09-10T17:00:00,31.0,48.2,4.0,266.9,0.0
15,2026-09-10T17:00:00,31.9,45.7,3.7,238.9,0.0
1,2026-09-10T18:00:00,30.1,51.3,3.6,239.1,0.0
2,2026-09-10T18:00:00,31.1,50.4,3.8,241.4,0.0
3,2026-09-10T18:00:00,29.8,55.0,4.1,232.0,0.0
4,2026-09-10T18:00:00,29.6,52.4,3.9,248.9,0.0
5,2026-09-10T18:00:00,30.6,51.4,3.4,248.8,0.0
6,2026-09-10T18:00:00,30.3,52.1,3.6,250.8,0.0
7,2026-09-10T18:00:00,30.3,51.9,3.7,255.5,0.0
8,2026-09-10T18:00:00,30.8,51.7,3.6,258.4,0.0
9,2026-09-10T18:00:00,30.6,51.1,4.0,240.2,0.0
10,2026-09-10T18:00:00,30.5,51.0,3.7,261.3,0.0
11,2026-09-10T18:00:00,30.2,49.1,4.0,251.8,0.0
12,2026-09-10T18:00:00,30.8,52.9,3.5,254.2,0.0
13,2026-09-10T18:00:00,29.7,51.5,4.1,242.0,0.0
14,2026-09-10T18:00:00,30.2,49.9,3.8,256.0,0.0
15,2026-09-10T18:00:00,31.3,50.1,4.0,260.0,0.0
1,2026-09-10T19:00:00,29.2,58.0,3.6,247.0,0.0
2,2026-09-10T19:00:00,28.5,59.4,4.4,252.2,0.0
3,2026-09-10T19:00:00,30.0,56.1,3.6,264.1,0.0
4,2026-09-10T19:00:00,29.8,54.4,3.8,269.7,0.0
5,2026-09-10T19:00:00,28.6,55.2,3.6,252.9,0.0
6,2026-09-10T19:00:00,29.0,54.1,3.7,248.5,0.0
7,2026-09-10T19:00:00,27.8,54.7,3.8,241.4,0.0
8,2026-09-10T19:00:00,29.9,57.2,3.8,249.5,0.0
9,2026-09-10T19:00:00,28.4,52.5,3.8,262.0,0.0
10,2026-09-10T19:00:00,28.8,54.2,3.8,251.8,0.0
11,2026-09-10T19:00:00,29.0,56.2,3.9,259.4,0.0
12,2026-09-10T19:00:00,28.6,55.5,3.8,248.0,0.0
13,2026-09-10T19:00:00,29.3,55.5,3.6,259.1,0.0
14,2026-09-10T19:00:00,29.0,51.9,3.8,251.2,0.0
15,2026-09-10T19:00:00,28.8,56.5,3.7,234.8,0.0
1,2026-09-10T20:00:00,27.2,61.7,3.8,254.7,0.0
2,2026-09-10T20:00:00,27.4,58.4,4.1,264.6,0.0
3,2026-09-10T20:00:00,27.5,62.3,4.1,247.6,0.0
4,2026-09-10T20:00:00,26.3,59.9,3.4,257.9,0.0
5,2026-09-10T20:00:00,27.3,58.3,3.5,281.6,0.0
6,2026-09-10T20:00:00,27.6,61.4,3.2,261.0,0.0
7,2026-09-10T20:00:00,28.3,61.1,3.0,269.5,0.0
8,2026-09-10T20:00:00,26.4,60.6,4.1,247.7,0.0
9,2026-09-10T20:00:00,27.3,60.4,3.9,251.8,0.0
10,2026-09-10T20:00:00,27.7,59.8,4.3,251.8,0.0
11,2026-09-10T20:00:00,27.6,59.9,3.7,263.9,0.0
12,2026-09-10T20:00:00,27.0,59.3,3.5,249.1,0.0
13,2026-09-10T20:00:00,27.4,59.1,3.7,264.1,0.0
14,2026-09-10T20:00:00,28.0,59.6,3.4,250.1,0.0
15,2026-09-10T20:00:00,27.3,58.9,3.6,245.3,0.0
1,2026-09-10T21:00:00,26.4,61.0,3.2,258.8,0.0
2,2026-09-10T21:00:00,25.8,61.9,3.6,265.6,0.0
3,2026-09-10T21:00:00,26.7,68.4,3.5,265.7,0.0
4,2026-09-10T21:00:00,26.1,64.7,3.3,256.3,0.0
5,2026-09-10T21:00:00,26.7,64.5,3.3,243.7,0.0
6,2026-09-10T21:00:00,25.1,67.8,3.8,252.8,0.0
7,2026-09-10T21:00:00,26.1,63.9,3.5,258.1,0.0
8,2026-09-10T21:00:00,25.6,66.6,3.8,268.8,0.0
9,2026-09-10T21:00:00,24.6,63.4,3.2,259.5,0.0
10,2026-09-10T21:00:00,25.0,63.9,3.7,259.4,0.0
11,2026-09-10T21:00:00,25.7,64.9,3.3,257.2,0.0
12,2026-09-10T21:00:00,25.0,63.7,3.5,278.8,0.0
13,2026-09-10T21:00:00,25.8,67.7,3.1,280.3,0.0
14,2026-09-10T21:00:00,25.6,66.1,3.6,264.8,0.0
15,2026-09-10T21:00:00,25.9,62.7,3.7,264.0,0.0
1,2026-09-10T22:00:00,23.3,69.5,2.9,266.2,0.0
2,2026-09-10T22:00:00,23.8,69.1,3.4,263.2,0.0
3,2026-09-10T22:00:00,24.4,68.2,3.3,272.0,0.0
4,2026-09-10T22:00:00,24.7,67.9,3.2,266.9,0.0
5,2026-09-10T22:00:00,23.9,64.0,3.4,255.8,0.0
6,2026-09-10T22:00:00,24.0,68.2,3.7,271.2,0.0
7,2026-09-10T22:00:00,24.6,70.4,3.2,272.4,0.0
8,2026-09-10T22:00:00,24.5,68.0,3.4,260.0,0.0
9,2026-09-10T22:00:00,23.8,67.3,3.0,264.4,0.0
10,2026-09-10T22:00:00,23.7,70.7,2.7,254.3,0.0
11,2026-09-10T22:00:00,24.7,67.0,3.4,254.4,0.0
12,2026-09-10T22:00:00,24.8,70.6,3.2,257.4,0.0
13,2026-09-10T22:00:00,24.1,68.4,3.0,274.3,0.0
14,2026-09-10T22:00:00,24.9,70.4,3.4,273.0,0.0
15,2026-09-10T22:00:00,24.9,69.8,3.1,270.6,0.0
1,2026-09-10T23:00:00,22.9,73.5,2.5,270.4,0.0
2,2026-09-10T23:00:00,20.6,70.2,3.1,275.2,0.0
3,2026-09-10T23:00:00,23.4,76.1,3.4,262.4,0.0
4,2026-09-10T23:00:00,22.7,71.7,3.1,274.8,0.0
5,2026-09-10T23:00:00,22.0,74.7,3.2,268.3,0.0
6,2026-09-10T23:00:00,22.2,71.4,2.7,273.2,0.0
7,2026-09-10T23:00:00,23.3,75.4,2.7,251.9,0.0
8,2026-09-10T23:00:00,22.1,70.8,3.4,262.4,0.0
9,2026-09-10T23:00:00,21.3,74.1,3.0,267.0,0.0
10,2026-09-10T23:00:00,21.9,73.4,3.2,269.6,0.0
11,2026-09-10T23:00:00,22.3,71.0,3.3,265.5,0.0
12,2026-09-10T23:00:00,22.1,72.3,3.2,275.9,0.0
13,2026-09-10T23:00:00,23.0,72.8,2.6,253.7,0.0
14,2026-09-10T23:00:00,22.4,76.9,3.1,268.4,0.0
15,2026-09-10T23:00:00,22.9,71.1,3.0,272.6,0.0
1,2026-09-11T00:00:00,20.3,75.8,2.6,266.1,0.0
2,2026-09-11T00:00:00,21.4,73.6,2.8,280.5,0.0
3,2026-09-11T00:00:00,21.6,74.3,3.0,270.7,0.0
4,2026-09-11T00:00:00,21.3,74.2,3.0,276.2,0.0
5,2026-09-11T00:00:00,20.7,77.6,2.9,274.8,0.0
6,2026-09-11T00:00:00,22.3,75.1,2.5,274.1,0.0
7,2026-09-11T00:00:00,21.8,74.2,2.9,286.4,0.0
8,2026-09-11T00:00:00,22.0,77.2,2.8,286.3,0.0
9,2026-09-11T00:00:00,22.5,74.5,2.8,261.7,0.0
10,2026-09-11T00:00:00,21.7,74.8,2.9,284.3,0.0
11,2026-09-11T00:00:00,20.7,75.2,2.7,252.4,0.0
12,2026-09-11T00:00:00,21.7,77.3,2.6,296.4,0.0
13,2026-09-11T00:00:00,21.5,72.2,2.5,273.5,0.0
14,2026-09-11T00:00:00,22.5,74.3,2.9,288.1,0.0
15,2026-09-11T00:00:00,21.4,73.8,2.5,252.2,0.0
1,2026-09-11T01:00:00,20.0,79.3,2.5,303.3,0.0
2,2026-09-11T01:00:00,21.2,78.2,2.7,285.5,0.0
3,2026-09-11T01:00:00,20.9,80.8,2.2,276.7,0.0
4,2026-09-11T01:00:00,20.8,79.5,2.8,280.4,0.0
5,2026-09-11T01:00:00,20.9,77.6,2.3,256.9,0.0
6,2026-09-11T01:00:00,21.2,79.0,2.9,273.2,0.0
7,2026-09-11T01:00:00,21.3,79.8,2.6,271.2,0.0
8,2026-09-11T01:00:00,19.7,75.7,2.1,272.5,0.0
9,2026-09-11T01:00:00,20.3,78.1,2.8,274.8,0.0
10,2026-09-11T01:00:00,20.6,79.3,2.5,272.5,0.0
11,2026-09-11T01:00:00,21.0,79.4,2.8,269.1,0.0
12,2026-09-11T01:00:00,21.5,78.6,2.1,290.0,0.0
13,2026-09-11T01:00:00,20.4,78.4,2.4,286.9,0.0
14,2026-09-11T01:00:00,20.4,78.0,2.7,274.4,0.0
15,2026-09-11T01:00:00,19.9,79.7,2.5,275.2,0.0
1,2026-09-11T02:00:00,19.8,81.7,2.0,292.1,0.0
2,2026-09-11T02:00:00,20.0,79.0,2.6,290.9,0.0
3,2026-09-11T02:00:00,20.1,80.2,2.2,299.3,0.0
4,2026-09-11T02:00:00,20.8,80.3,2.5,296.9,0.0
5,2026-09-11T02:00:00,20.1,80.1,2.3,286.2,0.0
6,2026-09-11T02:00:00,19.7,81.0,2.1,280.6,0.0
7,2026-09-11T02:00:00,20.4,78.6,2.4,281.6,0.0
8,2026-09-11T02:00:00,19.6,80.7,2.4,299.0,0.0
9,2026-09-11T02:00:00,19.7,80.0,2.3,290.5,0.0
10,2026-09-11T02:00:00,20.0,77.5,2.0,283.3,0.0
11,2026-09-11T02:00:00,19.8,79.1,2.2,290.7,0.0
12,2026-09-11T02:00:00,20.1,76.1,2.3,279.6,0.0
13,2026-09-11T02:00:00,20.1,76.8,2.6,288.6,0.0
14,2026-09-11T02:00:00,19.6,79.5,2.0,274.0,0.0
15,2026-09-11T02:00:00,19.9,80.9,2.6,297.8,0.0
1,2026-09-11T03:00:00,20.0,80.9,1.8,307.8,0.0
2,2026-09-11T03:00:00,21.4,81.1,2.0,296.0,0.0
3,2026-09-11T03:00:00,20.2,80.3,1.8,294.7,0.0
4,2026-09-11T03:00:00,19.9,81.4,2.1,294.5,0.0
5,2026-09-11T03:00:00,20.2,79.1,2.4,294.0,0.0
6,2026-09-11T03:00:00,19.4,77.9,1.8,288.3,0.0
7,2026-09-11T03:00:00,20.2,80.4,2.5,292.4,0.0
8,2026-09-11T03:00:00,20.4,80.1,2.1,268.3,0.0
9,2026-09-11T03:00:00,20.6,81.2,2.1,275.5,0.0
10,2026-09-11T03:00:00,19.8,79.4,2.4,297.0,0.0
11,2026-09-11T03:00:00,19.7,78.4,2.5,289.9,0.0
12,2026-09-11T03:00:00,19.6,81.2,2.1,290.8,0.0
13,2026-09-11T03:00:00,19.3,80.4,2.3,288.3,0.0
14,2026-09-11T03:00:00,19.1,77.3,2.1,300.9,0.0
15,2026-09-11T03:00:00,18.8,80.0,1.8,300.6,0.0
1,2026-09-11T04:00:00,21.3,76.8,2.5,301.9,0.0
2,2026-09-11T04:00:00,20.1,80.6,1.7,289.2,0.0
3,2026-09-11T04:00:00,21.6,78.3,1.8,298.2,0.0
4,2026-09-11T04:00:00,20.2,80.7,1.7,286.0,0.0
5,2026-09-11T04:00:00,18.9,77.1,1.5,296.3,0.0
6,2026-09-11T04:00:00,20.7,80.3,1.8,289.7,0.0
7,2026-09-11T04:00:00,19.7,76.7,1.3,304.5,0.0
8,2026-09-11T04:00:00,20.5,80.1,2.1,295.6,0.0
9,2026-09-11T04:00:00,20.1,74.5,1.9,297.3,0.0
10,2026-09-11T04:00:00,21.3,79.3,2.0,288.2,0.0
11,2026-09-11T04:00:00,21.3,78.2,1.6,297.3,0.0
12,2026-09-11T04:00:00,20.4,78.6,2.2,299.0,0.0
13,2026-09-11T04:00:00,20.6,79.6,1.9,290.7,0.0
14,2026-09-11T04:00:00,20.1,78.1,2.0,286.5,0.0
15,2026-09-11T04:00:00,20.4,79.6,2.0,291.6,0.0
1,2026-09-11T05:00:00,21.9,77.1,1.9,303.3,0.0
2,2026-09-11T05:00:00,21.8,77.9,1.9,301.1,0.0
3,2026-09-11T05:00:00,21.8,77.8,2.3,307.5,0.0
4,2026-09-11T05:00:00,20.9,76.7,1.9,306.3,0.0
5,2026-09-11T05:00:00,20.9,75.3,1.4,304.8,0.0
6,2026-09-11T05:00:00,20.7,72.0,2.0,289.0,0.0
7,2026-09-11T05:00:00,23.0,77.2,1.8,322.9,0.0
8,2026-09-11T05:00:00,21.9,77.9,2.0,303.6,0.0
9,2026-09-11T05:00:00,21.6,78.6,1.4,299.8,0.0
10,2026-09-11T05:00:00,21.4,73.4,2.0,305.0,0.0
11,2026-09-11T05:00:00,21.6,74.7,1.8,305.1,0.0
12,2026-09-11T05:00:00,21.1,75.3,1.6,292.8,0.0
13,2026-09-11T05:00:00,21.3,77.5,2.0,283.9,0.0
14,2026-09-11T05:00:00,20.5,80.6,1.9,307.7,0.0
15,2026-09-11T05:00:00,22.1,74.9,2.4,295.7,0.0
1,2026-09-11T06:00:00,22.5,71.1,1.7,292.8,0.0
2,2026-09-11T06:00:00,22.6,72.8,1.4,306.9,0.0
3,2026-09-11T06:00:00,22.2,73.3,1.6,331.5,0.0
4,2026-09-11T06:00:00,23.5,75.8,1.7,312.7,0.0
5,2026-09-11T06:00:00,22.0,73.7,1.9,300.9,0.0
6,2026-09-11T06:00:00,22.3,75.0,1.8,290.1,0.0
7,2026-09-11T06:00:00,22.6,75.4,1.7,302.3,0.0
8,2026-09-11T06:00:00,22.2,72.8,1.6,294.6,0.0
9,2026-09-11T06:00:00,22.0,75.8,1.9,300.6,0.0
10,2026-09-11T06:00:00,22.0,77.0,1.8,288.9,0.0
11,2026-09-11T06:00:00,22.3,68.8,2.1,301.4,0.0
12,2026-09-11T06:00:00,22.1,73.5,1.9,294.9,0.0
13,2026-09-11T06:00:00,22.8,71.5,1.4,310.1,0.0
14,2026-09-11T06:00:00,22.6,72.3,1.7,313.9,0.0
15,2026-09-11T06:00:00,22.7,72.1,2.1,322.1,0.0
1,2026-09-11T07:00:00,24.1,68.6,1.5,299.4,0.0
2,2026-09-11T07:00:00,23.3,67.8,2.1,300.9,0.0
3,2026-09-11T07:00:00,23.7,71.1,1.3,311.1,0.0
4,2026-09-11T07:00:00,24.0,69.5,2.2,313.5,0.0
5,2026-09-11T07:00:00,23.5,72.2,1.6,313.8,0.0
6,2026-09-11T07:00:00,24.3,67.4,1.8,307.3,0.0
7,2026-09-11T07:00:00,24.0,67.7,2.0,285.9,0.0
8,2026-09-11T07:00:00,24.0,67.0,2.0,286.6,0.0
9,2026-09-11T07:00:00,24.3,66.8,1.5,293.4,0.0
10,2026-09-11T07:00:00,23.1,67.6,1.6,304.3,0.0
11,2026-09-11T07:00:00,23.2,64.7,2.0,298.1,0.0
12,2026-09-11T07:00:00,25.2,66.8,1.7,297.6,0.0
13,2026-09-11T07:00:00,23.9,67.2,1.9,307.3,0.0
14,2026-09-11T07:00:00,23.7,70.0,1.7,314.9,0.0
15,2026-09-11T07:00:00,23.5,68.8,1.7,307.2,0.0
1,2026-09-11T08:00:00,26.0,63.4,1.6,320.2,0.0
2,2026-09-11T08:00:00,25.6,65.1,1.8,311.6,0.0
3,2026-09-11T08:00:00,24.6,66.9,1.8,307.4,0.0
4,2026-09-11T08:00:00,26.8,66.1,2.1,299.7,0.0
5,2026-09-11T08:00:00,25.5,62.2,2.1,299.7,0.0
6,2026-09-11T08:00:00,26.1,63.6,1.8,295.5,0.0
7,2026-09-11T08:00:00,24.9,65.1,1.9,293.3,0.0
8,2026-09-11T08:00:00,25.5,60.8,1.8,304.0,0.0
9,2026-09-11T08:00:00,25.9,64.1,1.8,317.5,0.0
10,2026-09-11T08:00:00,25.6,64.5,2.2,299.7,0.0
11,2026-09-11T08:00:00,24.9,64.8,1.6,301.1,0.0
12,2026-09-11T08:00:00,25.8,62.1,1.8,291.5,0.0
13,2026-09-11T08:00:00,25.0,65.3,2.0,305.7,0.0
14,2026-09-11T08:00:00,26.0,63.8,2.5,298.6,0.0
15,2026-09-11T08:00:00,25.5,62.4,1.7,304.2,0.0
1,2026-09-11T09:00:00,26.1,60.8,2.1,297.3,0.0
2,2026-09-11T09:00:00,28.1,61.0,2.1,312.8,0.0
3,2026-09-11T09:00:00,27.5,62.0,2.3,297.0,0.0
4,2026-09-11T09:00:00,27.6,59.3,2.1,309.8,0.0
5,2026-09-11T09:00:00,26.6,61.4,1.9,300.7,0.0
6,2026-09-11T09:00:00,26.9,60.3,1.8,306.7,0.0
7,2026-09-11T09:00:00,26.6,60.1,2.3,324.5,0.0
8,2026-09-11T09:00:00,27.7,61.5,2.2,309.6,0.0
9,2026-09-11T09:00:00,27.1,61.6,2.4,317.6,0.0
10,2026-09-11T09:00:00,27.3,62.5,2.4,312.3,0.0
11,2026-09-11T09:00:00,27.5,61.8,1.7,315.9,0.0
12,2026-09-11T09:00:00,26.4,61.2,1.9,315.5,0.0
13,2026-09-11T09:00:00,27.6,61.4,1.9,298.9,0.0
14,2026-09-11T09:00:00,27.3,63.3,2.0,307.4,0.0
15,2026-09-11T09:00:00,27.8,58.8,2.4,313.5,0.0
1,2026-09-11T10:00:00,28.9,56.1,2.5,310.1,0.0
2,2026-09-11T10:00:00,29.3,57.9,2.3,307.5,0.0
3,2026-09-11T10:00:00,28.2,53.2,2.2,306.7,0.0
4,2026-09-11T10:00:00,28.2,55.3,2.5,311.9,0.0
5,2026-09-11T10:00:00,30.6,54.1,2.5,305.5,0.0
6,2026-09-11T10:00:00,29.4,54.6,2.4,315.8,0.0
7,2026-09-11T10:00:00,29.4,57.6,2.3,322.6,0.0
8,2026-09-11T10:00:00,29.1,56.4,2.3,297.1,0.0
9,2026-09-11T10:00:00,27.6,54.8,2.5,310.8,0.0
10,2026-09-11T10:00:00,29.5,56.8,2.2,314.5,0.0
11,2026-09-11T10:00:00,30.0,53.7,2.0,314.6,0.0
12,2026-09-11T10:00:00,28.8,56.1,2.5,305.9,0.0
13,2026-09-11T10:00:00,29.2,58.0,2.2,313.9,0.0
14,2026-09-11T10:00:00,28.6,53.7,2.2,317.3,0.0
15,2026-09-11T10:00:00,28.3,53.7,2.3,314.7,0.0
1,2026-09-11T11:00:00,29.9,51.2,2.2,313.3,0.0
2,2026-09-11T11:00:00,30.3,52.3,2.2,312.4,0.0
3,2026-09-11T11:00:00,31.1,52.4,2.4,323.4,0.0
4,2026-09-11T11:00:00,30.9,50.5,2.3,299.6,0.0
5,2026-09-11T11:00:00,29.7,53.8,2.5,316.5,0.0
6,2026-09-11T11:00:00,30.0,53.8,2.4,316.8,0.0
7,2026-09-11T11:00:00,31.7,55.8,2.4,291.8,0.0
8,2026-09-11T11:00:00,32.2,54.2,2.6,322.7,0.0
9,2026-09-11T11:00:00,30.3,52.5,2.9,327.6,0.0
10,2026-09-11T11:00:00,30.2,52.4,2.2,311.7,0.0
11,2026-09-11T11:00:00,31.2,52.9,2.6,320.0,0.0
12,2026-09-11T11:00:00,30.6,52.8,2.3,317.7,0.0
13,2026-09-11T11:00:00,30.0,52.4,2.4,326.1,0.0
14,2026-09-11T11:00:00,30.6,51.9,2.9,317.9,0.0
15,2026-09-11T11:00:00,30.3,51.2,2.8,317.2,0.0
1,2026-09-11T12:00:00,31.1,48.5,3.0,303.2,0.0
2,2026-09-11T12:00:00,31.5,51.9,2.8,319.5,0.0
3,2026-09-11T12:00:00,31.8,49.5,2.8,311.3,0.0
4,2026-09-11T12:00:00,31.0,48.7,3.2,304.8,0.0
5,2026-09-11T12:00:00,31.3,47.1,2.6,328.6,0.0
6,2026-09-11T12:00:00,32.1,48.5,2.7,321.0,0.0
7,2026-09-11T12:00:00,31.2,48.6,3.2,315.2,0.0
8,2026-09-11T12:00:00,30.9,49.1,2.9,305.5,0.0
9,2026-09-11T12:00:00,32.3,50.2,3.2,300.4,0.0
10,2026-09-11T12:00:00,31.6,50.0,2.8,315.8,0.0
11,2026-09-11T12:00:00,31.7,48.0,2.6,316.8,0.0
12,2026-09-11T12:00:00,32.7,50.5,2.6,312.0,0.0
13,2026-09-11T12:00:00,31.4,47.9,3.0,321.7,0.0
14,2026-09-11T12:00:00,32.3,49.7,2.4,309.6,0.0
15,2026-09-11T12:00:00,31.7,48.0,2.8,324.1,0.0
1,2026-09-11T13:00:00,34.2,45.5,3.2,309.8,0.0
2,2026-09-11T13:00:00,31.9,44.2,3.3,323.2,0.0
3,2026-09-11T13:00:00,33.6,45.7,2.7,323.4,0.0
4,2026-09-11T13:00:00,31.6,47.1,3.0,328.5,0.0
5,2026-09-11T13:00:00,31.8,46.1,2.8,326.8,0.0
6,2026-09-11T13:00:00,32.6,45.2,3.2,304.7,0.0
7,2026-09-11T13:00:00,32.2,46.1,3.5,301.7,0.0
8,2026-09-11T13:00:00,32.9,44.9,3.3,320.6,0.0
9,2026-09-11T13:00:00,32.4,46.5,3.5,317.0,0.0
10,2026-09-11T13:00:00,32.2,47.5,3.0,313.4,0.0
11,2026-09-11T13:00:00,32.1,46.9,2.8,318.0,0.0
12,2026-09-11T13:00:00,32.3,47.0,2.9,308.1,0.0
13,2026-09-11T13:00:00,31.6,45.1,3.0,307.4,0.0
14,2026-09-11T13:00:00,32.7,46.9,2.9,309.0,0.0
15,2026-09-11T13:00:00,33.5,46.2,3.4,306.1,0.0
1,2026-09-11T14:00:00,33.0,41.9,3.1,321.9,0.0
2,2026-09-11T14:00:00,32.7,46.8,3.1,305.8,0.0
3,2026-09-11T14:00:00,33.6,45.2,3.2,314.0,0.0
4,2026-09-11T14:00:00,33.0,46.0,3.4,304.7,0.0
5,2026-09-11T14:00:00,32.3,47.8,3.5,314.9,0.0
6,2026-09-11T14:00:00,32.7,44.5,3.1,314.3,0.0
7,2026-09-11T14:00:00,32.4,46.0,3.4,310.1,0.0
8,2026-09-11T14:00:00,32.9,45.6,3.3,312.1,0.0
9,2026-09-11T14:00:00,33.6,44.5,3.4,322.2,0.0
10,2026-09-11T14:00:00,32.0,42.9,3.6,302.6,0.0
11,2026-09-11T14:00:00,33.0,45.1,3.4,310.8,0.0
12,2026-09-11T14:00:00,32.7,47.6,3.5,309.9,0.0
13,2026-09-11T14:00:00,32.2,46.7,3.2,315.9,0.0
14,2026-09-11T14:00:00,33.5,48.9,3.3,319.5,0.0
15,2026-09-11T14:00:00,32.8,42.9,3.0,306.8,0.0
1,2026-09-11T15:00:00,31.6,46.7,3.7,297.5,0.0
2,2026-09-11T15:00:00,31.9,44.7,3.2,316.5,0.0
3,2026-09-11T15:00:00,33.4,49.1,3.9,323.0,0.0
4,2026-09-11T15:00:00,33.3,46.8,3.4,330.6,0.0
5,2026-09-11T15:00:00,33.3,44.7,3.6,315.1,0.0
6,2026-09-11T15:00:00,32.4,44.3,3.6,313.8,0.0
7,2026-09-11T15:00:00,32.8,46.4,3.4,308.5,0.0
8,2026-09-11T15:00:00,33.5,46.2,3.7,327.6,0.0
9,2026-09-11T15:00:00,34.1,44.1,3.7,295.2,0.0
10,2026-09-11T15:00:00,33.5,44.2,3.9,317.7,0.0
11,2026-09-11T15:00:00,32.0,45.6,3.8,333.5,0.0
12,2026-09-11T15:00:00,32.0,44.5,3.3,318.0,0.0
13,2026-09-11T15:00:00,33.3,44.0,3.6,307.0,0.0
14,2026-09-11T15:00:00,32.8,43.2,3.9,316.7,0.0
15,2026-09-11T15:00:00,33.4,46.4,3.3,304.2,0.0
1,2026-09-11T16:00:00,33.1,47.2,3.6,304.2,0.0
2,2026-09-11T16:00:00,32.9,45.8,3.4,310.4,0.0
3,2026-09-11T16:00:00,33.1,46.7,4.2,307.2,0.0
4,2026-09-11T16:00:00,31.8,48.3,3.6,298.3,0.0
5,2026-09-11T16:00:00,33.3,46.8,3.8,296.5,0.0
6,2026-09-11T16:00:00,33.0,43.5,4.1,333.4,0.0
7,2026-09-11T16:00:00,33.0,47.5,3.9,292.0,0.0
8,2026-09-11T16:00:00,33.2,47.0,3.9,286.2,0.0
9,2026-09-11T16:00:00,32.7,46.8,3.2,314.6,0.0
10,2026-09-11T16:00:00,32.2,48.1,4.0,311.1,0.0
11,2026-09-11T16:00:00,32.8,45.4,4.0,300.8,0.0
12,2026-09-11T16:00:00,32.3,44.8,3.5,310.2,0.0
13,2026-09-11T16:00:00,32.9,46.7,3.8,302.5,0.0
14,2026-09-11T16:00:00,33.0,48.6,3.9,315.7,0.0
15,2026-09-11T16:00:00,32.5,49.7,3.5,314.7,0.0
1,2026-09-11T17:00:00,30.6,47.5,3.9,295.5,0.0
2,2026-09-11T17:00:00,31.7,50.2,3.8,314.7,0.0
3,2026-09-11T17:00:00,31.6,49.9,4.1,297.7,0.0
4,2026-09-11T17:00:00,31.3,46.5,4.1,312.1,0.0
5,2026-09-11T17:00:00,31.7,49.2,3.8,307.3,0.0
6,2026-09-11T17:00:00,30.6,46.8,4.0,303.1,0.0
7,2026-09-11T17:00:00,32.4,49.4,3.9,295.7,0.0
8,2026-09-11T17:00:00,32.7,50.2,3.6,317.8,0.0
9,2026-09-11T17:00:00,31.3,47.2,3.7,304.1,0.0
10,2026-09-11T17:00:00,30.9,50.8,3.6,308.9,0.0
11,2026-09-11T17:00:00,31.1,47.1,3.5,315.5,0.0
12,2026-09-11T17:00:00,30.8,47.0,4.2,318.1,0.0
13,2026-09-11T17:00:00,32.3,46.4,3.7,319.3,0.0
14,2026-09-11T17:00:00,32.7,50.2,3.7,313.4,0.0
15,2026-09-11T17:00:00,31.7,48.4,3.6,324.8,0.0
1,2026-09-11T18:00:00,31.3,52.1,4.3,303.1,0.0
2,2026-09-11T18:00:00,29.9,47.1,3.7,297.9,0.0
3,2026-09-11T18:00:00,30.9,51.2,3.8,317.9,0.0
4,2026-09-11T18:00:00,30.4,50.0,3.6,320.0,0.0
5,2026-09-11T18:00:00,30.3,56.1,4.0,314.0,0.0
6,2026-09-11T18:00:00,31.0,50.7,3.5,302.4,0.0
7,2026-09-11T18:00:00,30.6,50.3,3.5,305.4,0.0
8,2026-09-11T18:00:00,30.4,54.8,3.7,313.2,0.0
9,2026-09-11T18:00:00,30.3,51.2,3.3,311.4,0.0
10,2026-09-11T18:00:00,30.5,50.6,3.6,313.7,0.0
11,2026-09-11T18:00:00,31.1,50.5,4.1,309.8,0.0
12,2026-09-11T18:00:00,31.3,51.7,4.0,321.8,0.0
13,2026-09-11T18:00:00,31.1,53.4,4.0,298.1,0.0
14,2026-09-11T18:00:00,31.2,49.9,3.5,296.8,0.0
15,2026-09-11T18:00:00,30.6,52.9,3.7,292.3,0.0
1,2026-09-11T19:00:00,28.7,56.1,4.1,293.6,0.0
2,2026-09-11T19:00:00,28.4,54.6,4.0,317.2,0.0
3,2026-09-11T19:00:00,28.7,57.3,3.5,324.4,0.0
4,2026-09-11T19:00:00,27.6,57.1,3.6,311.4,0.0
5,2026-09-11T19:00:00,28.2,55.2,4.1,319.0,0.0
6,2026-09-11T19:00:00,29.7,55.5,3.6,304.5,0.0
7,2026-09-11T19:00:00,29.4,55.2,4.4,328.1,0.0
8,2026-09-11T19:00:00,29.1,57.0,4.1,286.8,0.0
9,2026-09-11T19:00:00,29.6,54.8,3.5,300.6,0.0
10,2026-09-11T19:00:00,29.4,56.6,3.6,298.4,0.0
11,2026-09-11T19:00:00,29.3,54.1,3.9,299.3,0.0
12,2026-09-11T19:00:00,29.0,55.1,4.4,307.9,0.0
13,2026-09-11T19:00:00,29.7,55.5,3.9,302.6,0.0
14,2026-09-11T19:00:00,28.1,54.2,3.8,299.3,0.0
15,2026-09-11T19:00:00,30.0,58.3,3.5,296.0,0.0
1,2026-09-11T20:00:00,28.2,59.7,3.2,290.9,0.0
2,2026-09-11T20:00:00,26.9,60.0,3.5,309.5,0.0
3,2026-09-11T20:00:00,27.3,57.6,3.5,307.0,0.0
4,2026-09-11T20:00:00,28.0,58.8,3.1,291.9,0.0
5,2026-09-11T20:00:00,27.2,60.3,3.5,315.3,0.0
6,2026-09-11T20:00:00,28.9,60.9,3.5,290.1,0.0
7,2026-09-11T20:00:00,27.8,60.5,3.8,315.8,0.0
8,2026-09-11T20:00:00,27.2,58.6,3.4,297.9,0.0
9,2026-09-11T20:00:00,26.5,58.5,3.7,282.8,0.0
10,2026-09-11T20:00:00,26.8,62.8,3.7,289.8,0.0
11,2026-09-11T20:00:00,27.2,58.8,3.6,304.6,0.0
12,2026-09-11T20:00:00,27.1,59.0,4.2,294.1,0.0
13,2026-09-11T20:00:00,28.0,61.6,3.7,317.2,0.0
14,2026-09-11T20:00:00,27.9,60.1,3.8,297.3,0.0
15,2026-09-11T20:00:00,27.0,60.2,4.0,302.9,0.0
1,2026-09-11T21:00:00,26.4,63.8,3.6,304.4,0.0
2,2026-09-11T21:00:00,26.1,64.9,3.5,293.9,0.0
3,2026-09-11T21:00:00,26.0,65.3,3.4,285.4,0.0
4,2026-09-11T21:00:00,25.9,63.8,3.3,287.0,0.0
5,2026-09-11T21:00:00,26.0,65.3,3.3,283.1,0.0
6,2026-09-11T21:00:00,26.6,61.6,3.8,300.6,0.0
7,2026-09-11T21:00:00,26.6,61.4,3.6,285.3,0.0
8,2026-09-11T21:00:00,25.8,63.8,3.6,300.8,0.0
9,2026-09-11T21:00:00,25.9,67.4,3.9,297.3,0.0
10,2026-09-11T21:00:00,24.8,69.0,3.7,306.0,0.0
11,2026-09-11T21:00:00,24.6,61.9,3.8,270.8,0.0
12,2026-09-11T21:00:00,25.8,64.2,3.5,297.8,0.0
13,2026-09-11T21:00:00,26.5,65.4,3.9,307.9,0.0
14,2026-09-11T21:00:00,25.5,64.1,3.1,306.7,0.0
15,2026-09-11T21:00:00,26.2,63.2,3.6,293.8,0.0
1,2026-09-11T22:00:00,23.9,65.1,3.0,296.2,0.0
2,2026-09-11T22:00:00,23.4,71.5,3.0,292.2,0.0
3,2026-09-11T22:00:00,24.4,69.2,3.2,313.9,0.0
4,2026-09-11T22:00:00,23.2,69.9,3.7,295.5,0.0
5,2026-09-11T22:00:00,24.1,67.6,3.6,301.4,0.0
6,2026-09-11T22:00:00,23.3,66.8,3.3,288.9,0.0
7,2026-09-11T22:00:00,23.1,70.0,3.7,278.1,0.0
8,2026-09-11T22:00:00,25.0,71.4,3.4,288.0,0.0
9,2026-09-11T22:00:00,24.5,67.2,3.4,303.2,0.0
10,2026-09-11T22:00:00,24.5,67.9,3.6,277.2,0.0
11,2026-09-11T22:00:00,23.9,68.2,3.0,299.5,0.0
12,2026-09-11T22:00:00,25.0,67.2,3.4,308.6,0.0
13,2026-09-11T22:00:00,24.7,69.1,3.1,300.4,0.0
14,2026-09-11T22:00:00,23.5,69.5,3.5,288.2,0.0
15,2026-09-11T22:00:00,24.4,71.2,3.6,291.6,0.0
1,2026-09-11T23:00:00,23.3,73.7,3.1,292.5,0.0
2,2026-09-11T23:00:00,23.5,75.1,3.1,293.7,0.0
3,2026-09-11T23:00:00,22.6,75.4,2.7,315.0,0.0
4,2026-09-11T23:00:00,22.3,75.3,3.4,307.1,0.0
5,2026-09-11T23:00:00,22.4,75.9,3.5,282.5,0.0
6,2026-09-11T23:00:00,23.3,72.2,3.1,286.3,0.0
7,2026-09-11T23:00:00,22.5,70.0,3.3,297.3,0.0
8,2026-09-11T23:00:00,23.6,74.4,3.4,288.9,0.0
9,2026-09-11T23:00:00,21.6,73.5,2.6,267.7,0.0
10,2026-09-11T23:00:00,23.1,72.1,3.2,292.8,0.0
11,2026-09-11T23:00:00,22.3,72.1,2.8,288.6,0.0
12,2026-09-11T23:00:00,22.5,74.1,3.0,303.9,0.0
13,2026-09-11T23:00:00,22.7,74.5,3.5,275.0,0.0
14,2026-09-11T23:00:00,22.1,69.9,3.2,281.2,0.0
15,2026-09-11T23:00:00,21.8,72.3,3.2,283.9,0.0
1,2026-09-12T00:00:00,20.3,74.0,2.6,296.0,0.0
2,2026-09-12T00:00:00,21.8,77.7,2.7,271.6,0.0
3,2026-09-12T00:00:00,22.2,77.8,2.8,289.7,0.0
4,2026-09-12T00:00:00,22.0,77.6,2.8,299.2,0.0
5,2026-09-12T00:00:00,20.3,73.1,2.7,266.1,0.0
6,2026-09-12T00:00:00,20.4,75.8,2.5,291.3,0.0
7,2026-09-12T00:00:00,21.7,79.5,2.4,281.3,0.0
8,2026-09-12T00:00:00,22.0,75.4,2.6,274.5,0.0
9,2026-09-12T00:00:00,21.2,78.7,2.7,284.2,0.0
10,2026-09-12T00:00:00,20.9,77.8,2.9,279.4,0.0
11,2026-09-12T00:00:00,21.8,80.6,2.7,273.6,0.0
12,2026-09-12T00:00:00,20.6,79.4,3.0,299.6,0.0
13,2026-09-12T00:00:00,21.3,74.3,2.9,279.4,0.0
14,2026-09-12T00:00:00,22.0,75.1,2.8,279.9,0.0
15,2026-09-12T00:00:00,21.0,75.9,2.8,281.5,0.0
1,2026-09-12T01:00:00,19.9,79.9,2.6,304.9,0.0
2,2026-09-12T01:00:00,19.1,78.2,2.3,288.5,0.0
3,2026-09-12T01:00:00,21.2,80.6,2.6,291.6,0.0
4,2026-09-12T01:00:00,20.5,76.6,2.9,275.2,0.0
5,2026-09-12T01:00:00,21.1,79.2,2.2,303.9,0.0
6,2026-09-12T01:00:00,20.0,77.3,2.9,290.9,0.0
7,2026-09-12T01:00:00,21.6,82.0,2.3,268.8,0.0
8,2026-09-12T01:00:00,20.7,80.0,2.4,266.0,0.0
9,2026-09-12T01:00:00,20.6,75.2,2.5,279.1,0.0
10,2026-09-12T01:00:00,21.8,77.2,2.3,279.2,0.0
11,2026-09-12T01:00:00,21.1,80.6,2.3,287.1,0.0
12,2026-09-12T01:00:00,20.4,82.8,3.0,286.4,0.0
13,2026-09-12T01:00:00,20.5,76.7,2.6,298.8,0.0
14,2026-09-12T01:00:00,20.8,82.0,2.5,274.7,0.0
15,2026-09-12T01:00:00,21.8,80.7,2.3,289.8,0.0
1,2026-09-12T02:00:00,20.0,77.2,2.1,262.0,0.0
2,2026-09-12T02:00:00,20.5,79.4,2.2,257.5,0.0
3,2026-09-12T02:00:00,18.6,82.1,2.3,269.3,0.0
4,2026-09-12T02:00:00,21.0,79.2,2.2,284.3,0.0
5,2026-09-12T02:00:00,20.7,80.7,2.2,267.4,0.0
6,2026-09-12T02:00:00,21.3,81.3,2.2,266.8,0.0
7,2026-09-12T02:00:00,20.9,80.4,1.7,267.4,0.0
8,2026-09-12T02:00:00,20.5,78.4,2.8,277.5,0.0
9,2026-09-12T02:00:00,20.6,79.8,2.2,273.9,0.0
10,2026-09-12T02:00:00,21.0,82.3,2.3,288.7,0.0
11,2026-09-12T02:00:00,18.6,80.7,2.0,272.9,0.0
12,2026-09-12T02:00:00,21.1,81.0,2.4,265.8,0.0
13,2026-09-12T02:00:00,20.1,78.6,2.5,268.6,0.0
14,2026-09-12T02:00:00,20.3,81.5,2.3,266.6,0.0
15,2026-09-12T02:00:00,19.7,79.2,2.3,273.6,0.0
1,2026-09-12T03:00:00,19.6,80.5,2.0,257.8,0.0
2,2026-09-12T03:00:00,20.6,85.4,2.2,270.2,0.0
3,2026-09-12T03:00:00,21.9,79.8,2.4,253.0,0.0
4,2026-09-12T03:00:00,20.1,80.9,2.0,272.5,0.0
5,2026-09-12T03:00:00,20.5,77.0,2.2,286.0,0.0
6,2026-09-12T03:00:00,19.6,80.7,2.3,270.2,0.0
7,2026-09-12T03:00:00,19.7,80.2,2.4,260.2,0.0
8,2026-09-12T03:00:00,20.5,80.9,2.2,270.9,0.0
9,2026-09-12T03:00:00,21.3,82.2,2.3,273.6,0.0
10,2026-09-12T03:00:00,20.5,76.9,1.9,236.7,0.0
11,2026-09-12T03:00:00,19.2,81.3,2.5,277.2,0.0
12,2026-09-12T03:00:00,20.3,79.8,2.3,268.8,0.0
13,2026-09-12T03:00:00,20.1,81.4,1.8,276.2,0.0
14,2026-09-12T03:00:00,20.8,80.8,2.3,277.6,0.0
15,2026-09-12T03:00:00,19.8,81.1,2.4,262.3,0.0
1,2026-09-12T04:00:00,19.9,81.0,2.0,264.0,0.0
2,2026-09-12T04:00:00,20.3,79.2,1.4,261.2,0.0
3,2026-09-12T04:00:00,19.9,79.4,1.7,258.3,0.0
4,2026-09-12T04:00:00,20.7,80.7,1.9,262.4,0.0
5,2026-09-12T04:00:00,19.7,79.3,1.9,267.9,0.0
6,2026-09-12T04:00:00,21.7,75.9,2.0,277.0,0.0
7,2026-09-12T04:00:00,19.8,80.0,2.0,285.9,0.0
8,2026-09-12T04:00:00,20.0,79.1,1.8,282.3,0.0
9,2026-09-12T04:00:00,20.2,80.5,2.3,269.4,0.0
10,2026-09-12T04:00:00,20.1,80.6,1.7,271.2,0.0
11,2026-09-12T04:00:00,21.1,78.8,2.1,263.8,0.0
12,2026-09-12T04:00:00,21.5,77.5,1.5,271.6,0.0
13,2026-09-12T04:00:00,20.4,75.2,2.1,251.0,0.0
14,2026-09-12T04:00:00,21.1,78.7,1.7,268.2,0.0
15,2026-09-12T04:00:00,19.9,76.6,2.1,271.0,0.0
1,2026-09-12T05:00:00,20.3,73.5,1.8,250.2,0.0
2,2026-09-12T05:00:00,22.0,74.3,1.9,250.5,0.0
3,2026-09-12T05:00:00,21.0,76.6,1.9,258.8,0.0
4,2026-09-12T05:00:00,20.5,73.4,2.2,245.7,0.0
5,2026-09-12T05:00:00,21.2,76.1,1.8,262.1,0.0
6,2026-09-12T05:00:00,21.9,77.3,1.9,275.4,0.0
7,2026-09-12T05:00:00,21.9,75.9,2.0,250.2,0.0
8,2026-09-12T05:00:00,20.8,76.8,2.2,249.3,0.0
9,2026-09-12T05:00:00,20.9,74.4,1.7,259.9,0.0
10,2026-09-12T05:00:00,21.6,76.7,1.7,257.8,0.0
11,2026-09-12T05:00:00,21.3,77.7,1.6,267.2,0.0
12,2026-09-12T05:00:00,21.2,79.2,1.5,268.1,0.0
13,2026-09-12T05:00:00,20.2,78.5,1.7,270.4,0.0
14,2026-09-12T05:00:00,21.0,73.5,2.0,264.4,0.0
15,2026-09-12T05:00:00,21.3,77.8,2.0,255.4,0.0
1,2026-09-12T06:00:00,23.0,74.5,2.0,262.1,0.0
2,2026-09-12T06:00:00,22.0,75.1,1.4,255.1,0.0
3,2026-09-12T06:00:00,22.4,73.5,1.7,251.3,0.0
4,2026-09-12T06:00:00,22.5,73.7,2.3,243.5,0.0
5,2026-09-12T06:00:00,23.0,73.6,1.8,260.2,0.0
6,2026-09-12T06:00:00,22.1,75.2,1.8,263.5,0.0
7,2026-09-12T06:00:00,22.6,73.7,1.7,281.5,0.0
8,2026-09-12T06:00:00,22.7,71.2,1.8,259.2,0.0
9,2026-09-12T06:00:00,22.3,72.6,2.0,259.6,0.0
10,2026-09-12T06:00:00,22.2,73.7,1.5,275.6,0.0
11,2026-09-12T06:00:00,21.7,76.5,1.4,240.2,0.0
12,2026-09-12T06:00:00,22.6,72.0,1.9,263.0,0.0
13,2026-09-12T06:00:00,23.0,73.7,1.7,269.5,0.0
14,2026-09-12T06:00:00,21.7,75.3,1.9,250.2,0.0
15,2026-09-12T06:00:00,22.4,73.1,2.1,270.4,0.0
1,2026-09-12T07:00:00,23.9,69.3,1.5,276.9,0.0
2,2026-09-12T07:00:00,23.6,66.7,1.7,266.6,0.0
3,2026-09-12T07:00:00,23.7,69.7,2.3,261.4,0.0
4,2026-09-12T07:00:00,23.8,68.7,1.5,261.7,0.0
5,2026-09-12T07:00:00,23.8,69.6,1.8,254.3,0.0
6,2026-09-12T07:00:00,22.5,70.0,1.8,260.8,0.0
7,2026-09-12T07:00:00,24.4,67.8,2.2,260.9,0.0
8,2026-09-12T07:00:00,24.4,67.5,2.1,258.0,0.0
9,2026-09-12T07:00:00,25.6,68.8,1.7,251.2,0.0
10,2026-09-12T07:00:00,24.4,72.3,2.0,244.3,0.0
11,2026-09-12T07:00:00,24.6,68.6,1.8,255.0,0.0
12,2026-09-12T07:00:00,23.7,69.3,1.8,255.7,0.0
13,2026-09-12T07:00:00,24.4,67.9,1.7,260.5,0.0
14,2026-09-12T07:00:00,24.6,69.9,1.5,268.6,0.0
15,2026-09-12T07:00:00,24.6,68.1,1.9,254.0,0.0
1,2026-09-12T08:00:00,25.7,66.9,1.9,265.5,0.0
2,2026-09-12T08:00:00,25.8,62.3,2.2,266.5,0.0
3,2026-09-12T08:00:00,25.9,66.4,2.1,262.2,0.0
4,2026-09-12T08:00:00,26.5,66.3,2.4,260.4,0.0
5,2026-09-12T08:00:00,25.2,67.2,2.2,248.6,0.0
6,2026-09-12T08:00:00,25.1,66.2,1.9,262.0,0.0
7,2026-09-12T08:00:00,25.7,64.7,1.6,257.2,0.0
8,2026-09-12T08:00:00,25.0,62.6,1.8,255.7,0.0
9,2026-09-12T08:00:00,24.8,63.4,1.9,241.0,0.0
10,2026-09-12T08:00:00,26.1,63.6,1.8,244.6,0.0
11,2026-09-12T08:00:00,25.7,63.9,1.7,251.9,0.0
12,2026-09-12T08:00:00,26.4,66.6,2.1,257.8,0.0
13,2026-09-12T08:00:00,24.4,68.6,1.9,238.6,0.0
14,2026-09-12T08:00:00,25.6,66.5,2.2,253.4,0.0
15,2026-09-12T08:00:00,26.4,64.1,1.9,265.9,0.0
1,2026-09-12T09:00:00,27.8,60.7,2.3,259.6,0.0
2,2026-09-12T09:00:00,27.5,62.9,1.9,255.9,0.0
3,2026-09-12T09:00:00,27.8,58.5,2.0,242.9,0.0
4,2026-09-12T09:00:00,27.9,60.5,2.3,268.0,0.0
5,2026-09-12T09:00:00,27.3,59.1,2.4,239.9,0.0
6,2026-09-12T09:00:00,28.6,60.6,1.6,239.3,0.0
7,2026-09-12T09:00:00,27.3,59.3,2.4,249.3,0.0
8,2026-09-12T09:00:00,27.3,63.5,2.0,260.4,0.0
9,2026-09-12T09:00:00,26.2,57.6,1.8,247.6,0.0
10,2026-09-12T09:00:00,28.7,64.9,2.1,243.8,0.0
11,2026-09-12T09:00:00,27.3,62.9,2.0,244.8,0.0
12,2026-09-12T09:00:00,26.8,61.2,1.6,247.6,0.0
13,2026-09-12T09:00:00,27.2,64.5,2.1,249.4,0.0
14,2026-09-12T09:00:00,27.7,60.5,1.6,239.2,0.0
15,2026-09-12T09:00:00,27.7,61.4,2.3,248.6,0.0
1,2026-09-12T10:00:00,29.3,56.0,2.2,249.5,0.0
2,2026-09-12T10:00:00,28.4,58.2,2.7,250.5,0.0
3,2026-09-12T10:00:00,28.9,54.4,2.5,257.6,0.0
4,2026-09-12T10:00:00,28.7,54.2,2.4,230.5,0.0
5,2026-09-12T10:00:00,29.0,57.9,2.5,250.3,0.0
6,2026-09-12T10:00:00,30.1,55.2,2.2,247.0,0.0
7,2026-09-12T10:00:00,28.7,52.7,2.3,228.7,0.0
8,2026-09-12T10:00:00,28.6,57.4,2.4,241.0,0.0
9,2026-09-12T10:00:00,28.7,56.0,1.9,245.8,0.0
10,2026-09-12T10:00:00,29.1,55.4,2.3,251.0,0.0
11,2026-09-12T10:00:00,29.2,56.3,2.4,239.2,0.0
12,2026-09-12T10:00:00,28.9,54.1,2.0,252.1,0.0
13,2026-09-12T10:00:00,28.9,54.3,1.7,253.5,0.0
14,2026-09-12T10:00:00,30.1,54.8,2.5,248.4,0.0
15,2026-09-12T10:00:00,28.6,53.4,2.5,217.0,0.0
1,2026-09-12T11:00:00,31.3,54.8,2.2,256.6,0.0
2,2026-09-12T11:00:00,30.2,49.8,2.8,232.0,0.0
3,2026-09-12T11:00:00,30.0,52.0,2.4,251.8,0.0
4,2026-09-12T11:00:00,30.4,52.9,2.8,261.8,0.0
5,2026-09-12T11:00:00,31.0,49.5,2.6,237.6,0.0
6,2026-09-12T11:00:00,30.7,51.9,2.5,256.1,0.0
7,2026-09-12T11:00:00,30.1,54.1,2.9,245.1,0.0
8,2026-09-12T11:00:00,30.6,50.8,2.7,258.8,0.0
9,2026-09-12T11:00:00,31.6,51.0,2.4,253.8,0.0
10,2026-09-12T11:00:00,31.5,51.9,2.3,242.4,0.0
11,2026-09-12T11:00:00,30.2,51.4,2.3,252.6,0.0
12,2026-09-12T11:00:00,31.0,50.7,2.6,245.4,0.0
13,2026-09-12T11:00:00,29.8,54.8,2.3,254.2,0.0
14,2026-09-12T11:00:00,30.0,48.2,2.7,243.2,0.0
15,2026-09-12T11:00:00,31.2,52.1,2.0,250.4,0.0
1,2026-09-12T12:00:00,32.3,52.1,2.5,232.3,0.0
2,2026-09-12T12:00:00,31.2,50.7,3.0,244.5,0.0
3,2026-09-12T12:00:00,32.3,50.9,2.4,261.0,0.0
4,2026-09-12T12:00:00,31.2,49.6,2.7,250.3,0.0
5,2026-09-12T12:00:00,31.6,49.6,2.9,227.4,0.0
6,2026-09-12T12:00:00,32.3,46.2,2.5,225.6,0.0
7,2026-09-12T12:00:00,32.2,49.2,2.9,242.1,0.0
8,2026-09-12T12:00:00,31.6,48.7,3.1,250.7,0.0
9,2026-09-12T12:00:00,32.6,49.5,2.8,243.5,0.0
10,2026-09-12T12:00:00,31.7,45.1,2.9,250.3,0.0
11,2026-09-12T12:00:00,31.9,47.0,2.6,263.8,0.0
12,2026-09-12T12:00:00,31.4,48.4,2.8,251.4,0.0
13,2026-09-12T12:00:00,31.5,49.3,3.2,249.0,0.0
14,2026-09-12T12:00:00,32.0,50.7,3.0,241.0,0.0
15,2026-09-12T12:00:00,32.4,48.7,2.3,245.6,0.0
1,2026-09-12T13:00:00,32.4,47.2,3.1,258.9,0.0
2,2026-09-12T13:00:00,32.1,45.9,3.0,246.2,0.0
3,2026-09-12T13:00:00,32.1,46.1,3.1,244.8,0.0
4,2026-09-12T13:00:00,32.1,46.0,3.1,240.2,0.0
5,2026-09-12T13:00:00,32.3,48.3,3.4,259.1,0.0
6,2026-09-12T13:00:00,31.6,45.1,3.0,243.5,0.0
7,2026-09-12T13:00:00,32.7,47.9,2.8,263.7,0.0
8,2026-09-12T13:00:00,32.5,47.5,3.0,235.0,0.0
9,2026-09-12T13:00:00,32.4,47.3,3.1,256.3,0.0
10,2026-09-12T13:00:00,32.5,46.1,3.4,242.7,0.0
11,2026-09-12T13:00:00,31.6,46.8,3.0,242.8,0.0
12,2026-09-12T13:00:00,32.0,45.0,2.9,227.0,0.0
13,2026-09-12T13:00:00,33.2,45.2,2.4,250.7,0.0
14,2026-09-12T13:00:00,32.9,47.6,3.4,248.7,0.0
15,2026-09-12T13:00:00,32.9,47.5,2.9,243.2,0.0
1,2026-09-12T14:00:00,33.0,45.4,3.1,231.5,0.0
2,2026-09-12T14:00:00,32.8,46.5,3.7,248.4,0.0
3,2026-09-12T14:00:00,32.7,44.8,3.2,238.7,0.0
4,2026-09-12T14:00:00,33.7,46.8,3.1,236.2,0.0
5,2026-09-12T14:00:00,32.8,46.1,3.3,246.1,0.0
6,2026-09-12T14:00:00,33.9,43.9,3.4,237.7,0.0
7,2026-09-12T14:00:00,32.2,44.5,2.9,237.3,0.0
8,2026-09-12T14:00:00,31.3,44.1,3.1,247.0,0.0
9,2026-09-12T14:00:00,32.3,46.3,3.3,244.8,0.0
10,2026-09-12T14:00:00,33.7,44.3,3.5,223.1,0.0
11,2026-09-12T14:00:00,32.8,45.0,3.0,249.2,0.0
12,2026-09-12T14:00:00,33.5,45.6,3.3,258.5,0.0
13,2026-09-12T14:00:00,32.7,45.1,3.3,235.3,0.0
14,2026-09-12T14:00:00,32.4,47.4,3.8,247.9,0.0
15,2026-09-12T14:00:00,31.6,43.3,3.3,261.2,0.0
1,2026-09-12T15:00:00,33.4,49.2,3.1,256.8,0.0
2,2026-09-12T15:00:00,31.5,46.3,3.6,255.8,0.0
3,2026-09-12T15:00:00,32.6,45.2,3.8,250.7,0.0
4,2026-09-12T15:00:00,33.3,44.7,3.7,268.1,0.0
5,2026-09-12T15:00:00,33.0,46.9,3.5,246.3,0.0
6,2026-09-12T15:00:00,32.7,44.9,3.6,241.7,0.0
7,2026-09-12T15:00:00,32.3,42.4,3.2,253.8,0.0
8,2026-09-12T15:00:00,33.8,46.0,3.7,254.1,0.0
9,2026-09-12T15:00:00,33.3,47.7,4.0,233.1,0.0
10,2026-09-12T15:00:00,32.1,42.3,3.6,249.7,0.0
11,2026-09-12T15:00:00,32.6,47.1,3.7,242.1,0.0
12,2026-09-12T15:00:00,32.4,45.4,3.4,261.4,0.0
13,2026-09-12T15:00:00,33.1,45.2,3.2,238.5,0.0
14,2026-09-12T15:00:00,32.3,46.3,3.8,242.1,0.0
15,2026-09-12T15:00:00,31.9,44.8,3.6,258.2,0.0
1,2026-09-12T16:00:00,31.8,46.2,3.6,250.7,0.0
2,2026-09-12T16:00:00,33.0,48.2,3.3,260.6,0.0
3,2026-09-12T16:00:00,31.9,44.7,3.5,242.6,0.0
4,2026-09-12T16:00:00,33.2,46.5,4.1,241.9,0.0
5,2026-09-12T16:00:00,31.2,44.5,3.7,246.4,0.0
6,2026-09-12T16:00:00,32.1,47.2,3.5,262.1,0.0
7,2026-09-12T16:00:00,33.9,42.9,3.8,237.7,0.0
8,2026-09-12T16:00:00,33.2,46.4,3.7,241.7,0.0
9,2026-09-12T16:00:00,33.6,48.8,3.8,252.2,0.0
10,2026-09-12T16:00:00,33.0,46.9,3.9,260.2,0.0
11,2026-09-12T16:00:00,33.4,42.9,4.1,246.4,0.0
12,2026-09-12T16:00:00,32.1,45.9,3.4,248.7,0.0
13,2026-09-12T16:00:00,32.7,46.6,3.6,253.5,0.0
14,2026-09-12T16:00:00,32.1,47.3,3.3,236.2,0.0
15,2026-09-12T16:00:00,33.1,45.9,3.9,252.5,0.0
1,2026-09-12T17:00:00,32.2,47.7,3.4,252.5,0.0
2,2026-09-12T17:00:00,32.1,51.7,4.0,240.9,0.0
3,2026-09-12T17:00:00,31.5,49.4,4.1,246.6,0.0
4,2026-09-12T17:00:00,31.2,47.5,3.8,244.6,0.0
5,2026-09-12T17:00:00,30.8,46.3,3.8,239.2,0.0
6,2026-09-12T17:00:00,30.8,50.9,3.2,258.4,0.0
7,2026-09-12T17:00:00,31.3,50.2,4.1,240.8,0.0
8,2026-09-12T17:00:00,32.2,46.7,3.8,237.5,0.0
9,2026-09-12T17:00:00,31.8,46.5,4.0,244.2,0.0
10,2026-09-12T17:00:00,31.9,50.7,3.7,238.2,0.0
11,2026-09-12T17:00:00,32.0,50.1,4.6,246.8,0.0
12,2026-09-12T17:00:00,31.7,46.8,3.5,253.2,0.0
13,2026-09-12T17:00:00,31.5,51.4,4.1,264.6,0.0
14,2026-09-12T17:00:00,31.1,47.7,3.7,269.3,0.0
15,2026-09-12T17:00:00,32.6,46.1,3.7,245.6,0.0
1,2026-09-12T18:00:00,32.0,49.5,4.2,239.7,0.0
2,2026-09-12T18:00:00,30.8,55.1,3.6,255.2,0.0
3,2026-09-12T18:00:00,30.0,52.0,3.9,257.1,0.0
4,2026-09-12T18:00:00,29.9,50.1,4.1,245.1,0.0
5,2026-09-12T18:00:00,30.2,51.2,3.8,239.6,0.0
6,2026-09-12T18:00:00,30.7,51.0,3.8,262.2,0.0
7,2026-09-12T18:00:00,29.8,49.9,4.2,255.1,0.0
8,2026-09-12T18:00:00,31.3,50.6,3.9,237.2,0.0
9,2026-09-12T18:00:00,31.3,52.1,4.2,256.1,0.0
10,2026-09-12T18:00:00,30.0,55.6,3.9,237.6,0.0
11,2026-09-12T18:00:00,30.4,52.0,3.5,264.0,0.0
12,2026-09-12T18:00:00,30.8,52.9,3.4,258.6,0.0
13,2026-09-12T18:00:00,30.9,51.5,3.8,252.8,0.0
14,2026-09-12T18:00:00,30.6,55.5,4.0,243.6,0.0
15,2026-09-12T18:00:00,31.5,51.1,4.0,248.9,0.0
1,2026-09-12T19:00:00,29.7,58.7,3.3,248.5,0.0
2,2026-09-12T19:00:00,28.8,55.2,3.6,270.1,0.0
3,2026-09-12T19:00:00,28.6,56.1,3.6,234.3,0.0
4,2026-09-12T19:00:00,29.5,54.3,3.7,270.4,0.0
5,2026-09-12T19:00:00,29.0,54.4,3.7,251.0,0.0
6,2026-09-12T19:00:00,30.1,55.0,3.5,256.5,0.0
7,2026-09-12T19:00:00,29.4,54.5,4.2,251.6,0.0
8,2026-09-12T19:00:00,28.5,57.2,3.6,253.5,0.0
9,2026-09-12T19:00:00,29.1,59.6,3.9,270.6,0.0
10,2026-09-12T19:00:00,29.2,53.7,3.6,250.1,0.0
11,2026-09-12T19:00:00,28.1,56.9,4.2,234.2,0.0
12,2026-09-12T19:00:00,29.1,53.4,3.7,246.7,0.0
13,2026-09-12T19:00:00,28.6,56.0,3.9,248.7,0.0
14,2026-09-12T19:00:00,29.7,56.4,4.0,239.5,0.0
15,2026-09-12T19:00:00,27.9,53.4,3.6,247.5,0.0
1,2026-09-12T20:00:00,27.9,61.3,3.8,247.8,0.0
2,2026-09-12T20:00:00,27.2,60.4,3.4,269.6,0.0
3,2026-09-12T20:00:00,27.0,59.5,3.7,273.6,0.0
4,2026-09-12T20:00:00,28.0,60.7,4.0,281.9,0.0
5,2026-09-12T20:00:00,27.1,58.2,3.5,252.7,0.0
6,2026-09-12T20:00:00,27.1,60.2,4.0,249.4,0.0
7,2026-09-12T20:00:00,27.8,64.1,3.8,267.1,0.0
8,2026-09-12T20:00:00,27.7,61.7,4.1,258.6,0.0
9,2026-09-12T20:00:00,26.6,59.8,3.6,262.1,0.0
10,2026-09-12T20:00:00,26.3,57.3,3.3,249.0,0.0
11,2026-09-12T20:00:00,27.4,66.6,3.9,266.6,0.0
12,2026-09-12T20:00:00,26.5,59.4,4.0,259.8,0.0
13,2026-09-12T20:00:00,28.3,59.9,4.0,257.2,0.0
14,2026-09-12T20:00:00,28.9,60.6,3.8,263.2,0.0
15,2026-09-12T20:00:00,27.0,57.4,3.5,265.3,0.0
1,2026-09-12T21:00:00,25.8,66.6,3.4,258.4,0.0
2,2026-09-12T21:00:00,25.1,64.8,3.4,251.5,0.0
3,2026-09-12T21:00:00,24.6,64.5,4.0,266.8,0.0
4,2026-09-12T21:00:00,25.4,66.3,3.5,248.6,0.0
5,2026-09-12T21:00:00,25.8,64.1,3.7,261.2,0.0
6,2026-09-12T21:00:00,25.5,67.1,3.5,279.1,0.0
7,2026-09-12T21:00:00,25.9,67.0,3.4,262.4,0.0
8,2026-09-12T21:00:00,26.2,63.7,3.4,273.2,0.0
9,2026-09-12T21:00:00,25.8,63.1,4.1,271.0,0.0
10,2026-09-12T21:00:00,25.9,63.0,3.4,277.4,0.0
11,2026-09-12T21:00:00,25.0,64.2,3.6,269.3,0.0
12,2026-09-12T21:00:00,24.7,64.4,3.7,262.4,0.0
13,2026-09-12T21:00:00,25.1,62.4,3.7,249.7,0.0
14,2026-09-12T21:00:00,24.2,67.7,3.5,261.2,0.0
15,2026-09-12T21:00:00,25.4,62.7,3.5,250.9,0.0
1,2026-09-12T22:00:00,23.3,71.5,3.1,245.2,0.0
2,2026-09-12T22:00:00,23.7,67.3,3.3,255.2,0.0
3,2026-09-12T22:00:00,24.7,67.8,3.2,272.8,0.0
4,2026-09-12T22:00:00,23.4,73.2,3.9,249.0,0.0
5,2026-09-12T22:00:00,24.6,72.5,3.1,251.7,0.0
6,2026-09-12T22:00:00,23.7,70.3,3.3,275.1,0.0
7,2026-09-12T22:00:00,24.8,70.2,3.1,284.4,0.0
8,2026-09-12T22:00:00,23.7,67.8,3.1,257.6,0.0
9,2026-09-12T22:00:00,23.6,71.7,3.7,278.6,0.0
10,2026-09-12T22:00:00,24.6,68.7,3.2,271.7,0.0
11,2026-09-12T22:00:00,24.3,69.7,3.3,266.7,0.0
12,2026-09-12T22:00:00,24.1,70.4,3.1,243.0,0.0
13,2026-09-12T22:00:00,23.9,69.0,3.7,260.6,0.0
14,2026-09-12T22:00:00,24.7,69.6,3.5,270.3,0.0
15,2026-09-12T22:00:00,23.4,69.0,3.2,259.7,0.0
1,2026-09-12T23:00:00,22.4,70.9,2.9,284.8,0.0
2,2026-09-12T23:00:00,23.3,73.0,3.2,250.1,0.0
3,2026-09-12T23:00:00,22.1,74.9,3.2,284.0,0.0
4,2026-09-12T23:00:00,22.5,73.9,3.4,279.4,0.0
5,2026-09-12T23:00:00,22.7,74.0,3.0,268.4,0.0
6,2026-09-12T23:00:00,22.4,72.4,2.9,265.9,0.0
7,2026-09-12T23:00:00,22.7,73.5,3.3,278.0,0.0
8,2026-09-12T23:00:00,22.5,76.7,3.4,269.5,0.0
9,2026-09-12T23:00:00,22.1,76.2,3.1,270.2,0.0
10,2026-09-12T23:00:00,23.0,71.6,3.3,270.8,0.0
11,2026-09-12T23:00:00,21.5,74.6,3.0,257.6,0.0
12,2026-09-12T23:00:00,22.9,71.7,3.3,281.8,0.0
13,2026-09-12T23:00:00,22.6,72.7,3.0,271.0,0.0
14,2026-09-12T23:00:00,23.4,72.7,3.0,283.7,0.0
15,2026-09-12T23:00:00,22.1,74.8,2.4,270.8,0.0
1,2026-09-13T00:00:00,20.2,76.5,2.5,294.1,0.0
2,2026-09-13T00:00:00,20.6,73.1,3.3,282.6,0.0
3,2026-09-13T00:00:00,20.8,76.8,2.3,275.1,0.0
4,2026-09-13T00:00:00,21.2,74.3,3.0,278.0,0.0
5,2026-09-13T00:00:00,21.0,75.6,3.0,277.8,0.0
6,2026-09-13T00:00:00,22.2,80.7,2.9,289.1,0.0
7,2026-09-13T00:00:00,21.8,72.8,2.6,269.4,0.0
8,2026-09-13T00:00:00,20.4,76.2,3.0,295.0,0.0
9,2026-09-13T00:00:00,21.1,76.9,2.5,262.7,0.0
10,2026-09-13T00:00:00,21.3,76.1,3.0,277.9,0.0
11,2026-09-13T00:00:00,20.7,77.7,3.1,279.5,0.0
12,2026-09-13T00:00:00,20.5,77.3,3.2,274.2,0.0
13,2026-09-13T00:00:00,21.2,76.4,2.7,265.0,0.0
14,2026-09-13T00:00:00,21.4,72.3,2.6,281.4,0.0
15,2026-09-13T00:00:00,21.2,73.9,3.4,261.3,0.0
1,2026-09-13T01:00:00,19.9,79.5,2.6,279.5,0.0
2,2026-09-13T01:00:00,19.9,80.7,2.4,270.1,0.0
3,2026-09-13T01:00:00,21.1,79.0,2.9,279.5,0.0
4,2026-09-13T01:00:00,19.9,75.5,2.7,296.3,0.0
5,2026-09-13T01:00:00,20.6,77.8,2.6,291.0,0.0
6,2026-09-13T01:00:00,19.9,78.2,2.3,285.9,0.0
7,2026-09-13T01:00:00,21.2,80.4,2.4,287.6,0.0
8,2026-09-13T01:00:00,20.5,78.3,2.0,285.1,0.0
9,2026-09-13T01:00:00,20.3,79.7,2.9,286.5,0.0
10,2026-09-13T01:00:00,19.9,77.2,2.3,286.6,0.0
11,2026-09-13T01:00:00,20.4,78.6,2.8,283.0,0.0
12,2026-09-13T01:00:00,20.8,80.3,2.3,269.6,0.0
13,2026-09-13T01:00:00,20.9,77.7,2.6,280.6,0.0
14,2026-09-13T01:00:00,20.5,81.0,2.5,287.0,0.0
15,2026-09-13T01:00:00,21.3,76.6,2.2,273.4,0.0
1,2026-09-13T02:00:00,19.4,80.8,2.5,280.7,0.0
2,2026-09-13T02:00:00,20.1,83.4,2.4,268.2,0.0
3,2026-09-13T02:00:00,20.0,81.5,2.7,288.5,0.0
4,2026-09-13T02:00:00,20.8,78.6,2.6,297.9,0.0
5,2026-09-13T02:00:00,20.3,78.8,2.5,293.6,0.0
6,2026-09-13T02:00:00,19.6,79.4,2.4,283.4,0.0
7,2026-09-13T02:00:00,20.2,79.3,2.7,287.7,0.0
8,2026-09-13T02:00:00,20.6,82.6,2.2,294.3,0.0
9,2026-09-13T02:00:00,18.8,79.8,2.2,267.6,0.0
10,2026-09-13T02:00:00,19.0,80.8,2.3,278.6,0.0
11,2026-09-13T02:00:00,20.4,79.3,2.1,291.0,0.0
12,2026-09-13T02:00:00,20.4,82.0,2.0,262.3,0.0
13,2026-09-13T02:00:00,19.4,78.4,2.7,311.0,0.0
14,2026-09-13T02:00:00,19.9,79.0,1.9,270.4,0.0
15,2026-09-13T02:00:00,19.6,78.1,2.1,274.6,0.0
1,2026-09-13T03:00:00,19.6,82.8,1.7,288.5,0.0
2,2026-09-13T03:00:00,20.6,82.6,1.9,290.1,0.0
3,2026-09-13T03:00:00,20.1,81.8,2.3,295.1,0.0
4,2026-09-13T03:00:00,20.4,78.6,1.7,289.3,0.0
5,2026-09-13T03:00:00,20.7,83.3,1.9,299.0,0.0
6,2026-09-13T03:00:00,19.2,80.5,2.2,286.9,0.0
7,2026-09-13T03:00:00,20.3,77.1,2.4,285.0,0.0
8,2026-09-13T03:00:00,19.7,79.1,2.4,284.1,0.0
9,2026-09-13T03:00:00,20.0,78.5,1.9,296.9,0.0
10,2026-09-13T03:00:00,20.0,79.4,1.6,280.1,0.0
11,2026-09-13T03:00:00,20.1,80.9,2.0,270.1,0.0
12,2026-09-13T03:00:00,20.2,81.4,1.9,270.3,0.0
13,2026-09-13T03:00:00,21.2,81.8,2.2,292.5,0.0
14,2026-09-13T03:00:00,20.8,82.0,1.8,293.8,0.0
15,2026-09-13T03:00:00,20.7,76.8,2.4,287.0,0.0
1,2026-09-13T04:00:00,20.7,75.1,2.3,290.6,0.0
2,2026-09-13T04:00:00,20.2,77.0,2.1,291.6,0.0
3,2026-09-13T04:00:00,21.1,75.6,1.2,296.0,0.0
4,2026-09-13T04:00:00,19.8,78.5,1.8,296.7,0.0
5,2026-09-13T04:00:00,20.5,82.3,1.7,297.8,0.0
6,2026-09-13T04:00:00,20.4,78.1,2.1,299.3,0.0
7,2026-09-13T04:00:00,21.2,84.4,1.7,287.5,0.0
8,2026-09-13T04:00:00,21.3,77.7,2.2,304.2,0.0
9,2026-09-13T04:00:00,21.9,79.5,2.1,295.2,0.0
10,2026-09-13T04:00:00,20.9,81.4,1.8,299.9,0.0
11,2026-09-13T04:00:00,19.5,79.4,1.8,304.6,0.0
12,2026-09-13T04:00:00,21.1,79.8,2.2,288.1,0.0
13,2026-09-13T04:00:00,20.5,80.7,2.2,277.6,0.0
14,2026-09-13T04:00:00,20.5,74.7,1.9,289.7,0.0
15,2026-09-13T04:00:00,19.3,77.7,2.2,284.5,0.0
1,2026-09-13T05:00:00,22.4,77.0,1.5,283.0,0.0
2,2026-09-13T05:00:00,22.4,76.1,1.6,286.1,0.0
3,2026-09-13T05:00:00,21.1,75.0,2.2,309.4,0.0
4,2026-09-13T05:00:00,20.9,76.3,2.0,299.2,0.0
5,2026-09-13T05:00:00,22.0,78.8,1.4,308.1,0.0
6,2026-09-13T05:00:00,20.8,75.5,1.5,312.2,0.0
7,2026-09-13T05:00:00,22.7,76.9,1.6,285.3,0.0
8,2026-09-13T05:00:00,21.4,77.8,1.9,285.2,0.0
9,2026-09-13T05:00:00,21.4,78.5,1.2,284.3,0.0
10,2026-09-13T05:00:00,21.4,75.8,2.3,287.5,0.0
11,2026-09-13T05:00:00,20.7,75.0,1.6,312.0,0.0
12,2026-09-13T05:00:00,21.4,75.8,1.4,291.6,0.0
13,2026-09-13T05:00:00,21.6,78.7,1.9,292.8,0.0
14,2026-09-13T05:00:00,20.1,74.1,2.0,292.3,0.0
15,2026-09-13T05:00:00,20.6,77.6,1.6,296.6,0.0
1,2026-09-13T06:00:00,23.4,75.0,2.0,287.9,0.0
2,2026-09-13T06:00:00,22.5,73.3,1.8,308.4,0.0
3,2026-09-13T06:00:00,22.6,71.2,2.1,300.2,0.0
4,2026-09-13T06:00:00,21.5,71.0,1.8,312.9,0.0
5,2026-09-13T06:00:00,23.4,75.9,2.0,301.6,0.0
6,2026-09-13T06:00:00,21.9,73.2,1.2,306.5,0.0
7,2026-09-13T06:00:00,22.6,74.9,1.8,292.0,0.0
8,2026-09-13T06:00:00,22.8,73.8,2.0,292.7,0.0
9,2026-09-13T06:00:00,21.7,75.9,2.1,298.8,0.0
10,2026-09-13T06:00:00,21.7,74.1,1.9,299.3,0.0
11,2026-09-13T06:00:00,22.4,74.7,0.9,283.0,0.0
12,2026-09-13T06:00:00,22.1,70.4,2.1,317.9,0.0
13,2026-09-13T06:00:00,24.2,72.6,1.8,292.3,0.0
14,2026-09-13T06:00:00,22.9,73.1,1.7,310.9,0.0
15,2026-09-13T06:00:00,22.3,73.5,1.5,296.2,0.0
1,2026-09-13T07:00:00,24.3,68.3,1.4,308.4,0.0
2,2026-09-13T07:00:00,24.3,71.3,1.3,312.4,0.0
3,2026-09-13T07:00:00,24.6,71.2,2.0,313.2,0.0
4,2026-09-13T07:00:00,24.4,69.7,2.0,323.9,0.0
5,2026-09-13T07:00:00,24.0,71.8,1.5,309.1,0.0
6,2026-09-13T07:00:00,23.9,69.6,1.4,315.0,0.0
7,2026-09-13T07:00:00,23.9,64.9,1.3,289.0,0.0
8,2026-09-13T07:00:00,23.0,67.5,2.1,325.2,0.0
9,2026-09-13T07:00:00,23.9,69.2,1.6,318.4,0.0
10,2026-09-13T07:00:00,23.2,70.6,2.1,288.5,0.0
11,2026-09-13T07:00:00,24.1,65.7,2.0,310.3,0.0
12,2026-09-13T07:00:00,24.6,70.4,2.0,293.6,0.0
13,2026-09-13T07:00:00,23.7,70.1,1.7,293.5,0.0
14,2026-09-13T07:00:00,24.5,68.5,1.8,302.7,0.0
15,2026-09-13T07:00:00,25.3,69.3,1.6,279.2,0.0
1,2026-09-13T08:00:00,24.8,64.4,2.0,322.9,0.0
2,2026-09-13T08:00:00,25.7,63.0,2.0,312.3,0.0
3,2026-09-13T08:00:00,25.1,63.4,1.9,325.7,0.0
4,2026-09-13T08:00:00,25.4,66.0,2.0,304.3,0.0
5,2026-09-13T08:00:00,26.7,62.7,2.0,304.2,0.0
6,2026-09-13T08:00:00,25.4,63.5,2.2,311.2,0.0
7,2026-09-13T08:00:00,26.7,63.6,1.9,304.6,0.0
8,2026-09-13T08:00:00,25.9,67.3,1.8,325.9,0.0
9,2026-09-13T08:00:00,25.9,61.1,2.4,290.0,0.0
10,2026-09-13T08:00:00,26.8,61.4,2.3,306.2,0.0
11,2026-09-13T08:00:00,25.1,62.7,2.4,297.9,0.0
12,2026-09-13T08:00:00,25.7,65.0,1.9,308.5,0.0
13,2026-09-13T08:00:00,25.7,64.8,1.8,313.0,0.0
14,2026-09-13T08:00:00,25.0,67.8,1.8,306.5,0.0
15,2026-09-13T08:00:00,25.5,64.6,2.0,304.5,0.0
1,2026-09-13T09:00:00,28.1,60.9,2.4,315.1,0.0
2,2026-09-13T09:00:00,26.5,60.0,2.4,309.1,0.0
3,2026-09-13T09:00:00,26.4,60.5,2.4,313.1,0.0
4,2026-09-13T09:00:00,27.2,61.2,1.7,315.9,0.0
5,2026-09-13T09:00:00,27.9,58.6,2.4,318.7,0.0
6,2026-09-13T09:00:00,26.7,59.8,2.1,311.8,0.0
7,2026-09-13T09:00:00,27.0,57.7,2.4,301.5,0.0
8,2026-09-13T09:00:00,28.6,60.1,2.1,313.2,0.0
9,2026-09-13T09:00:00,26.0,63.0,2.3,326.2,0.0
10,2026-09-13T09:00:00,26.3,59.7,2.1,296.5,0.0
11,2026-09-13T09:00:00,27.5,61.6,1.8,320.4,0.0
12,2026-09-13T09:00:00,26.6,60.0,2.5,315.1,0.0
13,2026-09-13T09:00:00,26.6,63.2,1.9,304.8,0.0
14,2026-09-13T09:00:00,27.5,59.9,2.9,324.5,0.0
15,2026-09-13T09:00:00,27.0,61.9,2.1,308.6,0.0
1,2026-09-13T10:00:00,29.3,57.6,2.6,318.4,0.0
2,2026-09-13T10:00:00,29.1,56.8,2.2,312.8,0.0
3,2026-09-13T10:00:00,28.1,55.3,2.1,307.1,0.0
4,2026-09-13T10:00:00,30.1,53.4,2.6,301.6,0.0
5,2026-09-13T10:00:00,29.1,55.1,2.3,311.9,0.0
6,2026-09-13T10:00:00,29.0,57.5,2.5,320.5,0.0
7,2026-09-13T10:00:00,28.9,55.2,2.3,325.6,0.0
8,2026-09-13T10:00:00,28.9,53.6,2.5,299.7,0.0
9,2026-09-13T10:00:00,29.1,56.2,2.0,302.7,0.0
10,2026-09-13T10:00:00,29.2,59.5,2.2,305.7,0.0
11,2026-09-13T10:00:00,29.1,54.4,2.7,307.6,0.0
12,2026-09-13T10:00:00,27.2,52.9,2.3,312.1,0.0
13,2026-09-13T10:00:00,29.5,55.7,2.3,314.9,0.0
14,2026-09-13T10:00:00,29.8,56.0,2.1,309.5,0.0
15,2026-09-13T10:00:00,29.0,54.8,2.7,294.5,0.0
1,2026-09-13T11:00:00,31.2,57.8,2.3,319.4,0.0
2,2026-09-13T11:00:00,30.0,49.7,2.3,288.3,0.0
3,2026-09-13T11:00:00,29.4,50.0,2.1,333.0,0.0
4,2026-09-13T11:00:00,30.9,55.6,2.7,309.6,0.0
5,2026-09-13T11:00:00,31.2,48.7,2.2,291.1,0.0
6,2026-09-13T11:00:00,30.9,55.1,2.8,318.0,0.0
7,2026-09-13T11:00:00,29.6,50.3,2.5,310.3,0.0
8,2026-09-13T11:00:00,31.1,54.1,3.0,316.1,0.0
9,2026-09-13T11:00:00,30.7,51.0,2.8,316.1,0.0
10,2026-09-13T11:00:00,30.0,53.6,2.5,290.0,0.0
11,2026-09-13T11:00:00,29.8,51.2,2.7,320.8,0.0
12,2026-09-13T11:00:00,31.0,54.7,2.8,316.7,0.0
13,2026-09-13T11:00:00,30.9,49.9,2.3,308.9,0.0
14,2026-09-13T11:00:00,29.9,48.3,2.3,307.5,0.0
15,2026-09-13T11:00:00,31.6,51.1,2.2,306.4,0.0
1,2026-09-13T12:00:00,32.3,49.8,3.2,319.9,0.0
2,2026-09-13T12:00:00,31.9,49.6,2.6,305.3,0.0
3,2026-09-13T12:00:00,32.6,48.3,3.2,321.8,0.0
4,2026-09-13T12:00:00,31.1,49.3,2.4,316.1,0.0
5,2026-09-13T12:00:00,32.2,48.2,2.4,311.0,0.0
6,2026-09-13T12:00:00,31.4,51.4,2.7,305.0,0.0
7,2026-09-13T12:00:00,32.3,45.6,3.1,302.0,0.0
8,2026-09-13T12:00:00,31.3,48.2,3.0,321.5,0.0
9,2026-09-13T12:00:00,31.6,50.3,2.9,323.6,0.0
10,2026-09-13T12:00:00,32.6,48.1,2.8,304.8,0.0
11,2026-09-13T12:00:00,32.2,48.3,2.7,321.7,0.0
12,2026-09-13T12:00:00,32.2,44.4,3.0,333.4,0.0
13,2026-09-13T12:00:00,31.5,44.5,2.9,327.3,0.0
14,2026-09-13T12:00:00,32.4,49.9,2.9,308.2,0.0
15,2026-09-13T12:00:00,32.8,47.8,2.8,316.0,0.0
1,2026-09-13T13:00:00,33.3,44.7,3.4,320.7,0.0
2,2026-09-13T13:00:00,32.3,44.3,3.0,304.8,0.0
3,2026-09-13T13:00:00,32.0,46.9,2.8,302.9,0.0
4,2026-09-13T13:00:00,32.8,44.9,3.2,309.1,0.0
5,2026-09-13T13:00:00,31.7,44.9,3.1,307.4,0.0
6,2026-09-13T13:00:00,32.9,46.6,3.1,315.7,0.0
7,2026-09-13T13:00:00,32.9,46.9,2.8,309.4,0.0
8,2026-09-13T13:00:00,33.1,44.5,3.5,319.7,0.0
9,2026-09-13T13:00:00,32.7,46.7,3.2,322.5,0.0
10,2026-09-13T13:00:00,31.9,47.0,3.2,323.4,0.0
11,2026-09-13T13:00:00,33.8,41.8,2.6,313.8,0.0
12,2026-09-13T13:00:00,32.8,47.0,3.2,318.0,0.0
13,2026-09-13T13:00:00,32.3,43.6,2.9,321.3,0.0
14,2026-09-13T13:00:00,32.8,47.1,2.6,311.4,0.0
15,2026-09-13T13:00:00,32.6,46.7,2.9,312.7,0.0
1,2026-09-13T14:00:00,32.9,44.2,3.4,317.2,0.0
2,2026-09-13T14:00:00,33.2,45.0,3.1,303.4,0.0
3,2026-09-13T14:00:00,33.1,45.2,3.5,321.6,0.0
4,2026-09-13T14:00:00,33.2,44.8,3.3,320.4,0.0
5,2026-09-13T14:00:00,32.6,45.9,3.4,307.9,0.0
6,2026-09-13T14:00:00,34.3,43.2,3.6,307.6,0.0
7,2026-09-13T14:00:00,32.9,46.6,3.2,298.5,0.0
8,2026-09-13T14:00:00,33.7,40.1,3.2,303.6,0.0
9,2026-09-13T14:00:00,34.0,46.6,3.1,299.4,0.0
10,2026-09-13T14:00:00,33.6,46.4,3.6,319.2,0.0
11,2026-09-13T14:00:00,33.1,45.7,3.1,318.7,0.0
12,2026-09-13T14:00:00,32.0,44.5,3.2,306.7,0.0
13,2026-09-13T14:00:00,33.0,46.2,3.4,316.5,0.0
14,2026-09-13T14:00:00,32.3,44.7,3.2,320.3,0.0
15,2026-09-13T14:00:00,33.7,47.0,4.0,314.8,0.0
1,2026-09-13T15:00:00,33.2,43.3,3.7,296.0,0.0
2,2026-09-13T15:00:00,32.3,49.7,3.8,321.8,0.0
3,2026-09-13T15:00:00,33.1,49.3,3.1,308.9,0.0
4,2026-09-13T15:00:00,33.2,46.9,3.5,347.6,0.0
5,2026-09-13T15:00:00,33.0,45.1,4.1,288.4,0.0
6,2026-09-13T15:00:00,32.7,44.1,3.4,329.6,0.0
7,2026-09-13T15:00:00,32.8,43.5,3.6,331.3,0.0
8,2026-09-13T15:00:00,33.8,45.5,3.2,310.9,0.0
9,2026-09-13T15:00:00,32.6,44.8,3.2,310.2,0.0
10,2026-09-13T15:00:00,33.6,47.8,3.4,331.6,0.0
11,2026-09-13T15:00:00,33.6,46.9,3.7,300.7,0.0
12,2026-09-13T15:00:00,31.5,45.6,3.5,295.2,0.0
13,2026-09-13T15:00:00,33.9,43.5,3.5,326.3,0.0
14,2026-09-13T15:00:00,33.2,45.6,3.5,315.4,0.0
15,2026-09-13T15:00:00,33.4,47.1,3.6,325.8,0.0
1,2026-09-13T16:00:00,32.0,44.3,3.7,318.4,0.0
2,2026-09-13T16:00:00,33.7,45.8,3.7,313.1,0.0
3,2026-09-13T16:00:00,32.9,44.6,3.4,310.8,0.0
4,2026-09-13T16:00:00,33.8,48.3,3.7,306.4,0.0
5,2026-09-13T16:00:00,32.3,45.3,3.7,306.7,0.0
6,2026-09-13T16:00:00,32.8,48.9,3.8,309.2,0.0
7,2026-09-13T16:00:00,32.1,46.8,3.4,321.9,0.0
8,2026-09-13T16:00:00,33.5,46.9,3.7,312.9,0.0
9,2026-09-13T16:00:00,32.5,47.1,4.0,317.6,0.0
10,2026-09-13T16:00:00,32.9,49.0,3.8,299.4,0.0
11,2026-09-13T16:00:00,33.6,44.2,3.8,326.4,0.0
12,2026-09-13T16:00:00,33.4,49.0,3.5,313.6,0.0
13,2026-09-13T16:00:00,31.8,46.8,3.2,315.0,0.0
14,2026-09-13T16:00:00,32.5,43.7,3.5,320.6,0.0
15,2026-09-13T16:00:00,31.5,46.0,3.6,319.2,0.0
1,2026-09-13T17:00:00,32.0,50.5,4.0,315.9,0.0
2,2026-09-13T17:00:00,31.7,48.8,3.9,302.4,0.0
3,2026-09-13T17:00:00,31.8,49.2,3.9,325.4,0.0
4,2026-09-13T17:00:00,31.1,48.6,3.9,298.4,0.0
5,2026-09-13T17:00:00,32.6,49.0,3.7,315.9,0.0
6,2026-09-13T17:00:00,31.2,49.5,3.9,307.8,0.0
7,2026-09-13T17:00:00,31.3,50.3,3.7,302.6,0.0
8,2026-09-13T17:00:00,32.4,45.0,3.7,311.6,0.0
9,2026-09-13T17:00:00,32.8,46.2,3.4,322.1,0.0
10,2026-09-13T17:00:00,31.5,48.0,3.8,307.1,0.0
11,2026-09-13T17:00:00,30.8,50.1,4.0,317.9,0.0
12,2026-09-13T17:00:00,31.6,49.7,3.8,305.2,0.0
13,2026-09-13T17:00:00,31.9,49.4,3.8,318.3,0.0
14,2026-09-13T17:00:00,32.1,46.9,3.6,298.7,0.0
15,2026-09-13T17:00:00,31.5,48.9,3.3,305.9,0.0
1,2026-09-13T18:00:00,30.1,53.5,4.0,297.4,0.0
2,2026-09-13T18:00:00,30.2,54.4,3.5,295.7,0.0
3,2026-09-13T18:00:00,30.1,53.1,3.6,305.6,0.0
4,2026-09-13T18:00:00,30.8,53.5,3.9,305.5,0.0
5,2026-09-13T18:00:00,31.7,51.2,3.6,284.6,0.0
6,2026-09-13T18:00:00,29.7,50.5,4.0,308.2,0.0
7,2026-09-13T18:00:00,30.9,51.8,3.8,317.2,0.0
8,2026-09-13T18:00:00,30.6,51.5,3.7,323.5,0.0
9,2026-09-13T18:00:00,30.9,51.8,3.3,316.5,0.0
10,2026-09-13T18:00:00,30.8,53.7,3.7,307.3,0.0
11,2026-09-13T18:00:00,29.5,53.2,3.9,298.3,0.0
12,2026-09-13T18:00:00,30.3,52.3,3.7,296.1,0.0
13,2026-09-13T18:00:00,31.1,51.2,3.7,313.3,0.0
14,2026-09-13T18:00:00,29.8,51.4,3.8,307.4,0.0
15,2026-09-13T18:00:00,28.9,53.4,3.9,315.3,0.0
1,2026-09-13T19:00:00,28.4,53.5,3.6,305.0,0.0
2,2026-09-13T19:00:00,28.9,54.5,3.7,295.4,0.0
3,2026-09-13T19:00:00,28.8,55.6,3.5,304.8,0.0
4,2026-09-13T19:00:00,28.5,52.3,3.8,313.3,0.0
5,2026-09-13T19:00:00,29.3,56.4,3.9,306.8,0.0
6,2026-09-13T19:00:00,28.5,56.7,3.9,304.2,0.0
7,2026-09-13T19:00:00,28.8,54.4,3.9,295.0,0.0
8,2026-09-13T19:00:00,28.4,56.8,3.4,297.6,0.0
9,2026-09-13T19:00:00,28.5,54.4,4.1,302.8,0.0
10,2026-09-13T19:00:00,30.6,56.5,3.6,309.1,0.0
11,2026-09-13T19:00:00,29.8,55.1,4.1,303.6,0.0
12,2026-09-13T19:00:00,29.5,61.1,4.1,306.3,0.0
13,2026-09-13T19:00:00,29.3,56.9,3.6,322.4,0.0
14,2026-09-13T19:00:00,28.9,60.6,3.6,295.0,0.0
15,2026-09-13T19:00:00,29.0,58.1,3.6,309.4,0.0
1,2026-09-13T20:00:00,27.8,58.6,3.6,304.2,0.0
2,2026-09-13T20:00:00,27.5,59.1,4.2,307.6,0.0
3,2026-09-13T20:00:00,26.9,63.2,3.7,286.4,0.0
4,2026-09-13T20:00:00,27.3,59.4,3.6,312.2,0.0
5,2026-09-13T20:00:00,27.7,56.8,3.7,313.5,0.0
6,2026-09-13T20:00:00,27.9,60.0,3.9,305.7,0.0
7,2026-09-13T20:00:00,27.4,59.8,3.8,309.6,0.0
8,2026-09-13T20:00:00,27.8,56.4,3.8,304.5,0.0
9,2026-09-13T20:00:00,26.2,59.3,3.9,300.6,0.0
10,2026-09-13T20:00:00,27.0,57.6,3.5,314.1,0.0
11,2026-09-13T20:00:00,27.7,60.5,3.6,296.7,0.0
12,2026-09-13T20:00:00,26.6,60.4,3.6,301.3,0.0
13,2026-09-13T20:00:00,27.8,58.2,3.7,300.6,0.0
14,2026-09-13T20:00:00,26.9,58.7,3.6,293.7,0.0
15,2026-09-13T20:00:00,27.4,59.0,3.4,302.7,0.0
1,2026-09-13T21:00:00,23.7,63.0,3.1,302.3,0.0
2,2026-09-13T21:00:00,26.0,64.9,3.2,293.6,0.0
3,2026-09-13T21:00:00,25.6,60.5,3.4,292.1,0.0
4,2026-09-13T21:00:00,25.3,66.0,3.3,308.8,0.0
5,2026-09-13T21:00:00,24.3,63.5,3.5,311.7,0.0
6,2026-09-13T21:00:00,25.4,64.8,3.7,301.3,0.0
7,2026-09-13T21:00:00,25.6,63.3,3.7,293.8,0.0
8,2026-09-13T21:00:00,25.7,67.9,3.7,303.4,0.0
9,2026-09-13T21:00:00,25.0,65.7,3.7,304.5,0.0
10,2026-09-13T21:00:00,26.3,64.8,4.0,293.7,0.0
11,2026-09-13T21:00:00,25.8,65.4,3.0,299.6,0.0
12,2026-09-13T21:00:00,25.7,63.0,3.9,288.9,0.0
13,2026-09-13T21:00:00,25.8,67.0,3.6,286.9,0.0
14,2026-09-13T21:00:00,25.2,60.9,3.5,308.3,0.0
15,2026-09-13T21:00:00,24.0,64.4,3.5,296.0,0.0
1,2026-09-13T22:00:00,24.2,67.1,3.2,309.4,0.0
2,2026-09-13T22:00:00,22.8,69.1,3.6,296.9,0.0
3,2026-09-13T22:00:00,22.5,70.6,3.5,312.2,0.0
4,2026-09-13T22:00:00,23.6,70.0,3.4,285.9,0.0
5,2026-09-13T22:00:00,24.2,71.5,3.5,288.1,0.0
6,2026-09-13T22:00:00,23.6,74.6,3.2,296.1,0.0
7,2026-09-13T22:00:00,24.0,69.0,3.2,305.7,0.0
8,2026-09-13T22:00:00,24.0,69.2,3.3,293.1,0.0
9,2026-09-13T22:00:00,23.9,68.5,3.5,275.6,0.0
10,2026-09-13T22:00:00,24.7,72.6,3.5,314.2,0.0
11,2026-09-13T22:00:00,24.2,66.0,3.0,290.7,0.0
12,2026-09-13T22:00:00,23.7,71.1,3.2,295.0,0.0
13,2026-09-13T22:00:00,23.9,68.3,3.2,296.7,0.0
14,2026-09-13T22:00:00,24.1,68.3,3.7,305.1,0.0
15,2026-09-13T22:00:00,23.7,68.2,3.5,295.4,0.0
1,2026-09-13T23:00:00,22.1,72.9,2.8,286.1,0.0
2,2026-09-13T23:00:00,21.9,73.5,2.8,292.5,0.0
3,2026-09-13T23:00:00,20.9,73.0,2.9,289.6,0.0
4,2026-09-13T23:00:00,23.5,72.5,3.2,287.1,0.0
5,2026-09-13T23:00:00,22.1,72.7,3.4,282.6,0.0
6,2026-09-13T23:00:00,22.2,70.8,3.3,291.7,0.0
7,2026-09-13T23:00:00,21.7,69.7,3.0,295.0,0.0
8,2026-09-13T23:00:00,22.4,72.8,3.1,293.2,0.0
9,2026-09-13T23:00:00,22.6,73.5,2.6,273.3,0.0
10,2026-09-13T23:00:00,24.0,69.7,2.7,309.4,0.0
11,2026-09-13T23:00:00,22.3,76.5,3.0,292.3,0.0
12,2026-09-13T23:00:00,22.9,73.6,3.0,274.8,0.0
13,2026-09-13T23:00:00,23.0,76.4,3.1,290.9,0.0
14,2026-09-13T23:00:00,22.9,72.0,2.9,288.2,0.0
15,2026-09-13T23:00:00,23.5,71.9,2.9,303.9,0.0
1,2026-09-14T00:00:00,22.6,75.2,2.5,295.7,0.0
2,2026-09-14T00:00:00,21.3,73.6,2.8,299.4,0.0
3,2026-09-14T00:00:00,20.2,77.2,2.9,278.6,0.0
4,2026-09-14T00:00:00,21.0,77.1,2.7,271.4,0.0
5,2026-09-14T00:00:00,21.2,75.3,3.0,291.9,0.0
6,2026-09-14T00:00:00,22.2,73.8,2.8,272.9,0.0
7,2026-09-14T00:00:00,21.7,77.7,2.9,283.4,0.0
8,2026-09-14T00:00:00,22.6,73.4,3.1,271.0,0.0
9,2026-09-14T00:00:00,21.2,75.3,2.9,289.9,0.0
10,2026-09-14T00:00:00,21.4,75.1,2.8,295.7,0.0
11,2026-09-14T00:00:00,22.1,79.9,2.8,274.0,0.0
12,2026-09-14T00:00:00,21.4,75.0,2.5,288.5,0.0
13,2026-09-14T00:00:00,22.3,77.7,2.2,281.6,0.0
14,2026-09-14T00:00:00,21.7,79.0,3.1,290.5,0.0
15,2026-09-14T00:00:00,20.8,74.8,3.1,280.6,0.0
1,2026-09-14T01:00:00,20.8,76.5,2.8,275.7,0.0
2,2026-09-14T01:00:00,20.6,79.5,2.6,275.6,0.0
3,2026-09-14T01:00:00,21.1,80.0,3.1,275.3,0.0
4,2026-09-14T01:00:00,20.5,77.0,2.3,289.6,0.0
5,2026-09-14T01:00:00,20.3,82.5,2.8,274.9,0.0
6,2026-09-14T01:00:00,20.8,80.0,2.5,290.7,0.0
7,2026-09-14T01:00:00,20.1,78.1,1.9,254.1,0.0
8,2026-09-14T01:00:00,20.6,79.5,2.4,287.0,0.0
9,2026-09-14T01:00:00,20.0,78.2,2.8,273.1,0.0
10,2026-09-14T01:00:00,20.8,80.1,2.6,271.5,0.0
11,2026-09-14T01:00:00,19.4,78.1,2.7,281.1,0.0
12,2026-09-14T01:00:00,22.0,81.7,2.8,286.5,0.0
13,2026-09-14T01:00:00,20.0,79.4,2.8,280.6,0.0
14,2026-09-14T01:00:00,19.6,78.4,2.3,274.4,0.0
15,2026-09-14T01:00:00,20.9,75.8,2.7,278.1,0.0
1,2026-09-14T02:00:00,19.9,79.7,2.3,277.1,0.0
2,2026-09-14T02:00:00,19.7,81.7,2.1,268.5,0.0
3,2026-09-14T02:00:00,20.8,81.5,2.3,275.2,0.0
4,2026-09-14T02:00:00,19.6,78.0,2.3,274.6,0.0
5,2026-09-14T02:00:00,19.5,82.9,2.3,283.1,0.0
6,2026-09-14T02:00:00,20.5,80.7,1.9,281.3,0.0
7,2026-09-14T02:00:00,20.2,81.3,2.0,283.4,0.0
8,2026-09-14T02:00:00,19.9,79.8,2.1,261.7,0.0
9,2026-09-14T02:00:00,19.1,82.8,1.9,289.6,0.0
10,2026-09-14T02:00:00,20.2,79.1,2.3,281.7,0.0
11,2026-09-14T02:00:00,19.6,80.1,2.3,268.3,0.0
12,2026-09-14T02:00:00,19.6,81.9,2.5,278.0,0.0
13,2026-09-14T02:00:00,20.1,79.3,2.3,280.3,0.0
14,2026-09-14T02:00:00,20.9,79.2,2.5,267.7,0.0
15,2026-09-14T02:00:00,19.5,81.6,2.4,290.1,0.0
1,2026-09-14T03:00:00,19.8,82.3,2.1,274.3,0.0
2,2026-09-14T03:00:00,21.1,80.7,2.0,274.8,0.0
3,2026-09-14T03:00:00,20.0,78.3,1.9,266.7,0.0
4,2026-09-14T03:00:00,20.2,81.3,1.9,251.2,0.0
5,2026-09-14T03:00:00,20.2,80.6,2.1,260.1,0.0
6,2026-09-14T03:00:00,18.7,79.4,1.7,265.4,0.0
7,2026-09-14T03:00:00,20.3,79.5,2.3,259.9,0.0
8,2026-09-14T03:00:00,19.8,78.8,1.8,271.4,0.0
9,2026-09-14T03:00:00,20.1,80.0,2.3,271.4,0.0
10,2026-09-14T03:00:00,19.5,78.1,2.2,285.2,0.0
11,2026-09-14T03:00:00,19.9,77.5,2.0,272.2,0.0
12,2026-09-14T03:00:00,19.2,81.3,2.2,261.0,0.0
13,2026-09-14T03:00:00,19.7,81.8,2.5,270.3,0.0
14,2026-09-14T03:00:00,19.6,81.0,2.1,272.3,0.0
15,2026-09-14T03:00:00,19.1,80.1,2.3,263.9,0.0
1,2026-09-14T04:00:00,20.6,82.4,2.4,264.7,0.0
2,2026-09-14T04:00:00,19.8,76.5,2.4,257.5,0.0
3,2026-09-14T04:00:00,20.2,80.1,2.1,265.1,0.0
4,2026-09-14T04:00:00,19.6,75.2,2.0,262.3,0.0
5,2026-09-14T04:00:00,20.7,78.6,1.8,258.8,0.0
6,2026-09-14T04:00:00,20.5,76.2,2.2,265.2,0.0
7,2026-09-14T04:00:00,21.4,76.4,1.6,267.9,0.0
8,2026-09-14T04:00:00,21.0,77.1,1.6,276.5,0.0
9,2026-09-14T04:00:00,21.2,79.7,2.1,260.3,0.0
10,2026-09-14T04:00:00,20.6,76.3,2.0,241.3,0.0
11,2026-09-14T04:00:00,20.2,77.6,2.0,282.0,0.0
12,2026-09-14T04:00:00,20.6,78.2,2.2,253.4,0.0
13,2026-09-14T04:00:00,20.5,80.0,2.0,254.2,0.0
14,2026-09-14T04:00:00,20.2,75.5,1.9,270.7,0.0
15,2026-09-14T04:00:00,20.6,81.4,2.6,280.4,0.0
1,2026-09-14T05:00:00,21.5,78.2,1.8,258.6,0.0
2,2026-09-14T05:00:00,21.2,72.0,1.7,259.4,0.0
3,2026-09-14T05:00:00,20.8,74.6,1.8,261.2,0.0
4,2026-09-14T05:00:00,21.5,76.8,2.1,272.9,0.0
5,2026-09-14T05:00:00,21.2,77.1,2.1,253.2,0.0
6,2026-09-14T05:00:00,22.1,77.0,1.6,257.9,0.0
7,2026-09-14T05:00:00,21.6,79.3,2.6,294.1,0.0
8,2026-09-14T05:00:00,21.1,77.8,1.9,253.1,0.0
9,2026-09-14T05:00:00,22.5,74.1,2.0,255.3,0.0
10,2026-09-14T05:00:00,21.1,73.8,2.1,267.2,0.0
11,2026-09-14T05:00:00,22.2,77.4,1.9,274.2,0.0
12,2026-09-14T05:00:00,20.3,75.1,1.9,261.5,0.0
13,2026-09-14T05:00:00,20.9,77.0,2.1,271.9,0.0
14,2026-09-14T05:00:00,20.7,70.5,1.7,276.7,0.0
15,2026-09-14T05:00:00,21.5,76.7,1.5,262.4,0.0
1,2026-09-14T06:00:00,22.1,75.3,1.4,263.7,0.0
2,2026-09-14T06:00:00,24.0,74.6,1.9,249.9,0.0
3,2026-09-14T06:00:00,22.2,68.5,1.7,260.2,0.0
4,2026-09-14T06:00:00,22.6,71.7,2.2,261.5,0.0
5,2026-09-14T06:00:00,23.1,74.7,1.4,253.8,0.0
6,2026-09-14T06:00:00,22.0,74.1,1.4,257.0,0.0
7,2026-09-14T06:00:00,23.4,70.5,2.1,267.6,0.0
8,2026-09-14T06:00:00,22.5,73.6,1.7,247.1,0.0
9,2026-09-14T06:00:00,22.7,75.1,1.9,265.6,0.0
10,2026-09-14T06:00:00,22.4,72.7,1.6,247.4,0.0
11,2026-09-14T06:00:00,22.1,72.0,1.9,254.5,0.0
12,2026-09-14T06:00:00,23.3,72.9,1.7,253.2,0.0
13,2026-09-14T06:00:00,21.9,70.0,1.9,276.8,0.0
14,2026-09-14T06:00:00,22.2,74.9,1.6,268.1,0.0
15,2026-09-14T06:00:00,21.7,76.2,1.3,254.9,0.0
1,2026-09-14T07:00:00,24.6,68.3,1.8,273.4,0.0
2,2026-09-14T07:00:00,23.2,66.5,2.1,260.4,0.0
3,2026-09-14T07:00:00,23.7,67.2,2.0,264.9,0.0
4,2026-09-14T07:00:00,23.7,69.8,1.9,258.8,0.0
5,2026-09-14T07:00:00,24.2,69.3,1.3,261.9,0.0
6,2026-09-14T07:00:00,23.3,71.1,2.1,260.3,0.0
7,2026-09-14T07:00:00,24.4,71.0,1.8,266.1,0.0
8,2026-09-14T07:00:00,22.4,68.4,1.9,258.5,0.0
9,2026-09-14T07:00:00,24.5,68.6,1.4,268.1,0.0
10,2026-09-14T07:00:00,23.7,72.2,1.6,262.0,0.0
11,2026-09-14T07:00:00,24.2,69.1,1.7,250.9,0.0
12,2026-09-14T07:00:00,23.6,69.9,1.6,257.2,0.0
13,2026-09-14T07:00:00,24.0,69.4,1.9,272.6,0.0
14,2026-09-14T07:00:00,24.0,68.3,1.8,274.9,0.0
15,2026-09-14T07:00:00,24.6,66.7,2.0,256.8,0.0
1,2026-09-14T08:00:00,25.1,63.9,2.0,251.1,0.0
2,2026-09-14T08:00:00,24.7,63.6,1.9,260.4,0.0
3,2026-09-14T08:00:00,25.5,63.6,1.9,260.7,0.0
4,2026-09-14T08:00:00,25.6,64.1,2.0,252.0,0.0
5,2026-09-14T08:00:00,25.3,64.2,1.9,260.7,0.0
6,2026-09-14T08:00:00,25.3,64.7,1.7,244.4,0.0
7,2026-09-14T08:00:00,24.9,62.5,2.1,262.1,0.0
8,2026-09-14T08:00:00,25.1,66.0,1.9,245.5,0.0
9,2026-09-14T08:00:00,25.9,65.5,1.9,255.1,0.0
10,2026-09-14T08:00:00,24.6,65.4,1.9,272.5,0.0
11,2026-09-14T08:00:00,25.2,63.7,1.6,258.2,0.0
12,2026-09-14T08:00:00,25.4,61.4,1.9,250.2,0.0
13,2026-09-14T08:00:00,25.2,62.8,1.7,255.8,0.0
14,2026-09-14T08:00:00,25.6,65.8,2.2,267.3,0.0
15,2026-09-14T08:00:00,26.3,65.5,2.2,260.6,0.0
1,2026-09-14T09:00:00,26.5,59.1,2.4,246.6,0.0
2,2026-09-14T09:00:00,28.8,59.0,1.9,239.0,0.0
3,2026-09-14T09:00:00,28.1,59.7,2.3,253.1,0.0
4,2026-09-14T09:00:00,27.1,62.4,2.2,259.0,0.0
5,2026-09-14T09:00:00,27.1,59.6,2.6,219.7,0.0
6,2026-09-14T09:00:00,27.3,57.9,2.1,244.1,0.0
7,2026-09-14T09:00:00,26.6,58.5,1.9,247.8,0.0
8,2026-09-14T09:00:00,28.5,61.8,1.7,252.6,0.0
9,2026-09-14T09:00:00,26.8,60.2,2.1,248.6,0.0
10,2026-09-14T09:00:00,27.6,60.8,1.4,241.2,0.0
11,2026-09-14T09:00:00,27.3,61.3,1.8,238.5,0.0
12,2026-09-14T09:00:00,26.9,61.2,2.2,257.8,0.0
13,2026-09-14T09:00:00,26.0,65.1,1.7,243.1,0.0
14,2026-09-14T09:00:00,27.7,62.0,2.1,260.6,0.0
15,2026-09-14T09:00:00,26.7,58.8,2.0,239.5,0.0
1,2026-09-14T10:00:00,29.3,55.3,2.4,236.6,0.0
2,2026-09-14T10:00:00,29.3,54.4,2.3,239.5,0.0
3,2026-09-14T10:00:00,28.4,55.6,2.1,256.4,0.0
4,2026-09-14T10:00:00,29.3,53.6,1.8,241.4,0.0
5,2026-09-14T10:00:00,28.4,56.9,1.8,233.0,0.0
6,2026-09-14T10:00:00,28.1,55.7,2.5,265.4,0.0
7,2026-09-14T10:00:00,29.0,52.7,2.1,246.1,0.0
8,2026-09-14T10:00:00,28.3,55.3,2.1,233.0,0.0
9,2026-09-14T10:00:00,28.7,54.6,2.4,226.5,0.0
10,2026-09-14T10:00:00,28.7,57.3,2.5,242.7,0.0
11,2026-09-14T10:00:00,28.7,54.4,2.5,238.1,0.0
12,2026-09-14T10:00:00,28.5,54.1,2.2,256.3,0.0
13,2026-09-14T10:00:00,28.9,51.0,2.0,265.5,0.0
14,2026-09-14T10:00:00,29.0,55.1,1.9,230.0,0.0
15,2026-09-14T10:00:00,28.5,52.2,2.3,246.7,0.0
1,2026-09-14T11:00:00,31.0,50.9,2.6,243.6,0.0
2,2026-09-14T11:00:00,30.1,51.7,2.6,234.3,0.0
3,2026-09-14T11:00:00,30.8,51.8,2.7,240.8,0.0
4,2026-09-14T11:00:00,31.1,53.5,2.6,248.5,0.0
5,2026-09-14T11:00:00,30.6,52.4,2.5,256.0,0.0
6,2026-09-14T11:00:00,30.0,53.4,2.5,228.0,0.0
7,2026-09-14T11:00:00,30.4,47.6,2.1,261.0,0.0
8,2026-09-14T11:00:00,30.5,49.6,2.6,255.1,0.0
9,2026-09-14T11:00:00,31.3,52.0,2.8,254.6,0.0
10,2026-09-14T11:00:00,29.5,50.4,2.7,239.3,0.0
11,2026-09-14T11:00:00,29.9,50.9,2.4,239.6,0.0
12,2026-09-14T11:00:00,30.2,52.8,2.5,245.4,0.0
13,2026-09-14T11:00:00,29.6,49.9,2.8,248.2,0.0
14,2026-09-14T11:00:00,31.0,50.8,3.2,264.6,0.0
15,2026-09-14T11:00:00,30.5,52.9,2.2,254.3,0.0
1,2026-09-14T12:00:00,31.8,51.6,2.7,247.9,0.0
2,2026-09-14T12:00:00,31.0,51.7,2.9,254.3,0.0
3,2026-09-14T12:00:00,31.4,47.7,2.4,257.0,0.0
4,2026-09-14T12:00:00,31.9,45.1,2.9,239.5,0.0
5,2026-09-14T12:00:00,31.6,50.6,2.7,232.4,0.0
6,2026-09-14T12:00:00,32.3,47.0,3.0,259.2,0.0
7,2026-09-14T12:00:00,31.8,52.4,3.0,238.8,0.0
8,2026-09-14T12:00:00,32.0,48.4,2.7,230.3,0.0
9,2026-09-14T12:00:00,32.3,49.1,2.7,218.5,0.0
10,2026-09-14T12:00:00,32.2,46.3,3.3,245.1,0.0
11,2026-09-14T12:00:00,31.4,51.3,2.5,224.6,0.0
12,2026-09-14T12:00:00,32.5,49.2,2.9,234.4,0.0
13,2026-09-14T12:00:00,31.9,50.8,3.1,237.5,0.0
14,2026-09-14T12:00:00,31.8,47.6,2.7,245.1,0.0
15,2026-09-14T12:00:00,31.9,46.9,2.5,243.2,0.0
1,2026-09-14T13:00:00,32.1,47.5,2.5,233.0,0.0
2,2026-09-14T13:00:00,32.2,44.6,3.2,264.2,0.0
3,2026-09-14T13:00:00,31.6,46.4,3.1,253.6,0.0
4,2026-09-14T13:00:00,33.4,47.2,3.2,250.5,0.0
5,2026-09-14T13:00:00,31.7,45.1,3.0,262.0,0.0
6,2026-09-14T13:00:00,32.2,46.1,2.7,232.8,0.0
7,2026-09-14T13:00:00,31.6,43.4,3.1,240.9,0.0
8,2026-09-14T13:00:00,32.4,47.1,2.8,233.5,0.0
9,2026-09-14T13:00:00,31.8,46.7,3.1,246.7,0.0
10,2026-09-14T13:00:00,33.2,46.4,2.9,266.9,0.0
11,2026-09-14T13:00:00,31.8,44.8,2.8,221.7,0.0
12,2026-09-14T13:00:00,32.3,48.0,3.3,251.9,0.0
13,2026-09-14T13:00:00,32.9,50.1,3.2,242.6,0.0
14,2026-09-14T13:00:00,32.6,45.4,2.9,231.0,0.0
15,2026-09-14T13:00:00,32.5,49.8,3.0,248.8,0.0
1,2026-09-14T14:00:00,33.0,44.8,3.0,263.2,0.0
2,2026-09-14T14:00:00,32.9,48.1,3.1,242.0,0.0
3,2026-09-14T14:00:00,32.5,43.5,2.8,247.0,0.0
4,2026-09-14T14:00:00,32.8,46.1,3.2,235.3,0.0
5,2026-09-14T14:00:00,32.8,46.3,3.4,248.9,0.0
6,2026-09-14T14:00:00,32.2,42.9,3.4,247.3,0.0
7,2026-09-14T14:00:00,32.3,42.3,3.7,248.1,0.0
8,2026-09-14T14:00:00,33.4,45.0,3.2,257.7,0.0
9,2026-09-14T14:00:00,32.1,44.5,3.2,262.5,0.0
10,2026-09-14T14:00:00,32.4,47.0,3.0,267.6,0.0
11,2026-09-14T14:00:00,32.6,43.7,2.9,250.4,0.0
12,2026-09-14T14:00:00,33.2,46.3,2.8,255.3,0.0
13,2026-09-14T14:00:00,32.7,47.3,3.6,232.7,0.0
14,2026-09-14T14:00:00,33.4,44.4,3.4,245.8,0.0
15,2026-09-14T14:00:00,33.0,46.6,3.4,254.8,0.0
1,2026-09-14T15:00:00,33.0,46.3,3.1,234.2,0.0
2,2026-09-14T15:00:00,31.7,43.7,3.7,240.9,0.0
3,2026-09-14T15:00:00,32.8,47.9,3.2,236.6,0.0
4,2026-09-14T15:00:00,33.2,45.4,3.3,264.2,0.0
5,2026-09-14T15:00:00,33.2,44.7,3.1,242.9,0.0
6,2026-09-14T15:00:00,32.4,43.0,3.4,230.3,0.0
7,2026-09-14T15:00:00,33.3,45.4,3.3,245.2,0.0
8,2026-09-14T15:00:00,32.3,42.8,3.1,259.3,0.0
9,2026-09-14T15:00:00,33.4,47.4,3.1,244.9,0.0
10,2026-09-14T15:00:00,32.8,45.3,3.3,236.5,0.0
11,2026-09-14T15:00:00,32.5,46.2,3.2,244.0,0.0
12,2026-09-14T15:00:00,33.7,43.5,3.8,254.3,0.0
13,2026-09-14T15:00:00,32.4,43.8,3.6,254.4,0.0
14,2026-09-14T15:00:00,32.7,46.3,3.2,266.0,0.0
15,2026-09-14T15:00:00,32.9,43.8,3.2,238.6,0.0
1,2026-09-14T16:00:00,33.2,44.5,4.0,255.1,0.0
2,2026-09-14T16:00:00,30.5,46.4,3.5,225.3,0.0
3,2026-09-14T16:00:00,33.2,43.6,3.6,263.2,0.0
4,2026-09-14T16:00:00,32.9,46.8,3.7,247.3,0.0
5,2026-09-14T16:00:00,32.5,47.3,3.9,248.9,0.0
6,2026-09-14T16:00:00,31.9,48.1,3.5,264.4,0.0
7,2026-09-14T16:00:00,32.8,45.8,3.6,236.8,0.0
8,2026-09-14T16:00:00,32.1,51.3,3.5,245.3,0.0
9,2026-09-14T16:00:00,32.8,46.8,3.6,264.4,0.0
10,2026-09-14T16:00:00,32.9,45.4,3.6,249.6,0.0
11,2026-09-14T16:00:00,31.4,49.4,4.1,225.9,0.0
12,2026-09-14T16:00:00,31.9,46.4,3.9,240.7,0.0
13,2026-09-14T16:00:00,33.3,47.0,3.5,258.9,0.0
14,2026-09-14T16:00:00,32.6,46.0,3.4,266.8,0.0
15,2026-09-14T16:00:00,32.6,46.1,3.6,245.9,0.0
1,2026-09-14T17:00:00,32.2,48.7,4.3,232.0,0.0
2,2026-09-14T17:00:00,30.8,48.2,3.9,243.1,0.0
3,2026-09-14T17:00:00,31.1,48.5,3.5,255.7,0.0
4,2026-09-14T17:00:00,31.5,47.6,3.9,236.8,0.0
5,2026-09-14T17:00:00,30.9,50.2,4.1,262.2,0.0
6,2026-09-14T17:00:00,30.4,49.3,4.1,255.2,0.0
7,2026-09-14T17:00:00,31.8,46.3,3.4,241.6,0.0
8,2026-09-14T17:00:00,31.6,46.3,3.6,232.5,0.0
9,2026-09-14T17:00:00,31.8,47.6,3.9,232.5,0.0
10,2026-09-14T17:00:00,31.0,48.1,3.5,246.0,0.0
11,2026-09-14T17:00:00,31.0,47.7,3.6,247.4,0.0
12,2026-09-14T17:00:00,31.6,51.0,3.6,250.1,0.0
13,2026-09-14T17:00:00,32.0,48.0,3.8,231.5,0.0
14,2026-09-14T17:00:00,31.5,47.5,3.5,246.2,0.0
15,2026-09-14T17:00:00,31.4,48.7,3.3,258.7,0.0
1,2026-09-14T18:00:00,29.2,49.0,3.3,236.1,0.0
2,2026-09-14T18:00:00,30.3,49.7,3.7,254.4,0.0
3,2026-09-14T18:00:00,30.3,55.8,4.1,247.7,0.0
4,2026-09-14T18:00:00,29.8,51.4,3.9,250.4,0.0
5,2026-09-14T18:00:00,30.3,52.9,3.7,237.9,0.0
6,2026-09-14T18:00:00,31.2,50.2,3.6,260.8,0.0
7,2026-09-14T18:00:00,30.7,51.0,3.5,252.5,0.0
8,2026-09-14T18:00:00,28.7,50.8,4.0,260.5,0.0
9,2026-09-14T18:00:00,29.0,50.9,3.8,260.4,0.0
10,2026-09-14T18:00:00,30.6,53.4,3.9,245.0,0.0
11,2026-09-14T18:00:00,30.8,53.0,4.1,246.9,0.0
12,2026-09-14T18:00:00,32.2,52.2,3.4,256.7,0.0
13,2026-09-14T18:00:00,31.1,50.9,4.1,263.5,0.0
14,2026-09-14T18:00:00,30.1,50.7,3.9,269.7,0.0
15,2026-09-14T18:00:00,30.5,49.3,3.6,250.0,0.0
1,2026-09-14T19:00:00,27.6,56.4,3.8,266.5,0.0
2,2026-09-14T19:00:00,28.1,53.2,3.6,285.9,0.0
3,2026-09-14T19:00:00,28.8,54.9,4.0,234.4,0.0
4,2026-09-14T19:00:00,28.5,55.1,3.4,260.0,0.0
5,2026-09-14T19:00:00,28.3,54.2,3.9,252.5,0.0
6,2026-09-14T19:00:00,27.6,53.7,3.7,253.9,0.0
7,2026-09-14T19:00:00,28.8,56.6,3.5,257.6,0.0
8,2026-09-14T19:00:00,29.1,56.4,3.6,251.7,0.0
9,2026-09-14T19:00:00,27.9,57.3,3.9,260.8,0.0
10,2026-09-14T19:00:00,30.1,57.2,4.2,259.0,0.0
11,2026-09-14T19:00:00,29.1,56.8,3.7,253.8,0.0
12,2026-09-14T19:00:00,29.3,61.0,3.6,251.4,0.0
13,2026-09-14T19:00:00,30.1,56.6,3.5,259.1,0.0
14,2026-09-14T19:00:00,29.0,54.7,3.6,279.9,0.0
15,2026-09-14T19:00:00,29.6,54.8,3.9,243.7,0.0
1,2026-09-14T20:00:00,26.9,61.1,3.1,266.2,0.0
2,2026-09-14T20:00:00,28.6,59.2,3.9,259.4,0.0
3,2026-09-14T20:00:00,27.0,61.7,3.5,269.5,0.0
4,2026-09-14T20:00:00,27.9,63.6,3.8,259.7,0.0
5,2026-09-14T20:00:00,27.3,57.2,3.7,257.6,0.0
6,2026-09-14T20:00:00,27.1,59.6,4.1,251.0,0.0
7,2026-09-14T20:00:00,27.3,58.6,3.9,258.8,0.0
8,2026-09-14T20:00:00,26.7,58.6,3.4,270.8,0.0
9,2026-09-14T20:00:00,27.3,63.2,3.6,243.3,0.0
10,2026-09-14T20:00:00,28.3,60.4,3.6,246.1,0.0
11,2026-09-14T20:00:00,28.2,62.6,3.6,267.2,0.0
12,2026-09-14T20:00:00,26.3,60.7,3.7,255.5,0.0
13,2026-09-14T20:00:00,27.6,60.7,3.5,240.2,0.0
14,2026-09-14T20:00:00,28.4,60.0,3.3,261.1,0.0
15,2026-09-14T20:00:00,26.9,60.6,3.7,252.6,0.0
1,2026-09-14T21:00:00,25.6,63.9,3.3,262.2,0.0
2,2026-09-14T21:00:00,25.2,66.7,3.8,251.4,0.0
3,2026-09-14T21:00:00,26.1,69.6,3.3,273.3,0.0
4,2026-09-14T21:00:00,25.8,64.0,3.6,272.6,0.0
5,2026-09-14T21:00:00,26.7,61.6,3.6,265.5,0.0
6,2026-09-14T21:00:00,25.6,63.0,3.8,262.9,0.0
7,2026-09-14T21:00:00,25.5,65.6,3.4,264.9,0.0
8,2026-09-14T21:00:00,26.4,66.3,3.6,236.5,0.0
9,2026-09-14T21:00:00,25.6,63.2,3.3,260.5,0.0
10,2026-09-14T21:00:00,26.3,66.4,3.6,253.0,0.0
11,2026-09-14T21:00:00,25.0,65.5,3.2,252.1,0.0
12,2026-09-14T21:00:00,24.5,63.9,3.8,265.0,0.0
13,2026-09-14T21:00:00,25.2,65.5,3.5,278.4,0.0
14,2026-09-14T21:00:00,25.0,65.9,3.3,274.8,0.0
15,2026-09-14T21:00:00,26.1,65.6,3.8,260.9,0.0
1,2026-09-14T22:00:00,24.4,67.7,3.0,248.2,0.0
2,2026-09-14T22:00:00,22.8,73.3,2.9,261.1,0.0
3,2026-09-14T22:00:00,23.5,67.8,3.6,258.6,0.0
4,2026-09-14T22:00:00,24.9,70.4,3.3,271.7,0.0
5,2026-09-14T22:00:00,24.1,66.0,3.3,257.2,0.0
6,2026-09-14T22:00:00,24.8,67.8,3.5,243.5,0.0
7,2026-09-14T22:00:00,23.9,67.7,3.0,282.8,0.0
8,2026-09-14T22:00:00,24.3,69.7,3.2,267.7,0.0
9,2026-09-14T22:00:00,23.7,66.7,3.3,256.5,0.0
10,2026-09-14T22:00:00,23.8,68.8,3.5,289.7,0.0
11,2026-09-14T22:00:00,24.8,72.8,3.5,267.6,0.0
12,2026-09-14T22:00:00,23.2,69.8,3.6,273.4,0.0
13,2026-09-14T22:00:00,24.1,70.3,3.4,281.6,0.0
14,2026-09-14T22:00:00,24.4,67.2,3.4,272.7,0.0
15,2026-09-14T22:00:00,24.2,68.1,3.3,259.7,0.0
1,2026-09-14T23:00:00,23.8,73.1,3.0,284.2,0.0
2,2026-09-14T23:00:00,23.5,71.6,2.8,280.0,0.0
3,2026-09-14T23:00:00,22.4,77.9,3.5,287.6,0.0
4,2026-09-14T23:00:00,22.5,70.2,2.9,283.7,0.0
5,2026-09-14T23:00:00,22.8,75.1,2.8,294.6,0.0
6,2026-09-14T23:00:00,23.0,73.3,3.2,287.4,0.0
7,2026-09-14T23:00:00,21.9,74.7,2.6,258.9,0.0
8,2026-09-14T23:00:00,22.7,73.4,2.7,263.8,0.0
9,2026-09-14T23:00:00,23.4,72.2,3.6,254.3,0.0
10,2026-09-14T23:00:00,22.0,72.0,3.0,272.2,0.0
11,2026-09-14T23:00:00,22.2,72.2,3.2,272.9,0.0
12,2026-09-14T23:00:00,22.9,74.2,3.0,277.1,0.0
13,2026-09-14T23:00:00,23.5,72.4,2.8,258.6,0.0
14,2026-09-14T23:00:00,22.2,70.2,3.3,283.3,0.0
15,2026-09-14T23:00:00,22.6,73.5,3.0,275.7,0.0
1,2026-09-15T00:00:00,21.6,77.6,2.6,271.7,0.0
2,2026-09-15T00:00:00,21.6,77.1,2.7,267.2,0.0
3,2026-09-15T00:00:00,21.5,78.3,3.0,269.2,0.0
4,2026-09-15T00:00:00,21.3,76.2,2.7,281.4,0.0
5,2026-09-15T00:00:00,21.9,73.4,2.8,269.7,0.0
6,2026-09-15T00:00:00,21.6,76.3,2.8,281.8,0.0
7,2026-09-15T00:00:00,20.5,77.6,2.5,283.7,0.0
8,2026-09-15T00:00:00,20.9,75.8,3.0,269.8,0.0
9,2026-09-15T00:00:00,22.5,76.7,2.8,281.4,0.0
10,2026-09-15T00:00:00,21.6,75.8,2.9,263.1,0.0
11,2026-09-15T00:00:00,21.8,74.4,2.5,277.7,0.0
12,2026-09-15T00:00:00,21.2,81.3,3.1,282.1,0.0
13,2026-09-15T00:00:00,21.2,76.5,2.7,278.3,0.0
14,2026-09-15T00:00:00,22.0,80.0,3.3,273.6,0.0
15,2026-09-15T00:00:00,21.3,74.8,2.9,282.2,0.0
1,2026-09-15T01:00:00,20.7,78.4,2.5,282.3,0.0
2,2026-09-15T01:00:00,19.8,76.2,2.7,280.0,0.0
3,2026-09-15T01:00:00,21.1,77.4,2.3,286.9,0.0
4,2026-09-15T01:00:00,21.0,79.1,3.0,277.9,0.0
5,2026-09-15T01:00:00,21.0,80.0,3.0,294.0,0.0
6,2026-09-15T01:00:00,19.9,76.7,2.5,281.3,0.0
7,2026-09-15T01:00:00,20.2,77.2,2.5,287.4,0.0
8,2026-09-15T01:00:00,20.3,79.7,2.5,279.9,0.0
9,2026-09-15T01:00:00,20.2,77.4,2.1,281.4,0.0
10,2026-09-15T01:00:00,20.2,78.3,2.7,293.3,0.0
11,2026-09-15T01:00:00,19.2,76.3,2.7,267.9,0.0
12,2026-09-15T01:00:00,20.7,76.6,2.2,283.6,0.0
13,2026-09-15T01:00:00,19.9,79.5,2.1,277.2,0.0
14,2026-09-15T01:00:00,20.5,81.8,2.9,274.5,0.0
15,2026-09-15T01:00:00,20.2,81.2,2.4,280.4,0.0
1,2026-09-15T02:00:00,20.2,80.0,2.4,283.3,0.0
2,2026-09-15T02:00:00,20.4,83.9,2.3,284.4,0.0
3,2026-09-15T02:00:00,20.2,78.7,2.1,296.6,0.0
4,2026-09-15T02:00:00,19.8,78.1,1.5,304.6,0.0
5,2026-09-15T02:00:00,20.3,80.4,2.2,278.1,0.0
6,2026-09-15T02:00:00,19.4,80.6,2.2,301.3,0.0
7,2026-09-15T02:00:00,19.3,77.5,2.2,292.3,0.0
8,2026-09-15T02:00:00,20.3,78.9,2.2,305.3,0.0
9,2026-09-15T02:00:00,20.5,82.0,2.5,279.3,0.0
10,2026-09-15T02:00:00,20.7,77.3,2.2,299.1,0.0
11,2026-09-15T02:00:00,19.5,79.8,2.1,274.0,0.0
12,2026-09-15T02:00:00,20.4,79.6,2.3,292.3,0.0
13,2026-09-15T02:00:00,19.2,82.1,2.2,280.8,0.0
14,2026-09-15T02:00:00,19.3,81.8,2.0,284.2,0.0
15,2026-09-15T02:00:00,20.2,79.7,2.4,289.7,0.0
1,2026-09-15T03:00:00,19.5,81.4,2.1,286.4,0.0
2,2026-09-15T03:00:00,18.9,81.6,1.8,280.2,0.0
3,2026-09-15T03:00:00,19.9,77.7,2.5,277.0,0.0
4,2026-09-15T03:00:00,19.8,78.9,1.6,293.6,0.0
5,2026-09-15T03:00:00,19.2,77.8,2.0,302.2,0.0
6,2026-09-15T03:00:00,20.3,79.5,2.3,293.8,0.0
7,2026-09-15T03:00:00,20.1,76.9,2.0,288.3,0.0
8,2026-09-15T03:00:00,19.5,79.7,1.9,291.9,0.0
9,2026-09-15T03:00:00,20.0,79.9,1.9,282.2,0.0
10,2026-09-15T03:00:00,20.6,80.1,1.7,295.8,0.0
11,2026-09-15T03:00:00,20.2,78.4,1.9,301.2,0.0
12,2026-09-15T03:00:00,19.7,81.3,1.5,290.1,0.0
13,2026-09-15T03:00:00,19.9,82.4,2.6,283.5,0.0
14,2026-09-15T03:00:00,19.5,79.7,1.6,288.0,0.0
15,2026-09-15T03:00:00,19.4,80.8,2.0,287.3,0.0
1,2026-09-15T04:00:00,21.0,80.8,1.8,291.1,0.0
2,2026-09-15T04:00:00,20.7,77.3,1.3,300.2,0.0
3,2026-09-15T04:00:00,21.2,77.8,1.5,286.7,0.0
4,2026-09-15T04:00:00,20.8,79.8,1.9,271.2,0.0
5,2026-09-15T04:00:00,20.0,80.6,2.3,289.0,0.0
6,2026-09-15T04:00:00,20.2,78.2,2.2,301.0,0.0
7,2026-09-15T04:00:00,19.3,79.6,1.9,296.9,0.0
8,2026-09-15T04:00:00,19.0,76.5,1.7,299.5,0.0
9,2026-09-15T04:00:00,21.0,80.7,1.8,298.3,0.0
10,2026-09-15T04:00:00,20.3,72.8,2.1,299.0,0.0
11,2026-09-15T04:00:00,21.7,81.3,2.2,290.1,0.0
12,2026-09-15T04:00:00,21.4,79.5,2.2,305.4,0.0
13,2026-09-15T04:00:00,21.4,77.6,2.7,296.1,0.0
14,2026-09-15T04:00:00,20.4,77.1,1.7,284.5,0.0
15,2026-09-15T04:00:00,20.9,76.7,1.9,291.4,0.0
1,2026-09-15T05:00:00,22.1,76.8,1.9,302.7,0.0
2,2026-09-15T05:00:00,21.2,79.1,1.5,300.2,0.0
3,2026-09-15T05:00:00,21.4,77.2,1.8,305.1,0.0
4,2026-09-15T05:00:00,21.6,76.9,1.8,297.3,0.0
5,2026-09-15T05:00:00,21.4,75.1,2.1,306.0,0.0
6,2026-09-15T05:00:00,21.3,78.8,1.9,297.4,0.0
7,2026-09-15T05:00:00,20.9,74.4,1.6,288.9,0.0
8,2026-09-15T05:00:00,21.7,77.5,1.8,279.3,0.0
9,2026-09-15T05:00:00,21.7,73.0,1.6,295.1,0.0
10,2026-09-15T05:00:00,21.2,75.6,1.7,289.7,0.0
11,2026-09-15T05:00:00,21.6,75.8,1.8,285.8,0.0
12,2026-09-15T05:00:00,21.2,77.9,2.1,305.8,0.0
13,2026-09-15T05:00:00,21.7,77.6,1.7,320.6,0.0
14,2026-09-15T05:00:00,21.6,75.6,2.5,290.2,0.0
15,2026-09-15T05:00:00,21.6,74.0,1.6,295.4,0.0
1,2026-09-15T06:00:00,22.8,74.0,2.0,299.3,0.0
2,2026-09-15T06:00:00,23.0,73.1,2.1,297.5,0.0
3,2026-09-15T06:00:00,21.5,71.3,1.9,289.0,0.0
4,2026-09-15T06:00:00,22.0,74.5,1.8,307.7,0.0
5,2026-09-15T06:00:00,23.7,70.8,1.9,302.6,0.0
6,2026-09-15T06:00:00,22.3,74.6,1.6,280.7,0.0
7,2026-09-15T06:00:00,22.2,76.0,1.8,296.7,0.0
8,2026-09-15T06:00:00,21.7,71.8,1.7,317.9,0.0
9,2026-09-15T06:00:00,22.7,72.6,1.8,295.7,0.0
10,2026-09-15T06:00:00,22.4,78.4,1.6,306.4,0.0
11,2026-09-15T06:00:00,22.3,75.4,1.2,315.9,0.0
12,2026-09-15T06:00:00,22.6,71.7,1.6,295.5,0.0
13,2026-09-15T06:00:00,23.2,72.2,1.8,309.0,0.0
14,2026-09-15T06:00:00,22.6,70.5,2.4,290.3,0.0
15,2026-09-15T06:00:00,21.7,73.7,2.0,307.7,0.0
1,2026-09-15T07:00:00,23.7,67.2,1.9,303.5,0.0
2,2026-09-15T07:00:00,24.6,70.1,1.9,296.0,0.0
3,2026-09-15T07:00:00,25.0,70.0,1.9,300.0,0.0
4,2026-09-15T07:00:00,23.9,69.0,1.9,311.5,0.0
5,2026-09-15T07:00:00,24.1,68.1,1.8,313.9,0.0
6,2026-09-15T07:00:00,24.3,69.2,2.3,304.8,0.0
7,2026-09-15T07:00:00,23.7,68.0,1.9,285.1,0.0
8,2026-09-15T07:00:00,24.0,69.6,2.1,311.4,0.0
9,2026-09-15T07:00:00,24.1,69.0,1.5,305.1,0.0
10,2026-09-15T07:00:00,25.0,72.6,1.9,303.0,0.0
11,2026-09-15T07:00:00,23.8,68.4,1.6,310.5,0.0
12,2026-09-15T07:00:00,23.6,65.1,1.9,312.5,0.0
13,2026-09-15T07:00:00,24.6,69.8,1.9,318.4,0.0
14,2026-09-15T07:00:00,24.5,70.9,1.6,288.5,0.0
15,2026-09-15T07:00:00,23.6,68.1,1.8,301.2,0.0
1,2026-09-15T08:00:00,25.9,65.9,2.2,301.3,0.0
2,2026-09-15T08:00:00,26.7,65.4,2.0,299.9,0.0
3,2026-09-15T08:00:00,25.7,63.3,1.9,301.9,0.0
4,2026-09-15T08:00:00,25.4,64.4,1.8,311.8,0.0
5,2026-09-15T08:00:00,25.7,65.4,1.7,304.5,0.0
6,2026-09-15T08:00:00,24.8,65.7,2.0,314.4,0.0
7,2026-09-15T08:00:00,25.2,62.6,2.1,317.7,0.0
8,2026-09-15T08:00:00,26.0,64.3,1.9,314.7,0.0
9,2026-09-15T08:00:00,25.8,66.8,2.1,306.6,0.0
10,2026-09-15T08:00:00,25.3,62.9,1.8,301.8,0.0
11,2026-09-15T08:00:00,25.9,66.6,2.0,303.9,0.0
12,2026-09-15T08:00:00,25.2,65.2,1.9,301.4,0.0
13,2026-09-15T08:00:00,24.9,64.5,1.8,318.4,0.0
14,2026-09-15T08:00:00,26.9,63.7,1.7,302.0,0.0
15,2026-09-15T08:00:00,26.3,66.9,2.2,307.3,0.0
1,2026-09-15T09:00:00,27.7,59.3,2.2,319.5,0.0
2,2026-09-15T09:00:00,27.9,61.4,1.8,320.6,0.0
3,2026-09-15T09:00:00,27.4,58.6,2.4,304.5,0.0
4,2026-09-15T09:00:00,26.9,62.6,2.2,316.9,0.0
5,2026-09-15T09:00:00,27.8,62.8,2.3,305.2,0.0
6,2026-09-15T09:00:00,26.9,58.5,2.0,296.7,0.0
7,2026-09-15T09:00:00,26.7,60.7,1.9,287.4,0.0
8,2026-09-15T09:00:00,28.5,60.9,2.2,305.7,0.0
9,2026-09-15T09:00:00,27.4,58.7,2.4,298.7,0.0
10,2026-09-15T09:00:00,26.5,58.6,2.0,309.4,0.0
11,2026-09-15T09:00:00,26.8,60.3,2.2,296.5,0.0
12,2026-09-15T09:00:00,26.8,63.0,2.1,297.8,0.0
13,2026-09-15T09:00:00,27.6,62.1,1.9,310.5,0.0
14,2026-09-15T09:00:00,27.0,59.7,1.6,315.0,0.0
15,2026-09-15T09:00:00,26.5,60.5,2.3,314.2,0.0
1,2026-09-15T10:00:00,29.7,58.8,2.4,317.2,0.0
2,2026-09-15T10:00:00,29.4,54.2,2.4,292.9,0.0
3,2026-09-15T10:00:00,28.0,54.8,2.5,311.6,0.0
4,2026-09-15T10:00:00,29.8,54.8,2.4,329.5,0.0
5,2026-09-15T10:00:00,28.7,58.2,2.0,323.0,0.0
6,2026-09-15T10:00:00,28.4,56.7,2.3,304.1,0.0
7,2026-09-15T10:00:00,30.0,56.4,2.6,318.6,0.0
8,2026-09-15T10:00:00,29.4,55.6,2.4,314.1,0.0
9,2026-09-15T10:00:00,29.2,57.4,2.7,311.9,0.0
10,2026-09-15T10:00:00,29.1,55.9,2.5,306.6,0.0
11,2026-09-15T10:00:00,28.1,57.4,1.7,315.7,0.0
12,2026-09-15T10:00:00,29.3,57.8,2.4,316.1,0.0
13,2026-09-15T10:00:00,29.3,55.5,2.2,320.7,0.0
14,2026-09-15T10:00:00,29.3,59.2,2.2,318.6,0.0
15,2026-09-15T10:00:00,29.0,56.5,2.6,298.4,0.0
1,2026-09-15T11:00:00,30.4,52.7,2.6,301.6,0.0
2,2026-09-15T11:00:00,30.8,50.8,2.6,314.2,0.0
3,2026-09-15T11:00:00,30.7,50.5,2.7,306.0,0.0
4,2026-09-15T11:00:00,30.5,53.8,2.4,302.1,0.0
5,2026-09-15T11:00:00,31.6,49.5,2.6,302.6,0.0
6,2026-09-15T11:00:00,29.9,53.4,2.4,314.7,0.0
7,2026-09-15T11:00:00,28.9,54.3,2.6,307.0,0.0
8,2026-09-15T11:00:00,31.0,56.1,2.6,310.0,0.0
9,2026-09-15T11:00:00,29.5,54.1,2.3,311.2,0.0
10,2026-09-15T11:00:00,30.9,51.7,2.4,305.7,0.0
11,2026-09-15T11:00:00,31.5,52.9,2.2,310.3,0.0
12,2026-09-15T11:00:00,29.8,51.3,2.3,299.6,0.0
13,2026-09-15T11:00:00,30.1,50.4,2.5,314.9,0.0
14,2026-09-15T11:00:00,30.2,51.8,2.6,325.9,0.0
15,2026-09-15T11:00:00,31.0,53.4,3.0,305.8,0.0
1,2026-09-15T12:00:00,32.0,51.1,3.1,314.0,0.0
2,2026-09-15T12:00:00,31.0,51.6,2.6,299.3,0.0
3,2026-09-15T12:00:00,32.1,44.6,2.7,323.4,0.0
4,2026-09-15T12:00:00,31.9,48.0,2.8,300.5,0.0
5,2026-09-15T12:00:00,31.4,47.5,2.6,292.0,0.0
6,2026-09-15T12:00:00,32.0,49.6,2.8,311.9,0.0
7,2026-09-15T12:00:00,32.0,49.1,2.9,308.9,0.0
8,2026-09-15T12:00:00,31.1,49.4,2.7,305.3,0.0
9,2026-09-15T12:00:00,31.7,51.2,3.0,299.8,0.0
10,2026-09-15T12:00:00,32.6,49.4,2.9,326.6,0.0
11,2026-09-15T12:00:00,30.5,47.1,2.7,307.6,0.0
12,2026-09-15T12:00:00,31.6,46.4,2.7,337.6,0.0
13,2026-09-15T12:00:00,32.0,45.0,2.4,297.5,0.0
14,2026-09-15T12:00:00,31.9,48.7,3.1,319.2,0.0
15,2026-09-15T12:00:00,31.2,50.7,2.9,309.2,0.0
1,2026-09-15T13:00:00,33.5,45.0,3.4,333.3,0.0
2,2026-09-15T13:00:00,32.4,43.2,3.3,321.4,0.0
3,2026-09-15T13:00:00,32.2,45.3,2.6,313.7,0.0
4,2026-09-15T13:00:00,31.9,48.4,3.3,324.3,0.0
5,2026-09-15T13:00:00,30.5,49.3,3.1,306.7,0.0
6,2026-09-15T13:00:00,32.1,44.5,3.7,311.1,0.0
7,2026-09-15T13:00:00,32.6,46.8,3.0,314.9,0.0
8,2026-09-15T13:00:00,32.1,44.2,3.0,318.6,0.0
9,2026-09-15T13:00:00,33.3,46.5,2.5,320.0,0.0
10,2026-09-15T13:00:00,31.6,44.8,3.1,318.3,0.0
11,2026-09-15T13:00:00,32.4,44.4,3.1,328.2,0.0
12,2026-09-15T13:00:00,32.1,46.9,3.1,312.0,0.0
13,2026-09-15T13:00:00,32.0,46.3,3.2,306.9,0.0
14,2026-09-15T13:00:00,32.7,49.6,3.4,321.1,0.0
15,2026-09-15T13:00:00,32.7,47.0,3.4,318.0,0.0
1,2026-09-15T14:00:00,32.9,39.2,2.9,320.1,0.0
2,2026-09-15T14:00:00,32.6,44.8,2.9,309.6,0.0
3,2026-09-15T14:00:00,32.5,46.5,3.2,326.4,0.0
4,2026-09-15T14:00:00,33.5,46.5,3.3,307.4,0.0
5,2026-09-15T14:00:00,32.0,44.0,3.4,316.0,0.0
6,2026-09-15T14:00:00,33.2,44.5,3.3,303.4,0.0
7,2026-09-15T14:00:00,33.6,45.7,3.0,317.0,0.0
8,2026-09-15T14:00:00,32.0,43.1,3.1,314.6,0.0
9,2026-09-15T14:00:00,32.3,45.2,3.4,320.7,0.0
10,2026-09-15T14:00:00,32.3,45.9,3.5,331.5,0.0
11,2026-09-15T14:00:00,33.5,43.8,3.6,313.2,0.0
12,2026-09-15T14:00:00,34.7,43.9,3.2,304.7,0.0
13,2026-09-15T14:00:00,33.4,46.3,3.4,320.8,0.0
14,2026-09-15T14:00:00,32.3,46.9,3.3,306.6,0.0
15,2026-09-15T14:00:00,32.9,41.8,3.8,311.0,0.0
1,2026-09-15T15:00:00,32.9,45.2,3.5,317.6,0.0
2,2026-09-15T15:00:00,32.8,44.2,3.7,315.2,0.0
3,2026-09-15T15:00:00,32.9,43.5,3.5,320.6,0.0
4,2026-09-15T15:00:00,33.9,43.1,4.0,314.7,0.0
5,2026-09-15T15:00:00,33.8,46.1,3.8,319.5,0.0
6,2026-09-15T15:00:00,33.8,43.2,3.3,333.3,0.0
7,2026-09-15T15:00:00,33.1,44.9,3.4,313.3,0.0
8,2026-09-15T15:00:00,32.2,47.1,3.1,319.2,0.0
9,2026-09-15T15:00:00,33.3,46.0,3.6,309.2,0.0
10,2026-09-15T15:00:00,32.3,43.4,3.3,315.9,0.0
11,2026-09-15T15:00:00,32.8,44.7,3.9,328.9,0.0
12,2026-09-15T15:00:00,33.0,44.8,3.3,324.6,0.0
13,2026-09-15T15:00:00,33.1,42.7,4.0,322.2,0.0
14,2026-09-15T15:00:00,32.9,41.5,3.7,335.7,0.0
15,2026-09-15T15:00:00,33.8,42.1,3.3,318.0,0.0
1,2026-09-15T16:00:00,32.3,46.3,3.8,320.8,0.0
2,2026-09-15T16:00:00,33.7,45.9,3.4,305.2,0.0
3,2026-09-15T16:00:00,30.8,46.1,3.9,313.6,0.0
4,2026-09-15T16:00:00,32.4,45.3,3.7,329.4,0.0
5,2026-09-15T16:00:00,32.5,45.3,3.9,323.7,0.0
6,2026-09-15T16:00:00,32.4,45.4,4.1,301.2,0.0
7,2026-09-15T16:00:00,32.8,49.2,3.4,313.7,0.0
8,2026-09-15T16:00:00,31.5,44.0,3.7,293.2,0.0
9,2026-09-15T16:00:00,32.3,45.7,3.7,309.3,0.0
10,2026-09-15T16:00:00,32.4,47.8,3.7,308.5,0.0
11,2026-09-15T16:00:00,32.7,48.2,3.1,326.5,0.0
12,2026-09-15T16:00:00,32.6,46.8,4.1,295.3,0.0
13,2026-09-15T16:00:00,32.3,47.7,3.8,314.8,0.0
14,2026-09-15T16:00:00,33.3,47.4,3.9,308.5,0.0
15,2026-09-15T16:00:00,32.4,46.7,3.4,309.7,0.0
1,2026-09-15T17:00:00,31.8,48.0,3.6,301.4,0.0
2,2026-09-15T17:00:00,31.5,45.7,3.9,310.3,0.0
3,2026-09-15T17:00:00,32.0,48.6,3.6,324.7,0.0
4,2026-09-15T17:00:00,32.2,47.2,4.4,316.0,0.0
5,2026-09-15T17:00:00,31.5,47.5,3.1,310.2,0.0
6,2026-09-15T17:00:00,31.7,46.8,3.9,310.4,0.0
7,2026-09-15T17:00:00,31.5,48.8,4.0,309.8,0.0
8,2026-09-15T17:00:00,32.6,47.9,3.8,305.1,0.0
9,2026-09-15T17:00:00,32.7,48.6,3.3,313.2,0.0
10,2026-09-15T17:00:00,31.4,50.2,3.6,304.2,0.0
11,2026-09-15T17:00:00,31.3,47.2,3.8,313.8,0.0
12,2026-09-15T17:00:00,31.0,49.1,3.8,319.9,0.0
13,2026-09-15T17:00:00,32.6,48.8,3.9,318.5,0.0
14,2026-09-15T17:00:00,31.4,51.3,3.7,301.9,0.0
15,2026-09-15T17:00:00,32.1,47.2,3.3,320.4,0.0
1,2026-09-15T18:00:00,31.4,50.1,3.8,316.7,0.0
2,2026-09-15T18:00:00,30.3,49.3,3.3,304.2,0.0
3,2026-09-15T18:00:00,31.1,53.6,3.2,298.8,0.0
4,2026-09-15T18:00:00,29.6,54.0,3.6,305.5,0.0
5,2026-09-15T18:00:00,31.6,48.3,3.5,312.2,0.0
6,2026-09-15T18:00:00,30.1,55.0,4.2,305.2,0.0
7,2026-09-15T18:00:00,30.5,49.2,4.0,305.2,0.0
8,2026-09-15T18:00:00,30.4,51.0,3.8,312.4,0.0
9,2026-09-15T18:00:00,30.0,53.7,3.7,302.0,0.0
10,2026-09-15T18:00:00,30.3,54.2,3.9,313.2,0.0
11,2026-09-15T18:00:00,30.9,53.4,3.5,296.0,0.0
12,2026-09-15T18:00:00,29.7,52.2,4.0,296.5,0.0
13,2026-09-15T18:00:00,31.5,52.9,3.9,304.2,0.0
14,2026-09-15T18:00:00,30.5,51.5,3.9,319.6,0.0
15,2026-09-15T18:00:00,29.8,53.2,4.1,313.5,0.0
1,2026-09-15T19:00:00,29.0,54.0,3.8,298.2,0.0
2,2026-09-15T19:00:00,28.9,59.0,3.4,316.0,0.0
3,2026-09-15T19:00:00,29.1,56.2,3.6,298.6,0.0
4,2026-09-15T19:00:00,28.9,56.6,4.3,306.5,0.0
5,2026-09-15T19:00:00,29.1,57.7,4.1,313.8,0.0
6,2026-09-15T19:00:00,28.8,59.0,3.9,306.0,0.0
7,2026-09-15T19:00:00,29.5,55.2,3.4,308.6,0.0
8,2026-09-15T19:00:00,30.0,57.7,3.5,313.5,0.0
9,2026-09-15T19:00:00,29.5,55.2,3.8,315.2,0.0
10,2026-09-15T19:00:00,28.8,56.8,3.8,313.0,0.0
11,2026-09-15T19:00:00,28.6,55.4,4.0,289.6,0.0
12,2026-09-15T19:00:00,29.4,56.3,3.7,304.4,0.0
13,2026-09-15T19:00:00,29.9,56.9,4.1,298.2,0.0
14,2026-09-15T19:00:00,29.3,57.0,4.1,317.6,0.0
15,2026-09-15T19:00:00,28.8,54.3,4.2,281.2,0.0
1,2026-09-15T20:00:00,26.9,58.3,3.9,303.4,0.0
2,2026-09-15T20:00:00,26.4,59.6,3.5,305.0,0.0
3,2026-09-15T20:00:00,28.1,60.1,3.4,285.3,0.0
4,2026-09-15T20:00:00,27.0,58.7,3.9,308.6,0.0
5,2026-09-15T20:00:00,27.2,60.6,3.7,292.3,0.0
6,2026-09-15T20:00:00,28.3,56.6,3.7,296.3,0.0
7,2026-09-15T20:00:00,27.6,58.6,3.3,302.7,0.0
8,2026-09-15T20:00:00,27.6,61.1,3.6,295.2,0.0
9,2026-09-15T20:00:00,26.9,62.7,3.7,302.9,0.0
10,2026-09-15T20:00:00,28.1,60.8,3.6,292.6,0.0
11,2026-09-15T20:00:00,28.1,63.3,3.4,301.6,0.0
12,2026-09-15T20:00:00,28.0,56.2,3.5,303.9,0.0
13,2026-09-15T20:00:00,28.4,61.7,3.5,292.0,0.0
14,2026-09-15T20:00:00,28.1,58.6,3.8,311.0,0.0
15,2026-09-15T20:00:00,27.9,59.7,3.8,305.7,0.0
1,2026-09-15T21:00:00,24.6,64.6,3.7,291.0,0.0
2,2026-09-15T21:00:00,25.8,64.4,3.3,299.5,0.0
3,2026-09-15T21:00:00,26.1,62.9,3.6,297.2,0.0
4,2026-09-15T21:00:00,25.5,65.3,3.0,300.3,0.0
5,2026-09-15T21:00:00,26.2,62.5,3.3,300.8,0.0
6,2026-09-15T21:00:00,25.0,66.0,3.7,311.5,0.0
7,2026-09-15T21:00:00,24.8,63.7,4.0,285.5,0.0
8,2026-09-15T21:00:00,24.8,65.6,3.6,276.9,0.0
9,2026-09-15T21:00:00,26.1,64.0,3.4,289.0,0.0
10,2026-09-15T21:00:00,26.6,62.8,3.5,297.1,0.0
11,2026-09-15T21:00:00,26.1,65.5,3.7,305.6,0.0
12,2026-09-15T21:00:00,25.7,65.4,3.6,293.6,0.0
13,2026-09-15T21:00:00,25.6,67.4,3.9,308.0,0.0
14,2026-09-15T21:00:00,26.3,63.4,3.7,312.1,0.0
15,2026-09-15T21:00:00,24.7,64.4,3.6,300.4,0.0
1,2026-09-15T22:00:00,24.3,67.8,3.1,297.2,0.0
2,2026-09-15T22:00:00,23.7,65.5,3.1,300.8,0.0
3,2026-09-15T22:00:00,23.8,72.6,2.8,291.8,0.0
4,2026-09-15T22:00:00,23.7,71.5,3.3,280.1,0.0
5,2026-09-15T22:00:00,23.5,66.0,3.2,295.7,0.0
6,2026-09-15T22:00:00,24.3,68.6,3.6,291.1,0.0
7,2026-09-15T22:00:00,24.3,67.5,3.6,286.0,0.0
8,2026-09-15T22:00:00,24.7,70.4,3.1,285.2,0.0
9,2026-09-15T22:00:00,25.2,69.1,3.0,289.3,0.0
10,2026-09-15T22:00:00,23.9,68.2,3.8,288.5,0.0
11,2026-09-15T22:00:00,22.8,71.6,3.5,282.3,0.0
12,2026-09-15T22:00:00,24.3,68.2,3.5,278.8,0.0
13,2026-09-15T22:00:00,24.0,69.6,3.8,305.5,0.0
14,2026-09-15T22:00:00,24.3,67.3,3.3,293.3,0.0
15,2026-09-15T22:00:00,24.7,69.9,2.8,308.7,0.0
1,2026-09-15T23:00:00,22.0,72.9,2.5,295.2,0.0
2,2026-09-15T23:00:00,23.2,75.3,3.0,281.1,0.0
3,2026-09-15T23:00:00,22.3,72.8,3.0,279.4,0.0
4,2026-09-15T23:00:00,22.0,71.9,3.3,285.5,0.0
5,2026-09-15T23:00:00,23.5,74.1,3.2,281.8,0.0
6,2026-09-15T23:00:00,23.8,71.0,3.5,295.4,0.0
7,2026-09-15T23:00:00,22.8,74.2,3.2,291.7,0.0
8,2026-09-15T23:00:00,22.4,70.5,2.9,290.2,0.0
9,2026-09-15T23:00:00,22.2,72.5,3.6,289.5,0.0
10,2026-09-15T23:00:00,22.4,73.5,2.8,299.2,0.0
11,2026-09-15T23:00:00,23.7,72.9,3.1,290.3,0.0
12,2026-09-15T23:00:00,22.4,72.3,3.3,301.8,0.0
13,2026-09-15T23:00:00,22.1,74.0,3.0,300.3,0.0
14,2026-09-15T23:00:00,22.6,70.4,3.4,287.5,0.0
15,2026-09-15T23:00:00,23.4,76.6,2.8,299.3,0.0
1,2026-09-16T00:00:00,21.7,76.3,3.1,270.3,0.0
2,2026-09-16T00:00:00,21.3,76.2,2.8,288.4,0.0
3,2026-09-16T00:00:00,21.0,74.2,2.8,301.2,0.0
4,2026-09-16T00:00:00,20.9,78.1,2.9,284.4,0.0
5,2026-09-16T00:00:00,21.9,74.3,3.1,276.5,0.0
6,2026-09-16T00:00:00,20.9,75.7,2.7,295.9,0.0
7,2026-09-16T00:00:00,22.2,78.3,3.1,279.4,0.0
8,2026-09-16T00:00:00,22.2,76.0,2.9,272.6,0.0
9,2026-09-16T00:00:00,22.3,74.2,2.8,295.1,0.0
10,2026-09-16T00:00:00,21.9,76.7,3.0,305.4,0.0
11,2026-09-16T00:00:00,21.8,79.0,2.7,282.1,0.0
12,2026-09-16T00:00:00,20.2,78.3,2.6,270.6,0.0
13,2026-09-16T00:00:00,22.5,77.3,3.0,287.6,0.0
14,2026-09-16T00:00:00,22.0,79.0,2.9,276.2,0.0
15,2026-09-16T00:00:00,21.4,78.4,2.8,273.9,0.0
1,2026-09-16T01:00:00,20.3,76.1,2.9,280.7,0.0
2,2026-09-16T01:00:00,21.2,77.9,2.1,276.4,0.0
3,2026-09-16T01:00:00,21.3,79.0,3.0,289.1,0.0
4,2026-09-16T01:00:00,21.4,78.0,2.4,273.3,0.0
5,2026-09-16T01:00:00,20.7,77.7,2.5,277.7,0.0
6,2026-09-16T01:00:00,19.6,76.6,2.5,268.6,0.0
7,2026-09-16T01:00:00,20.7,80.4,2.9,291.5,0.0
8,2026-09-16T01:00:00,19.8,75.7,2.8,293.4,0.0
9,2026-09-16T01:00:00,20.4,81.1,2.7,270.2,0.0
10,2026-09-16T01:00:00,20.6,79.4,2.9,291.0,0.0
11,2026-09-16T01:00:00,21.3,76.5,2.9,290.3,0.0
12,2026-09-16T01:00:00,19.0,77.9,2.6,269.9,0.0
13,2026-09-16T01:00:00,21.8,78.9,2.5,265.4,0.0
14,2026-09-16T01:00:00,20.5,79.8,2.4,258.8,0.0
15,2026-09-16T01:00:00,20.6,80.5,2.5,271.6,0.0
1,2026-09-16T02:00:00,19.4,80.4,2.6,280.6,0.0
2,2026-09-16T02:00:00,20.3,78.3,2.1,276.0,0.0
3,2026-09-16T02:00:00,20.7,79.9,2.0,278.0,0.0
4,2026-09-16T02:00:00,20.5,77.4,2.4,270.8,0.0
5,2026-09-16T02:00:00,20.1,77.6,1.8,259.8,0.0
6,2026-09-16T02:00:00,20.6,83.2,2.1,265.9,0.0
7,2026-09-16T02:00:00,19.9,79.9,2.2,281.9,0.0
8,2026-09-16T02:00:00,18.5,84.1,2.0,278.4,0.0
9,2026-09-16T02:00:00,19.7,78.3,2.5,297.2,0.0
10,2026-09-16T02:00:00,20.0,79.0,2.1,273.4,0.0
11,2026-09-16T02:00:00,20.0,79.5,2.4,277.9,0.0
12,2026-09-16T02:00:00,19.1,81.1,2.4,264.2,0.0
13,2026-09-16T02:00:00,21.1,80.1,2.4,265.4,0.0
14,2026-09-16T02:00:00,19.5,76.4,1.9,263.1,0.0
15,2026-09-16T02:00:00,18.9,77.7,2.9,282.9,0.0
1,2026-09-16T03:00:00,19.3,82.6,2.2,281.6,0.0
2,2026-09-16T03:00:00,19.5,81.6,2.4,277.7,0.0
3,2026-09-16T03:00:00,20.4,77.7,2.0,263.5,0.0
4,2026-09-16T03:00:00,19.8,79.0,1.8,289.3,0.0
5,2026-09-16T03:00:00,19.7,77.2,2.4,257.0,0.0
6,2026-09-16T03:00:00,21.7,78.4,2.2,278.1,0.0
7,2026-09-16T03:00:00,20.8,77.7,2.1,264.0,0.0
8,2026-09-16T03:00:00,20.4,83.0,2.3,267.0,0.0
9,2026-09-16T03:00:00,19.7,81.6,2.4,264.6,0.0
10,2026-09-16T03:00:00,19.7,83.6,2.5,277.7,0.0
11,2026-09-16T03:00:00,20.1,79.5,2.4,263.8,0.0
12,2026-09-16T03:00:00,20.7,81.8,2.0,268.2,0.0
13,2026-09-16T03:00:00,19.5,81.6,1.8,292.7,0.0
14,2026-09-16T03:00:00,18.5,78.6,2.1,263.2,0.0
15,2026-09-16T03:00:00,20.5,77.2,2.5,273.4,0.0
1,2026-09-16T04:00:00,20.7,82.2,1.8,275.0,0.0
2,2026-09-16T04:00:00,19.8,79.5,2.0,280.1,0.0
3,2026-09-16T04:00:00,20.6,75.5,2.3,259.0,0.0
4,2026-09-16T04:00:00,20.1,76.0,1.6,281.9,0.0
5,2026-09-16T04:00:00,20.2,78.1,2.0,260.5,0.0
6,2026-09-16T04:00:00,21.2,79.3,1.9,268.9,0.0
7,2026-09-16T04:00:00,19.4,77.5,2.3,272.4,0.0
8,2026-09-16T04:00:00,20.7,81.4,2.1,265.3,0.0
9,2026-09-16T04:00:00,20.8,78.2,2.1,257.9,0.0
10,2026-09-16T04:00:00,20.2,79.6,2.2,274.3,0.0
11,2026-09-16T04:00:00,19.9,80.7,1.7,265.4,0.0
12,2026-09-16T04:00:00,20.2,76.2,1.7,250.0,0.0
13,2026-09-16T04:00:00,20.8,77.4,2.2,280.5,0.0
14,2026-09-16T04:00:00,21.3,75.4,1.9,268.2,0.0
15,2026-09-16T04:00:00,20.3,78.7,2.0,265.7,0.0
1,2026-09-16T05:00:00,20.9,75.9,2.0,252.7,0.0
2,2026-09-16T05:00:00,21.6,79.5,1.6,240.5,0.0
3,2026-09-16T05:00:00,23.1,74.7,1.5,250.8,0.0
4,2026-09-16T05:00:00,21.0,79.5,2.3,283.0,0.0
5,2026-09-16T05:00:00,21.0,77.3,1.8,261.1,0.0
6,2026-09-16T05:00:00,21.3,76.7,2.4,274.8,0.0
7,2026-09-16T05:00:00,20.7,76.5,1.7,274.4,0.0
8,2026-09-16T05:00:00,21.3,76.3,1.9,248.7,0.0
9,2026-09-16T05:00:00,21.7,78.1,1.5,259.1,0.0
10,2026-09-16T05:00:00,21.3,75.2,1.6,254.3,0.0
11,2026-09-16T05:00:00,21.0,75.2,1.8,262.3,0.0
12,2026-09-16T05:00:00,22.1,77.2,1.9,264.1,0.0
13,2026-09-16T05:00:00,20.6,74.3,1.9,263.5,0.0
14,2026-09-16T05:00:00,21.1,74.9,1.7,262.0,0.0
15,2026-09-16T05:00:00,21.7,74.8,1.8,240.4,0.0
1,2026-09-16T06:00:00,23.0,73.7,2.0,249.6,0.0
2,2026-09-16T06:00:00,22.4,74.8,2.3,254.7,0.0
3,2026-09-16T06:00:00,23.2,70.5,1.8,272.0,0.0
4,2026-09-16T06:00:00,23.3,72.3,1.5,261.1,0.0
5,2026-09-16T06:00:00,23.3,70.5,2.1,266.3,0.0
6,2026-09-16T06:00:00,20.9,75.5,1.3,258.5,0.0
7,2026-09-16T06:00:00,22.0,73.5,2.1,270.0,0.0
8,2026-09-16T06:00:00,21.9,71.8,2.0,257.5,0.0
9,2026-09-16T06:00:00,22.6,69.5,1.8,253.5,0.0
10,2026-09-16T06:00:00,22.2,76.3,1.6,238.7,0.0
11,2026-09-16T06:00:00,22.0,71.8,1.8,252.3,0.0
12,2026-09-16T06:00:00,21.1,71.2,1.5,255.2,0.0
13,2026-09-16T06:00:00,22.4,75.6,1.9,263.1,0.0
14,2026-09-16T06:00:00,21.7,75.0,2.4,282.9,0.0
15,2026-09-16T06:00:00,22.5,74.3,2.1,260.2,0.0
1,2026-09-16T07:00:00,23.9,66.5,1.7,249.1,0.0
2,2026-09-16T07:00:00,24.8,69.4,1.6,265.4,0.0
3,2026-09-16T07:00:00,23.9,71.0,1.8,256.7,0.0
4,2026-09-16T07:00:00,25.0,67.1,1.6,245.8,0.0
5,2026-09-16T07:00:00,25.5,68.0,2.0,262.9,0.0
6,2026-09-16T07:00:00,23.7,66.5,2.1,255.6,0.0
7,2026-09-16T07:00:00,24.0,67.2,2.1,254.2,0.0
8,2026-09-16T07:00:00,23.5,69.9,1.5,266.8,0.0
9,2026-09-16T07:00:00,22.2,70.2,2.0,256.8,0.0
10,2026-09-16T07:00:00,23.6,73.2,1.8,256.5,0.0
11,2026-09-16T07:00:00,24.7,68.3,2.3,244.9,0.0
12,2026-09-16T07:00:00,23.5,73.1,1.3,256.2,0.0
13,2026-09-16T07:00:00,23.3,69.9,2.1,286.6,0.0
14,2026-09-16T07:00:00,24.1,70.0,1.6,255.8,0.0
15,2026-09-16T07:00:00,24.4,71.3,2.0,264.9,0.0
1,2026-09-16T08:00:00,26.0,68.8,2.4,247.2,0.0
2,2026-09-16T08:00:00,26.2,63.1,1.7,250.9,0.0
3,2026-09-16T08:00:00,25.6,65.2,1.9,232.6,0.0
4,2026-09-16T08:00:00,25.1,66.2,1.6,263.6,0.0
5,2026-09-16T08:00:00,25.3,63.3,1.9,254.3,0.0
6,2026-09-16T08:00:00,25.9,67.5,1.8,257.8,0.0
7,2026-09-16T08:00:00,25.1,63.2,2.0,254.1,0.0
8,2026-09-16T08:00:00,25.4,67.0,2.2,264.9,0.0
9,2026-09-16T08:00:00,25.5,62.7,2.1,249.9,0.0
10,2026-09-16T08:00:00,26.1,60.8,2.2,251.8,0.0
11,2026-09-16T08:00:00,24.6,62.9,2.3,248.0,0.0
12,2026-09-16T08:00:00,25.8,65.5,2.2,254.6,0.0
13,2026-09-16T08:00:00,26.1,62.3,2.3,247.3,0.0
14,2026-09-16T08:00:00,24.6,60.7,2.3,253.3,0.0
15,2026-09-16T08:00:00,25.5,69.8,1.9,259.6,0.0
1,2026-09-16T09:00:00,27.7,62.2,2.4,241.7,0.0
2,2026-09-16T09:00:00,27.8,60.9,1.3,229.2,0.0
3,2026-09-16T09:00:00,26.9,60.5,1.9,262.5,0.0
4,2026-09-16T09:00:00,28.4,58.3,2.1,244.5,0.0
5,2026-09-16T09:00:00,26.6,59.8,1.8,259.0,0.0
6,2026-09-16T09:00:00,28.0,58.8,2.1,237.4,0.0
7,2026-09-16T09:00:00,27.3,63.2,2.1,259.6,0.0
8,2026-09-16T09:00:00,27.6,59.2,2.2,260.5,0.0
9,2026-09-16T09:00:00,26.5,57.4,2.3,266.8,0.0
10,2026-09-16T09:00:00,27.7,60.7,2.1,260.1,0.0
11,2026-09-16T09:00:00,27.1,57.4,2.0,246.6,0.0
12,2026-09-16T09:00:00,26.8,57.8,2.2,241.7,0.0
13,2026-09-16T09:00:00,27.4,60.1,1.8,239.1,0.0
14,2026-09-16T09:00:00,26.8,60.3,1.9,254.3,0.0
15,2026-09-16T09:00:00,28.0,62.7,2.1,229.0,0.0
1,2026-09-16T10:00:00,28.8,55.2,2.3,238.1,0.0
2,2026-09-16T10:00:00,29.5,57.6,2.6,235.9,0.0
3,2026-09-16T10:00:00,29.5,54.7,2.1,256.3,0.0
4,2026-09-16T10:00:00,28.7,53.3,2.2,254.4,0.0
5,2026-09-16T10:00:00,28.6,56.4,2.8,246.0,0.0
6,2026-09-16T10:00:00,28.8,54.7,2.4,258.1,0.0
7,2026-09-16T10:00:00,30.0,56.8,2.3,240.9,0.0
8,2026-09-16T10:00:00,29.5,54.1,2.5,242.6,0.0
9,2026-09-16T10:00:00,29.0,55.7,1.8,252.1,0.0
10,2026-09-16T10:00:00,29.4,54.6,2.5,249.2,0.0
11,2026-09-16T10:00:00,29.3,59.5,1.9,236.9,0.0
12,2026-09-16T10:00:00,29.3,58.0,2.6,230.3,0.0
13,2026-09-16T10:00:00,28.0,56.9,2.4,223.2,0.0
14,2026-09-16T10:00:00,28.4,58.2,2.0,254.4,0.0
15,2026-09-16T10:00:00,29.6,54.2,2.1,243.1,0.0
1,2026-09-16T11:00:00,31.3,52.2,2.6,261.2,0.0
2,2026-09-16T11:00:00,29.8,52.6,2.6,256.3,0.0
3,2026-09-16T11:00:00,29.9,51.1,2.4,245.9,0.0
4,2026-09-16T11:00:00,30.7,48.5,2.5,250.3,0.0
5,2026-09-16T11:00:00,30.2,51.4,3.1,242.4,0.0
6,2026-09-16T11:00:00,30.6,50.1,2.4,234.6,0.0
7,2026-09-16T11:00:00,30.4,54.0,2.6,246.9,0.0
8,2026-09-16T11:00:00,30.2,49.1,2.5,243.4,0.0
9,2026-09-16T11:00:00,29.6,47.3,2.4,268.4,0.0
10,2026-09-16T11:00:00,29.2,52.7,2.6,245.3,0.0
11,2026-09-16T11:00:00,30.5,51.8,2.6,245.0,0.0
12,2026-09-16T11:00:00,29.3,51.6,2.6,271.7,0.0
13,2026-09-16T11:00:00,31.0,49.9,2.1,228.3,0.0
14,2026-09-16T11:00:00,30.7,52.3,2.7,254.6,0.0
15,2026-09-16T11:00:00,31.3,48.2,2.4,247.4,0.0
1,2026-09-16T12:00:00,31.5,45.0,3.1,260.1,0.0
2,2026-09-16T12:00:00,33.3,50.6,3.3,243.2,0.0
3,2026-09-16T12:00:00,31.2,48.1,3.0,243.5,0.0
4,2026-09-16T12:00:00,31.6,50.8,2.5,239.4,0.0
5,2026-09-16T12:00:00,32.0,51.5,3.1,246.3,0.0
6,2026-09-16T12:00:00,32.1,48.0,2.9,235.5,0.0
7,2026-09-16T12:00:00,33.4,49.4,2.9,231.1,0.0
8,2026-09-16T12:00:00,31.1,50.3,2.7,242.1,0.0
9,2026-09-16T12:00:00,31.7,47.8,2.7,246.6,0.0
10,2026-09-16T12:00:00,31.3,52.3,2.9,246.8,0.0
11,2026-09-16T12:00:00,31.1,49.9,2.5,231.5,0.0
12,2026-09-16T12:00:00,31.1,48.4,2.9,260.3,0.0
13,2026-09-16T12:00:00,31.0,47.6,3.0,257.5,0.0
14,2026-09-16T12:00:00,31.9,47.4,2.9,242.7,0.0
15,2026-09-16T12:00:00,31.1,49.4,2.9,248.8,0.0
1,2026-09-16T13:00:00,33.3,43.3,2.7,274.8,0.0
2,2026-09-16T13:00:00,32.2,50.0,2.8,242.2,0.0
3,2026-09-16T13:00:00,31.0,48.3,3.0,242.4,0.0
4,2026-09-16T13:00:00,32.9,48.2,3.3,248.1,0.0
5,2026-09-16T13:00:00,33.3,45.6,2.9,261.3,0.0
6,2026-09-16T13:00:00,32.9,48.1,2.7,252.0,0.0
7,2026-09-16T13:00:00,31.3,46.2,3.0,254.9,0.0
8,2026-09-16T13:00:00,33.2,45.3,3.0,258.0,0.0
9,2026-09-16T13:00:00,32.7,45.4,3.2,250.8,0.0
10,2026-09-16T13:00:00,32.3,46.5,3.3,253.6,0.0
11,2026-09-16T13:00:00,32.1,49.7,3.4,248.9,0.0
12,2026-09-16T13:00:00,32.5,47.6,3.2,230.8,0.0
13,2026-09-16T13:00:00,33.4,49.3,3.1,243.8,0.0
14,2026-09-16T13:00:00,33.0,46.9,3.1,252.1,0.0
15,2026-09-16T13:00:00,33.1,42.2,2.6,241.4,0.0
1,2026-09-16T14:00:00,32.6,46.7,3.0,234.1,0.0
2,2026-09-16T14:00:00,34.0,42.3,3.0,259.2,0.0
3,2026-09-16T14:00:00,32.5,43.9,3.1,253.5,0.0
4,2026-09-16T14:00:00,33.6,47.1,2.7,261.3,0.0
5,2026-09-16T14:00:00,33.6,44.6,3.6,260.7,0.0
6,2026-09-16T14:00:00,34.8,43.2,3.6,242.8,0.0
7,2026-09-16T14:00:00,32.8,44.7,3.0,228.7,0.0
8,2026-09-16T14:00:00,34.1,49.1,3.0,253.4,0.0
9,2026-09-16T14:00:00,33.3,43.5,3.2,260.9,0.0
10,2026-09-16T14:00:00,33.0,45.9,3.0,250.7,0.0
11,2026-09-16T14:00:00,32.9,43.6,3.3,242.1,0.0
12,2026-09-16T14:00:00,33.1,46.9,3.4,252.8,0.0
13,2026-09-16T14:00:00,33.2,45.9,3.2,245.3,0.0
14,2026-09-16T14:00:00,33.9,44.1,3.3,253.9,0.0
15,2026-09-16T14:00:00,33.1,44.7,3.3,242.0,0.0
1,2026-09-16T15:00:00,32.3,44.6,3.2,241.4,0.0
2,2026-09-16T15:00:00,32.1,49.2,3.4,248.7,0.0
3,2026-09-16T15:00:00,32.9,42.2,3.8,251.8,0.0
4,2026-09-16T15:00:00,32.1,49.1,3.6,249.7,0.0
5,2026-09-16T15:00:00,32.7,43.7,3.4,243.8,0.0
6,2026-09-16T15:00:00,33.4,46.4,3.7,265.0,0.0
7,2026-09-16T15:00:00,32.8,46.8,3.5,247.2,0.0
8,2026-09-16T15:00:00,32.9,43.8,3.0,243.5,0.0
9,2026-09-16T15:00:00,32.5,41.1,3.6,247.3,0.0
10,2026-09-16T15:00:00,34.1,46.7,3.5,247.9,0.0
11,2026-09-16T15:00:00,32.9,46.6,3.7,251.1,0.0
12,2026-09-16T15:00:00,32.8,44.9,3.2,247.6,0.0
13,2026-09-16T15:00:00,32.4,43.8,3.4,253.1,0.0
14,2026-09-16T15:00:00,32.9,47.5,3.8,261.3,0.0
15,2026-09-16T15:00:00,33.3,43.8,3.9,251.3,0.0
1,2026-09-16T16:00:00,31.8,44.3,3.2,247.0,0.0
2,2026-09-16T16:00:00,33.1,44.5,3.4,234.7,0.0
3,2026-09-16T16:00:00,32.7,41.7,3.6,254.7,0.0
4,2026-09-16T16:00:00,32.3,45.6,3.8,247.7,0.0
5,2026-09-16T16:00:00,31.6,44.3,3.7,242.3,0.0
6,2026-09-16T16:00:00,32.2,46.6,3.5,237.2,0.0
7,2026-09-16T16:00:00,32.4,47.4,3.5,246.0,0.0
8,2026-09-16T16:00:00,33.2,49.3,3.7,250.0,0.0
9,2026-09-16T16:00:00,33.2,46.1,3.5,242.1,0.0
10,2026-09-16T16:00:00,32.5,45.5,3.5,253.8,0.0
11,2026-09-16T16:00:00,33.7,48.0,3.8,250.8,0.0
12,2026-09-16T16:00:00,31.3,43.2,3.6,251.4,0.0
13,2026-09-16T16:00:00,32.8,45.4,4.0,246.3,0.0
14,2026-09-16T16:00:00,32.6,44.4,4.0,244.1,0.0
15,2026-09-16T16:00:00,32.8,46.6,3.8,257.0,0.0
1,2026-09-16T17:00:00,31.7,47.9,3.6,267.2,0.0
2,2026-09-16T17:00:00,31.9,47.4,4.0,260.5,0.0
3,2026-09-16T17:00:00,31.4,45.4,3.3,247.1,0.0
4,2026-09-16T17:00:00,32.3,48.3,3.4,261.8,0.0
5,2026-09-16T17:00:00,30.4,49.4,3.7,226.9,0.0
6,2026-09-16T17:00:00,32.5,50.5,3.3,245.6,0.0
7,2026-09-16T17:00:00,31.7,48.0,3.8,255.0,0.0
8,2026-09-16T17:00:00,30.6,48.1,3.2,243.5,0.0
9,2026-09-16T17:00:00,31.4,50.6,3.9,264.8,0.0
10,2026-09-16T17:00:00,31.1,49.0,2.9,268.4,0.0
11,2026-09-16T17:00:00,33.0,50.4,3.7,259.8,0.0
12,2026-09-16T17:00:00,32.3,49.5,3.8,238.4,0.0
13,2026-09-16T17:00:00,31.5,47.5,4.1,251.6,0.0
14,2026-09-16T17:00:00,31.0,47.5,3.8,255.2,0.0
15,2026-09-16T17:00:00,31.8,48.3,3.8,266.4,0.0
1,2026-09-16T18:00:00,31.0,49.9,3.7,260.4,0.0
2,2026-09-16T18:00:00,30.4,52.9,3.6,262.6,0.0
3,2026-09-16T18:00:00,29.9,53.7,3.6,248.2,0.0
4,2026-09-16T18:00:00,29.7,51.1,3.9,244.3,0.0
5,2026-09-16T18:00:00,30.6,49.5,4.1,254.2,0.0
6,2026-09-16T18:00:00,30.1,51.1,4.0,257.4,0.0
7,2026-09-16T18:00:00,30.5,56.1,3.9,254.7,0.0
8,2026-09-16T18:00:00,29.6,49.2,3.6,249.3,0.0
9,2026-09-16T18:00:00,29.8,52.6,3.8,246.0,0.0
10,2026-09-16T18:00:00,30.1,56.2,3.4,257.6,0.0
11,2026-09-16T18:00:00,29.0,53.4,3.6,247.4,0.0
12,2026-09-16T18:00:00,30.1,53.0,4.2,254.3,0.0
13,2026-09-16T18:00:00,30.9,55.5,3.4,243.2,0.0
14,2026-09-16T18:00:00,30.0,50.1,3.9,242.5,0.0
15,2026-09-16T18:00:00,31.3,52.3,3.7,251.2,0.0
1,2026-09-16T19:00:00,29.7,55.9,3.9,264.8,0.0
2,2026-09-16T19:00:00,29.6,51.6,4.0,245.2,0.0
3,2026-09-16T19:00:00,28.5,57.6,4.0,264.9,0.0
4,2026-09-16T19:00:00,29.2,56.9,3.9,254.2,0.0
5,2026-09-16T19:00:00,28.7,56.4,3.6,239.9,0.0
6,2026-09-16T19:00:00,29.1,56.9,3.7,267.3,0.0
7,2026-09-16T19:00:00,30.3,55.0,3.8,261.3,0.0
8,2026-09-16T19:00:00,28.5,56.6,3.7,255.4,0.0
9,2026-09-16T19:00:00,29.9,55.4,3.7,252.7,0.0
10,2026-09-16T19:00:00,28.3,57.0,3.7,258.1,0.0
11,2026-09-16T19:00:00,29.1,55.7,3.3,243.7,0.0
12,2026-09-16T19:00:00,28.9,55.3,3.6,262.2,0.0
13,2026-09-16T19:00:00,29.3,55.6,3.4,247.2,0.0
14,2026-09-16T19:00:00,29.9,55.1,3.3,262.0,0.0
15,2026-09-16T19:00:00,28.5,54.4,3.6,272.1,0.0
1,2026-09-16T20:00:00,27.3,56.2,3.7,240.8,0.0
2,2026-09-16T20:00:00,25.9,61.0,3.7,242.8,0.0
3,2026-09-16T20:00:00,28.7,60.4,3.8,263.1,0.0
4,2026-09-16T20:00:00,27.9,59.9,3.5,253.8,0.0
5,2026-09-16T20:00:00,27.5,61.4,3.5,259.7,0.0
6,2026-09-16T20:00:00,26.9,63.4,3.4,242.7,0.0
7,2026-09-16T20:00:00,27.9,61.0,3.4,262.1,0.0
8,2026-09-16T20:00:00,27.9,60.6,3.4,238.6,0.0
9,2026-09-16T20:00:00,27.0,59.3,3.2,258.8,0.0
10,2026-09-16T20:00:00,26.5,60.8,3.9,243.6,0.0
11,2026-09-16T20:00:00,27.2,59.9,4.1,259.7,0.0
12,2026-09-16T20:00:00,27.1,57.7,3.8,263.4,0.0
13,2026-09-16T20:00:00,27.9,61.1,3.2,253.3,0.0
14,2026-09-16T20:00:00,26.5,57.1,3.8,268.8,0.0
15,2026-09-16T20:00:00,28.3,65.0,3.2,254.6,0.0
1,2026-09-16T21:00:00,24.2,66.5,3.2,245.7,0.0
2,2026-09-16T21:00:00,25.4,61.3,3.6,286.6,0.0
3,2026-09-16T21:00:00,25.2,65.2,3.1,261.8,0.0
4,2026-09-16T21:00:00,25.3,63.1,3.3,262.5,0.0
5,2026-09-16T21:00:00,26.0,64.4,3.7,267.8,0.0
6,2026-09-16T21:00:00,25.7,64.4,3.4,274.7,0.0
7,2026-09-16T21:00:00,27.3,62.0,3.6,258.7,0.0
8,2026-09-16T21:00:00,25.7,65.0,3.0,283.4,0.0
9,2026-09-16T21:00:00,26.1,64.7,3.8,261.2,0.0
10,2026-09-16T21:00:00,25.5,65.5,3.3,250.7,0.0
11,2026-09-16T21:00:00,25.2,64.1,3.1,256.0,0.0
12,2026-09-16T21:00:00,25.2,66.7,3.3,260.7,0.0
13,2026-09-16T21:00:00,26.0,65.0,3.7,266.2,0.0
14,2026-09-16T21:00:00,25.8,65.3,3.7,269.5,0.0
15,2026-09-16T21:00:00,26.1,68.2,3.3,263.1,0.0
1,2026-09-16T22:00:00,23.9,68.6,3.7,265.4,0.0
2,2026-09-16T22:00:00,23.4,67.9,3.7,256.2,0.0
3,2026-09-16T22:00:00,23.6,69.3,3.3,265.9,0.0
4,2026-09-16T22:00:00,22.4,68.6,3.2,253.8,0.0
5,2026-09-16T22:00:00,24.1,71.0,3.1,267.9,0.0
6,2026-09-16T22:00:00,23.4,65.0,3.6,267.8,0.0
7,2026-09-16T22:00:00,23.5,68.4,3.5,260.1,0.0
8,2026-09-16T22:00:00,23.9,70.7,3.5,251.3,0.0
9,2026-09-16T22:00:00,23.3,68.4,3.6,274.2,0.0
10,2026-09-16T22:00:00,24.7,67.4,3.1,258.0,0.0
11,2026-09-16T22:00:00,23.4,69.2,3.2,271.6,0.0
12,2026-09-16T22:00:00,23.3,69.0,3.4,273.6,0.0
13,2026-09-16T22:00:00,23.5,65.6,3.3,288.7,0.0
14,2026-09-16T22:00:00,25.2,70.4,3.7,253.5,0.0
15,2026-09-16T22:00:00,23.8,68.3,3.5,272.3,0.0
1,2026-09-16T23:00:00,22.3,70.1,2.9,257.4,0.0
2,2026-09-16T23:00:00,22.4,74.4,3.6,266.9,0.0
3,2026-09-16T23:00:00,23.3,71.6,2.7,283.6,0.0
4,2026-09-16T23:00:00,23.2,70.2,2.9,274.6,0.0
5,2026-09-16T23:00:00,22.3,72.5,3.4,287.3,0.0
6,2026-09-16T23:00:00,21.9,75.6,2.9,266.3,0.0
7,2026-09-16T23:00:00,21.7,75.1,3.1,268.1,0.0
8,2026-09-16T23:00:00,21.0,75.6,3.5,255.1,0.0
9,2026-09-16T23:00:00,22.3,73.5,3.3,264.9,0.0
10,2026-09-16T23:00:00,22.7,69.8,3.3,277.2,0.0
11,2026-09-16T23:00:00,22.7,75.1,3.1,272.4,0.0
12,2026-09-16T23:00:00,22.2,73.7,2.5,269.8,0.0
13,2026-09-16T23:00:00,22.5,72.8,2.9,263.2,0.0
14,2026-09-16T23:00:00,22.4,68.9,3.1,262.2,0.0
15,2026-09-16T23:00:00,22.5,75.9,3.4,252.7,0.0
1,2026-09-17T00:00:00,20.5,75.5,2.6,257.9,0.0
2,2026-09-17T00:00:00,21.0,75.4,2.7,283.4,0.0
3,2026-09-17T00:00:00,20.4,80.5,3.0,280.3,0.0
4,2026-09-17T00:00:00,22.2,76.3,2.3,286.5,0.0
5,2026-09-17T00:00:00,21.6,76.1,3.0,277.1,0.0
6,2026-09-17T00:00:00,21.2,73.5,2.6,279.8,0.0
7,2026-09-17T00:00:00,21.8,74.6,3.1,278.7,0.0
8,2026-09-17T00:00:00,20.8,75.7,3.2,280.2,0.0
9,2026-09-17T00:00:00,21.6,76.0,3.0,282.8,0.0
10,2026-09-17T00:00:00,22.3,76.0,2.6,272.7,0.0
11,2026-09-17T00:00:00,21.2,77.9,3.0,268.9,0.0
12,2026-09-17T00:00:00,20.9,74.6,3.2,274.4,0.0
13,2026-09-17T00:00:00,21.6,72.7,2.6,279.7,0.0
14,2026-09-17T00:00:00,21.4,74.4,3.0,276.8,0.0
15,2026-09-17T00:00:00,21.2,75.9,2.5,261.9,0.0
1,2026-09-17T01:00:00,20.9,75.7,2.7,284.2,0.0
2,2026-09-17T01:00:00,21.2,77.9,2.6,286.0,0.0
3,2026-09-17T01:00:00,21.6,77.1,2.8,272.6,0.0
4,2026-09-17T01:00:00,20.6,76.3,2.5,285.7,0.0
5,2026-09-17T01:00:00,20.8,76.5,2.8,261.2,0.0
6,2026-09-17T01:00:00,20.7,78.5,2.3,295.0,0.0
7,2026-09-17T01:00:00,21.3,83.2,2.6,272.1,0.0
8,2026-09-17T01:00:00,20.9,78.6,2.5,276.3,0.0
9,2026-09-17T01:00:00,19.6,78.8,2.5,272.5,0.0
10,2026-09-17T01:00:00,19.6,76.1,2.0,286.8,0.0
11,2026-09-17T01:00:00,20.4,79.1,2.6,287.2,0.0
12,2026-09-17T01:00:00,20.0,78.2,2.3,289.7,0.0
13,2026-09-17T01:00:00,20.5,79.4,2.0,285.7,0.0
14,2026-09-17T01:00:00,21.2,77.1,2.7,268.3,0.0
15,2026-09-17T01:00:00,20.0,78.1,2.6,268.5,0.0
1,2026-09-17T02:00:00,20.7,77.5,2.1,255.2,0.0
2,2026-09-17T02:00:00,19.1,79.7,2.1,277.2,0.0
3,2026-09-17T02:00:00,19.7,80.1,2.5,295.2,0.0
4,2026-09-17T02:00:00,19.8,79.5,2.6,286.1,0.0
5,2026-09-17T02:00:00,19.2,82.6,2.3,283.5,0.0
6,2026-09-17T02:00:00,20.1,82.5,2.1,286.7,0.0
7,2026-09-17T02:00:00,20.7,78.4,2.0,287.0,0.0
8,2026-09-17T02:00:00,20.9,79.0,2.3,264.2,0.0
9,2026-09-17T02:00:00,20.8,77.7,2.3,279.3,0.0
10,2026-09-17T02:00:00,19.3,78.4,2.1,275.7,0.0
11,2026-09-17T02:00:00,20.4,77.9,2.3,289.7,0.0
12,2026-09-17T02:00:00,19.8,79.3,1.8,289.2,0.0
13,2026-09-17T02:00:00,20.0,81.0,2.3,278.0,0.0
14,2026-09-17T02:00:00,20.1,80.9,2.2,282.4,0.0
15,2026-09-17T02:00:00,19.0,77.3,2.4,297.8,0.0
1,2026-09-17T03:00:00,19.6,84.7,2.3,265.0,0.0
2,2026-09-17T03:00:00,21.0,77.0,2.0,297.8,0.0
3,2026-09-17T03:00:00,20.1,81.2,2.1,282.4,0.0
4,2026-09-17T03:00:00,19.5,80.2,1.5,280.8,0.0
5,2026-09-17T03:00:00,19.5,79.3,2.1,306.7,0.0
6,2026-09-17T03:00:00,19.1,82.2,2.1,298.5,0.0
7,2026-09-17T03:00:00,19.7,81.8,1.9,274.2,0.0
8,2026-09-17T03:00:00,20.7,79.3,1.9,280.7,0.0
9,2026-09-17T03:00:00,21.1,78.6,2.3,285.8,0.0
10,2026-09-17T03:00:00,20.5,79.1,2.2,295.9,0.0
11,2026-09-17T03:00:00,19.4,78.1,1.9,298.7,0.0
12,2026-09-17T03:00:00,20.4,82.6,2.4,288.2,0.0
13,2026-09-17T03:00:00,19.8,79.8,2.1,292.6,0.0
14,2026-09-17T03:00:00,19.8,80.6,2.3,279.6,0.0
15,2026-09-17T03:00:00,19.5,78.1,2.1,289.0,0.0
1,2026-09-17T04:00:00,21.8,75.1,2.0,298.3,0.0
2,2026-09-17T04:00:00,19.8,79.5,1.8,276.8,0.0
3,2026-09-17T04:00:00,19.9,81.7,1.6,305.0,0.0
4,2026-09-17T04:00:00,20.6,78.0,2.1,319.2,0.0
5,2026-09-17T04:00:00,20.3,79.7,1.4,295.3,0.0
6,2026-09-17T04:00:00,20.2,76.5,2.1,304.6,0.0
7,2026-09-17T04:00:00,20.3,78.5,1.7,297.5,0.0
8,2026-09-17T04:00:00,20.3,73.7,1.6,296.3,0.0
9,2026-09-17T04:00:00,21.8,77.3,1.6,307.6,0.0
10,2026-09-17T04:00:00,20.5,77.9,1.6,283.2,0.0
11,2026-09-17T04:00:00,20.4,79.5,2.1,297.7,0.0
12,2026-09-17T04:00:00,21.5,77.9,1.8,280.5,0.0
13,2026-09-17T04:00:00,21.3,79.0,2.0,303.0,0.0
14,2026-09-17T04:00:00,19.6,79.6,1.9,306.6,0.0
15,2026-09-17T04:00:00,20.3,80.8,1.8,297.0,0.0
1,2026-09-17T05:00:00,22.3,78.6,1.8,306.5,0.0
2,2026-09-17T05:00:00,21.9,76.5,1.8,306.1,0.0
3,2026-09-17T05:00:00,21.2,77.5,1.7,279.7,0.0
4,2026-09-17T05:00:00,20.8,78.6,1.5,305.8,0.0
5,2026-09-17T05:00:00,21.2,77.5,1.8,306.8,0.0
6,2026-09-17T05:00:00,21.6,82.3,1.9,285.3,0.0
7,2026-09-17T05:00:00,22.3,75.6,2.4,296.6,0.0
8,2026-09-17T05:00:00,21.4,75.2,2.2,312.5,0.0
9,2026-09-17T05:00:00,21.6,74.5,1.4,278.3,0.0
10,2026-09-17T05:00:00,21.4,75.2,2.0,292.3,0.0
11,2026-09-17T05:00:00,21.5,76.0,1.9,277.2,0.0
12,2026-09-17T05:00:00,21.3,79.7,2.4,297.6,0.0
13,2026-09-17T05:00:00,21.2,75.4,2.1,283.0,0.0
14,2026-09-17T05:00:00,21.6,78.3,1.8,301.4,0.0
15,2026-09-17T05:00:00,21.2,74.4,1.5,293.9,0.0
1,2026-09-17T06:00:00,21.4,71.3,1.6,306.5,0.0
2,2026-09-17T06:00:00,22.4,74.5,1.8,302.1,0.0
3,2026-09-17T06:00:00,23.2,68.4,1.6,296.1,0.0
4,2026-09-17T06:00:00,24.4,75.0,1.8,308.4,0.0
5,2026-09-17T06:00:00,23.7,73.2,2.1,276.6,0.0
6,2026-09-17T06:00:00,22.8,72.1,1.7,295.4,0.0
7,2026-09-17T06:00:00,21.9,73.2,1.1,284.3,0.0
8,2026-09-17T06:00:00,23.3,72.9,2.1,289.4,0.0
9,2026-09-17T06:00:00,22.1,74.6,1.7,296.9,0.0
10,2026-09-17T06:00:00,23.3,72.7,1.6,305.5,0.0
11,2026-09-17T06:00:00,22.9,74.0,1.9,292.5,0.0
12,2026-09-17T06:00:00,22.5,73.2,1.7,291.8,0.0
13,2026-09-17T06:00:00,21.8,71.5,1.9,298.6,0.0
14,2026-09-17T06:00:00,22.6,72.4,2.0,318.0,0.0
15,2026-09-17T06:00:00,23.7,70.7,1.4,280.8,0.0
1,2026-09-17T07:00:00,23.7,70.1,1.9,297.7,0.0
2,2026-09-17T07:00:00,23.2,69.2,1.7,311.5,0.0
3,2026-09-17T07:00:00,24.1,69.0,1.7,291.5,0.0
4,2026-09-17T07:00:00,23.8,70.8,2.1,299.7,0.0
5,2026-09-17T07:00:00,24.4,70.0,1.8,298.0,0.0
6,2026-09-17T07:00:00,23.8,68.8,1.9,299.6,0.0
7,2026-09-17T07:00:00,23.8,70.2,1.9,315.1,0.0
8,2026-09-17T07:00:00,25.2,69.3,2.1,308.6,0.0
9,2026-09-17T07:00:00,23.9,69.3,1.8,299.6,0.0
10,2026-09-17T07:00:00,23.9,69.4,1.7,314.3,0.0
11,2026-09-17T07:00:00,24.1,67.3,1.2,313.6,0.0
12,2026-09-17T07:00:00,23.6,65.2,2.0,317.8,0.0
13,2026-09-17T07:00:00,23.4,70.5,1.9,296.9,0.0
14,2026-09-17T07:00:00,24.3,70.1,1.7,309.9,0.0
15,2026-09-17T07:00:00,23.9,65.2,1.7,317.2,0.0
1,2026-09-17T08:00:00,26.1,63.2,1.8,321.8,0.0
2,2026-09-17T08:00:00,26.9,63.3,1.6,311.2,0.0
3,2026-09-17T08:00:00,25.3,66.0,1.7,320.6,0.0
4,2026-09-17T08:00:00,24.4,64.1,2.0,308.9,0.0
5,2026-09-17T08:00:00,25.3,64.2,2.2,312.3,0.0
6,2026-09-17T08:00:00,25.9,62.8,1.2,298.1,0.0
7,2026-09-17T08:00:00,25.8,66.5,1.7,301.1,0.0
8,2026-09-17T08:00:00,24.8,63.8,2.2,320.6,0.0
9,2026-09-17T08:00:00,25.2,64.0,1.8,307.7,0.0
10,2026-09-17T08:00:00,25.2,67.2,1.9,317.0,0.0
11,2026-09-17T08:00:00,24.6,62.5,2.1,321.9,0.0
12,2026-09-17T08:00:00,25.9,65.8,1.4,321.5,0.0
13,2026-09-17T08:00:00,26.4,65.9,2.6,288.6,0.0
14,2026-09-17T08:00:00,25.5,65.9,1.9,305.7,0.0
15,2026-09-17T08:00:00,26.2,64.5,2.4,314.3,0.0
1,2026-09-17T09:00:00,27.3,58.7,2.3,311.1,0.0
2,2026-09-17T09:00:00,28.0,59.6,2.1,311.7,0.0
3,2026-09-17T09:00:00,27.7,59.3,2.5,307.3,0.0
4,2026-09-17T09:00:00,26.2,60.0,1.9,325.6,0.0
5,2026-09-17T09:00:00,27.5,61.7,1.9,306.6,0.0
6,2026-09-17T09:00:00,27.0,58.8,1.6,309.3,0.0
7,2026-09-17T09:00:00,26.8,62.2,2.2,314.6,0.0
8,2026-09-17T09:00:00,27.6,61.5,2.0,315.9,0.0
9,2026-09-17T09:00:00,26.7,61.4,2.1,316.1,0.0
10,2026-09-17T09:00:00,28.0,61.3,2.2,308.7,0.0
11,2026-09-17T09:00:00,28.0,61.4,2.3,321.8,0.0
12,2026-09-17T09:00:00,27.4,64.2,2.4,303.1,0.0
13,2026-09-17T09:00:00,26.4,65.1,2.0,306.6,0.0
14,2026-09-17T09:00:00,27.9,59.1,2.0,303.4,0.0
15,2026-09-17T09:00:00,28.0,61.1,2.0,311.7,0.0
1,2026-09-17T10:00:00,28.6,55.1,2.4,316.0,0.0
2,2026-09-17T10:00:00,29.4,56.2,2.1,308.3,0.0
3,2026-09-17T10:00:00,28.8,57.1,2.6,301.1,0.0
4,2026-09-17T10:00:00,30.0,56.1,2.6,315.7,0.0
5,2026-09-17T10:00:00,28.4,54.8,2.3,312.5,0.0
6,2026-09-17T10:00:00,29.6,59.9,2.6,316.8,0.0
7,2026-09-17T10:00:00,28.7,54.4,1.7,297.5,0.0
8,2026-09-17T10:00:00,29.3,54.2,2.2,312.9,0.0
9,2026-09-17T10:00:00,28.4,56.5,2.2,299.1,0.0
10,2026-09-17T10:00:00,29.7,53.7,2.6,299.4,0.0
11,2026-09-17T10:00:00,28.6,55.1,2.6,304.1,0.0
12,2026-09-17T10:00:00,28.7,57.0,2.2,300.7,0.0
13,2026-09-17T10:00:00,29.5,54.5,2.0,321.0,0.0
14,2026-09-17T10:00:00,29.1,55.7,2.5,324.8,0.0
15,2026-09-17T10:00:00,29.7,57.2,2.7,328.2,0.0
1,2026-09-17T11:00:00,31.4,48.2,2.9,326.4,0.0
2,2026-09-17T11:00:00,30.3,51.0,2.6,310.9,0.0
3,2026-09-17T11:00:00,30.4,55.4,1.9,313.4,0.0
4,2026-09-17T11:00:00,31.0,49.8,2.8,323.1,0.0
5,2026-09-17T11:00:00,30.1,48.7,2.9,329.6,0.0
6,2026-09-17T11:00:00,30.6,53.7,2.0,305.8,0.0
7,2026-09-17T11:00:00,31.6,51.6,2.1,292.5,0.0
8,2026-09-17T11:00:00,30.4,49.9,1.9,327.5,0.0
9,2026-09-17T11:00:00,29.6,50.8,2.5,306.6,0.0
10,2026-09-17T11:00:00,30.8,53.3,2.0,333.9,0.0
11,2026-09-17T11:00:00,29.8,52.9,2.6,317.7,0.0
12,2026-09-17T11:00:00,30.8,52.3,2.7,312.6,0.0
13,2026-09-17T11:00:00,30.3,52.0,2.5,305.0,0.0
14,2026-09-17T11:00:00,30.2,49.6,2.5,311.5,0.0
15,2026-09-17T11:00:00,30.3,50.3,2.6,297.2,0.0
1,2026-09-17T12:00:00,31.5,48.9,2.7,335.1,0.0
2,2026-09-17T12:00:00,32.0,52.3,3.0,322.3,0.0
3,2026-09-17T12:00:00,31.0,49.2,2.5,313.1,0.0
4,2026-09-17T12:00:00,31.2,49.8,2.8,317.7,0.0
5,2026-09-17T12:00:00,32.1,48.2,2.5,306.3,0.0
6,2026-09-17T12:00:00,31.8,50.6,2.8,285.9,0.0
7,2026-09-17T12:00:00,31.0,47.9,2.8,327.8,0.0
8,2026-09-17T12:00:00,29.9,47.7,2.9,311.0,0.0
9,2026-09-17T12:00:00,32.4,48.0,3.3,313.4,0.0
10,2026-09-17T12:00:00,32.6,48.1,2.6,296.4,0.0
11,2026-09-17T12:00:00,31.2,44.4,2.9,309.7,0.0
12,2026-09-17T12:00:00,31.5,48.7,2.9,318.3,0.0
13,2026-09-17T12:00:00,30.9,46.5,2.5,310.2,0.0
14,2026-09-17T12:00:00,32.0,48.3,2.8,323.0,0.0
15,2026-09-17T12:00:00,31.8,50.7,2.7,306.3,0.0
1,2026-09-17T13:00:00,33.1,48.6,3.1,318.6,0.0
2,2026-09-17T13:00:00,33.8,45.7,3.0,317.7,0.0
3,2026-09-17T13:00:00,31.8,49.5,2.9,298.1,0.0
4,2026-09-17T13:00:00,32.8,46.7,3.1,311.5,0.0
5,2026-09-17T13:00:00,33.4,46.3,3.5,311.7,0.0
6,2026-09-17T13:00:00,32.1,46.1,3.3,324.1,0.0
7,2026-09-17T13:00:00,31.8,48.4,2.9,297.4,0.0
8,2026-09-17T13:00:00,32.4,47.6,3.1,326.4,0.0
9,2026-09-17T13:00:00,32.1,45.1,3.2,329.3,0.0
10,2026-09-17T13:00:00,32.0,49.4,3.1,330.2,0.0
11,2026-09-17T13:00:00,31.9,46.8,3.0,347.0,0.0
12,2026-09-17T13:00:00,32.2,44.8,2.9,314.0,0.0
13,2026-09-17T13:00:00,33.2,45.2,3.0,322.3,0.0
14,2026-09-17T13:00:00,33.5,43.2,3.0,314.6,0.0
15,2026-09-17T13:00:00,32.6,46.3,3.2,325.7,0.0
1,2026-09-17T14:00:00,33.4,46.1,3.1,317.5,0.0
2,2026-09-17T14:00:00,33.0,46.5,3.2,322.7,0.0
3,2026-09-17T14:00:00,33.5,44.1,3.3,315.4,0.0
4,2026-09-17T14:00:00,33.8,47.1,2.8,319.7,0.0
5,2026-09-17T14:00:00,32.6,44.9,3.3,303.8,0.0
6,2026-09-17T14:00:00,33.4,44.6,3.2,325.8,0.0
7,2026-09-17T14:00:00,33.4,44.5,3.5,313.7,0.0
8,2026-09-17T14:00:00,33.4,45.9,3.1,322.3,0.0
9,2026-09-17T14:00:00,32.9,45.2,3.6,323.3,0.0
10,2026-09-17T14:00:00,32.7,46.3,3.5,318.5,0.0
11,2026-09-17T14:00:00,32.7,46.4,3.2,315.4,0.0
12,2026-09-17T14:00:00,33.3,44.7,3.1,312.8,0.0
13,2026-09-17T14:00:00,32.6,44.4,3.7,320.5,0.0
14,2026-09-17T14:00:00,32.7,44.9,3.0,316.2,0.0
15,2026-09-17T14:00:00,32.9,46.8,3.3,323.9,0.0
1,2026-09-17T15:00:00,32.7,44.1,3.8,316.4,0.0
2,2026-09-17T15:00:00,33.2,46.7,3.6,303.8,0.0
3,2026-09-17T15:00:00,32.0,45.8,4.0,326.9,0.0
4,2026-09-17T15:00:00,33.0,45.6,3.4,321.4,0.0
5,2026-09-17T15:00:00,30.8,43.7,3.4,316.0,0.0
6,2026-09-17T15:00:00,32.8,44.9,3.5,321.2,0.0
7,2026-09-17T15:00:00,33.5,42.4,3.5,315.3,0.0
8,2026-09-17T15:00:00,33.0,44.4,3.3,303.8,0.0
9,2026-09-17T15:00:00,33.2,47.5,3.6,313.8,0.0
10,2026-09-17T15:00:00,33.3,45.5,3.5,325.9,0.0
11,2026-09-17T15:00:00,33.5,44.4,3.3,310.2,0.0
12,2026-09-17T15:00:00,32.4,45.8,3.3,312.7,0.0
13,2026-09-17T15:00:00,33.4,44.2,2.8,299.9,0.0
14,2026-09-17T15:00:00,32.4,41.8,3.7,311.7,0.0
15,2026-09-17T15:00:00,33.7,42.6,3.5,321.8,0.0
1,2026-09-17T16:00:00,32.1,48.5,4.1,320.8,0.0
2,2026-09-17T16:00:00,33.0,45.6,3.4,313.3,0.0
3,2026-09-17T16:00:00,31.7,46.9,4.0,316.6,0.0
4,2026-09-17T16:00:00,32.0,42.5,3.5,308.1,0.0
5,2026-09-17T16:00:00,31.8,50.2,4.0,321.2,0.0
6,2026-09-17T16:00:00,32.9,49.4,3.2,295.4,0.0
7,2026-09-17T16:00:00,32.2,48.4,3.9,297.5,0.0
8,2026-09-17T16:00:00,31.2,45.4,3.5,310.1,0.0
9,2026-09-17T16:00:00,33.5,43.2,3.6,324.3,0.0
10,2026-09-17T16:00:00,32.6,47.7,3.7,292.2,0.0
11,2026-09-17T16:00:00,32.4,43.3,3.6,311.4,0.0
12,2026-09-17T16:00:00,32.4,45.3,3.9,323.0,0.0
13,2026-09-17T16:00:00,33.5,46.8,3.2,312.2,0.0
14,2026-09-17T16:00:00,32.0,49.4,4.0,308.0,0.0
15,2026-09-17T16:00:00,32.2,48.8,3.8,316.2,0.0
1,2026-09-17T17:00:00,31.4,52.5,3.2,313.6,0.0
2,2026-09-17T17:00:00,31.9,46.1,3.8,312.3,0.0
3,2026-09-17T17:00:00,31.6,49.4,3.6,298.3,0.0
4,2026-09-17T17:00:00,31.1,50.0,3.3,305.4,0.0
5,2026-09-17T17:00:00,31.6,51.5,3.3,330.8,0.0
6,2026-09-17T17:00:00,31.9,48.4,3.4,314.0,0.0
7,2026-09-17T17:00:00,31.6,47.1,3.7,313.3,0.0
8,2026-09-17T17:00:00,30.9,48.3,4.1,314.8,0.0
9,2026-09-17T17:00:00,31.7,47.7,3.4,309.4,0.0
10,2026-09-17T17:00:00,31.5,50.7,3.7,313.3,0.0
11,2026-09-17T17:00:00,31.7,45.3,3.6,319.7,0.0
12,2026-09-17T17:00:00,31.5,46.8,3.7,318.0,0.0
13,2026-09-17T17:00:00,32.0,46.7,4.0,318.2,0.0
14,2026-09-17T17:00:00,30.8,50.5,3.8,317.7,0.0
15,2026-09-17T17:00:00,31.3,46.6,3.8,309.8,0.0
1,2026-09-17T18:00:00,30.8,52.4,4.1,317.1,0.0
2,2026-09-17T18:00:00,31.1,47.5,3.8,340.7,0.0
3,2026-09-17T18:00:00,30.5,51.3,3.8,318.5,0.0
4,2026-09-17T18:00:00,29.8,51.3,3.6,305.4,0.0
5,2026-09-17T18:00:00,30.7,53.4,3.9,312.4,0.0
6,2026-09-17T18:00:00,30.1,51.0,3.9,300.1,0.0
7,2026-09-17T18:00:00,29.8,51.2,3.3,315.2,0.0
8,2026-09-17T18:00:00,32.5,49.9,3.8,316.3,0.0
9,2026-09-17T18:00:00,30.0,49.2,4.1,316.2,0.0
10,2026-09-17T18:00:00,31.3,55.1,3.8,315.0,0.0
11,2026-09-17T18:00:00,30.9,50.8,3.7,314.8,0.0
12,2026-09-17T18:00:00,30.5,52.9,4.3,297.9,0.0
13,2026-09-17T18:00:00,29.7,50.3,4.0,310.2,0.0
14,2026-09-17T18:00:00,30.2,49.4,3.8,316.3,0.0
15,2026-09-17T18:00:00,30.8,53.7,4.0,297.0,0.0
1,2026-09-17T19:00:00,29.5,56.0,3.8,308.6,0.0
2,2026-09-17T19:00:00,28.8,53.4,3.7,295.1,0.0
3,2026-09-17T19:00:00,29.6,53.8,3.7,296.8,0.0
4,2026-09-17T19:00:00,28.1,55.0,3.4,297.6,0.0
5,2026-09-17T19:00:00,29.3,55.6,3.4,312.3,0.0
6,2026-09-17T19:00:00,28.7,55.2,4.0,321.6,0.0
7,2026-09-17T19:00:00,27.6,56.6,3.9,312.4,0.0
8,2026-09-17T19:00:00,30.0,56.1,3.7,306.0,0.0
9,2026-09-17T19:00:00,28.6,56.2,3.9,293.7,0.0
10,2026-09-17T19:00:00,29.3,58.3,3.4,277.1,0.0
11,2026-09-17T19:00:00,29.6,59.3,3.6,303.0,0.0
12,2026-09-17T19:00:00,28.6,57.7,3.9,323.8,0.0
13,2026-09-17T19:00:00,29.0,55.5,3.4,297.9,0.0
14,2026-09-17T19:00:00,29.3,57.0,4.1,301.7,0.0
15,2026-09-17T19:00:00,30.3,57.1,4.0,293.9,0.0
1,2026-09-17T20:00:00,26.7,60.3,3.5,315.5,0.0
2,2026-09-17T20:00:00,27.3,58.5,3.8,291.7,0.0
3,2026-09-17T20:00:00,27.5,60.5,3.8,277.0,0.0
4,2026-09-17T20:00:00,26.7,54.7,3.6,295.1,0.0
5,2026-09-17T20:00:00,26.9,63.0,3.7,301.5,0.0
6,2026-09-17T20:00:00,26.3,61.1,3.3,293.1,0.0
7,2026-09-17T20:00:00,27.1,58.9,4.2,309.2,0.0
8,2026-09-17T20:00:00,26.6,59.8,3.5,318.1,0.0
9,2026-09-17T20:00:00,26.9,61.1,3.5,304.4,0.0
10,2026-09-17T20:00:00,28.2,62.2,3.8,293.6,0.0
11,2026-09-17T20:00:00,27.7,57.8,3.8,289.5,0.0
12,2026-09-17T20:00:00,27.6,58.5,3.7,299.8,0.0
13,2026-09-17T20:00:00,27.2,61.0,3.5,303.9,0.0
14,2026-09-17T20:00:00,26.8,58.1,3.9,292.9,0.0
15,2026-09-17T20:00:00,27.2,59.7,3.6,289.1,0.0
1,2026-09-17T21:00:00,25.7,66.9,4.0,296.9,0.0
2,2026-09-17T21:00:00,25.8,60.7,3.6,302.9,0.0
3,2026-09-17T21:00:00,25.1,66.6,3.8,273.0,0.0
4,2026-09-17T21:00:00,24.9,65.1,3.7,311.5,0.0
5,2026-09-17T21:00:00,25.0,66.3,3.5,296.2,0.0
6,2026-09-17T21:00:00,26.3,62.8,3.3,298.6,0.0
7,2026-09-17T21:00:00,24.7,67.2,3.6,305.5,0.0
8,2026-09-17T21:00:00,25.2,67.7,3.3,296.4,0.0
9,2026-09-17T21:00:00,26.8,65.9,3.2,298.4,0.0
10,2026-09-17T21:00:00,25.8,66.1,3.2,285.8,0.0
11,2026-09-17T21:00:00,26.3,68.7,3.0,287.1,0.0
12,2026-09-17T21:00:00,25.7,62.9,3.6,315.0,0.0
13,2026-09-17T21:00:00,24.8,68.3,3.5,294.5,0.0
14,2026-09-17T21:00:00,24.8,67.2,3.4,284.0,0.0
15,2026-09-17T21:00:00,25.6,63.3,3.4,296.4,0.0
1,2026-09-17T22:00:00,25.0,70.3,3.2,289.5,0.0
2,2026-09-17T22:00:00,24.0,67.2,3.7,281.1,0.0
3,2026-09-17T22:00:00,23.8,71.2,3.7,291.4,0.0
4,2026-09-17T22:00:00,23.9,68.5,3.7,289.3,0.0
5,2026-09-17T22:00:00,24.3,71.7,3.3,292.6,0.0
6,2026-09-17T22:00:00,24.4,70.8,2.8,297.0,0.0
7,2026-09-17T22:00:00,24.6,70.8,3.6,291.2,0.0
8,2026-09-17T22:00:00,23.8,69.3,3.4,309.8,0.0
9,2026-09-17T22:00:00,24.0,69.6,3.4,310.2,0.0
10,2026-09-17T22:00:00,24.5,69.4,3.5,289.1,0.0
11,2026-09-17T22:00:00,22.3,66.3,3.2,299.3,0.0
12,2026-09-17T22:00:00,23.9,68.0,3.6,313.9,0.0
13,2026-09-17T22:00:00,23.4,69.3,3.4,296.1,0.0
14,2026-09-17T22:00:00,24.1,69.7,3.6,296.5,0.0
15,2026-09-17T22:00:00,25.1,69.5,2.9,298.2,0.0
1,2026-09-17T23:00:00,22.8,73.0,3.1,302.5,0.0
2,2026-09-17T23:00:00,22.7,73.6,2.6,294.2,0.0
3,2026-09-17T23:00:00,22.6,73.9,2.8,291.7,0.0
4,2026-09-17T23:00:00,22.8,73.0,2.9,285.3,0.0
5,2026-09-17T23:00:00,22.5,73.6,2.7,275.9,0.0
6,2026-09-17T23:00:00,22.4,74.2,2.9,273.9,0.0
7,2026-09-17T23:00:00,21.5,72.6,2.7,309.5,0.0
8,2026-09-17T23:00:00,23.3,71.7,2.7,277.8,0.0
9,2026-09-17T23:00:00,23.2,74.6,3.4,275.1,0.0
10,2026-09-17T23:00:00,23.3,72.8,2.9,287.7,0.0
11,2026-09-17T23:00:00,22.2,75.0,3.0,288.5,0.0
12,2026-09-17T23:00:00,21.9,72.1,3.3,288.9,0.0
13,2026-09-17T23:00:00,22.2,75.9,3.0,302.6,0.0
14,2026-09-17T23:00:00,21.6,74.6,3.0,290.1,0.0
15,2026-09-17T23:00:00,22.9,75.2,2.9,289.6,0.0
1,2026-09-18T00:00:00,23.1,73.3,2.5,281.8,0.0
2,2026-09-18T00:00:00,21.5,77.0,2.4,285.0,0.0
3,2026-09-18T00:00:00,21.1,78.2,2.7,281.9,0.0
4,2026-09-18T00:00:00,21.5,78.0,2.8,291.6,0.0
5,2026-09-18T00:00:00,21.8,72.8,2.3,292.6,0.0
6,2026-09-18T00:00:00,21.1,78.8,2.6,271.6,0.0
7,2026-09-18T00:00:00,21.1,79.1,3.3,293.5,0.0
8,2026-09-18T00:00:00,22.1,74.7,2.7,282.0,0.0
9,2026-09-18T00:00:00,21.3,76.0,2.7,297.4,0.0
10,2026-09-18T00:00:00,21.7,75.4,2.7,297.1,0.0
11,2026-09-18T00:00:00,21.5,74.9,2.8,285.9,0.0
12,2026-09-18T00:00:00,22.3,77.7,2.9,317.3,0.0
13,2026-09-18T00:00:00,21.6,76.8,3.0,291.4,0.0
14,2026-09-18T00:00:00,21.5,76.0,3.0,289.4,0.0
15,2026-09-18T00:00:00,21.5,79.9,2.4,304.1,0.0
1,2026-09-18T01:00:00,21.5,78.5,3.2,268.8,0.0
2,2026-09-18T01:00:00,20.3,77.2,2.6,279.2,0.0
3,2026-09-18T01:00:00,19.8,77.6,2.5,268.8,0.0
4,2026-09-18T01:00:00,21.0,76.9,2.3,284.2,0.0
5,2026-09-18T01:00:00,21.2,80.7,2.7,265.6,0.0
6,2026-09-18T01:00:00,21.2,79.9,3.1,278.4,0.0
7,2026-09-18T01:00:00,20.9,78.8,2.7,282.6,0.0
8,2026-09-18T01:00:00,19.0,79.8,2.2,295.6,0.0
9,2026-09-18T01:00:00,20.4,77.4,2.8,284.9,0.0
10,2026-09-18T01:00:00,20.1,77.2,2.4,284.9,0.0
11,2026-09-18T01:00:00,20.2,76.3,2.4,285.5,0.0
12,2026-09-18T01:00:00,19.8,81.0,2.6,266.1,0.0
13,2026-09-18T01:00:00,21.2,79.4,2.3,289.6,0.0
14,2026-09-18T01:00:00,19.8,77.1,2.4,288.3,0.0
15,2026-09-18T01:00:00,21.0,78.6,2.3,287.1,0.0
1,2026-09-18T02:00:00,20.8,79.0,1.9,283.3,0.0
2,2026-09-18T02:00:00,20.3,81.5,2.1,286.4,0.0
3,2026-09-18T02:00:00,18.8,82.8,2.6,255.7,0.0
4,2026-09-18T02:00:00,20.6,76.5,2.5,263.7,0.0
5,2026-09-18T02:00:00,19.8,78.8,2.6,277.0,0.0
6,2026-09-18T02:00:00,20.0,80.0,2.0,268.9,0.0
7,2026-09-18T02:00:00,19.8,83.1,2.3,286.1,0.0
8,2026-09-18T02:00:00,20.0,80.1,2.3,259.9,0.0
9,2026-09-18T02:00:00,19.7,78.9,2.1,276.1,0.0
10,2026-09-18T02:00:00,20.3,79.8,2.3,270.0,0.0
11,2026-09-18T02:00:00,20.3,81.1,2.3,271.4,0.0
12,2026-09-18T02:00:00,20.4,80.5,1.9,281.3,0.0
13,2026-09-18T02:00:00,20.7,77.6,2.3,275.5,0.0
14,2026-09-18T02:00:00,20.9,80.4,2.6,277.8,0.0
15,2026-09-18T02:00:00,20.5,79.3,2.3,286.2,0.0
1,2026-09-18T03:00:00,20.6,77.8,2.5,279.1,0.0
2,2026-09-18T03:00:00,20.1,79.0,2.0,270.8,0.0
3,2026-09-18T03:00:00,20.7,83.8,1.8,267.3,0.0
4,2026-09-18T03:00:00,21.4,78.7,1.8,263.8,0.0
5,2026-09-18T03:00:00,19.4,79.4,2.2,263.0,0.0
6,2026-09-18T03:00:00,20.1,80.6,1.9,286.0,0.0
7,2026-09-18T03:00:00,20.3,77.7,2.1,285.2,0.0
8,2026-09-18T03:00:00,20.8,77.3,2.3,277.5,0.0
9,2026-09-18T03:00:00,20.5,80.6,2.0,276.3,0.0
10,2026-09-18T03:00:00,20.3,76.1,2.5,264.0,0.0
11,2026-09-18T03:00:00,21.3,80.1,2.6,276.1,0.0
12,2026-09-18T03:00:00,20.3,82.1,2.6,293.7,0.0
13,2026-09-18T03:00:00,20.3,79.2,2.1,265.4,0.0
14,2026-09-18T03:00:00,20.2,78.0,1.9,257.4,0.0
15,2026-09-18T03:00:00,19.4,75.6,1.9,261.2,0.0
1,2026-09-18T04:00:00,20.1,80.6,2.2,252.3,0.0
2,2026-09-18T04:00:00,21.1,77.3,1.4,280.9,0.0
3,2026-09-18T04:00:00,20.3,81.5,2.4,259.6,0.0
4,2026-09-18T04:00:00,19.0,77.5,1.7,270.1,0.0
5,2026-09-18T04:00:00,20.6,79.0,2.2,273.9,0.0
6,2026-09-18T04:00:00,20.9,78.8,1.8,260.6,0.0
7,2026-09-18T04:00:00,21.1,79.9,2.0,265.3,0.0
8,2026-09-18T04:00:00,20.3,78.3,1.7,266.7,0.0
9,2026-09-18T04:00:00,19.4,75.5,1.8,275.2,0.0
10,2026-09-18T04:00:00,20.6,79.8,1.4,253.9,0.0
11,2026-09-18T04:00:00,20.0,77.6,1.8,280.1,0.0
12,2026-09-18T04:00:00,20.7,76.4,1.6,270.5,0.0
13,2026-09-18T04:00:00,20.3,80.5,2.0,270.7,0.0
14,2026-09-18T04:00:00,20.6,82.4,2.1,278.8,0.0
15,2026-09-18T04:00:00,19.7,80.3,2.3,268.3,0.0
1,2026-09-18T05:00:00,22.4,77.8,1.5,263.5,0.0
2,2026-09-18T05:00:00,21.3,77.6,1.9,257.1,0.0
3,2026-09-18T05:00:00,21.8,77.1,1.4,266.7,0.0
4,2026-09-18T05:00:00,21.5,77.3,2.0,267.8,0.0
5,2026-09-18T05:00:00,21.5,76.7,2.0,246.2,0.0
6,2026-09-18T05:00:00,20.1,75.9,1.6,265.4,0.0
7,2026-09-18T05:00:00,21.6,75.9,1.5,257.0,0.0
8,2026-09-18T05:00:00,22.3,74.4,1.4,253.5,0.0
9,2026-09-18T05:00:00,20.9,74.4,2.3,260.7,0.0
10,2026-09-18T05:00:00,21.5,76.0,1.4,269.3,0.0
11,2026-09-18T05:00:00,20.9,75.4,2.3,262.3,0.0
12,2026-09-18T05:00:00,21.2,75.0,2.4,251.9,0.0
13,2026-09-18T05:00:00,20.1,77.6,1.6,266.0,0.0
14,2026-09-18T05:00:00,21.1,75.5,1.6,255.5,0.0
15,2026-09-18T05:00:00,21.3,78.1,2.3,244.0,0.0
1,2026-09-18T06:00:00,22.2,73.9,1.5,249.9,0.0
2,2026-09-18T06:00:00,22.5,68.2,1.5,249.1,0.0
3,2026-09-18T06:00:00,22.2,71.3,1.8,264.4,0.0
4,2026-09-18T06:00:00,21.8,74.8,1.7,256.5,0.0
5,2026-09-18T06:00:00,22.4,71.6,1.6,276.0,0.0
6,2026-09-18T06:00:00,21.7,73.4,2.1,256.3,0.0
7,2026-09-18T06:00:00,22.3,70.9,1.9,238.4,0.0
8,2026-09-18T06:00:00,23.2,70.8,1.6,247.2,0.0
9,2026-09-18T06:00:00,23.5,76.5,1.7,247.3,0.0
10,2026-09-18T06:00:00,22.2,72.3,1.4,230.8,0.0
11,2026-09-18T06:00:00,22.7,71.6,1.3,262.1,0.0
12,2026-09-18T06:00:00,21.7,74.3,1.9,264.6,0.0
13,2026-09-18T06:00:00,22.5,75.6,1.9,255.3,0.0
14,2026-09-18T06:00:00,23.0,73.7,2.2,261.3,0.0
15,2026-09-18T06:00:00,23.0,71.5,1.7,261.5,0.0
1,2026-09-18T07:00:00,25.0,70.1,2.0,273.7,0.0
2,2026-09-18T07:00:00,23.8,73.4,1.8,258.5,0.0
3,2026-09-18T07:00:00,24.1,71.3,1.9,242.3,0.0
4,2026-09-18T07:00:00,24.3,69.5,2.1,259.4,0.0
5,2026-09-18T07:00:00,23.6,70.0,2.1,254.6,0.0
6,2026-09-18T07:00:00,22.8,72.6,2.0,257.7,0.0
7,2026-09-18T07:00:00,24.4,70.2,1.7,274.4,0.0
8,2026-09-18T07:00:00,23.3,68.0,1.6,259.5,0.0
9,2026-09-18T07:00:00,23.8,67.6,2.0,253.0,0.0
10,2026-09-18T07:00:00,24.2,71.1,2.0,240.7,0.0
11,2026-09-18T07:00:00,24.8,68.1,1.6,259.4,0.0
12,2026-09-18T07:00:00,23.8,71.0,1.5,259.4,0.0
13,2026-09-18T07:00:00,23.8,75.4,1.9,215.8,0.0
14,2026-09-18T07:00:00,23.9,71.4,1.8,256.5,0.0
15,2026-09-18T07:00:00,24.1,68.3,1.8,259.4,0.0
1,2026-09-18T08:00:00,25.1,65.1,1.6,263.2,0.0
2,2026-09-18T08:00:00,25.0,65.4,2.4,258.2,0.0
3,2026-09-18T08:00:00,26.6,62.6,2.1,246.2,0.0
4,2026-09-18T08:00:00,26.5,61.2,1.8,246.4,0.0
5,2026-09-18T08:00:00,26.7,65.9,2.1,260.5,0.0
6,2026-09-18T08:00:00,25.5,63.6,1.9,269.2,0.0
7,2026-09-18T08:00:00,25.6,62.7,2.2,241.3,0.0
8,2026-09-18T08:00:00,26.6,67.3,1.6,256.7,0.0
9,2026-09-18T08:00:00,25.5,64.3,2.0,253.4,0.0
10,2026-09-18T08:00:00,25.4,64.7,2.0,266.6,0.0
11,2026-09-18T08:00:00,25.5,63.5,1.8,245.8,0.0
12,2026-09-18T08:00:00,24.9,62.5,1.9,256.1,0.0
13,2026-09-18T08:00:00,25.7,63.3,1.9,242.2,0.0
14,2026-09-18T08:00:00,26.0,67.0,1.8,251.7,0.0
15,2026-09-18T08:00:00,26.5,63.8,2.1,238.8,0.0
1,2026-09-18T09:00:00,26.7,57.1,2.2,256.3,0.0
2,2026-09-18T09:00:00,27.5,61.3,2.3,264.6,0.0
3,2026-09-18T09:00:00,27.0,57.4,1.9,257.8,0.0
4,2026-09-18T09:00:00,28.0,62.6,2.0,251.3,0.0
5,2026-09-18T09:00:00,27.8,63.7,2.0,277.1,0.0
6,2026-09-18T09:00:00,27.8,60.9,2.1,259.0,0.0
7,2026-09-18T09:00:00,27.2,58.5,1.8,250.6,0.0
8,2026-09-18T09:00:00,27.0,59.5,1.8,237.7,0.0
9,2026-09-18T09:00:00,26.6,58.5,1.8,258.1,0.0
10,2026-09-18T09:00:00,27.8,57.0,2.1,244.0,0.0
11,2026-09-18T09:00:00,26.9,62.1,2.2,256.3,0.0
12,2026-09-18T09:00:00,26.5,60.6,2.1,255.9,0.0
13,2026-09-18T09:00:00,27.0,61.9,1.7,247.8,0.0
14,2026-09-18T09:00:00,27.2,61.7,2.3,249.9,0.0
15,2026-09-18T09:00:00,27.6,59.2,1.8,256.7,0.0
1,2026-09-18T10:00:00,28.5,56.1,2.4,230.4,0.0
2,2026-09-18T10:00:00,29.5,54.6,1.9,254.9,0.0
3,2026-09-18T10:00:00,30.0,57.7,2.1,254.3,0.0
4,2026-09-18T10:00:00,29.2,56.6,2.6,232.0,0.0
5,2026-09-18T10:00:00,29.3,56.9,2.1,249.4,0.0
6,2026-09-18T10:00:00,28.8,55.7,2.2,243.1,0.0
7,2026-09-18T10:00:00,29.0,58.6,2.6,246.9,0.0
8,2026-09-18T10:00:00,28.9,53.8,2.1,255.1,0.0
9,2026-09-18T10:00:00,28.0,54.6,2.5,261.2,0.0
10,2026-09-18T10:00:00,28.7,57.6,2.1,252.6,0.0
11,2026-09-18T10:00:00,28.7,54.8,2.5,243.3,0.0
12,2026-09-18T10:00:00,28.9,53.2,2.1,243.7,0.0
13,2026-09-18T10:00:00,29.3,53.9,2.5,267.3,0.0
14,2026-09-18T10:00:00,28.6,56.0,2.6,239.2,0.0
15,2026-09-18T10:00:00,30.4,54.2,2.3,244.4,0.0
1,2026-09-18T11:00:00,29.8,53.4,2.9,237.5,0.0
2,2026-09-18T11:00:00,30.4,50.3,2.4,228.6,0.0
3,2026-09-18T11:00:00,31.0,51.4,2.6,241.0,0.0
4,2026-09-18T11:00:00,29.9,53.3,2.8,258.8,0.0
5,2026-09-18T11:00:00,31.1,54.3,2.7,242.0,0.0
6,2026-09-18T11:00:00,31.2,50.3,2.0,251.3,0.0
7,2026-09-18T11:00:00,29.8,48.6,2.6,248.9,0.0
8,2026-09-18T11:00:00,30.3,52.9,2.2,242.7,0.0
9,2026-09-18T11:00:00,30.5,50.6,2.5,244.8,0.0
10,2026-09-18T11:00:00,30.4,53.3,2.6,264.4,0.0
11,2026-09-18T11:00:00,30.2,53.1,2.1,249.5,0.0
12,2026-09-18T11:00:00,29.7,54.4,2.3,230.5,0.0
13,2026-09-18T11:00:00,30.7,52.8,2.4,259.1,0.0
14,2026-09-18T11:00:00,30.8,49.4,2.7,257.2,0.0
15,2026-09-18T11:00:00,29.8,53.9,2.3,249.6,0.0
1,2026-09-18T12:00:00,31.3,46.3,3.4,246.3,0.0
2,2026-09-18T12:00:00,31.1,46.4,2.9,264.6,0.0
3,2026-09-18T12:00:00,31.5,49.2,3.1,231.9,0.0
4,2026-09-18T12:00:00,30.5,43.3,2.7,251.8,0.0
5,2026-09-18T12:00:00,32.3,46.4,3.2,244.9,0.0
6,2026-09-18T12:00:00,32.0,52.4,2.6,240.9,0.0
7,2026-09-18T12:00:00,31.4,50.5,2.9,255.2,0.0
8,2026-09-18T12:00:00,31.9,49.1,2.9,240.9,0.0
9,2026-09-18T12:00:00,31.2,47.4,2.9,257.5,0.0
10,2026-09-18T12:00:00,31.5,47.3,3.4,226.5,0.0
11,2026-09-18T12:00:00,30.8,49.4,2.5,254.9,0.0
12,2026-09-18T12:00:00,32.4,48.9,2.9,222.0,0.0
13,2026-09-18T12:00:00,32.3,50.5,3.0,266.0,0.0
14,2026-09-18T12:00:00,31.6,50.5,3.1,245.9,0.0
15,2026-09-18T12:00:00,31.5,48.6,2.8,259.5,0.0
1,2026-09-18T13:00:00,32.7,47.3,3.0,237.8,0.0
2,2026-09-18T13:00:00,32.6,48.8,3.4,227.2,0.0
3,2026-09-18T13:00:00,32.8,45.9,3.2,232.2,0.0
4,2026-09-18T13:00:00,32.5,49.3,3.0,245.0,0.0
5,2026-09-18T13:00:00,33.1,44.6,3.5,226.7,0.0
6,2026-09-18T13:00:00,32.0,46.6,3.0,242.5,0.0
7,2026-09-18T13:00:00,32.8,46.8,3.3,263.6,0.0
8,2026-09-18T13:00:00,32.6,48.1,3.1,257.2,0.0
9,2026-09-18T13:00:00,33.1,45.9,2.8,235.1,0.0
10,2026-09-18T13:00:00,32.7,44.8,3.0,246.4,0.0
11,2026-09-18T13:00:00,32.6,44.2,2.6,254.1,0.0
12,2026-09-18T13:00:00,33.3,42.3,3.2,231.8,0.0
13,2026-09-18T13:00:00,32.5,49.1,3.0,240.5,0.0
14,2026-09-18T13:00:00,32.6,47.1,2.7,251.8,0.0
15,2026-09-18T13:00:00,31.7,46.2,3.2,241.6,0.0
1,2026-09-18T14:00:00,32.3,48.7,3.2,254.4,0.0
2,2026-09-18T14:00:00,33.0,43.4,3.2,247.3,0.0
3,2026-09-18T14:00:00,34.0,43.8,3.6,240.7,0.0
4,2026-09-18T14:00:00,32.2,46.0,3.4,232.5,0.0
5,2026-09-18T14:00:00,33.4,45.5,3.7,234.1,0.0
6,2026-09-18T14:00:00,31.5,45.9,3.2,258.6,0.0
7,2026-09-18T14:00:00,32.8,43.6,3.6,235.3,0.0
8,2026-09-18T14:00:00,33.3,43.4,2.9,253.4,0.0
9,2026-09-18T14:00:00,33.3,45.2,3.5,236.1,0.0
10,2026-09-18T14:00:00,32.8,45.4,3.4,254.3,0.0
11,2026-09-18T14:00:00,33.4,42.9,3.2,231.0,0.0
12,2026-09-18T14:00:00,33.6,44.5,3.6,249.9,0.0
13,2026-09-18T14:00:00,32.5,43.3,3.6,243.8,0.0
14,2026-09-18T14:00:00,33.0,43.4,3.5,236.0,0.0
15,2026-09-18T14:00:00,32.9,45.8,3.0,233.3,0.0
1,2026-09-18T15:00:00,34.0,42.4,3.2,243.8,0.0
2,2026-09-18T15:00:00,34.2,47.9,3.4,255.2,0.0
3,2026-09-18T15:00:00,34.0,44.6,3.7,247.1,0.0
4,2026-09-18T15:00:00,33.9,45.2,3.7,255.2,0.0
5,2026-09-18T15:00:00,33.2,42.5,3.6,240.4,0.0
6,2026-09-18T15:00:00,33.7,46.3,3.8,247.9,0.0
7,2026-09-18T15:00:00,34.0,44.3,3.1,257.9,0.0
8,2026-09-18T15:00:00,33.2,45.6,3.4,235.2,0.0
9,2026-09-18T15:00:00,33.3,45.7,3.7,245.7,0.0
10,2026-09-18T15:00:00,32.6,39.4,3.5,258.0,0.0
11,2026-09-18T15:00:00,33.1,46.0,3.1,251.4,0.0
12,2026-09-18T15:00:00,32.5,42.3,3.7,219.9,0.0
13,2026-09-18T15:00:00,33.3,43.1,3.4,263.0,0.0
14,2026-09-18T15:00:00,32.7,45.9,3.8,247.3,0.0
15,2026-09-18T15:00:00,32.9,47.1,3.0,244.3,0.0
1,2026-09-18T16:00:00,33.6,47.2,4.0,241.8,0.0
2,2026-09-18T16:00:00,32.7,48.5,3.4,257.2,0.0
3,2026-09-18T16:00:00,32.0,43.4,3.5,254.8,0.0
4,2026-09-18T16:00:00,31.8,44.9,3.6,237.7,0.0
5,2026-09-18T16:00:00,32.6,46.6,3.6,254.6,0.0
6,2026-09-18T16:00:00,32.3,45.7,3.8,245.4,0.0
7,2026-09-18T16:00:00,32.6,48.1,3.2,258.7,0.0
8,2026-09-18T16:00:00,33.0,47.2,3.6,252.2,0.0
9,2026-09-18T16:00:00,32.0,46.6,3.5,242.5,0.0
10,2026-09-18T16:00:00,32.3,44.9,3.3,269.9,0.0
11,2026-09-18T16:00:00,32.7,46.9,3.4,257.1,0.0
12,2026-09-18T16:00:00,32.0,46.1,3.9,244.9,0.0
13,2026-09-18T16:00:00,32.1,45.2,3.4,246.4,0.0
14,2026-09-18T16:00:00,33.7,47.3,3.5,217.5,0.0
15,2026-09-18T16:00:00,32.8,44.4,3.7,254.0,0.0
1,2026-09-18T17:00:00,31.1,48.2,3.6,254.0,0.0
2,2026-09-18T17:00:00,31.5,52.5,3.6,256.4,0.0
3,2026-09-18T17:00:00,31.5,50.9,4.1,262.2,0.0
4,2026-09-18T17:00:00,32.7,46.3,4.0,250.7,0.0
5,2026-09-18T17:00:00,31.5,45.3,3.9,242.5,0.0
6,2026-09-18T17:00:00,31.7,51.1,3.8,237.3,0.0
7,2026-09-18T17:00:00,32.1,50.4,3.6,243.0,0.0
8,2026-09-18T17:00:00,32.7,51.2,3.5,237.5,0.0
9,2026-09-18T17:00:00,32.2,46.3,3.9,249.1,0.0
10,2026-09-18T17:00:00,32.6,48.2,3.5,246.8,0.0
11,2026-09-18T17:00:00,32.5,51.3,3.9,238.0,0.0
12,2026-09-18T17:00:00,32.3,46.1,3.3,250.8,0.0
13,2026-09-18T17:00:00,31.8,47.7,3.8,254.2,0.0
14,2026-09-18T17:00:00,32.1,48.7,3.8,249.8,0.0
15,2026-09-18T17:00:00,31.5,47.0,3.4,252.1,0.0
1,2026-09-18T18:00:00,30.2,51.9,3.5,238.5,0.0
2,2026-09-18T18:00:00,31.2,51.2,4.2,246.3,0.0
3,2026-09-18T18:00:00,30.2,49.1,3.8,257.1,0.0
4,2026-09-18T18:00:00,30.9,53.7,3.9,261.7,0.0
5,2026-09-18T18:00:00,29.1,49.6,4.1,267.4,0.0
6,2026-09-18T18:00:00,30.2,53.6,3.9,232.0,0.0
7,2026-09-18T18:00:00,30.8,48.2,3.7,258.6,0.0
8,2026-09-18T18:00:00,29.8,51.1,3.8,246.5,0.0
9,2026-09-18T18:00:00,30.4,51.1,3.8,255.8,0.0
10,2026-09-18T18:00:00,30.7,48.9,4.0,244.6,0.0
11,2026-09-18T18:00:00,31.5,51.0,3.7,262.1,0.0
12,2026-09-18T18:00:00,29.7,53.3,3.4,252.8,0.0
13,2026-09-18T18:00:00,30.5,49.7,3.6,251.8,0.0
14,2026-09-18T18:00:00,29.8,49.9,3.9,263.9,0.0
15,2026-09-18T18:00:00,29.9,57.1,4.1,267.4,0.0
1,2026-09-18T19:00:00,29.1,53.4,4.3,272.6,0.0
2,2026-09-18T19:00:00,30.2,54.6,3.9,240.7,0.0
3,2026-09-18T19:00:00,29.7,55.9,4.0,244.2,0.0
4,2026-09-18T19:00:00,28.4,57.1,3.6,260.9,0.0
5,2026-09-18T19:00:00,29.2,55.8,3.6,259.3,0.0
6,2026-09-18T19:00:00,29.1,58.3,4.3,241.9,0.0
7,2026-09-18T19:00:00,29.4,54.5,3.8,263.5,0.0
8,2026-09-18T19:00:00,29.0,54.4,3.9,251.3,0.0
9,2026-09-18T19:00:00,28.7,56.4,3.8,248.8,0.0
10,2026-09-18T19:00:00,28.9,55.0,3.7,240.7,0.0
11,2026-09-18T19:00:00,28.3,55.1,3.7,270.9,0.0
12,2026-09-18T19:00:00,28.5,56.7,3.8,260.6,0.0
13,2026-09-18T19:00:00,28.3,55.3,3.8,257.1,0.0
14,2026-09-18T19:00:00,29.2,56.1,3.7,257.0,0.0
15,2026-09-18T19:00:00,30.2,56.4,3.8,270.9,0.0
1,2026-09-18T20:00:00,26.0,62.0,3.9,255.0,0.0
2,2026-09-18T20:00:00,27.9,61.2,3.7,266.0,0.0
3,2026-09-18T20:00:00,27.2,57.9,4.1,271.6,0.0
4,2026-09-18T20:00:00,27.4,62.0,3.4,260.3,0.0
5,2026-09-18T20:00:00,27.1,59.3,3.5,259.2,0.0
6,2026-09-18T20:00:00,27.6,59.6,3.7,258.6,0.0
7,2026-09-18T20:00:00,27.9,60.8,3.9,267.8,0.0
8,2026-09-18T20:00:00,28.8,62.9,4.0,275.8,0.0
9,2026-09-18T20:00:00,26.5,63.3,3.9,256.1,0.0
10,2026-09-18T20:00:00,27.7,59.6,3.6,258.6,0.0
11,2026-09-18T20:00:00,26.6,61.6,3.8,262.9,0.0
12,2026-09-18T20:00:00,27.2,61.4,3.9,256.6,0.0
13,2026-09-18T20:00:00,27.6,59.6,3.7,248.1,0.0
14,2026-09-18T20:00:00,26.8,58.1,4.0,266.8,0.0
15,2026-09-18T20:00:00,28.1,57.8,3.4,265.3,0.0
1,2026-09-18T21:00:00,25.8,65.9,3.4,267.4,0.0
2,2026-09-18T21:00:00,25.8,63.0,3.7,277.3,0.0
3,2026-09-18T21:00:00,25.5,65.6,3.3,273.3,0.0
4,2026-09-18T21:00:00,25.2,62.8,4.0,261.8,0.0
5,2026-09-18T21:00:00,25.4,65.6,3.3,262.8,0.0
6,2026-09-18T21:00:00,25.5,66.0,3.2,260.5,0.0
7,2026-09-18T21:00:00,25.1,66.0,3.7,240.4,0.0
8,2026-09-18T21:00:00,25.0,62.2,3.4,258.1,0.0
9,2026-09-18T21:00:00,26.8,62.7,3.9,268.4,0.0
10,2026-09-18T21:00:00,25.7,65.5,3.8,268.6,0.0
11,2026-09-18T21:00:00,25.7,64.0,3.3,248.2,0.0
12,2026-09-18T21:00:00,25.8,64.4,3.1,259.2,0.0
13,2026-09-18T21:00:00,26.0,65.9,3.7,262.5,0.0
14,2026-09-18T21:00:00,26.1,67.6,3.4,251.7,0.0
15,2026-09-18T21:00:00,24.6,67.6,3.6,268.0,0.0
1,2026-09-18T22:00:00,24.3,68.6,3.5,267.6,0.0
2,2026-09-18T22:00:00,23.5,69.2,3.5,259.4,0.0
3,2026-09-18T22:00:00,24.0,66.5,3.1,258.1,0.0
4,2026-09-18T22:00:00,24.0,68.7,3.6,276.0,0.0
5,2026-09-18T22:00:00,22.7,69.7,3.3,257.7,0.0
6,2026-09-18T22:00:00,23.6,67.8,3.6,267.8,0.0
7,2026-09-18T22:00:00,23.8,72.3,3.6,270.8,0.0
8,2026-09-18T22:00:00,23.7,69.8,3.3,271.3,0.0
9,2026-09-18T22:00:00,24.2,70.0,3.3,254.6,0.0
10,2026-09-18T22:00:00,24.9,69.1,3.7,287.7,0.0
11,2026-09-18T22:00:00,24.0,67.1,3.3,265.8,0.0
12,2026-09-18T22:00:00,23.9,71.2,3.7,265.4,0.0
13,2026-09-18T22:00:00,23.4,66.7,3.2,262.3,0.0
14,2026-09-18T22:00:00,23.4,68.2,3.4,261.0,0.0
15,2026-09-18T22:00:00,24.8,69.6,3.3,262.0,0.0
1,2026-09-18T23:00:00,22.5,72.4,3.2,267.2,0.0
2,2026-09-18T23:00:00,22.2,74.7,3.2,258.0,0.0
3,2026-09-18T23:00:00,22.2,75.2,2.8,279.2,0.0
4,2026-09-18T23:00:00,21.5,72.5,2.7,276.3,0.0
5,2026-09-18T23:00:00,22.3,71.6,3.5,290.5,0.0
6,2026-09-18T23:00:00,22.3,70.3,3.1,264.6,0.0
7,2026-09-18T23:00:00,22.5,72.0,3.7,274.1,0.0
8,2026-09-18T23:00:00,22.8,73.5,3.0,269.8,0.0
9,2026-09-18T23:00:00,22.6,74.4,2.9,270.1,0.0
10,2026-09-18T23:00:00,21.3,75.2,2.3,268.9,0.0
11,2026-09-18T23:00:00,22.8,73.0,3.1,269.8,0.0
12,2026-09-18T23:00:00,22.8,74.6,3.0,267.4,0.0
13,2026-09-18T23:00:00,22.4,75.2,3.1,261.0,0.0
14,2026-09-18T23:00:00,22.8,72.2,3.2,267.8,0.0
15,2026-09-18T23:00:00,23.0,72.6,2.6,273.0,0.0
1,2026-09-19T00:00:00,21.4,74.2,2.7,265.4,0.0
2,2026-09-19T00:00:00,22.4,80.4,3.0,272.6,0.0
3,2026-09-19T00:00:00,22.6,76.4,2.5,261.9,0.0
4,2026-09-19T00:00:00,21.2,75.7,3.2,291.2,0.0
5,2026-09-19T00:00:00,20.9,76.8,2.9,272.5,0.0
6,2026-09-19T00:00:00,21.4,78.1,2.8,269.5,0.0
7,2026-09-19T00:00:00,21.7,72.1,2.8,287.4,0.0
8,2026-09-19T00:00:00,21.1,77.5,2.7,273.4,0.0
9,2026-09-19T00:00:00,21.7,77.1,2.8,290.2,0.0
10,2026-09-19T00:00:00,21.8,79.2,3.1,273.5,0.0
11,2026-09-19T00:00:00,22.0,75.2,2.7,280.2,0.0
12,2026-09-19T00:00:00,21.8,76.8,3.0,284.9,0.0
13,2026-09-19T00:00:00,21.1,75.2,2.4,284.6,0.0
14,2026-09-19T00:00:00,21.5,74.2,2.8,281.7,0.0
15,2026-09-19T00:00:00,20.4,79.1,2.8,276.3,0.0
1,2026-09-19T01:00:00,20.4,80.4,2.3,276.6,0.0
2,2026-09-19T01:00:00,20.6,75.6,2.8,274.3,0.0
3,2026-09-19T01:00:00,20.5,80.0,2.8,279.2,0.0
4,2026-09-19T01:00:00,21.4,78.6,2.3,300.0,0.0
5,2026-09-19T01:00:00,19.9,76.1,2.5,291.7,0.0
6,2026-09-19T01:00:00,21.0,78.0,2.5,280.0,0.0
7,2026-09-19T01:00:00,20.8,78.8,2.1,287.9,0.0
8,2026-09-19T01:00:00,20.8,80.4,2.4,263.7,0.0
9,2026-09-19T01:00:00,20.1,76.8,2.7,279.7,0.0
10,2026-09-19T01:00:00,20.0,78.4,2.3,262.1,0.0
11,2026-09-19T01:00:00,19.9,79.3,2.4,266.3,0.0
12,2026-09-19T01:00:00,18.8,78.8,2.5,289.7,0.0
13,2026-09-19T01:00:00,20.5,78.4,2.3,289.9,0.0
14,2026-09-19T01:00:00,19.4,81.4,2.9,280.6,0.0
15,2026-09-19T01:00:00,21.0,79.4,2.8,276.9,0.0
1,2026-09-19T02:00:00,20.1,78.7,2.3,265.3,0.0
2,2026-09-19T02:00:00,20.8,80.7,2.6,279.2,0.0
3,2026-09-19T02:00:00,20.5,84.8,2.0,274.8,0.0
4,2026-09-19T02:00:00,21.1,81.4,2.5,276.2,0.0
5,2026-09-19T02:00:00,20.8,77.4,2.1,276.7,0.0
6,2026-09-19T02:00:00,20.0,80.6,2.1,299.1,0.0
7,2026-09-19T02:00:00,18.8,82.0,2.4,296.1,0.0
8,2026-09-19T02:00:00,19.9,80.9,2.1,280.4,0.0
9,2026-09-19T02:00:00,20.2,79.9,2.4,267.8,0.0
10,2026-09-19T02:00:00,19.8,82.4,2.3,281.1,0.0
11,2026-09-19T02:00:00,20.1,82.3,1.9,287.4,0.0
12,2026-09-19T02:00:00,20.5,79.6,2.3,293.7,0.0
13,2026-09-19T02:00:00,20.3,77.1,2.7,257.9,0.0
14,2026-09-19T02:00:00,20.3,79.3,2.5,284.0,0.0
15,2026-09-19T02:00:00,21.1,82.6,2.4,305.3,0.0
1,2026-09-19T03:00:00,20.2,78.1,2.5,312.7,0.0
2,2026-09-19T03:00:00,20.0,79.8,2.1,276.2,0.0
3,2026-09-19T03:00:00,20.4,82.3,2.2,312.7,0.0
4,2026-09-19T03:00:00,19.2,78.9,1.8,291.8,0.0
5,2026-09-19T03:00:00,20.0,82.4,2.2,293.7,0.0
6,2026-09-19T03:00:00,19.9,79.1,2.0,286.8,0.0
7,2026-09-19T03:00:00,19.9,79.8,2.1,282.3,0.0
8,2026-09-19T03:00:00,20.8,82.9,2.0,282.6,0.0
9,2026-09-19T03:00:00,20.9,82.3,2.0,287.3,0.0
10,2026-09-19T03:00:00,20.0,81.1,2.3,300.9,0.0
11,2026-09-19T03:00:00,19.1,80.2,2.2,279.2,0.0
12,2026-09-19T03:00:00,21.1,78.1,2.2,292.0,0.0
13,2026-09-19T03:00:00,20.5,78.9,1.7,288.7,0.0
14,2026-09-19T03:00:00,21.1,78.1,2.3,304.1,0.0
15,2026-09-19T03:00:00,20.1,78.8,2.2,287.6,0.0
1,2026-09-19T04:00:00,19.9,78.9,2.0,314.0,0.0
2,2026-09-19T04:00:00,20.0,76.8,1.8,310.6,0.0
3,2026-09-19T04:00:00,20.0,76.6,1.8,288.2,0.0
4,2026-09-19T04:00:00,20.7,79.2,1.7,308.6,0.0
5,2026-09-19T04:00:00,19.7,79.3,1.8,287.5,0.0
6,2026-09-19T04:00:00,19.7,77.4,1.6,294.7,0.0
7,2026-09-19T04:00:00,20.9,80.0,2.4,290.3,0.0
8,2026-09-19T04:00:00,21.1,76.6,2.1,281.4,0.0
9,2026-09-19T04:00:00,19.6,77.5,1.6,274.1,0.0
10,2026-09-19T04:00:00,21.1,79.1,1.7,289.0,0.0
11,2026-09-19T04:00:00,19.4,75.1,2.0,296.9,0.0
12,2026-09-19T04:00:00,21.8,80.6,2.0,286.9,0.0
13,2026-09-19T04:00:00,20.8,74.6,1.7,291.3,0.0
14,2026-09-19T04:00:00,21.2,79.8,1.8,292.5,0.0
15,2026-09-19T04:00:00,20.5,77.4,1.5,276.1,0.0
1,2026-09-19T05:00:00,21.3,76.9,1.9,287.8,0.0
2,2026-09-19T05:00:00,20.9,73.3,2.2,289.2,0.0
3,2026-09-19T05:00:00,22.2,74.7,2.0,299.8,0.0
4,2026-09-19T05:00:00,20.7,76.4,2.1,295.6,0.0
5,2026-09-19T05:00:00,21.1,77.1,2.1,297.9,0.0
6,2026-09-19T05:00:00,21.5,78.9,1.5,298.4,0.0
7,2026-09-19T05:00:00,20.8,74.1,1.8,289.3,0.0
8,2026-09-19T05:00:00,21.0,74.3,1.9,286.4,0.0
9,2026-09-19T05:00:00,21.7,77.9,1.6,296.2,0.0
10,2026-09-19T05:00:00,20.8,71.9,1.7,293.5,0.0
11,2026-09-19T05:00:00,21.7,76.6,1.7,298.2,0.0
12,2026-09-19T05:00:00,22.5,77.5,1.9,294.5,0.0
13,2026-09-19T05:00:00,21.6,76.8,1.6,291.9,0.0
14,2026-09-19T05:00:00,21.5,79.2,1.9,313.7,0.0
15,2026-09-19T05:00:00,22.1,76.4,1.8,301.1,0.0
1,2026-09-19T06:00:00,23.1,72.9,2.0,286.4,0.0
2,2026-09-19T06:00:00,22.5,73.7,2.0,307.2,0.0
3,2026-09-19T06:00:00,22.7,73.6,1.6,320.7,0.0
4,2026-09-19T06:00:00,22.9,73.7,1.8,303.4,0.0
5,2026-09-19T06:00:00,23.2,74.6,1.6,300.3,0.0
6,2026-09-19T06:00:00,22.4,70.4,1.7,299.7,0.0
7,2026-09-19T06:00:00,22.4,75.1,2.0,303.8,0.0
8,2026-09-19T06:00:00,23.5,72.7,2.0,295.5,0.0
9,2026-09-19T06:00:00,22.4,74.8,1.9,309.9,0.0
10,2026-09-19T06:00:00,23.0,73.3,1.8,308.7,0.0
11,2026-09-19T06:00:00,22.2,74.9,2.0,292.9,0.0
12,2026-09-19T06:00:00,22.3,74.2,1.8,309.9,0.0
13,2026-09-19T06:00:00,22.9,74.4,1.6,301.3,0.0
14,2026-09-19T06:00:00,22.9,72.9,1.6,306.3,0.0
15,2026-09-19T06:00:00,23.4,74.1,1.8,301.5,0.0
1,2026-09-19T07:00:00,23.6,69.8,1.8,304.1,0.0
2,2026-09-19T07:00:00,23.4,71.5,2.0,309.6,0.0
3,2026-09-19T07:00:00,24.1,66.0,2.0,305.2,0.0
4,2026-09-19T07:00:00,24.5,67.4,2.3,302.2,0.0
5,2026-09-19T07:00:00,22.7,68.5,1.9,305.3,0.0
6,2026-09-19T07:00:00,24.1,70.8,2.0,298.1,0.0
7,2026-09-19T07:00:00,23.9,66.8,1.7,303.0,0.0
8,2026-09-19T07:00:00,24.8,67.0,1.8,308.8,0.0
9,2026-09-19T07:00:00,23.7,66.1,1.9,307.5,0.0
10,2026-09-19T07:00:00,23.7,70.8,1.9,301.2,0.0
11,2026-09-19T07:00:00,24.5,70.7,2.0,302.5,0.0
12,2026-09-19T07:00:00,24.3,67.0,1.9,315.2,0.0
13,2026-09-19T07:00:00,25.5,66.7,2.1,307.1,0.0
14,2026-09-19T07:00:00,25.8,67.0,1.6,284.5,0.0
15,2026-09-19T07:00:00,23.9,68.5,2.0,303.5,0.0
1,2026-09-19T08:00:00,26.3,65.5,2.1,306.7,0.0
2,2026-09-19T08:00:00,25.9,62.1,1.3,281.2,0.0
3,2026-09-19T08:00:00,26.5,60.1,1.7,306.9,0.0
4,2026-09-19T08:00:00,26.0,60.4,2.4,309.2,0.0
5,2026-09-19T08:00:00,25.1,62.6,1.8,285.5,0.0
6,2026-09-19T08:00:00,25.7,65.4,1.9,321.6,0.0
7,2026-09-19T08:00:00,25.5,63.2,1.8,304.3,0.0
8,2026-09-19T08:00:00,25.6,64.8,2.0,316.7,0.0
9,2026-09-19T08:00:00,25.0,66.7,1.8,307.8,0.0
10,2026-09-19T08:00:00,25.5,64.9,2.2,302.8,0.0
11,2026-09-19T08:00:00,25.5,62.0,1.8,316.0,0.0
12,2026-09-19T08:00:00,25.9,66.2,1.9,291.4,0.0
13,2026-09-19T08:00:00,24.7,62.5,1.7,329.2,0.0
14,2026-09-19T08:00:00,26.3,63.3,2.1,314.9,0.0
15,2026-09-19T08:00:00,26.1,63.5,1.8,298.6,0.0
1,2026-09-19T09:00:00,28.2,59.8,1.7,314.7,0.0
2,2026-09-19T09:00:00,27.5,58.2,1.9,297.2,0.0
3,2026-09-19T09:00:00,27.5,61.4,2.3,314.0,0.0
4,2026-09-19T09:00:00,27.0,58.8,1.9,311.1,0.0
5,2026-09-19T09:00:00,27.0,59.2,1.6,326.4,0.0
6,2026-09-19T09:00:00,28.2,62.7,2.0,305.5,0.0
7,2026-09-19T09:00:00,27.0,60.4,2.6,313.9,0.0
8,2026-09-19T09:00:00,27.0,61.8,2.1,309.7,0.0
9,2026-09-19T09:00:00,27.6,61.0,2.1,290.0,0.0
10,2026-09-19T09:00:00,27.7,58.7,1.8,293.2,0.0
11,2026-09-19T09:00:00,28.2,60.3,2.6,295.7,0.0
12,2026-09-19T09:00:00,28.4,60.1,2.0,300.5,0.0
13,2026-09-19T09:00:00,27.0,60.2,2.3,321.8,0.0
14,2026-09-19T09:00:00,27.6,58.5,2.3,326.3,0.0
15,2026-09-19T09:00:00,26.5,61.5,2.2,302.6,0.0
1,2026-09-19T10:00:00,29.6,53.0,2.2,310.6,0.0
2,2026-09-19T10:00:00,28.7,53.6,2.1,301.4,0.0
3,2026-09-19T10:00:00,29.9,56.9,2.0,323.7,0.0
4,2026-09-19T10:00:00,28.9,55.9,2.3,309.4,0.0
5,2026-09-19T10:00:00,27.9,53.8,2.2,289.0,0.0
6,2026-09-19T10:00:00,28.8,56.6,2.1,312.3,0.0
7,2026-09-19T10:00:00,28.8,56.1,2.5,326.0,0.0
8,2026-09-19T10:00:00,28.9,54.3,2.5,325.5,0.0
9,2026-09-19T10:00:00,28.7,55.6,2.5,316.2,0.0
10,2026-09-19T10:00:00,29.2,57.0,2.2,330.5,0.0
11,2026-09-19T10:00:00,30.1,56.4,2.0,287.9,0.0
12,2026-09-19T10:00:00,29.2,54.9,2.2,313.6,0.0
13,2026-09-19T10:00:00,29.2,58.6,2.1,316.6,0.0
14,2026-09-19T10:00:00,29.1,58.0,2.1,295.2,0.0
15,2026-09-19T10:00:00,27.9,58.9,1.9,324.6,0.0
1,2026-09-19T11:00:00,30.9,49.7,2.4,302.8,0.0
2,2026-09-19T11:00:00,31.6,54.5,2.1,320.6,0.0
3,2026-09-19T11:00:00,30.3,49.5,2.2,317.8,0.0
4,2026-09-19T11:00:00,30.4,53.7,2.3,302.1,0.0
5,2026-09-19T11:00:00,31.0,53.3,2.6,304.4,0.0
6,2026-09-19T11:00:00,30.3,49.2,2.5,319.1,0.0
7,2026-09-19T11:00:00,30.4,49.7,2.3,320.9,0.0
8,2026-09-19T11:00:00,30.5,50.4,2.3,322.8,0.0
9,2026-09-19T11:00:00,31.0,49.8,2.4,311.6,0.0
10,2026-09-19T11:00:00,31.6,51.9,2.8,311.2,0.0
11,2026-09-19T11:00:00,31.3,51.9,2.5,308.6,0.0
12,2026-09-19T11:00:00,30.4,52.7,2.6,318.7,0.0
13,2026-09-19T11:00:00,30.9,49.6,2.2,315.0,0.0
14,2026-09-19T11:00:00,30.7,53.0,2.4,324.9,0.0
15,2026-09-19T11:00:00,29.4,51.1,2.8,297.6,0.0
1,2026-09-19T12:00:00,31.7,50.2,3.0,303.0,0.0
2,2026-09-19T12:00:00,32.7,52.1,2.7,324.0,0.0
3,2026-09-19T12:00:00,31.1,49.2,2.8,319.8,0.0
4,2026-09-19T12:00:00,31.2,51.8,2.5,311.7,0.0
5,2026-09-19T12:00:00,31.8,48.7,2.8,310.8,0.0
6,2026-09-19T12:00:00,32.1,48.1,3.1,309.5,0.0
7,2026-09-19T12:00:00,31.7,48.9,2.9,306.5,0.0
8,2026-09-19T12:00:00,32.9,49.7,2.9,331.1,0.0
9,2026-09-19T12:00:00,31.3,48.6,2.8,310.1,0.0
10,2026-09-19T12:00:00,32.1,48.9,2.8,302.1,0.0
11,2026-09-19T12:00:00,31.7,48.3,3.1,310.1,0.0
12,2026-09-19T12:00:00,32.1,50.1,2.3,322.0,0.0
13,2026-09-19T12:00:00,31.9,48.7,2.9,310.9,0.0
14,2026-09-19T12:00:00,32.1,47.1,3.5,317.1,0.0
15,2026-09-19T12:00:00,32.2,48.7,2.9,311.9,0.0
1,2026-09-19T13:00:00,32.0,47.0,3.1,309.3,0.0
2,2026-09-19T13:00:00,33.2,46.7,3.2,322.3,0.0
3,2026-09-19T13:00:00,32.2,44.2,3.0,303.8,0.0
4,2026-09-19T13:00:00,32.3,46.8,3.1,305.3,0.0
5,2026-09-19T13:00:00,32.5,47.5,2.7,306.3,0.0
6,2026-09-19T13:00:00,31.9,45.2,3.2,323.9,0.0
7,2026-09-19T13:00:00,31.4,44.4,3.0,310.6,0.0
8,2026-09-19T13:00:00,32.4,46.8,3.4,310.6,0.0
9,2026-09-19T13:00:00,32.4,49.4,3.2,320.9,0.0
10,2026-09-19T13:00:00,33.1,47.0,2.9,323.5,0.0
11,2026-09-19T13:00:00,33.0,49.7,2.8,311.8,0.0
12,2026-09-19T13:00:00,32.8,44.3,3.0,307.3,0.0
13,2026-09-19T13:00:00,32.9,43.6,3.1,317.3,0.0
14,2026-09-19T13:00:00,31.2,45.4,2.9,319.1,0.0
15,2026-09-19T13:00:00,31.9,45.6,2.9,318.6,0.0
1,2026-09-19T14:00:00,33.6,43.9,3.0,309.5,0.0
2,2026-09-19T14:00:00,33.1,43.4,3.2,316.4,0.0
3,2026-09-19T14:00:00,32.3,45.5,3.5,317.7,0.0
4,2026-09-19T14:00:00,33.3,45.1,3.0,310.9,0.0
5,2026-09-19T14:00:00,33.5,44.2,3.5,319.7,0.0
6,2026-09-19T14:00:00,33.7,42.4,3.1,324.1,0.0
7,2026-09-19T14:00:00,32.5,43.3,3.0,290.8,0.0
8,2026-09-19T14:00:00,33.8,45.7,3.2,302.5,0.0
9,2026-09-19T14:00:00,33.5,43.4,2.9,298.7,0.0
10,2026-09-19T14:00:00,33.1,44.9,3.3,328.4,0.0
11,2026-09-19T14:00:00,33.8,40.1,3.6,319.0,0.0
12,2026-09-19T14:00:00,32.1,45.9,3.3,297.8,0.0
13,2026-09-19T14:00:00,33.4,45.0,3.5,311.7,0.0
14,2026-09-19T14:00:00,32.6,45.2,3.3,308.6,0.0
15,2026-09-19T14:00:00,33.3,45.2,3.8,325.9,0.0
1,2026-09-19T15:00:00,33.1,48.9,3.5,305.9,0.0
2,2026-09-19T15:00:00,33.8,44.1,3.3,320.0,0.0
3,2026-09-19T15:00:00,32.8,43.8,3.7,323.5,0.0
4,2026-09-19T15:00:00,32.3,46.3,3.2,309.4,0.0
5,2026-09-19T15:00:00,32.9,44.3,3.5,302.5,0.0
6,2026-09-19T15:00:00,32.7,45.5,3.5,334.0,0.0
7,2026-09-19T15:00:00,32.6,42.2,3.4,308.3,0.0
8,2026-09-19T15:00:00,33.0,44.8,3.0,305.1,0.0
9,2026-09-19T15:00:00,33.0,46.8,3.8,322.9,0.0
10,2026-09-19T15:00:00,33.3,43.1,3.4,313.0,0.0
11,2026-09-19T15:00:00,31.5,46.3,3.8,321.4,0.0
12,2026-09-19T15:00:00,32.4,46.3,3.6,294.6,0.0
13,2026-09-19T15:00:00,33.3,50.1,3.2,323.9,0.0
14,2026-09-19T15:00:00,33.6,44.0,3.4,321.6,0.0
15,2026-09-19T15:00:00,32.3,43.5,3.3,324.3,0.0
1,2026-09-19T16:00:00,32.9,46.4,3.6,336.7,0.0
2,2026-09-19T16:00:00,33.1,46.6,3.8,315.6,0.0
3,2026-09-19T16:00:00,33.0,45.8,3.4,312.3,0.0
4,2026-09-19T16:00:00,33.5,48.1,3.3,307.9,0.0
5,2026-09-19T16:00:00,32.3,49.1,3.6,329.8,0.0
6,2026-09-19T16:00:00,33.4,42.5,3.7,312.6,0.0
7,2026-09-19T16:00:00,33.5,48.8,3.7,317.5,0.0
8,2026-09-19T16:00:00,32.3,47.1,3.6,324.5,0.0
9,2026-09-19T16:00:00,32.9,47.8,4.0,291.7,0.0
10,2026-09-19T16:00:00,33.2,46.8,3.9,311.2,0.0
11,2026-09-19T16:00:00,32.2,43.5,4.0,300.3,0.0
12,2026-09-19T16:00:00,31.7,45.1,3.7,308.9,0.0
13,2026-09-19T16:00:00,32.0,45.8,3.7,290.7,0.0
14,2026-09-19T16:00:00,31.9,48.2,3.7,303.2,0.0
15,2026-09-19T16:00:00,32.0,45.7,4.1,324.4,0.0
1,2026-09-19T17:00:00,30.7,50.0,3.4,313.8,0.0
2,2026-09-19T17:00:00,31.9,46.1,3.6,318.2,0.0
3,2026-09-19T17:00:00,32.0,46.2,3.9,313.9,0.0
4,2026-09-19T17:00:00,31.7,44.8,3.4,299.0,0.0
5,2026-09-19T17:00:00,31.9,47.5,4.1,310.5,0.0
6,2026-09-19T17:00:00,31.9,49.8,4.0,318.8,0.0
7,2026-09-19T17:00:00,31.3,48.0,3.8,319.3,0.0
8,2026-09-19T17:00:00,31.3,48.3,3.8,303.8,0.0
9,2026-09-19T17:00:00,31.2,46.7,3.8,306.7,0.0
10,2026-09-19T17:00:00,31.5,50.6,3.5,293.9,0.0
11,2026-09-19T17:00:00,31.6,50.5,4.1,317.5,0.0
12,2026-09-19T17:00:00,31.2,49.1,3.4,312.8,0.0
13,2026-09-19T17:00:00,30.8,50.4,3.9,310.5,0.0
14,2026-09-19T17:00:00,30.7,48.9,4.0,315.0,0.0
15,2026-09-19T17:00:00,31.9,44.9,3.8,293.0,0.0
1,2026-09-19T18:00:00,30.8,54.7,4.4,298.3,0.0
2,2026-09-19T18:00:00,30.0,50.6,3.9,292.6,0.0
3,2026-09-19T18:00:00,29.5,53.6,3.6,312.6,0.0
4,2026-09-19T18:00:00,30.5,53.5,4.0,305.8,0.0
5,2026-09-19T18:00:00,30.8,50.8,4.4,318.2,0.0
6,2026-09-19T18:00:00,30.1,49.9,3.9,308.6,0.0
7,2026-09-19T18:00:00,29.5,53.4,3.5,311.0,0.0
8,2026-09-19T18:00:00,30.6,53.8,3.8,302.3,0.0
9,2026-09-19T18:00:00,30.8,50.8,4.0,314.6,0.0
10,2026-09-19T18:00:00,31.2,54.4,3.7,316.8,0.0
11,2026-09-19T18:00:00,30.6,51.7,3.9,309.7,0.0
12,2026-09-19T18:00:00,31.0,51.4,4.0,302.9,0.0
13,2026-09-19T18:00:00,31.4,50.1,3.7,295.3,0.0
14,2026-09-19T18:00:00,30.4,50.7,3.6,301.9,0.0
15,2026-09-19T18:00:00,30.1,53.7,3.9,306.1,0.0
1,2026-09-19T19:00:00,30.0,56.5,3.9,313.0,4.5
2,2026-09-19T19:00:00,29.6,52.5,3.1,298.9,4.5
3,2026-09-19T19:00:00,29.7,54.6,3.9,302.1,4.5
4,2026-09-19T19:00:00,29.1,56.2,4.2,297.2,4.5
5,2026-09-19T19:00:00,29.4,56.5,3.7,324.6,4.5
6,2026-09-19T19:00:00,28.9,54.9,3.6,326.3,4.5
7,2026-09-19T19:00:00,29.1,54.4,3.6,289.4,4.5
8,2026-09-19T19:00:00,29.1,53.9,4.0,324.2,4.5
9,2026-09-19T19:00:00,29.6,57.2,3.9,314.7,4.5
10,2026-09-19T19:00:00,28.6,55.9,3.8,294.6,4.5
11,2026-09-19T19:00:00,28.8,54.4,3.5,297.4,4.5
12,2026-09-19T19:00:00,29.3,57.6,3.7,309.2,4.5
13,2026-09-19T19:00:00,29.2,54.4,4.2,316.1,4.5
14,2026-09-19T19:00:00,29.3,55.7,3.9,311.2,4.5
15,2026-09-19T19:00:00,28.8,57.1,3.6,310.7,4.5
1,2026-09-19T20:00:00,28.4,62.7,3.9,306.0,3.6
2,2026-09-19T20:00:00,25.8,60.7,3.8,305.8,3.6
3,2026-09-19T20:00:00,26.9,60.5,3.9,328.0,3.6
4,2026-09-19T20:00:00,27.1,56.5,3.5,299.0,3.6
5,2026-09-19T20:00:00,28.9,59.5,3.5,304.0,3.6
6,2026-09-19T20:00:00,27.7,61.5,3.7,314.7,3.6
7,2026-09-19T20:00:00,27.6,61.6,3.3,314.4,3.6
8,2026-09-19T20:00:00,27.1,59.0,3.9,275.4,3.6
9,2026-09-19T20:00:00,27.2,59.3,3.5,307.2,3.6
10,2026-09-19T20:00:00,26.6,58.2,4.1,287.1,3.6
11,2026-09-19T20:00:00,27.4,60.6,4.0,289.6,3.6
12,2026-09-19T20:00:00,26.9,60.9,3.5,297.5,3.6
13,2026-09-19T20:00:00,27.5,60.0,3.6,306.9,3.6
14,2026-09-19T20:00:00,27.5,61.6,3.9,283.9,3.6
15,2026-09-19T20:00:00,26.8,61.4,3.6,302.7,3.6
1,2026-09-19T21:00:00,25.9,64.7,3.4,294.2,6.2
2,2026-09-19T21:00:00,25.7,64.3,3.8,307.8,6.2
3,2026-09-19T21:00:00,25.0,65.8,3.2,305.0,6.2
4,2026-09-19T21:00:00,25.2,63.0,3.5,297.0,6.2
5,2026-09-19T21:00:00,26.7,63.4,3.6,302.3,6.2
6,2026-09-19T21:00:00,24.6,67.9,3.1,295.1,6.2
7,2026-09-19T21:00:00,26.0,63.6,3.8,294.0,6.2
8,2026-09-19T21:00:00,25.9,68.3,3.7,269.8,6.2
9,2026-09-19T21:00:00,24.8,65.4,3.5,290.0,6.2
10,2026-09-19T21:00:00,25.6,64.4,3.5,298.5,6.2
11,2026-09-19T21:00:00,26.1,63.0,3.7,310.8,6.2
12,2026-09-19T21:00:00,25.7,63.7,3.4,295.3,6.2
13,2026-09-19T21:00:00,25.4,66.4,4.0,289.1,6.2
14,2026-09-19T21:00:00,25.3,62.9,3.3,303.9,6.2
15,2026-09-19T21:00:00,24.5,62.7,3.6,301.2,6.2
1,2026-09-19T22:00:00,23.6,71.5,3.3,291.4,4.6
2,2026-09-19T22:00:00,23.9,71.7,3.1,285.2,4.6
3,2026-09-19T22:00:00,24.1,67.0,3.5,296.3,4.6
4,2026-09-19T22:00:00,23.6,68.7,3.3,295.8,4.6
5,2026-09-19T22:00:00,24.0,69.4,3.8,302.8,4.6
6,2026-09-19T22:00:00,24.0,68.7,3.4,293.4,4.6
7,2026-09-19T22:00:00,24.7,68.8,3.3,292.1,4.6
8,2026-09-19T22:00:00,23.4,71.3,3.8,284.3,4.6
9,2026-09-19T22:00:00,23.1,72.9,3.0,279.1,4.6
10,2026-09-19T22:00:00,23.9,69.9,3.1,303.5,4.6
11,2026-09-19T22:00:00,23.5,68.8,3.0,297.6,4.6
12,2026-09-19T22:00:00,23.6,71.1,3.5,284.6,4.6
13,2026-09-19T22:00:00,23.8,68.7,3.2,293.8,4.6
14,2026-09-19T22:00:00,24.0,69.8,3.4,297.8,4.6
15,2026-09-19T22:00:00,24.3,68.5,3.5,297.3,4.6
1,2026-09-19T23:00:00,22.7,72.0,3.2,289.1,0.0
2,2026-09-19T23:00:00,21.8,73.7,2.6,302.9,0.0
3,2026-09-19T23:00:00,22.3,75.5,3.1,268.9,0.0
4,2026-09-19T23:00:00,22.5,70.2,3.4,268.2,0.0
5,2026-09-19T23:00:00,22.1,76.1,3.0,281.5,0.0
6,2026-09-19T23:00:00,23.4,76.5,2.5,298.9,0.0
7,2026-09-19T23:00:00,22.8,73.0,3.0,295.6,0.0
8,2026-09-19T23:00:00,23.4,73.5,3.0,296.9,0.0
9,2026-09-19T23:00:00,22.3,74.8,2.7,300.0,0.0
10,2026-09-19T23:00:00,22.0,74.1,3.3,281.4,0.0
11,2026-09-19T23:00:00,22.3,72.2,3.1,298.5,0.0
12,2026-09-19T23:00:00,22.7,74.0,2.8,291.8,0.0
13,2026-09-19T23:00:00,22.0,72.2,2.8,282.8,0.0
14,2026-09-19T23:00:00,21.8,72.6,3.0,276.8,0.0
15,2026-09-19T23:00:00,22.5,76.1,3.3,298.2,0.0
1,2026-09-20T00:00:00,20.5,75.4,2.3,285.2,0.0
2,2026-09-20T00:00:00,22.5,76.2,2.7,274.7,0.0
3,2026-09-20T00:00:00,21.9,79.3,2.8,289.6,0.0
4,2026-09-20T00:00:00,21.1,74.7,3.1,270.8,0.0
5,2026-09-20T00:00:00,20.5,75.8,2.8,279.2,0.0
6,2026-09-20T00:00:00,21.3,78.5,2.4,281.7,0.0
7,2026-09-20T00:00:00,21.2,75.9,3.1,273.8,0.0
8,2026-09-20T00:00:00,21.1,74.1,3.1,279.2,0.0
9,2026-09-20T00:00:00,21.3,78.3,2.9,276.4,0.0
10,2026-09-20T00:00:00,21.3,77.4,2.6,277.4,0.0
11,2026-09-20T00:00:00,21.1,79.7,2.9,274.3,0.0
12,2026-09-20T00:00:00,21.3,77.5,2.8,292.0,0.0
13,2026-09-20T00:00:00,21.5,76.8,2.5,281.7,0.0
14,2026-09-20T00:00:00,21.3,78.4,3.1,291.7,0.0
15,2026-09-20T00:00:00,21.7,79.7,2.9,286.2,0.0
1,2026-09-20T01:00:00,21.2,79.4,2.8,275.6,0.0
2,2026-09-20T01:00:00,20.5,81.1,2.6,289.6,0.0
3,2026-09-20T01:00:00,20.3,81.0,2.8,287.3,0.0
4,2026-09-20T01:00:00,20.2,78.2,2.3,283.6,0.0
5,2026-09-20T01:00:00,20.1,80.4,2.8,292.5,0.0
6,2026-09-20T01:00:00,20.8,79.1,3.0,279.4,0.0
7,2026-09-20T01:00:00,20.6,79.1,2.3,273.2,0.0
8,2026-09-20T01:00:00,20.2,83.0,2.5,286.3,0.0
9,2026-09-20T01:00:00,20.8,76.9,2.6,301.2,0.0
10,2026-09-20T01:00:00,21.0,78.9,2.5,270.7,0.0
11,2026-09-20T01:00:00,20.1,78.4,2.7,282.0,0.0
12,2026-09-20T01:00:00,20.9,78.6,2.8,273.0,0.0
13,2026-09-20T01:00:00,19.7,79.3,2.2,270.3,0.0
14,2026-09-20T01:00:00,19.6,75.4,2.5,284.9,0.0
15,2026-09-20T01:00:00,20.3,82.1,2.8,293.9,0.0
1,2026-09-20T02:00:00,19.8,78.9,1.9,269.3,0.0
2,2026-09-20T02:00:00,20.6,77.5,2.5,269.7,0.0
3,2026-09-20T02:00:00,19.5,78.2,2.5,278.3,0.0
4,2026-09-20T02:00:00,20.4,79.6,2.4,294.8,0.0
5,2026-09-20T02:00:00,19.7,76.6,2.2,251.5,0.0
6,2026-09-20T02:00:00,20.9,79.0,2.4,282.8,0.0
7,2026-09-20T02:00:00,19.1,81.0,2.3,288.8,0.0
8,2026-09-20T02:00:00,19.7,81.3,2.1,275.2,0.0
9,2026-09-20T02:00:00,19.4,78.4,1.9,269.0,0.0
10,2026-09-20T02:00:00,19.9,82.2,1.7,248.1,0.0
11,2026-09-20T02:00:00,20.3,80.5,2.0,275.3,0.0
12,2026-09-20T02:00:00,19.7,83.2,2.6,268.5,0.0
13,2026-09-20T02:00:00,19.7,80.3,2.4,269.2,0.0
14,2026-09-20T02:00:00,20.1,80.5,2.4,290.9,0.0
15,2026-09-20T02:00:00,20.6,78.8,2.6,267.1,0.0
1,2026-09-20T03:00:00,19.5,77.7,2.1,260.4,0.0
2,2026-09-20T03:00:00,20.2,79.1,2.1,270.1,0.0
3,2026-09-20T03:00:00,19.8,80.3,2.2,262.7,0.0
4,2026-09-20T03:00:00,21.0,81.2,1.9,273.2,0.0
5,2026-09-20T03:00:00,19.4,78.3,2.1,260.0,0.0
6,2026-09-20T03:00:00,20.7,80.0,2.1,270.8,0.0
7,2026-09-20T03:00:00,20.5,80.0,1.9,272.7,0.0
8,2026-09-20T03:00:00,20.5,81.5,2.1,271.0,0.0
9,2026-09-20T03:00:00,19.9,80.4,2.2,263.0,0.0
10,2026-09-20T03:00:00,19.5,80.4,2.4,284.2,0.0
11,2026-09-20T03:00:00,20.2,77.6,2.1,268.9,0.0
12,2026-09-20T03:00:00,19.7,79.6,2.0,275.9,0.0
13,2026-09-20T03:00:00,20.4,79.2,2.2,274.4,0.0
14,2026-09-20T03:00:00,20.7,80.7,2.1,269.5,0.0
15,2026-09-20T03:00:00,19.7,78.8,2.1,260.8,0.0
1,2026-09-20T04:00:00,21.0,76.1,2.0,269.2,0.0
2,2026-09-20T04:00:00,20.4,79.5,1.8,267.3,0.0
3,2026-09-20T04:00:00,18.7,78.6,1.9,258.3,0.0
4,2026-09-20T04:00:00,19.8,76.4,1.9,264.6,0.0
5,2026-09-20T04:00:00,19.8,77.6,1.5,263.5,0.0
6,2026-09-20T04:00:00,20.9,78.0,1.9,270.9,0.0
7,2026-09-20T04:00:00,20.5,79.8,1.9,263.8,0.0
8,2026-09-20T04:00:00,20.7,77.2,1.8,265.7,0.0
9,2026-09-20T04:00:00,20.2,78.1,1.8,275.2,0.0
10,2026-09-20T04:00:00,20.7,78.6,1.8,257.8,0.0
11,2026-09-20T04:00:00,20.1,80.4,1.5,274.9,0.0
12,2026-09-20T04:00:00,20.4,77.3,1.7,263.1,0.0
13,2026-09-20T04:00:00,21.3,78.4,1.9,268.7,0.0
14,2026-09-20T04:00:00,20.5,78.7,1.7,278.6,0.0
15,2026-09-20T04:00:00,20.5,78.6,1.8,281.7,0.0
1,2026-09-20T05:00:00,20.8,76.9,2.0,252.5,0.0
2,2026-09-20T05:00:00,21.1,78.5,1.8,272.4,0.0
3,2026-09-20T05:00:00,21.6,76.6,2.2,261.8,0.0
4,2026-09-20T05:00:00,21.5,74.3,2.0,258.0,0.0
5,2026-09-20T05:00:00,21.8,73.9,2.0,272.6,0.0
6,2026-09-20T05:00:00,22.1,76.3,1.6,259.9,0.0
7,2026-09-20T05:00:00,20.9,72.7,1.9,267.7,0.0
8,2026-09-20T05:00:00,21.0,75.3,1.4,257.1,0.0
9,2026-09-20T05:00:00,22.1,75.7,1.9,264.6,0.0
10,2026-09-20T05:00:00,21.9,77.2,1.6,265.1,0.0
11,2026-09-20T05:00:00,21.5,76.7,1.7,264.7,0.0
12,2026-09-20T05:00:00,21.5,74.8,2.3,265.5,0.0
13,2026-09-20T05:00:00,21.7,74.0,2.1,263.7,0.0
14,2026-09-20T05:00:00,21.4,75.8,1.3,262.9,0.0
15,2026-09-20T05:00:00,21.9,76.7,1.6,292.7,0.0
1,2026-09-20T06:00:00,22.9,71.9,1.8,261.5,0.0
2,2026-09-20T06:00:00,23.4,73.6,2.0,266.3,0.0
3,2026-09-20T06:00:00,22.2,74.7,2.1,266.5,0.0
4,2026-09-20T06:00:00,22.2,71.3,2.2,272.7,0.0
5,2026-09-20T06:00:00,23.0,74.0,1.6,271.4,0.0
6,2026-09-20T06:00:00,22.2,77.2,1.4,274.2,0.0
7,2026-09-20T06:00:00,22.5,72.4,1.9,261.1,0.0
8,2026-09-20T06:00:00,22.1,69.1,2.0,279.2,0.0
9,2026-09-20T06:00:00,22.8,69.8,1.9,258.5,0.0
10,2026-09-20T06:00:00,21.5,74.8,2.0,247.4,0.0
11,2026-09-20T06:00:00,23.6,72.9,1.7,270.4,0.0
12,2026-09-20T06:00:00,22.7,74.3,1.9,259.5,0.0
13,2026-09-20T06:00:00,23.0,72.4,1.5,250.4,0.0
14,2026-09-20T06:00:00,22.2,75.1,1.9,266.0,0.0
15,2026-09-20T06:00:00,22.0,72.0,1.5,246.6,0.0
1,2026-09-20T07:00:00,23.7,69.7,1.9,256.2,0.0
2,2026-09-20T07:00:00,23.6,69.0,2.0,265.2,0.0
3,2026-09-20T07:00:00,24.8,72.7,1.9,248.0,0.0
4,2026-09-20T07:00:00,24.7,68.1,2.1,261.4,0.0
5,2026-09-20T07:00:00,24.5,68.9,2.0,279.0,0.0
6,2026-09-20T07:00:00,23.9,67.3,1.8,261.4,0.0
7,2026-09-20T07:00:00,23.8,67.0,2.2,251.7,0.0
8,2026-09-20T07:00:00,24.4,72.6,1.9,257.5,0.0
9,2026-09-20T07:00:00,23.0,68.0,1.8,242.4,0.0
10,2026-09-20T07:00:00,24.5,71.7,1.4,253.6,0.0
11,2026-09-20T07:00:00,24.8,67.3,1.8,262.3,0.0
12,2026-09-20T07:00:00,24.3,67.8,1.3,248.2,0.0
13,2026-09-20T07:00:00,24.8,69.5,2.0,243.0,0.0
14,2026-09-20T07:00:00,24.1,67.5,1.6,228.5,0.0
15,2026-09-20T07:00:00,22.8,68.9,2.0,248.2,0.0
1,2026-09-20T08:00:00,25.7,65.3,2.0,245.0,0.0
2,2026-09-20T08:00:00,26.8,64.6,2.1,250.9,0.0
3,2026-09-20T08:00:00,26.2,65.4,1.7,242.8,0.0
4,2026-09-20T08:00:00,25.8,64.6,2.1,258.7,0.0
5,2026-09-20T08:00:00,24.9,67.0,1.8,250.2,0.0
6,2026-09-20T08:00:00,25.1,62.6,2.2,244.5,0.0
7,2026-09-20T08:00:00,24.7,65.6,1.9,258.8,0.0
8,2026-09-20T08:00:00,25.9,63.4,2.0,248.6,0.0
9,2026-09-20T08:00:00,26.1,64.3,2.1,262.1,0.0
10,2026-09-20T08:00:00,26.1,64.4,1.6,247.1,0.0
11,2026-09-20T08:00:00,25.9,64.7,2.2,268.4,0.0
12,2026-09-20T08:00:00,25.3,64.5,1.6,239.9,0.0
13,2026-09-20T08:00:00,25.7,65.1,2.0,268.6,0.0
14,2026-09-20T08:00:00,25.2,64.3,2.1,257.3,0.0
15,2026-09-20T08:00:00,25.9,66.6,1.9,238.4,0.0
1,2026-09-20T09:00:00,27.4,59.8,2.6,247.2,0.0
2,2026-09-20T09:00:00,27.0,59.1,1.8,256.8,0.0
3,2026-09-20T09:00:00,28.0,58.5,2.0,249.4,0.0
4,2026-09-20T09:00:00,28.6,57.5,2.3,239.5,0.0
5,2026-09-20T09:00:00,27.9,61.2,2.2,259.1,0.0
6,2026-09-20T09:00:00,27.4,60.2,2.5,253.9,0.0
7,2026-09-20T09:00:00,27.7,62.1,1.8,253.8,0.0
8,2026-09-20T09:00:00,27.9,59.1,1.5,257.3,0.0
9,2026-09-20T09:00:00,26.8,60.0,2.0,254.2,0.0
10,2026-09-20T09:00:00,26.5,61.8,2.0,238.2,0.0
11,2026-09-20T09:00:00,26.7,59.4,2.3,254.4,0.0
12,2026-09-20T09:00:00,27.5,60.4,2.2,259.7,0.0
13,2026-09-20T09:00:00,28.2,60.9,1.7,243.2,0.0
14,2026-09-20T09:00:00,27.8,58.8,1.9,258.6,0.0
15,2026-09-20T09:00:00,26.9,60.3,2.4,242.9,0.0
1,2026-09-20T10:00:00,28.7,54.8,2.1,239.1,0.0
2,2026-09-20T10:00:00,29.5,57.8,2.6,227.8,0.0
3,2026-09-20T10:00:00,29.9,55.0,2.3,269.9,0.0
4,2026-09-20T10:00:00,28.6,56.3,2.2,254.5,0.0
5,2026-09-20T10:00:00,29.5,54.8,1.8,239.5,0.0
6,2026-09-20T10:00:00,29.2,53.0,2.3,239.4,0.0
7,2026-09-20T10:00:00,28.4,55.2,2.4,254.5,0.0
8,2026-09-20T10:00:00,28.2,57.3,2.7,239.7,0.0
9,2026-09-20T10:00:00,29.4,56.0,2.2,251.3,0.0
10,2026-09-20T10:00:00,29.1,54.6,1.7,237.8,0.0
11,2026-09-20T10:00:00,28.9,56.4,2.1,242.5,0.0
12,2026-09-20T10:00:00,28.3,56.3,2.0,237.0,0.0
13,2026-09-20T10:00:00,29.4,53.5,2.6,251.6,0.0
14,2026-09-20T10:00:00,29.7,56.9,2.5,257.9,0.0
15,2026-09-20T10:00:00,28.7,54.5,2.5,251.6,0.0
1,2026-09-20T11:00:00,29.7,52.2,2.4,230.6,0.0
2,2026-09-20T11:00:00,30.4,49.2,2.1,254.3,0.0
3,2026-09-20T11:00:00,31.0,54.6,2.6,255.0,0.0
4,2026-09-20T11:00:00,31.5,52.1,2.4,251.3,0.0
5,2026-09-20T11:00:00,30.0,51.7,2.7,249.3,0.0
6,2026-09-20T11:00:00,30.2,52.3,2.4,262.9,0.0
7,2026-09-20T11:00:00,30.2,51.5,2.6,239.2,0.0
8,2026-09-20T11:00:00,30.2,52.6,2.4,260.9,0.0
9,2026-09-20T11:00:00,29.0,50.4,2.7,244.3,0.0
10,2026-09-20T11:00:00,30.9,52.4,2.5,235.6,0.0
11,2026-09-20T11:00:00,31.3,54.0,2.3,251.3,0.0
12,2026-09-20T11:00:00,29.7,51.7,2.6,232.6,0.0
13,2026-09-20T11:00:00,30.9,53.7,2.7,240.6,0.0
14,2026-09-20T11:00:00,30.7,51.4,2.5,239.2,0.0
15,2026-09-20T11:00:00,30.6,53.4,2.5,243.1,0.0
1,2026-09-20T12:00:00,31.2,50.1,2.6,232.4,0.0
2,2026-09-20T12:00:00,31.9,50.4,2.8,232.6,0.0
3,2026-09-20T12:00:00,32.1,48.5,2.9,240.6,0.0
4,2026-09-20T12:00:00,32.1,46.7,2.8,269.0,0.0
5,2026-09-20T12:00:00,31.2,48.4,2.9,245.2,0.0
6,2026-09-20T12:00:00,32.0,46.9,2.8,245.9,0.0
7,2026-09-20T12:00:00,30.9,47.8,2.9,262.3,0.0
8,2026-09-20T12:00:00,30.9,47.4,3.0,235.1,0.0
9,2026-09-20T12:00:00,32.2,46.8,2.6,258.8,0.0
10,2026-09-20T12:00:00,31.2,50.7,3.0,249.1,0.0
11,2026-09-20T12:00:00,31.5,45.5,2.8,237.2,0.0
12,2026-09-20T12:00:00,31.7,47.2,2.6,248.9,0.0
13,2026-09-20T12:00:00,31.6,50.2,2.9,251.7,0.0
14,2026-09-20T12:00:00,31.4,46.8,3.2,243.4,0.0
15,2026-09-20T12:00:00,32.4,49.1,2.6,246.2,0.0
1,2026-09-20T13:00:00,33.5,47.9,2.9,255.2,0.0
2,2026-09-20T13:00:00,32.7,46.6,2.9,248.7,0.0
3,2026-09-20T13:00:00,32.4,45.6,2.9,245.5,0.0
4,2026-09-20T13:00:00,33.4,45.0,3.4,229.7,0.0
5,2026-09-20T13:00:00,32.1,46.4,2.9,229.0,0.0
6,2026-09-20T13:00:00,32.1,48.3,3.0,234.0,0.0
7,2026-09-20T13:00:00,31.9,46.6,2.8,260.5,0.0
8,2026-09-20T13:00:00,32.2,46.2,3.1,237.9,0.0
9,2026-09-20T13:00:00,32.3,48.3,3.1,241.1,0.0
10,2026-09-20T13:00:00,33.1,46.8,3.0,242.7,0.0
11,2026-09-20T13:00:00,32.1,44.9,2.8,244.0,0.0
12,2026-09-20T13:00:00,31.8,46.6,3.1,257.1,0.0
13,2026-09-20T13:00:00,33.0,44.6,3.5,243.1,0.0
14,2026-09-20T13:00:00,32.5,48.6,2.9,228.9,0.0
15,2026-09-20T13:00:00,32.7,43.7,3.0,249.4,0.0
1,2026-09-20T14:00:00,32.9,43.5,3.8,260.5,0.0
2,2026-09-20T14:00:00,34.1,45.2,3.2,231.0,0.0
3,2026-09-20T14:00:00,33.3,44.6,3.1,242.2,0.0
4,2026-09-20T14:00:00,34.0,46.9,3.5,241.9,0.0
5,2026-09-20T14:00:00,33.1,43.4,3.2,259.4,0.0
6,2026-09-20T14:00:00,32.4,46.8,3.2,269.4,0.0
7,2026-09-20T14:00:00,33.1,46.3,3.3,252.0,0.0
8,2026-09-20T14:00:00,33.3,46.7,3.5,226.8,0.0
9,2026-09-20T14:00:00,32.1,46.9,3.3,251.0,0.0
10,2026-09-20T14:00:00,32.6,46.6,3.1,245.7,0.0
11,2026-09-20T14:00:00,32.2,50.0,3.0,250.0,0.0
12,2026-09-20T14:00:00,32.4,47.7,3.3,231.4,0.0
13,2026-09-20T14:00:00,32.5,45.7,3.2,242.7,0.0
14,2026-09-20T14:00:00,33.6,43.7,3.3,266.3,0.0
15,2026-09-20T14:00:00,33.0,44.2,3.0,254.3,0.0
1,2026-09-20T15:00:00,32.5,45.3,3.6,246.9,0.0
2,2026-09-20T15:00:00,31.6,45.7,3.8,248.8,0.0
3,2026-09-20T15:00:00,32.5,48.7,3.5,250.0,0.0
4,2026-09-20T15:00:00,33.0,46.3,3.3,244.5,0.0
5,2026-09-20T15:00:00,32.6,44.3,3.8,243.3,0.0
6,2026-09-20T15:00:00,32.0,48.2,3.2,227.4,0.0
7,2026-09-20T15:00:00,32.6,41.0,3.6,240.3,0.0
8,2026-09-20T15:00:00,32.9,43.9,3.3,267.6,0.0
9,2026-09-20T15:00:00,33.3,48.9,3.4,229.0,0.0
10,2026-09-20T15:00:00,33.3,43.5,3.2,239.9,0.0
11,2026-09-20T15:00:00,32.9,45.0,3.3,232.6,0.0
12,2026-09-20T15:00:00,32.7,44.8,3.2,257.1,0.0
13,2026-09-20T15:00:00,32.0,42.3,3.5,241.3,0.0
14,2026-09-20T15:00:00,33.0,43.7,3.6,259.4,0.0
15,2026-09-20T15:00:00,33.8,45.0,3.7,251.4,0.0
1,2026-09-20T16:00:00,32.9,43.4,3.9,234.5,0.0
2,2026-09-20T16:00:00,32.6,47.3,4.0,247.4,0.0
3,2026-09-20T16:00:00,33.3,45.8,3.5,245.7,0.0
4,2026-09-20T16:00:00,32.1,45.4,3.8,256.2,0.0
5,2026-09-20T16:00:00,32.0,50.0,3.9,244.3,0.0
6,2026-09-20T16:00:00,33.0,49.1,3.7,242.0,0.0
7,2026-09-20T16:00:00,33.1,48.1,3.3,239.9,0.0
8,2026-09-20T16:00:00,32.3,47.2,3.3,261.2,0.0
9,2026-09-20T16:00:00,33.0,46.9,4.0,266.0,0.0
10,2026-09-20T16:00:00,33.5,46.4,3.8,254.3,0.0
11,2026-09-20T16:00:00,33.3,44.9,3.3,256.5,0.0
12,2026-09-20T16:00:00,33.8,45.4,4.3,262.1,0.0
13,2026-09-20T16:00:00,32.9,47.2,3.3,238.6,0.0
14,2026-09-20T16:00:00,31.8,46.3,3.2,257.6,0.0
15,2026-09-20T16:00:00,32.1,43.2,3.7,238.5,0.0
1,2026-09-20T17:00:00,33.1,48.6,3.5,239.4,0.0
2,2026-09-20T17:00:00,31.2,46.7,3.8,241.7,0.0
3,2026-09-20T17:00:00,32.7,48.9,3.6,231.5,0.0
4,2026-09-20T17:00:00,31.5,47.9,4.0,272.7,0.0
5,2026-09-20T17:00:00,32.0,47.6,3.6,242.3,0.0
6,2026-09-20T17:00:00,30.5,49.6,4.1,233.8,0.0
7,2026-09-20T17:00:00,32.3,51.8,3.5,248.3,0.0
8,2026-09-20T17:00:00,32.3,49.8,3.6,252.3,0.0
9,2026-09-20T17:00:00,31.2,49.0,4.0,266.7,0.0
10,2026-09-20T17:00:00,31.5,45.9,3.5,251.2,0.0
11,2026-09-20T17:00:00,31.6,52.6,3.9,266.1,0.0
12,2026-09-20T17:00:00,30.2,47.7,3.8,248.1,0.0
13,2026-09-20T17:00:00,31.7,49.7,3.6,231.5,0.0
14,2026-09-20T17:00:00,32.6,47.8,4.2,245.4,0.0
15,2026-09-20T17:00:00,30.6,48.8,4.0,262.5,0.0
1,2026-09-20T18:00:00,30.4,51.8,3.9,244.9,0.0
2,2026-09-20T18:00:00,30.8,52.3,3.6,257.1,0.0
3,2026-09-20T18:00:00,30.2,52.1,3.8,251.9,0.0
4,2026-09-20T18:00:00,30.2,51.6,4.0,256.1,0.0
5,2026-09-20T18:00:00,30.8,54.5,3.8,270.9,0.0
6,2026-09-20T18:00:00,30.0,52.8,4.1,258.5,0.0
7,2026-09-20T18:00:00,30.4,51.7,3.7,258.5,0.0
8,2026-09-20T18:00:00,30.4,50.0,3.8,267.4,0.0
9,2026-09-20T18:00:00,30.1,53.1,3.6,268.3,0.0
10,2026-09-20T18:00:00,31.0,55.3,3.8,260.0,0.0
11,2026-09-20T18:00:00,30.0,48.9,3.9,249.4,0.0
12,2026-09-20T18:00:00,30.9,48.0,4.3,259.8,0.0
13,2026-09-20T18:00:00,31.0,52.7,3.7,272.3,0.0
14,2026-09-20T18:00:00,29.6,53.6,4.0,257.4,0.0
15,2026-09-20T18:00:00,30.9,49.1,3.8,252.0,0.0
1,2026-09-20T19:00:00,29.0,55.1,4.0,262.8,0.0
2,2026-09-20T19:00:00,28.7,56.0,4.0,256.0,0.0
3,2026-09-20T19:00:00,28.7,57.0,3.6,251.5,0.0
4,2026-09-20T19:00:00,28.5,57.2,3.8,267.9,0.0
5,2026-09-20T19:00:00,28.4,55.5,3.8,260.9,0.0
6,2026-09-20T19:00:00,28.0,57.9,3.9,245.4,0.0
7,2026-09-20T19:00:00,28.8,58.1,3.8,263.0,0.0
8,2026-09-20T19:00:00,28.8,57.1,3.6,247.6,0.0
9,2026-09-20T19:00:00,28.7,51.5,3.9,250.0,0.0
10,2026-09-20T19:00:00,27.6,55.1,3.8,236.7,0.0
11,2026-09-20T19:00:00,28.2,55.4,4.4,273.9,0.0
12,2026-09-20T19:00:00,28.9,57.0,3.6,251.7,0.0
13,2026-09-20T19:00:00,29.1,57.4,3.4,261.3,0.0
14,2026-09-20T19:00:00,28.5,58.4,3.5,258.8,0.0
15,2026-09-20T19:00:00,29.1,53.4,3.5,259.0,0.0
1,2026-09-20T20:00:00,27.0,59.7,3.7,247.0,0.0
2,2026-09-20T20:00:00,26.9,61.3,3.8,255.5,0.0
3,2026-09-20T20:00:00,27.9,58.0,3.6,253.3,0.0
4,2026-09-20T20:00:00,26.7,58.7,3.9,276.1,0.0
5,2026-09-20T20:00:00,25.9,60.6,3.5,240.0,0.0
6,2026-09-20T20:00:00,28.0,60.4,3.7,260.6,0.0
7,2026-09-20T20:00:00,28.5,60.4,3.5,246.2,0.0
8,2026-09-20T20:00:00,27.3,59.5,3.8,262.2,0.0
9,2026-09-20T20:00:00,27.4,60.9,4.0,276.0,0.0
10,2026-09-20T20:00:00,27.3,61.7,3.4,255.4,0.0
11,2026-09-20T20:00:00,27.1,64.5,4.0,269.9,0.0
12,2026-09-20T20:00:00,27.2,60.1,3.8,252.6,0.0
13,2026-09-20T20:00:00,27.4,59.1,3.7,249.6,0.0
14,2026-09-20T20:00:00,27.5,62.4,3.7,249.5,0.0
15,2026-09-20T20:00:00,27.3,58.2,4.1,260.4,0.0
1,2026-09-20T21:00:00,26.0,66.2,3.3,265.7,0.0
2,2026-09-20T21:00:00,25.4,66.5,3.3,255.9,0.0
3,2026-09-20T21:00:00,25.1,63.4,3.3,254.9,0.0
4,2026-09-20T21:00:00,25.7,62.8,3.3,272.9,0.0
5,2026-09-20T21:00:00,25.2,62.5,3.5,247.9,0.0
6,2026-09-20T21:00:00,25.5,64.8,3.4,256.0,0.0
7,2026-09-20T21:00:00,25.3,65.4,3.6,248.4,0.0
8,2026-09-20T21:00:00,26.3,62.1,3.1,265.7,0.0
9,2026-09-20T21:00:00,25.2,60.9,3.3,260.5,0.0
10,2026-09-20T21:00:00,25.1,64.5,3.4,260.6,0.0
11,2026-09-20T21:00:00,25.6,65.0,3.2,278.3,0.0
12,2026-09-20T21:00:00,26.4,60.7,3.5,262.1,0.0
13,2026-09-20T21:00:00,25.0,63.7,3.5,237.0,0.0
14,2026-09-20T21:00:00,26.2,63.7,3.9,251.1,0.0
15,2026-09-20T21:00:00,24.9,65.0,3.2,262.8,0.0
1,2026-09-20T22:00:00,24.1,67.5,3.3,268.1,0.0
2,2026-09-20T22:00:00,24.9,68.2,3.1,250.5,0.0
3,2026-09-20T22:00:00,23.2,69.5,3.3,250.7,0.0
4,2026-09-20T22:00:00,23.3,70.7,3.4,271.4,0.0
5,2026-09-20T22:00:00,23.3,68.6,3.1,265.2,0.0
6,2026-09-20T22:00:00,24.5,68.3,3.5,265.3,0.0
7,2026-09-20T22:00:00,24.3,71.5,3.4,288.1,0.0
8,2026-09-20T22:00:00,24.5,68.1,3.1,285.8,0.0
9,2026-09-20T22:00:00,23.8,72.3,3.2,251.5,0.0
10,2026-09-20T22:00:00,24.7,69.5,3.6,255.6,0.0
11,2026-09-20T22:00:00,23.3,68.8,3.3,262.4,0.0
12,2026-09-20T22:00:00,23.8,68.7,3.2,260.0,0.0
13,2026-09-20T22:00:00,24.5,71.0,3.2,259.8,0.0
14,2026-09-20T22:00:00,23.4,70.6,3.0,268.7,0.0
15,2026-09-20T22:00:00,24.1,71.6,3.6,270.7,0.0
1,2026-09-20T23:00:00,21.8,72.9,3.2,299.4,0.0
2,2026-09-20T23:00:00,22.8,75.7,3.1,266.4,0.0
3,2026-09-20T23:00:00,22.0,72.7,2.9,263.2,0.0
4,2026-09-20T23:00:00,23.4,71.9,2.6,292.8,0.0
5,2026-09-20T23:00:00,22.5,72.5,2.9,293.5,0.0
6,2026-09-20T23:00:00,22.7,74.0,3.3,280.3,0.0
7,2026-09-20T23:00:00,23.0,74.2,2.9,271.4,0.0
8,2026-09-20T23:00:00,22.3,71.8,2.9,269.5,0.0
9,2026-09-20T23:00:00,23.2,70.4,3.0,278.6,0.0
10,2026-09-20T23:00:00,22.5,70.0,3.3,261.8,0.0
11,2026-09-20T23:00:00,22.8,71.0,3.3,284.4,0.0
12,2026-09-20T23:00:00,22.8,74.6,2.6,264.0,0.0
13,2026-09-20T23:00:00,21.9,74.4,3.2,283.4,0.0
14,2026-09-20T23:00:00,21.8,73.8,2.9,280.6,0.0
15,2026-09-20T23:00:00,21.8,74.3,3.4,279.3,0.0
1,2026-09-21T00:00:00,21.8,75.1,3.0,262.9,0.0
2,2026-09-21T00:00:00,21.4,76.5,2.8,267.2,0.0
3,2026-09-21T00:00:00,21.1,77.3,2.5,276.2,0.0
4,2026-09-21T00:00:00,21.3,76.3,3.2,261.3,0.0
5,2026-09-21T00:00:00,20.6,77.6,2.3,266.2,0.0
6,2026-09-21T00:00:00,21.9,73.6,2.4,274.1,0.0
7,2026-09-21T00:00:00,21.5,75.8,3.2,290.7,0.0
8,2026-09-21T00:00:00,20.9,75.1,2.9,265.4,0.0
9,2026-09-21T00:00:00,21.3,73.6,2.7,253.6,0.0
10,2026-09-21T00:00:00,21.0,77.0,2.4,274.7,0.0
11,2026-09-21T00:00:00,20.3,79.6,2.6,287.2,0.0
12,2026-09-21T00:00:00,20.2,77.3,3.0,275.2,0.0
13,2026-09-21T00:00:00,22.1,78.4,2.9,270.2,0.0
14,2026-09-21T00:00:00,22.4,72.2,2.5,283.4,0.0
15,2026-09-21T00:00:00,21.4,77.7,2.9,265.7,0.0
1,2026-09-21T01:00:00,21.0,77.3,2.3,277.2,0.0
2,2026-09-21T01:00:00,20.4,82.4,2.4,290.2,0.0
3,2026-09-21T01:00:00,20.7,77.1,2.7,277.6,0.0
4,2026-09-21T01:00:00,20.6,77.0,2.9,283.6,0.0
5,2026-09-21T01:00:00,21.2,78.5,2.2,280.7,0.0
6,2026-09-21T01:00:00,20.2,78.5,2.8,282.6,0.0
7,2026-09-21T01:00:00,21.3,78.1,2.5,279.9,0.0
8,2026-09-21T01:00:00,20.5,81.0,2.3,287.7,0.0
9,2026-09-21T01:00:00,20.3,78.2,2.6,276.1,0.0
10,2026-09-21T01:00:00,20.6,77.4,2.6,290.6,0.0
11,2026-09-21T01:00:00,20.3,79.8,2.8,280.5,0.0
12,2026-09-21T01:00:00,19.6,76.5,2.1,283.5,0.0
13,2026-09-21T01:00:00,20.7,79.7,2.7,276.3,0.0
14,2026-09-21T01:00:00,22.5,78.2,2.3,285.6,0.0
15,2026-09-21T01:00:00,20.9,77.6,2.4,274.1,0.0
1,2026-09-21T02:00:00,19.7,80.1,2.5,277.2,0.0
2,2026-09-21T02:00:00,19.0,77.6,2.2,291.1,0.0
3,2026-09-21T02:00:00,19.1,78.8,2.4,286.6,0.0
4,2026-09-21T02:00:00,21.0,77.4,2.5,291.6,0.0
5,2026-09-21T02:00:00,20.1,79.6,2.3,274.2,0.0
6,2026-09-21T02:00:00,19.6,77.4,2.4,284.6,0.0
7,2026-09-21T02:00:00,20.5,79.0,2.3,295.3,0.0
8,2026-09-21T02:00:00,20.4,79.2,2.1,306.1,0.0
9,2026-09-21T02:00:00,19.8,77.2,2.1,303.7,0.0
10,2026-09-21T02:00:00,20.4,80.5,2.3,291.9,0.0
11,2026-09-21T02:00:00,19.9,81.6,2.5,284.6,0.0
12,2026-09-21T02:00:00,20.8,79.6,2.7,296.4,0.0
13,2026-09-21T02:00:00,20.2,80.5,2.4,281.0,0.0
14,2026-09-21T02:00:00,19.8,80.8,2.3,278.2,0.0
15,2026-09-21T02:00:00,20.0,77.5,2.4,286.7,0.0
1,2026-09-21T03:00:00,19.7,76.8,1.6,288.9,0.0
2,2026-09-21T03:00:00,20.4,79.3,2.0,278.9,0.0
3,2026-09-21T03:00:00,19.7,83.7,2.0,288.6,0.0
4,2026-09-21T03:00:00,19.1,83.8,1.8,285.0,0.0
5,2026-09-21T03:00:00,19.3,83.2,2.4,270.6,0.0
6,2026-09-21T03:00:00,21.0,79.3,1.9,284.3,0.0
7,2026-09-21T03:00:00,20.2,81.7,2.3,269.2,0.0
8,2026-09-21T03:00:00,20.2,81.1,2.2,288.8,0.0
9,2026-09-21T03:00:00,19.4,79.7,2.0,279.7,0.0
10,2026-09-21T03:00:00,19.8,79.2,2.3,288.4,0.0
11,2026-09-21T03:00:00,20.3,79.0,2.2,283.7,0.0
12,2026-09-21T03:00:00,20.9,79.2,2.2,288.2,0.0
13,2026-09-21T03:00:00,18.9,80.0,1.8,275.5,0.0
14,2026-09-21T03:00:00,20.9,82.8,2.2,307.8,0.0
15,2026-09-21T03:00:00,20.0,78.8,2.1,301.0,0.0
1,2026-09-21T04:00:00,19.4,77.6,2.5,282.7,0.0
2,2026-09-21T04:00:00,21.2,81.8,2.2,296.6,0.0
3,2026-09-21T04:00:00,21.7,77.3,1.7,288.4,0.0
4,2026-09-21T04:00:00,20.1,78.7,2.1,285.7,0.0
5,2026-09-21T04:00:00,20.3,77.2,2.3,306.4,0.0
6,2026-09-21T04:00:00,20.4,76.5,2.1,306.9,0.0
7,2026-09-21T04:00:00,19.7,77.4,2.5,297.3,0.0
8,2026-09-21T04:00:00,20.3,78.1,2.0,295.3,0.0
9,2026-09-21T04:00:00,21.0,78.6,2.3,286.9,0.0
10,2026-09-21T04:00:00,19.4,78.4,1.7,297.5,0.0
11,2026-09-21T04:00:00,20.3,82.9,2.0,296.7,0.0
12,2026-09-21T04:00:00,21.0,78.6,1.5,292.5,0.0
13,2026-09-21T04:00:00,20.5,79.8,1.7,283.0,0.0
14,2026-09-21T04:00:00,21.2,77.8,1.9,310.8,0.0
15,2026-09-21T04:00:00,19.9,77.8,2.2,294.9,0.0
1,2026-09-21T05:00:00,21.5,75.4,2.5,285.4,0.0
2,2026-09-21T05:00:00,20.4,76.8,1.9,289.6,0.0
3,2026-09-21T05:00:00,20.8,77.2,1.6,288.2,0.0
4,2026-09-21T05:00:00,21.5,74.8,1.9,319.3,0.0
5,2026-09-21T05:00:00,21.6,79.9,2.2,291.1,0.0
6,2026-09-21T05:00:00,21.3,79.2,1.7,301.8,0.0
7,2026-09-21T05:00:00,22.3,75.4,2.1,294.1,0.0
8,2026-09-21T05:00:00,20.4,76.7,1.7,285.9,0.0
9,2026-09-21T05:00:00,22.3,74.3,2.0,298.2,0.0
10,2026-09-21T05:00:00,20.5,75.2,2.0,284.7,0.0
11,2026-09-21T05:00:00,21.6,78.0,1.7,287.7,0.0
12,2026-09-21T05:00:00,21.5,74.7,1.8,278.3,0.0
13,2026-09-21T05:00:00,21.7,75.5,2.3,295.2,0.0
14,2026-09-21T05:00:00,21.1,77.3,2.0,320.3,0.0
15,2026-09-21T05:00:00,21.1,78.4,2.0,310.1,0.0
1,2026-09-21T06:00:00,23.1,72.3,1.8,293.4,0.0
2,2026-09-21T06:00:00,22.4,74.0,1.9,297.7,0.0
3,2026-09-21T06:00:00,23.1,74.1,1.7,289.2,0.0
4,2026-09-21T06:00:00,22.4,73.4,1.2,290.4,0.0
5,2026-09-21T06:00:00,21.6,71.7,1.5,310.1,0.0
6,2026-09-21T06:00:00,23.1,71.8,1.5,289.7,0.0
7,2026-09-21T06:00:00,21.9,74.5,1.8,305.8,0.0
8,2026-09-21T06:00:00,22.5,71.6,1.8,312.6,0.0
9,2026-09-21T06:00:00,22.7,78.2,1.8,299.8,0.0
10,2026-09-21T06:00:00,23.0,70.1,1.8,304.2,0.0
11,2026-09-21T06:00:00,22.4,71.1,2.0,319.6,0.0
12,2026-09-21T06:00:00,22.7,72.0,1.6,316.1,0.0
13,2026-09-21T06:00:00,22.7,72.2,1.5,293.5,0.0
14,2026-09-21T06:00:00,21.9,72.1,1.6,336.2,0.0
15,2026-09-21T06:00:00,22.0,73.9,2.1,294.6,0.0
1,2026-09-21T07:00:00,23.5,69.2,1.7,290.1,0.0
2,2026-09-21T07:00:00,23.1,65.2,1.7,309.4,0.0
3,2026-09-21T07:00:00,23.4,69.5,2.1,330.4,0.0
4,2026-09-21T07:00:00,24.2,68.2,1.9,304.6,0.0
5,2026-09-21T07:00:00,24.4,71.5,1.8,288.2,0.0
6,2026-09-21T07:00:00,23.7,70.9,1.7,292.4,0.0
7,2026-09-21T07:00:00,23.9,69.6,1.6,296.4,0.0
8,2026-09-21T07:00:00,24.2,69.1,2.0,315.2,0.0
9,2026-09-21T07:00:00,24.6,67.3,1.6,304.1,0.0
10,2026-09-21T07:00:00,23.4,68.8,1.7,306.2,0.0
11,2026-09-21T07:00:00,24.6,66.5,1.7,308.7,0.0
12,2026-09-21T07:00:00,24.3,70.1,1.9,304.9,0.0
13,2026-09-21T07:00:00,24.5,67.8,1.9,295.4,0.0
14,2026-09-21T07:00:00,24.8,69.9,1.6,295.7,0.0
15,2026-09-21T07:00:00,23.0,65.2,2.2,306.2,0.0
1,2026-09-21T08:00:00,26.6,62.9,1.7,305.1,0.0
2,2026-09-21T08:00:00,24.8,65.6,2.2,303.8,0.0
3,2026-09-21T08:00:00,24.6,62.1,1.9,304.8,0.0
4,2026-09-21T08:00:00,25.5,63.1,1.9,295.7,0.0
5,2026-09-21T08:00:00,26.6,67.2,2.0,310.6,0.0
6,2026-09-21T08:00:00,26.1,63.6,1.6,308.4,0.0
7,2026-09-21T08:00:00,24.9,66.6,1.8,298.0,0.0
8,2026-09-21T08:00:00,25.2,65.6,1.8,307.9,0.0
9,2026-09-21T08:00:00,26.7,63.3,1.9,305.6,0.0
10,2026-09-21T08:00:00,25.5,64.8,2.3,298.9,0.0
11,2026-09-21T08:00:00,25.8,62.5,1.7,292.5,0.0
12,2026-09-21T08:00:00,26.0,65.3,2.1,313.5,0.0
13,2026-09-21T08:00:00,25.3,68.9,2.2,305.0,0.0
14,2026-09-21T08:00:00,24.9,63.7,1.9,309.8,0.0
15,2026-09-21T08:00:00,25.1,63.4,2.0,301.8,0.0
1,2026-09-21T09:00:00,28.7,59.9,2.1,294.4,0.0
2,2026-09-21T09:00:00,27.2,60.7,1.9,305.0,0.0
3,2026-09-21T09:00:00,28.3,60.7,1.9,304.0,0.0
4,2026-09-21T09:00:00,27.6,60.8,1.8,285.2,0.0
5,2026-09-21T09:00:00,25.9,60.7,2.1,315.7,0.0
6,2026-09-21T09:00:00,27.4,61.0,2.0,307.0,0.0
7,2026-09-21T09:00:00,27.7,60.7,1.9,308.4,0.0
8,2026-09-21T09:00:00,27.0,59.2,1.6,313.3,0.0
9,2026-09-21T09:00:00,27.1,58.4,2.0,313.2,0.0
10,2026-09-21T09:00:00,27.3,61.8,2.1,322.7,0.0
11,2026-09-21T09:00:00,27.0,59.9,2.2,319.0,0.0
12,2026-09-21T09:00:00,28.3,61.2,2.1,311.0,0.0
13,2026-09-21T09:00:00,27.1,59.1,2.3,329.0,0.0
14,2026-09-21T09:00:00,26.8,61.5,2.3,304.2,0.0
15,2026-09-21T09:00:00,27.6,59.7,2.3,293.2,0.0
1,2026-09-21T10:00:00,29.1,56.1,2.2,306.4,0.0
2,2026-09-21T10:00:00,29.5,56.9,1.8,307.8,0.0
3,2026-09-21T10:00:00,28.5,57.4,2.7,315.0,0.0
4,2026-09-21T10:00:00,28.6,55.5,2.5,326.0,0.0
5,2026-09-21T10:00:00,28.9,56.1,2.2,315.4,0.0
6,2026-09-21T10:00:00,29.2,55.6,2.2,303.8,0.0
7,2026-09-21T10:00:00,28.8,56.9,2.3,321.8,0.0
8,2026-09-21T10:00:00,28.8,57.3,2.1,326.7,0.0
9,2026-09-21T10:00:00,28.9,57.0,2.1,307.5,0.0
10,2026-09-21T10:00:00,28.7,54.2,2.2,299.9,0.0
11,2026-09-21T10:00:00,28.8,56.2,1.7,313.3,0.0
12,2026-09-21T10:00:00,28.6,53.4,2.1,316.0,0.0
13,2026-09-21T10:00:00,28.5,52.3,2.1,322.2,0.0
14,2026-09-21T10:00:00,29.2,55.8,2.5,311.6,0.0
15,2026-09-21T10:00:00,28.8,60.0,2.5,313.6,0.0
1,2026-09-21T11:00:00,31.4,53.3,2.9,323.0,0.0
2,2026-09-21T11:00:00,30.9,55.9,2.3,310.2,0.0
3,2026-09-21T11:00:00,31.1,52.0,2.1,317.5,0.0
4,2026-09-21T11:00:00,31.3,51.9,2.3,309.8,0.0
5,2026-09-21T11:00:00,30.7,52.3,2.7,325.6,0.0
6,2026-09-21T11:00:00,30.3,48.8,2.1,322.6,0.0
7,2026-09-21T11:00:00,30.7,53.1,2.3,323.1,0.0
8,2026-09-21T11:00:00,30.8,51.6,2.5,310.3,0.0
9,2026-09-21T11:00:00,30.6,53.3,2.7,310.9,0.0
10,2026-09-21T11:00:00,29.8,49.6,2.6,318.5,0.0
11,2026-09-21T11:00:00,30.0,53.2,2.5,314.1,0.0
12,2026-09-21T11:00:00,31.3,52.5,2.3,319.8,0.0
13,2026-09-21T11:00:00,31.4,50.9,2.6,311.4,0.0
14,2026-09-21T11:00:00,30.4,53.3,2.3,321.9,0.0
15,2026-09-21T11:00:00,30.7,50.8,2.3,310.6,0.0
1,2026-09-21T12:00:00,31.2,49.9,2.8,303.8,0.0
2,2026-09-21T12:00:00,32.0,50.4,2.6,318.2,0.0
3,2026-09-21T12:00:00,31.6,50.7,3.1,311.7,0.0
4,2026-09-21T12:00:00,31.2,47.8,3.0,327.7,0.0
5,2026-09-21T12:00:00,33.1,49.2,2.5,304.4,0.0
6,2026-09-21T12:00:00,31.9,48.6,2.6,324.3,0.0
7,2026-09-21T12:00:00,32.4,50.3,2.9,313.5,0.0
8,2026-09-21T12:00:00,31.9,45.6,2.7,303.7,0.0
9,2026-09-21T12:00:00,32.5,49.0,3.2,317.1,0.0
10,2026-09-21T12:00:00,30.8,50.2,2.9,307.7,0.0
11,2026-09-21T12:00:00,31.4,47.3,2.7,331.0,0.0
12,2026-09-21T12:00:00,31.8,49.0,2.4,312.6,0.0
13,2026-09-21T12:00:00,31.6,47.8,2.7,305.8,0.0
14,2026-09-21T12:00:00,31.4,47.4,2.3,306.8,0.0
15,2026-09-21T12:00:00,31.4,49.1,2.6,312.4,0.0
1,2026-09-21T13:00:00,33.1,50.3,3.1,312.5,0.0
2,2026-09-21T13:00:00,32.0,44.7,3.1,315.6,0.0
3,2026-09-21T13:00:00,32.8,44.2,2.8,337.0,0.0
4,2026-09-21T13:00:00,32.5,44.4,3.0,290.8,0.0
5,2026-09-21T13:00:00,32.7,42.9,3.1,311.6,0.0
6,2026-09-21T13:00:00,32.4,46.5,2.8,333.5,0.0
7,2026-09-21T13:00:00,32.9,45.8,3.2,312.3,0.0
8,2026-09-21T13:00:00,32.8,46.9,3.2,305.4,0.0
9,2026-09-21T13:00:00,31.9,47.8,3.4,306.2,0.0
10,2026-09-21T13:00:00,32.8,46.5,2.7,297.2,0.0
11,2026-09-21T13:00:00,32.2,43.8,3.0,318.5,0.0
12,2026-09-21T13:00:00,32.5,48.5,2.9,317.3,0.0
13,2026-09-21T13:00:00,32.7,43.4,3.4,300.5,0.0
14,2026-09-21T13:00:00,32.3,46.5,3.0,299.5,0.0
15,2026-09-21T13:00:00,32.8,46.9,2.8,305.4,0.0
1,2026-09-21T14:00:00,32.0,45.4,3.2,316.1,0.0
2,2026-09-21T14:00:00,32.1,43.5,3.8,319.6,0.0
3,2026-09-21T14:00:00,33.8,46.4,3.0,308.1,0.0
4,2026-09-21T14:00:00,33.2,47.0,3.0,324.2,0.0
5,2026-09-21T14:00:00,33.0,45.7,3.2,329.8,0.0
6,2026-09-21T14:00:00,32.7,46.5,3.2,315.6,0.0
7,2026-09-21T14:00:00,32.2,47.1,3.3,310.0,0.0
8,2026-09-21T14:00:00,32.7,47.1,3.6,317.5,0.0
9,2026-09-21T14:00:00,33.8,45.0,3.6,312.5,0.0
10,2026-09-21T14:00:00,32.2,46.8,3.3,324.6,0.0
11,2026-09-21T14:00:00,32.7,44.3,2.8,308.4,0.0
12,2026-09-21T14:00:00,32.4,45.9,3.5,311.1,0.0
13,2026-09-21T14:00:00,33.0,43.0,3.4,295.2,0.0
14,2026-09-21T14:00:00,33.1,43.4,3.1,311.2,0.0
15,2026-09-21T14:00:00,32.1,47.1,3.4,316.8,0.0
1,2026-09-21T15:00:00,33.4,44.2,3.3,319.1,0.0
2,2026-09-21T15:00:00,33.1,40.8,3.9,298.1,0.0
3,2026-09-21T15:00:00,33.4,43.4,4.0,319.5,0.0
4,2026-09-21T15:00:00,32.7,43.8,3.3,293.9,0.0
5,2026-09-21T15:00:00,32.4,43.5,3.5,312.9,0.0
6,2026-09-21T15:00:00,32.4,47.1,3.5,315.9,0.0
7,2026-09-21T15:00:00,33.4,43.3,3.9,315.2,0.0
8,2026-09-21T15:00:00,32.9,46.0,3.8,330.8,0.0
9,2026-09-21T15:00:00,33.0,42.9,3.6,310.4,0.0
10,2026-09-21T15:00:00,32.9,45.5,3.8,307.5,0.0
11,2026-09-21T15:00:00,32.6,44.0,3.5,313.6,0.0
12,2026-09-21T15:00:00,32.0,47.4,3.6,323.7,0.0
13,2026-09-21T15:00:00,32.4,44.3,3.8,298.8,0.0
14,2026-09-21T15:00:00,32.4,48.4,3.5,321.5,0.0
15,2026-09-21T15:00:00,32.2,45.4,3.3,320.8,0.0
1,2026-09-21T16:00:00,31.8,45.2,3.7,324.9,0.0
2,2026-09-21T16:00:00,32.7,51.1,3.7,296.7,0.0
3,2026-09-21T16:00:00,32.2,47.4,3.7,296.4,0.0
4,2026-09-21T16:00:00,32.3,49.7,3.8,318.4,0.0
5,2026-09-21T16:00:00,32.2,49.4,4.1,325.7,0.0
6,2026-09-21T16:00:00,32.4,44.1,3.7,311.5,0.0
7,2026-09-21T16:00:00,31.9,49.1,3.9,323.1,0.0
8,2026-09-21T16:00:00,32.3,45.5,3.9,312.2,0.0
9,2026-09-21T16:00:00,32.7,44.7,3.6,311.1,0.0
10,2026-09-21T16:00:00,32.6,42.9,3.8,317.2,0.0
11,2026-09-21T16:00:00,32.7,48.9,3.5,318.0,0.0
12,2026-09-21T16:00:00,32.1,47.1,3.4,315.2,0.0
13,2026-09-21T16:00:00,34.1,48.7,3.8,323.6,0.0
14,2026-09-21T16:00:00,31.9,46.0,3.7,307.6,0.0
15,2026-09-21T16:00:00,31.6,46.0,3.5,295.1,0.0
1,2026-09-21T17:00:00,32.0,50.6,3.6,304.7,0.0
2,2026-09-21T17:00:00,31.5,51.4,4.2,312.6,0.0
3,2026-09-21T17:00:00,31.3,49.2,3.6,324.2,0.0
4,2026-09-21T17:00:00,32.2,48.3,3.8,313.1,0.0
5,2026-09-21T17:00:00,30.9,50.8,3.9,321.2,0.0
6,2026-09-21T17:00:00,31.3,50.1,3.6,305.5,0.0
7,2026-09-21T17:00:00,32.0,44.2,3.9,300.5,0.0
8,2026-09-21T17:00:00,31.0,48.6,3.1,298.6,0.0
9,2026-09-21T17:00:00,30.1,50.3,3.9,293.5,0.0
10,2026-09-21T17:00:00,31.6,52.9,3.3,304.1,0.0
11,2026-09-21T17:00:00,31.5,50.9,3.8,311.0,0.0
12,2026-09-21T17:00:00,30.8,50.6,3.8,297.1,0.0
13,2026-09-21T17:00:00,32.0,49.6,4.5,332.4,0.0
14,2026-09-21T17:00:00,31.9,48.3,4.0,322.2,0.0
15,2026-09-21T17:00:00,31.3,49.3,3.8,294.9,0.0
1,2026-09-21T18:00:00,30.2,51.0,3.7,305.3,0.0
2,2026-09-21T18:00:00,31.1,52.0,3.4,284.6,0.0
3,2026-09-21T18:00:00,30.5,53.9,3.9,322.9,0.0
4,2026-09-21T18:00:00,29.7,49.9,3.6,313.1,0.0
5,2026-09-21T18:00:00,30.9,52.8,4.0,303.6,0.0
6,2026-09-21T18:00:00,30.4,50.0,4.2,322.5,0.0
7,2026-09-21T18:00:00,30.4,52.9,4.1,308.3,0.0
8,2026-09-21T18:00:00,30.5,55.8,3.6,294.9,0.0
9,2026-09-21T18:00:00,29.9,50.8,4.1,281.1,0.0
10,2026-09-21T18:00:00,31.3,53.3,3.5,321.0,0.0
11,2026-09-21T18:00:00,30.6,50.5,3.9,311.7,0.0
12,2026-09-21T18:00:00,31.0,51.8,4.0,309.5,0.0
13,2026-09-21T18:00:00,30.3,50.8,4.1,294.8,0.0
14,2026-09-21T18:00:00,30.3,51.3,3.5,312.3,0.0
15,2026-09-21T18:00:00,29.9,50.8,3.3,322.1,0.0
1,2026-09-21T19:00:00,29.9,56.7,4.2,306.8,0.0
2,2026-09-21T19:00:00,30.1,55.7,4.3,297.7,0.0
3,2026-09-21T19:00:00,29.1,56.9,3.7,305.6,0.0
4,2026-09-21T19:00:00,29.9,55.8,3.9,309.8,0.0
5,2026-09-21T19:00:00,29.3,52.9,3.5,304.8,0.0
6,2026-09-21T19:00:00,29.0,57.5,3.6,316.8,0.0
7,2026-09-21T19:00:00,29.1,56.2,4.1,310.6,0.0
8,2026-09-21T19:00:00,28.3,53.4,3.8,308.5,0.0
9,2026-09-21T19:00:00,28.0,55.0,3.7,299.1,0.0
10,2026-09-21T19:00:00,28.5,57.7,3.5,333.2,0.0
11,2026-09-21T19:00:00,29.8,52.2,3.3,312.7,0.0
12,2026-09-21T19:00:00,28.9,55.5,3.9,297.5,0.0
13,2026-09-21T19:00:00,28.8,54.7,3.6,310.1,0.0
14,2026-09-21T19:00:00,27.9,53.4,3.8,300.5,0.0
15,2026-09-21T19:00:00,29.4,57.9,4.2,285.5,0.0
1,2026-09-21T20:00:00,27.4,61.7,3.8,296.5,0.0
2,2026-09-21T20:00:00,27.5,59.0,3.6,304.5,0.0
3,2026-09-21T20:00:00,27.4,59.9,3.6,304.8,0.0
4,2026-09-21T20:00:00,26.8,62.0,3.4,315.2,0.0
5,2026-09-21T20:00:00,27.7,62.0,3.8,302.4,0.0
6,2026-09-21T20:00:00,27.7,65.1,3.3,300.2,0.0
7,2026-09-21T20:00:00,27.0,61.6,3.6,308.6,0.0
8,2026-09-21T20:00:00,28.1,57.4,3.6,287.3,0.0
9,2026-09-21T20:00:00,28.2,60.5,3.9,295.8,0.0
10,2026-09-21T20:00:00,26.9,62.5,3.7,284.1,0.0
11,2026-09-21T20:00:00,26.6,63.6,3.9,310.0,0.0
12,2026-09-21T20:00:00,27.1,58.8,3.7,291.0,0.0
13,2026-09-21T20:00:00,26.6,58.1,3.8,301.9,0.0
14,2026-09-21T20:00:00,27.1,58.3,3.7,318.1,0.0
15,2026-09-21T20:00:00,27.1,60.4,3.6,318.3,0.0
1,2026-09-21T21:00:00,26.1,64.6,3.2,302.7,0.0
2,2026-09-21T21:00:00,25.2,66.0,3.6,281.2,0.0
3,2026-09-21T21:00:00,26.4,62.3,3.4,302.1,0.0
4,2026-09-21T21:00:00,27.3,66.2,3.6,298.3,0.0
5,2026-09-21T21:00:00,25.5,67.2,3.5,313.9,0.0
6,2026-09-21T21:00:00,26.9,63.2,3.9,305.3,0.0
7,2026-09-21T21:00:00,26.7,66.9,3.0,295.6,0.0
8,2026-09-21T21:00:00,25.7,65.2,3.7,298.6,0.0
9,2026-09-21T21:00:00,25.0,69.3,3.7,307.3,0.0
10,2026-09-21T21:00:00,25.5,63.7,3.2,306.7,0.0
11,2026-09-21T21:00:00,25.1,67.0,3.4,299.7,0.0
12,2026-09-21T21:00:00,25.4,64.3,3.4,285.5,0.0
13,2026-09-21T21:00:00,25.7,65.2,3.3,309.1,0.0
14,2026-09-21T21:00:00,24.9,68.1,3.8,298.2,0.0
15,2026-09-21T21:00:00,24.7,66.5,3.5,309.9,0.0
1,2026-09-21T22:00:00,23.6,69.2,3.4,313.2,0.0
2,2026-09-21T22:00:00,24.9,70.9,3.1,289.4,0.0
3,2026-09-21T22:00:00,23.2,69.4,3.3,293.7,0.0
4,2026-09-21T22:00:00,24.9,66.9,3.5,278.4,0.0
5,2026-09-21T22:00:00,24.3,70.1,3.1,304.0,0.0
6,2026-09-21T22:00:00,25.0,69.8,3.4,299.0,0.0
7,2026-09-21T22:00:00,23.6,68.0,3.3,306.9,0.0
8,2026-09-21T22:00:00,25.4,71.6,3.1,296.4,0.0
9,2026-09-21T22:00:00,23.5,67.7,3.4,295.5,0.0
10,2026-09-21T22:00:00,23.4,69.6,3.6,290.6,0.0
11,2026-09-21T22:00:00,24.3,68.5,3.2,302.1,0.0
12,2026-09-21T22:00:00,24.7,70.8,3.7,291.7,0.0
13,2026-09-21T22:00:00,24.6,68.8,3.4,285.8,0.0
14,2026-09-21T22:00:00,24.8,68.9,3.3,301.6,0.0
15,2026-09-21T22:00:00,22.8,69.6,3.4,290.8,0.0
1,2026-09-21T23:00:00,21.8,72.1,3.0,284.4,0.0
2,2026-09-21T23:00:00,23.1,72.6,3.1,287.1,0.0
3,2026-09-21T23:00:00,22.7,71.5,2.9,283.1,0.0
4,2026-09-21T23:00:00,22.5,71.0,3.1,284.4,0.0
5,2026-09-21T23:00:00,21.8,76.6,2.5,300.9,0.0
6,2026-09-21T23:00:00,21.9,73.7,3.5,305.2,0.0
7,2026-09-21T23:00:00,22.2,71.8,3.0,274.7,0.0
8,2026-09-21T23:00:00,23.5,72.4,3.0,297.6,0.0
9,2026-09-21T23:00:00,22.0,68.5,3.2,279.9,0.0
10,2026-09-21T23:00:00,23.2,76.2,2.9,292.9,0.0
11,2026-09-21T23:00:00,22.5,71.1,3.0,283.6,0.0
12,2026-09-21T23:00:00,23.0,77.6,2.4,273.5,0.0
13,2026-09-21T23:00:00,22.6,74.3,3.2,310.5,0.0
14,2026-09-21T23:00:00,22.2,75.0,2.8,278.2,0.0
15,2026-09-21T23:00:00,22.7,73.5,3.0,300.9,0.0
1,2026-09-22T00:00:00,20.9,77.2,2.9,272.6,0.0
2,2026-09-22T00:00:00,21.5,77.2,2.9,277.4,0.0
3,2026-09-22T00:00:00,21.5,75.6,2.9,276.5,0.0
4,2026-09-22T00:00:00,21.2,75.6,2.5,284.4,0.0
5,2026-09-22T00:00:00,21.1,74.3,2.9,278.4,0.0
6,2026-09-22T00:00:00,21.7,77.5,2.4,282.3,0.0
7,2026-09-22T00:00:00,22.1,74.9,3.0,276.9,0.0
8,2026-09-22T00:00:00,21.6,77.1,2.8,276.0,0.0
9,2026-09-22T00:00:00,21.6,74.9,2.7,305.1,0.0
10,2026-09-22T00:00:00,21.4,74.6,2.6,280.8,0.0
11,2026-09-22T00:00:00,20.9,72.9,2.4,295.1,0.0
12,2026-09-22T00:00:00,21.7,78.3,2.8,306.2,0.0
13,2026-09-22T00:00:00,22.5,74.9,2.9,290.0,0.0
14,2026-09-22T00:00:00,20.7,73.0,3.3,283.3,0.0
15,2026-09-22T00:00:00,21.5,75.9,2.7,290.6,0.0
1,2026-09-22T01:00:00,20.1,78.0,2.7,271.9,0.0
2,2026-09-22T01:00:00,20.7,75.3,2.6,273.2,0.0
3,2026-09-22T01:00:00,20.0,77.4,2.0,276.1,0.0
4,2026-09-22T01:00:00,19.9,77.9,2.4,270.1,0.0
5,2026-09-22T01:00:00,20.4,81.4,2.3,295.8,0.0
6,2026-09-22T01:00:00,21.1,81.2,2.9,276.6,0.0
7,2026-09-22T01:00:00,21.1,79.9,2.4,283.9,0.0
8,2026-09-22T01:00:00,20.9,81.1,2.5,258.0,0.0
9,2026-09-22T01:00:00,20.8,78.7,2.6,282.2,0.0
10,2026-09-22T01:00:00,20.6,78.5,2.4,276.3,0.0
11,2026-09-22T01:00:00,21.0,76.8,2.2,284.8,0.0
12,2026-09-22T01:00:00,20.5,80.6,2.7,272.3,0.0
13,2026-09-22T01:00:00,20.2,79.8,2.2,282.0,0.0
14,2026-09-22T01:00:00,20.6,79.0,2.1,278.0,0.0
15,2026-09-22T01:00:00,20.5,76.8,2.5,284.1,0.0
1,2026-09-22T02:00:00,19.9,77.5,2.5,279.4,0.0
2,2026-09-22T02:00:00,20.5,79.8,2.2,272.2,0.0
3,2026-09-22T02:00:00,20.0,79.8,2.1,270.3,0.0
4,2026-09-22T02:00:00,20.5,82.5,2.4,274.5,0.0
5,2026-09-22T02:00:00,20.7,79.0,2.0,268.8,0.0
6,2026-09-22T02:00:00,20.1,83.1,2.0,274.8,0.0
7,2026-09-22T02:00:00,19.6,79.9,2.6,259.2,0.0
8,2026-09-22T02:00:00,21.5,79.0,2.3,287.1,0.0
9,2026-09-22T02:00:00,19.4,80.0,2.3,271.4,0.0
10,2026-09-22T02:00:00,20.3,79.2,2.6,278.3,0.0
11,2026-09-22T02:00:00,19.9,79.4,2.9,259.7,0.0
12,2026-09-22T02:00:00,19.6,78.7,2.3,288.9,0.0
13,2026-09-22T02:00:00,21.0,83.5,2.0,267.2,0.0
14,2026-09-22T02:00:00,19.8,80.4,2.0,284.2,0.0
15,2026-09-22T02:00:00,19.5,83.9,1.5,280.2,0.0
1,2026-09-22T03:00:00,19.4,81.5,2.1,262.5,0.0
2,2026-09-22T03:00:00,20.5,79.5,2.1,283.9,0.0
3,2026-09-22T03:00:00,20.9,81.5,2.1,265.9,0.0
4,2026-09-22T03:00:00,20.1,82.4,2.0,271.7,0.0
5,2026-09-22T03:00:00,20.3,79.2,2.4,268.0,0.0
6,2026-09-22T03:00:00,20.5,79.0,2.0,263.7,0.0
7,2026-09-22T03:00:00,20.6,75.1,1.8,272.3,0.0
8,2026-09-22T03:00:00,20.1,80.5,2.2,263.5,0.0
9,2026-09-22T03:00:00,19.8,80.2,2.0,278.3,0.0
10,2026-09-22T03:00:00,20.7,81.2,2.2,263.7,0.0
11,2026-09-22T03:00:00,19.9,81.4,2.2,262.4,0.0
12,2026-09-22T03:00:00,20.3,80.6,1.9,270.5,0.0
13,2026-09-22T03:00:00,19.8,79.2,2.1,271.7,0.0
14,2026-09-22T03:00:00,19.8,77.9,2.3,273.0,0.0
15,2026-09-22T03:00:00,20.1,78.9,2.1,274.3,0.0
1,2026-09-22T04:00:00,20.2,79.4,1.6,267.6,0.0
2,2026-09-22T04:00:00,20.6,77.3,2.1,240.9,0.0
3,2026-09-22T04:00:00,19.3,79.0,2.0,269.1,0.0
4,2026-09-22T04:00:00,19.7,77.5,2.2,262.7,0.0
5,2026-09-22T04:00:00,20.7,79.8,2.1,284.8,0.0
6,2026-09-22T04:00:00,21.6,77.3,1.9,285.5,0.0
7,2026-09-22T04:00:00,20.0,80.1,1.4,274.9,0.0
8,2026-09-22T04:00:00,20.2,78.4,1.7,275.7,0.0
9,2026-09-22T04:00:00,20.1,80.9,1.7,286.7,0.0
10,2026-09-22T04:00:00,20.7,77.9,2.3,280.5,0.0
11,2026-09-22T04:00:00,19.4,77.6,1.3,264.2,0.0
12,2026-09-22T04:00:00,21.0,76.6,1.2,278.4,0.0
13,2026-09-22T04:00:00,20.2,78.4,2.1,265.9,0.0
14,2026-09-22T04:00:00,20.0,78.8,1.7,278.4,0.0
15,2026-09-22T04:00:00,20.8,79.4,2.0,246.8,0.0
1,2026-09-22T05:00:00,20.8,77.7,1.7,253.5,0.0
2,2026-09-22T05:00:00,21.0,76.7,1.7,263.4,0.0
3,2026-09-22T05:00:00,20.9,74.9,1.7,281.1,0.0
4,2026-09-22T05:00:00,21.1,78.0,1.6,261.8,0.0
5,2026-09-22T05:00:00,21.0,77.2,1.8,262.2,0.0
6,2026-09-22T05:00:00,21.3,75.3,1.8,275.7,0.0
7,2026-09-22T05:00:00,20.8,78.5,1.6,250.6,0.0
8,2026-09-22T05:00:00,21.2,73.9,2.0,266.5,0.0
9,2026-09-22T05:00:00,22.6,77.0,2.0,260.9,0.0
10,2026-09-22T05:00:00,21.1,77.0,1.6,252.5,0.0
11,2026-09-22T05:00:00,20.8,77.1,1.7,276.6,0.0
12,2026-09-22T05:00:00,20.7,79.1,2.1,262.9,0.0
13,2026-09-22T05:00:00,22.2,75.2,1.7,264.2,0.0
14,2026-09-22T05:00:00,21.8,77.1,2.0,256.9,0.0
15,2026-09-22T05:00:00,23.1,73.7,1.6,253.2,0.0
1,2026-09-22T06:00:00,22.4,71.2,1.7,252.5,0.0
2,2026-09-22T06:00:00,21.6,73.9,1.4,246.4,0.0
3,2026-09-22T06:00:00,23.6,71.5,1.6,263.3,0.0
4,2026-09-22T06:00:00,22.9,76.2,2.1,248.2,0.0
5,2026-09-22T06:00:00,22.8,73.2,1.9,251.6,0.0
6,2026-09-22T06:00:00,23.1,79.2,1.8,244.7,0.0
7,2026-09-22T06:00:00,21.8,72.0,2.2,263.9,0.0
8,2026-09-22T06:00:00,23.0,73.4,1.9,249.2,0.0
9,2026-09-22T06:00:00,23.3,74.6,1.6,236.7,0.0
10,2026-09-22T06:00:00,22.7,75.3,1.7,252.6,0.0
11,2026-09-22T06:00:00,23.7,73.5,2.1,251.1,0.0
12,2026-09-22T06:00:00,22.5,71.2,1.5,266.7,0.0
13,2026-09-22T06:00:00,22.1,72.8,2.0,274.2,0.0
14,2026-09-22T06:00:00,24.0,77.9,1.5,251.8,0.0
15,2026-09-22T06:00:00,23.2,73.7,2.1,244.4,0.0
1,2026-09-22T07:00:00,24.1,65.0,1.9,260.4,0.0
2,2026-09-22T07:00:00,23.5,71.9,2.1,247.5,0.0
3,2026-09-22T07:00:00,24.4,68.3,1.7,261.5,0.0
4,2026-09-22T07:00:00,23.6,67.6,1.6,235.1,0.0
5,2026-09-22T07:00:00,24.2,70.4,1.8,269.2,0.0
6,2026-09-22T07:00:00,25.2,67.8,1.6,267.4,0.0
7,2026-09-22T07:00:00,24.6,67.9,2.0,242.8,0.0
8,2026-09-22T07:00:00,23.6,67.7,1.7,252.0,0.0
9,2026-09-22T07:00:00,24.0,72.1,2.1,241.1,0.0
10,2026-09-22T07:00:00,24.5,69.3,1.7,246.8,0.0
11,2026-09-22T07:00:00,23.6,67.9,1.9,249.5,0.0
12,2026-09-22T07:00:00,23.8,67.2,2.3,257.6,0.0
13,2026-09-22T07:00:00,23.7,70.1,2.0,255.5,0.0
14,2026-09-22T07:00:00,24.3,68.8,2.0,262.2,0.0
15,2026-09-22T07:00:00,22.9,66.9,1.7,258.1,0.0
1,2026-09-22T08:00:00,26.2,64.3,1.9,252.7,0.0
2,2026-09-22T08:00:00,25.9,64.1,1.8,254.1,0.0
3,2026-09-22T08:00:00,25.2,63.9,2.5,222.1,0.0
4,2026-09-22T08:00:00,25.7,63.9,1.7,265.6,0.0
5,2026-09-22T08:00:00,26.0,66.4,1.9,256.7,0.0
6,2026-09-22T08:00:00,26.0,64.6,2.1,237.5,0.0
7,2026-09-22T08:00:00,25.9,64.2,1.6,251.1,0.0
8,2026-09-22T08:00:00,26.4,67.8,1.9,255.4,0.0
9,2026-09-22T08:00:00,25.3,65.5,1.8,259.8,0.0
10,2026-09-22T08:00:00,25.7,61.9,1.6,253.7,0.0
11,2026-09-22T08:00:00,26.2,63.0,1.8,245.5,0.0
12,2026-09-22T08:00:00,26.1,65.4,2.0,267.6,0.0
13,2026-09-22T08:00:00,25.7,62.1,2.0,247.4,0.0
14,2026-09-22T08:00:00,25.4,63.8,2.1,268.6,0.0
15,2026-09-22T08:00:00,25.3,66.4,2.1,256.4,0.0
1,2026-09-22T09:00:00,27.5,56.5,2.1,237.7,0.0
2,2026-09-22T09:00:00,27.5,61.0,1.9,250.3,0.0
3,2026-09-22T09:00:00,27.2,58.3,2.2,250.1,0.0
4,2026-09-22T09:00:00,27.3,63.0,2.4,237.9,0.0
5,2026-09-22T09:00:00,27.3,59.8,2.3,260.3,0.0
6,2026-09-22T09:00:00,28.4,59.9,2.4,243.4,0.0
7,2026-09-22T09:00:00,26.2,59.2,1.7,241.6,0.0
8,2026-09-22T09:00:00,26.9,63.3,1.6,237.4,0.0
9,2026-09-22T09:00:00,26.8,57.9,2.5,250.6,0.0
10,2026-09-22T09:00:00,27.6,59.2,2.2,258.0,0.0
11,2026-09-22T09:00:00,27.2,61.1,1.9,258.1,0.0
12,2026-09-22T09:00:00,27.0,58.3,2.3,237.9,0.0
13,2026-09-22T09:00:00,26.9,60.8,2.4,243.4,0.0
14,2026-09-22T09:00:00,27.7,60.2,2.5,231.6,0.0
15,2026-09-22T09:00:00,28.1,61.8,2.1,272.3,0.0
1,2026-09-22T10:00:00,28.7,54.9,2.5,253.4,0.0
2,2026-09-22T10:00:00,28.8,59.5,2.3,254.6,0.0
3,2026-09-22T10:00:00,28.6,59.3,2.5,249.0,0.0
4,2026-09-22T10:00:00,28.8,54.4,2.3,254.3,0.0
5,2026-09-22T10:00:00,28.1,55.2,2.4,242.3,0.0
6,2026-09-22T10:00:00,28.2,56.1,1.8,255.7,0.0
7,2026-09-22T10:00:00,27.8,58.3,2.6,259.4,0.0
8,2026-09-22T10:00:00,29.3,52.6,1.9,245.8,0.0
9,2026-09-22T10:00:00,29.0,55.3,2.5,245.0,0.0
10,2026-09-22T10:00:00,28.7,55.1,1.8,229.0,0.0
11,2026-09-22T10:00:00,29.3,54.7,2.5,255.4,0.0
12,2026-09-22T10:00:00,28.8,58.9,2.3,243.9,0.0
13,2026-09-22T10:00:00,28.5,52.6,2.3,246.2,0.0
14,2026-09-22T10:00:00,29.6,56.4,2.4,253.5,0.0
15,2026-09-22T10:00:00,28.7,55.9,1.9,257.1,0.0
1,2026-09-22T11:00:00,30.4,52.4,2.8,237.5,0.0
2,2026-09-22T11:00:00,30.7,50.9,2.5,240.8,0.0
3,2026-09-22T11:00:00,30.2,53.2,2.6,255.1,0.0
4,2026-09-22T11:00:00,29.3,51.6,2.6,260.5,0.0
5,2026-09-22T11:00:00,31.2,54.2,2.5,239.6,0.0
6,2026-09-22T11:00:00,30.8,53.0,2.4,228.8,0.0
7,2026-09-22T11:00:00,30.1,51.2,2.6,266.0,0.0
8,2026-09-22T11:00:00,31.0,51.3,2.5,248.3,0.0
9,2026-09-22T11:00:00,29.3,52.3,2.2,248.8,0.0
10,2026-09-22T11:00:00,30.6,51.2,2.6,237.7,0.0
11,2026-09-22T11:00:00,30.3,48.0,2.5,255.0,0.0
12,2026-09-22T11:00:00,31.5,51.5,2.9,234.7,0.0
13,2026-09-22T11:00:00,31.4,52.3,3.1,250.0,0.0
14,2026-09-22T11:00:00,30.6,51.6,2.8,248.4,0.0
15,2026-09-22T11:00:00,30.2,51.2,3.0,234.1,0.0
1,2026-09-22T12:00:00,32.1,50.6,2.9,244.8,0.0
2,2026-09-22T12:00:00,30.7,48.7,2.9,235.6,0.0
3,2026-09-22T12:00:00,31.4,49.6,2.9,239.6,0.0
4,2026-09-22T12:00:00,31.2,49.3,3.2,251.4,0.0
5,2026-09-22T12:00:00,31.9,50.7,2.9,231.7,0.0
6,2026-09-22T12:00:00,31.8,50.6,2.8,240.0,0.0
7,2026-09-22T12:00:00,32.3,48.1,2.7,246.2,0.0
8,2026-09-22T12:00:00,32.2,48.5,3.3,247.1,0.0
9,2026-09-22T12:00:00,30.8,50.9,3.0,236.1,0.0
10,2026-09-22T12:00:00,32.1,48.1,2.8,254.4,0.0
11,2026-09-22T12:00:00,31.4,47.0,2.9,243.1,0.0
12,2026-09-22T12:00:00,31.1,45.6,2.9,240.0,0.0
13,2026-09-22T12:00:00,31.6,47.7,2.7,241.7,0.0
14,2026-09-22T12:00:00,30.0,47.7,3.1,249.0,0.0
15,2026-09-22T12:00:00,32.2,49.5,3.0,251.5,0.0
1,2026-09-22T13:00:00,31.8,46.2,3.2,241.1,0.0
2,2026-09-22T13:00:00,32.9,47.8,2.6,243.8,0.0
3,2026-09-22T13:00:00,33.1,46.8,3.6,254.7,0.0
4,2026-09-22T13:00:00,33.2,45.7,3.2,244.6,0.0
5,2026-09-22T13:00:00,33.2,47.1,3.2,240.1,0.0
6,2026-09-22T13:00:00,33.6,43.0,3.3,241.2,0.0
7,2026-09-22T13:00:00,32.7,45.3,3.3,249.3,0.0
8,2026-09-22T13:00:00,33.4,46.4,3.0,234.0,0.0
9,2026-09-22T13:00:00,31.9,45.7,3.3,240.6,0.0
10,2026-09-22T13:00:00,31.7,44.9,3.1,252.4,0.0
11,2026-09-22T13:00:00,33.5,46.5,3.1,251.8,0.0
12,2026-09-22T13:00:00,32.2,50.9,2.7,251.7,0.0
13,2026-09-22T13:00:00,33.4,47.0,3.4,229.2,0.0
14,2026-09-22T13:00:00,31.4,45.3,2.9,239.5,0.0
15,2026-09-22T13:00:00,33.6,47.7,3.2,235.7,0.0
1,2026-09-22T14:00:00,32.6,44.3,3.3,243.6,0.0
2,2026-09-22T14:00:00,32.9,45.5,3.5,249.4,0.0
3,2026-09-22T14:00:00,33.0,41.9,3.8,250.3,0.0
4,2026-09-22T14:00:00,33.0,46.0,2.8,248.1,0.0
5,2026-09-22T14:00:00,33.1,48.3,3.5,252.7,0.0
6,2026-09-22T14:00:00,31.7,46.3,3.5,247.2,0.0
7,2026-09-22T14:00:00,31.9,43.6,3.6,228.0,0.0
8,2026-09-22T14:00:00,32.9,44.9,3.4,246.4,0.0
9,2026-09-22T14:00:00,33.5,46.4,3.0,263.6,0.0
10,2026-09-22T14:00:00,31.8,47.5,3.2,245.6,0.0
11,2026-09-22T14:00:00,32.7,43.6,3.2,237.0,0.0
12,2026-09-22T14:00:00,32.9,45.0,3.1,255.9,0.0
13,2026-09-22T14:00:00,33.0,47.2,3.5,246.2,0.0
14,2026-09-22T14:00:00,32.8,45.5,3.4,256.8,0.0
15,2026-09-22T14:00:00,33.8,49.5,3.1,247.3,0.0
1,2026-09-22T15:00:00,34.0,46.1,3.2,244.3,0.0
2,2026-09-22T15:00:00,33.1,43.7,3.1,238.2,0.0
3,2026-09-22T15:00:00,31.9,47.0,3.7,253.0,0.0
4,2026-09-22T15:00:00,33.0,46.7,3.1,244.4,0.0
5,2026-09-22T15:00:00,33.4,46.4,3.0,253.3,0.0
6,2026-09-22T15:00:00,32.1,45.7,3.5,238.3,0.0
7,2026-09-22T15:00:00,32.4,45.9,3.4,252.7,0.0
8,2026-09-22T15:00:00,32.4,43.5,3.2,234.1,0.0
9,2026-09-22T15:00:00,32.8,42.1,3.6,231.2,0.0
10,2026-09-22T15:00:00,33.3,45.5,3.5,254.1,0.0
11,2026-09-22T15:00:00,32.8,42.9,3.8,235.2,0.0
12,2026-09-22T15:00:00,33.0,44.4,3.5,251.3,0.0
13,2026-09-22T15:00:00,33.1,43.8,3.4,228.0,0.0
14,2026-09-22T15:00:00,33.2,44.9,3.8,230.4,0.0
15,2026-09-22T15:00:00,33.0,45.0,3.5,255.6,0.0
1,2026-09-22T16:00:00,32.8,50.3,3.5,239.7,0.0
2,2026-09-22T16:00:00,32.5,48.1,4.0,254.0,0.0
3,2026-09-22T16:00:00,33.2,45.1,4.3,257.4,0.0
4,2026-09-22T16:00:00,32.9,43.0,3.6,261.6,0.0
5,2026-09-22T16:00:00,32.9,47.5,4.2,254.5,0.0
6,2026-09-22T16:00:00,32.5,47.7,3.4,242.5,0.0
7,2026-09-22T16:00:00,32.5,45.2,4.2,247.2,0.0
8,2026-09-22T16:00:00,31.9,47.7,3.4,253.0,0.0
9,2026-09-22T16:00:00,32.0,42.6,4.4,255.8,0.0
10,2026-09-22T16:00:00,32.4,42.9,3.4,242.4,0.0
11,2026-09-22T16:00:00,32.1,46.5,3.4,241.4,0.0
12,2026-09-22T16:00:00,32.7,48.1,3.7,242.1,0.0
13,2026-09-22T16:00:00,32.9,44.1,3.5,247.9,0.0
14,2026-09-22T16:00:00,33.7,49.4,3.9,252.6,0.0
15,2026-09-22T16:00:00,32.4,45.1,4.0,254.6,0.0
1,2026-09-22T17:00:00,31.3,48.9,4.2,237.8,0.0
2,2026-09-22T17:00:00,31.9,50.3,3.3,259.1,0.0
3,2026-09-22T17:00:00,31.8,45.0,3.6,256.6,0.0
4,2026-09-22T17:00:00,31.7,48.3,3.6,274.8,0.0
5,2026-09-22T17:00:00,31.2,47.3,3.7,238.6,0.0
6,2026-09-22T17:00:00,31.0,48.5,3.8,256.7,0.0
7,2026-09-22T17:00:00,32.6,51.2,3.3,241.3,0.0
8,2026-09-22T17:00:00,30.5,49.1,3.4,260.0,0.0
9,2026-09-22T17:00:00,32.2,49.5,3.7,263.4,0.0
10,2026-09-22T17:00:00,32.2,49.3,4.3,273.9,0.0
11,2026-09-22T17:00:00,32.4,49.9,3.8,248.7,0.0
12,2026-09-22T17:00:00,30.7,48.1,3.6,224.0,0.0
13,2026-09-22T17:00:00,32.3,49.5,3.9,245.3,0.0
14,2026-09-22T17:00:00,31.6,47.2,3.7,264.4,0.0
15,2026-09-22T17:00:00,31.8,50.2,4.1,233.4,0.0
1,2026-09-22T18:00:00,30.3,51.4,3.4,264.3,0.0
2,2026-09-22T18:00:00,31.0,48.7,3.5,252.9,0.0
3,2026-09-22T18:00:00,29.7,54.8,4.0,248.2,0.0
4,2026-09-22T18:00:00,30.3,49.5,4.2,234.7,0.0
5,2026-09-22T18:00:00,30.5,53.1,3.7,230.7,0.0
6,2026-09-22T18:00:00,30.5,53.3,3.7,243.7,0.0
7,2026-09-22T18:00:00,30.9,53.3,3.6,243.9,0.0
8,2026-09-22T18:00:00,31.2,52.5,3.7,240.0,0.0
9,2026-09-22T18:00:00,30.8,51.4,4.0,248.7,0.0
10,2026-09-22T18:00:00,30.1,53.1,4.0,247.0,0.0
11,2026-09-22T18:00:00,30.6,53.6,3.8,248.4,0.0
12,2026-09-22T18:00:00,30.6,51.5,3.8,258.0,0.0
13,2026-09-22T18:00:00,29.8,50.3,3.6,237.2,0.0
14,2026-09-22T18:00:00,30.6,53.1,3.6,250.4,0.0
15,2026-09-22T18:00:00,30.5,49.4,3.8,253.2,0.0
1,2026-09-22T19:00:00,29.6,56.4,3.8,253.3,0.0
2,2026-09-22T19:00:00,29.9,53.8,3.2,253.5,0.0
3,2026-09-22T19:00:00,28.1,55.0,4.1,228.0,0.0
4,2026-09-22T19:00:00,28.6,57.8,3.9,266.3,0.0
5,2026-09-22T19:00:00,28.5,55.7,3.9,265.7,0.0
6,2026-09-22T19:00:00,29.2,54.8,3.8,241.1,0.0
7,2026-09-22T19:00:00,28.5,55.7,3.4,255.9,0.0
8,2026-09-22T19:00:00,28.7,57.5,3.7,239.3,0.0
9,2026-09-22T19:00:00,28.2,57.5,3.7,246.4,0.0
10,2026-09-22T19:00:00,29.6,56.4,4.3,258.3,0.0
11,2026-09-22T19:00:00,29.9,57.7,3.7,252.1,0.0
12,2026-09-22T19:00:00,29.0,55.1,3.3,267.9,0.0
13,2026-09-22T19:00:00,27.6,59.1,3.8,246.2,0.0
14,2026-09-22T19:00:00,28.9,57.4,3.6,262.6,0.0
15,2026-09-22T19:00:00,28.5,57.1,3.9,258.5,0.0
1,2026-09-22T20:00:00,27.5,59.0,4.1,261.3,0.0
2,2026-09-22T20:00:00,27.4,58.6,3.4,271.8,0.0
3,2026-09-22T20:00:00,26.9,59.0,4.1,267.4,0.0
4,2026-09-22T20:00:00,26.9,57.8,3.3,264.1,0.0
5,2026-09-22T20:00:00,28.4,60.3,3.7,267.2,0.0
6,2026-09-22T20:00:00,27.8,64.3,3.9,241.9,0.0
7,2026-09-22T20:00:00,27.2,61.3,3.6,253.2,0.0
8,2026-09-22T20:00:00,27.2,58.7,4.0,261.0,0.0
9,2026-09-22T20:00:00,26.9,60.5,3.4,249.2,0.0
10,2026-09-22T20:00:00,26.9,60.8,4.0,258.8,0.0
11,2026-09-22T20:00:00,26.3,59.3,4.3,253.1,0.0
12,2026-09-22T20:00:00,27.2,60.7,3.4,255.9,0.0
13,2026-09-22T20:00:00,27.3,57.3,3.2,243.3,0.0
14,2026-09-22T20:00:00,28.1,59.3,3.8,246.8,0.0
15,2026-09-22T20:00:00,28.7,58.3,3.6,256.6,0.0
1,2026-09-22T21:00:00,25.8,64.5,3.5,272.0,0.0
2,2026-09-22T21:00:00,25.6,67.3,3.6,254.6,0.0
3,2026-09-22T21:00:00,26.3,63.3,3.4,268.2,0.0
4,2026-09-22T21:00:00,25.5,63.7,3.2,255.2,0.0
5,2026-09-22T21:00:00,25.2,63.4,3.4,283.8,0.0
6,2026-09-22T21:00:00,25.6,63.1,3.1,267.7,0.0
7,2026-09-22T21:00:00,25.7,67.4,3.8,270.4,0.0
8,2026-09-22T21:00:00,25.9,62.9,3.6,271.2,0.0
9,2026-09-22T21:00:00,27.5,62.9,3.7,258.2,0.0
10,2026-09-22T21:00:00,25.4,65.8,3.4,254.8,0.0
11,2026-09-22T21:00:00,26.0,62.8,3.4,260.4,0.0
12,2026-09-22T21:00:00,26.4,66.3,3.8,267.9,0.0
13,2026-09-22T21:00:00,25.1,61.1,4.2,260.8,0.0
14,2026-09-22T21:00:00,25.4,62.9,3.7,281.9,0.0
15,2026-09-22T21:00:00,26.5,65.3,3.5,265.3,0.0
1,2026-09-22T22:00:00,23.9,69.0,3.5,277.6,0.0
2,2026-09-22T22:00:00,24.5,68.7,3.1,258.5,0.0
3,2026-09-22T22:00:00,24.0,71.7,3.4,274.6,0.0
4,2026-09-22T22:00:00,23.4,68.5,3.5,272.2,0.0
5,2026-09-22T22:00:00,23.1,72.2,3.4,274.7,0.0
6,2026-09-22T22:00:00,24.4,71.6,3.3,271.2,0.0
7,2026-09-22T22:00:00,24.9,71.5,3.4,278.5,0.0
8,2026-09-22T22:00:00,24.3,69.0,3.3,260.0,0.0
9,2026-09-22T22:00:00,24.7,71.3,3.4,254.4,0.0
10,2026-09-22T22:00:00,23.1,70.2,3.1,260.6,0.0
11,2026-09-22T22:00:00,24.0,67.6,3.1,260.2,0.0
12,2026-09-22T22:00:00,24.7,68.3,3.1,254.7,0.0
13,2026-09-22T22:00:00,23.9,67.1,3.5,263.5,0.0
14,2026-09-22T22:00:00,25.4,69.8,2.9,263.9,0.0
15,2026-09-22T22:00:00,23.1,66.9,3.2,266.5,0.0
1,2026-09-22T23:00:00,21.9,74.2,3.3,269.9,0.0
2,2026-09-22T23:00:00,22.4,74.9,3.2,274.1,0.0
3,2026-09-22T23:00:00,23.2,74.5,3.1,271.4,0.0
4,2026-09-22T23:00:00,21.6,73.0,2.6,279.2,0.0
5,2026-09-22T23:00:00,22.7,72.7,2.4,258.6,0.0
6,2026-09-22T23:00:00,21.9,74.9,3.1,279.4,0.0
7,2026-09-22T23:00:00,21.6,75.9,3.0,267.7,0.0
8,2026-09-22T23:00:00,22.1,74.6,3.1,258.7,0.0
9,2026-09-22T23:00:00,22.9,73.5,2.8,276.1,0.0
10,2026-09-22T23:00:00,22.1,76.3,2.6,258.3,0.0
11,2026-09-22T23:00:00,23.1,75.0,3.4,260.7,0.0
12,2026-09-22T23:00:00,21.9,75.1,3.3,273.3,0.0
13,2026-09-22T23:00:00,22.8,74.4,3.3,286.9,0.0
14,2026-09-22T23:00:00,22.4,73.8,3.4,274.7,0.0
15,2026-09-22T23:00:00,22.2,74.2,3.1,278.3,0.0
1,2026-09-23T00:00:00,22.4,72.4,3.0,277.8,0.0
2,2026-09-23T00:00:00,21.7,74.5,2.6,270.2,0.0
3,2026-09-23T00:00:00,21.5,76.8,2.9,266.1,0.0
4,2026-09-23T00:00:00,21.4,76.6,2.8,263.0,0.0
5,2026-09-23T00:00:00,21.6,74.5,2.8,258.5,0.0
6,2026-09-23T00:00:00,21.9,76.6,2.8,285.1,0.0
7,2026-09-23T00:00:00,21.1,73.6,2.6,276.8,0.0
8,2026-09-23T00:00:00,21.7,73.0,2.5,285.1,0.0
9,2026-09-23T00:00:00,22.4,75.3,2.8,273.0,0.0
10,2026-09-23T00:00:00,22.0,77.2,3.1,282.6,0.0
11,2026-09-23T00:00:00,21.0,73.0,3.1,271.2,0.0
12,2026-09-23T00:00:00,20.7,78.7,3.1,276.9,0.0
13,2026-09-23T00:00:00,21.1,74.7,3.2,256.5,0.0
14,2026-09-23T00:00:00,22.0,74.5,2.5,286.1,0.0
15,2026-09-23T00:00:00,20.1,78.4,2.9,283.5,0.0
1,2026-09-23T01:00:00,19.6,77.8,2.4,290.3,0.0
2,2026-09-23T01:00:00,20.2,78.3,2.6,286.1,0.0
3,2026-09-23T01:00:00,20.0,79.3,2.6,287.1,0.0
4,2026-09-23T01:00:00,19.8,78.2,2.5,276.8,0.0
5,2026-09-23T01:00:00,20.6,78.3,2.6,290.8,0.0
6,2026-09-23T01:00:00,20.2,77.4,2.7,265.3,0.0
7,2026-09-23T01:00:00,21.3,79.2,2.4,278.3,0.0
8,2026-09-23T01:00:00,20.4,77.3,2.4,280.8,0.0
9,2026-09-23T01:00:00,20.6,78.0,2.5,275.7,0.0
10,2026-09-23T01:00:00,20.9,79.4,2.4,255.8,0.0
11,2026-09-23T01:00:00,21.5,79.9,2.7,285.0,0.0
12,2026-09-23T01:00:00,21.1,80.7,2.8,277.6,0.0
13,2026-09-23T01:00:00,20.1,79.9,2.6,278.7,0.0
14,2026-09-23T01:00:00,19.7,76.8,2.7,262.8,0.0
15,2026-09-23T01:00:00,20.1,76.9,2.6,280.0,0.0
1,2026-09-23T02:00:00,20.9,82.2,2.0,286.1,0.0
2,2026-09-23T02:00:00,19.8,79.3,2.4,285.9,0.0
3,2026-09-23T02:00:00,20.2,78.4,2.5,262.0,0.0
4,2026-09-23T02:00:00,20.9,80.3,1.9,287.6,0.0
5,2026-09-23T02:00:00,19.3,81.0,2.4,278.5,0.0
6,2026-09-23T02:00:00,18.6,79.8,2.4,264.1,0.0
7,2026-09-23T02:00:00,19.5,80.2,2.2,286.8,0.0
8,2026-09-23T02:00:00,20.5,79.4,2.6,322.5,0.0
9,2026-09-23T02:00:00,20.1,79.4,2.4,280.5,0.0
10,2026-09-23T02:00:00,20.7,80.4,2.7,282.7,0.0
11,2026-09-23T02:00:00,20.7,78.0,2.2,271.9,0.0
12,2026-09-23T02:00:00,19.8,81.1,2.8,281.3,0.0
13,2026-09-23T02:00:00,19.1,78.0,2.5,282.1,0.0
14,2026-09-23T02:00:00,19.3,79.1,2.5,306.0,0.0
15,2026-09-23T02:00:00,20.5,82.4,2.4,296.8,0.0
1,2026-09-23T03:00:00,20.2,77.9,2.0,284.1,0.0
2,2026-09-23T03:00:00,20.3,78.8,2.1,289.8,0.0
3,2026-09-23T03:00:00,19.3,80.9,2.2,269.9,0.0
4,2026-09-23T03:00:00,20.7,75.8,1.9,296.5,0.0
5,2026-09-23T03:00:00,19.4,79.5,2.3,284.9,0.0
6,2026-09-23T03:00:00,18.4,81.1,2.2,287.7,0.0
7,2026-09-23T03:00:00,20.8,81.6,2.1,293.5,0.0
8,2026-09-23T03:00:00,19.3,81.8,2.1,299.6,0.0
9,2026-09-23T03:00:00,20.1,80.7,1.9,298.1,0.0
10,2026-09-23T03:00:00,19.7,81.4,1.8,295.3,0.0
11,2026-09-23T03:00:00,20.3,77.5,1.8,288.2,0.0
12,2026-09-23T03:00:00,20.5,82.4,2.4,292.0,0.0
13,2026-09-23T03:00:00,20.2,77.3,1.9,305.0,0.0
14,2026-09-23T03:00:00,20.3,78.6,1.9,276.3,0.0
15,2026-09-23T03:00:00,20.3,79.9,2.2,282.8,0.0
1,2026-09-23T04:00:00,20.4,81.9,2.2,305.7,0.0
2,2026-09-23T04:00:00,19.9,78.1,2.0,286.0,0.0
3,2026-09-23T04:00:00,19.9,77.0,1.6,306.7,0.0
4,2026-09-23T04:00:00,22.1,79.3,1.6,291.5,0.0
5,2026-09-23T04:00:00,20.9,78.0,1.9,281.9,0.0
6,2026-09-23T04:00:00,20.5,76.4,2.0,291.1,0.0
7,2026-09-23T04:00:00,22.0,74.9,1.8,283.2,0.0
8,2026-09-23T04:00:00,20.3,80.6,2.0,296.0,0.0
9,2026-09-23T04:00:00,20.8,80.6,2.0,299.0,0.0
10,2026-09-23T04:00:00,21.4,78.0,2.3,282.6,0.0
11,2026-09-23T04:00:00,20.2,78.1,1.6,299.4,0.0
12,2026-09-23T04:00:00,20.9,82.8,1.9,305.2,0.0
13,2026-09-23T04:00:00,21.1,75.0,1.9,300.8,0.0
14,2026-09-23T04:00:00,21.3,77.2,1.6,304.0,0.0
15,2026-09-23T04:00:00,20.8,79.1,2.2,289.7,0.0
1,2026-09-23T05:00:00,20.8,74.6,1.5,316.6,0.0
2,2026-09-23T05:00:00,21.6,75.7,1.6,299.4,0.0
3,2026-09-23T05:00:00,21.7,76.0,1.8,285.8,0.0
4,2026-09-23T05:00:00,20.8,77.5,2.2,303.7,0.0
5,2026-09-23T05:00:00,20.6,77.9,1.4,289.2,0.0
6,2026-09-23T05:00:00,22.1,78.0,2.4,299.9,0.0
7,2026-09-23T05:00:00,21.7,76.2,2.0,308.2,0.0
8,2026-09-23T05:00:00,21.6,76.4,1.6,300.9,0.0
9,2026-09-23T05:00:00,21.7,78.1,1.8,304.1,0.0
10,2026-09-23T05:00:00,20.7,76.5,1.9,296.0,0.0
11,2026-09-23T05:00:00,21.4,75.0,1.8,305.4,0.0
12,2026-09-23T05:00:00,21.8,75.0,1.6,310.4,0.0
13,2026-09-23T05:00:00,20.7,74.4,1.6,302.0,0.0
14,2026-09-23T05:00:00,21.8,75.2,2.0,281.7,0.0
15,2026-09-23T05:00:00,21.6,76.5,1.9,297.6,0.0
1,2026-09-23T06:00:00,22.7,74.4,1.4,306.0,0.0
2,2026-09-23T06:00:00,23.8,73.8,1.6,287.9,0.0
3,2026-09-23T06:00:00,23.1,73.5,1.1,297.3,0.0
4,2026-09-23T06:00:00,22.9,73.1,1.8,296.3,0.0
5,2026-09-23T06:00:00,22.4,75.0,2.0,295.5,0.0
6,2026-09-23T06:00:00,22.3,71.0,1.6,303.0,0.0
7,2026-09-23T06:00:00,22.0,72.9,1.8,288.3,0.0
8,2026-09-23T06:00:00,22.2,71.4,1.6,313.6,0.0
9,2026-09-23T06:00:00,22.1,73.4,2.1,297.8,0.0
10,2026-09-23T06:00:00,21.7,73.1,1.5,300.9,0.0
11,2026-09-23T06:00:00,22.6,71.9,1.6,289.6,0.0
12,2026-09-23T06:00:00,22.9,75.9,1.8,287.9,0.0
13,2026-09-23T06:00:00,22.6,73.8,2.3,300.8,0.0
14,2026-09-23T06:00:00,22.4,71.6,1.6,308.9,0.0
15,2026-09-23T06:00:00,21.9,70.6,1.2,305.3,0.0
1,2026-09-23T07:00:00,23.9,71.8,2.1,300.9,0.0
2,2026-09-23T07:00:00,23.7,66.5,1.9,300.8,0.0
3,2026-09-23T07:00:00,24.8,67.9,1.9,309.0,0.0
4,2026-09-23T07:00:00,23.1,71.0,1.8,307.3,0.0
5,2026-09-23T07:00:00,23.2,66.5,1.5,313.4,0.0
6,2026-09-23T07:00:00,25.5,70.9,1.8,307.2,0.0
7,2026-09-23T07:00:00,24.4,70.6,1.4,290.7,0.0
8,2026-09-23T07:00:00,24.5,71.0,1.9,303.1,0.0
9,2026-09-23T07:00:00,23.8,70.1,1.5,327.8,0.0
10,2026-09-23T07:00:00,24.1,69.0,2.0,301.4,0.0
11,2026-09-23T07:00:00,23.5,66.4,2.2,287.1,0.0
12,2026-09-23T07:00:00,24.3,68.6,1.5,311.7,0.0
13,2026-09-23T07:00:00,25.4,67.6,1.9,290.5,0.0
14,2026-09-23T07:00:00,23.1,73.9,2.2,309.0,0.0
15,2026-09-23T07:00:00,25.5,69.8,1.7,289.5,0.0
1,2026-09-23T08:00:00,25.7,67.8,2.5,298.0,0.0
2,2026-09-23T08:00:00,26.0,64.1,1.7,315.0,0.0
3,2026-09-23T08:00:00,25.6,67.3,1.7,314.2,0.0
4,2026-09-23T08:00:00,25.3,64.4,1.8,329.1,0.0
5,2026-09-23T08:00:00,26.1,63.8,1.8,300.6,0.0
6,2026-09-23T08:00:00,24.9,60.9,2.1,307.6,0.0
7,2026-09-23T08:00:00,25.1,62.8,2.2,319.7,0.0
8,2026-09-23T08:00:00,26.3,64.3,2.2,300.7,0.0
9,2026-09-23T08:00:00,24.3,67.3,2.6,306.8,0.0
10,2026-09-23T08:00:00,25.0,64.4,1.8,313.2,0.0
11,2026-09-23T08:00:00,25.8,64.6,2.2,316.0,0.0
12,2026-09-23T08:00:00,26.4,63.7,1.7,285.1,0.0
13,2026-09-23T08:00:00,26.3,64.3,2.1,323.3,0.0
14,2026-09-23T08:00:00,26.0,67.8,1.4,308.9,0.0
15,2026-09-23T08:00:00,26.3,64.6,1.8,322.4,0.0
1,2026-09-23T09:00:00,27.7,58.9,2.1,311.3,0.0
2,2026-09-23T09:00:00,26.8,59.8,1.9,309.6,0.0
3,2026-09-23T09:00:00,28.4,58.0,1.7,311.3,0.0
4,2026-09-23T09:00:00,27.3,60.8,2.4,312.7,0.0
5,2026-09-23T09:00:00,27.0,60.7,2.1,317.5,0.0
6,2026-09-23T09:00:00,27.8,61.9,2.8,318.3,0.0
7,2026-09-23T09:00:00,27.4,59.4,2.0,296.9,0.0
8,2026-09-23T09:00:00,27.1,61.3,2.0,300.2,0.0
9,2026-09-23T09:00:00,27.6,61.5,2.3,312.4,0.0
10,2026-09-23T09:00:00,27.8,58.4,1.7,304.4,0.0
11,2026-09-23T09:00:00,26.8,62.1,1.5,323.0,0.0
12,2026-09-23T09:00:00,28.3,59.9,2.0,314.0,0.0
13,2026-09-23T09:00:00,27.0,60.3,2.2,302.5,0.0
14,2026-09-23T09:00:00,26.5,57.8,2.2,309.7,0.0
15,2026-09-23T09:00:00,26.9,55.2,1.9,296.5,0.0
1,2026-09-23T10:00:00,29.1,59.5,2.1,308.0,0.0
2,2026-09-23T10:00:00,29.0,53.8,2.6,310.6,0.0
3,2026-09-23T10:00:00,30.2,58.5,2.4,325.8,0.0
4,2026-09-23T10:00:00,30.7,55.5,2.2,327.9,0.0
5,2026-09-23T10:00:00,28.6,54.3,2.3,323.5,0.0
6,2026-09-23T10:00:00,29.2,55.9,2.3,311.2,0.0
7,2026-09-23T10:00:00,29.4,55.7,2.3,304.4,0.0
8,2026-09-23T10:00:00,29.2,54.5,2.0,309.0,0.0
9,2026-09-23T10:00:00,29.1,55.5,2.3,298.4,0.0
10,2026-09-23T10:00:00,28.6,57.5,2.1,313.5,0.0
11,2026-09-23T10:00:00,28.5,52.7,2.5,310.6,0.0
12,2026-09-23T10:00:00,29.2,54.1,2.4,313.6,0.0
13,2026-09-23T10:00:00,28.4,54.8,1.9,308.6,0.0
14,2026-09-23T10:00:00,29.8,55.7,2.6,307.9,0.0
15,2026-09-23T10:00:00,28.8,56.9,2.4,302.8,0.0
1,2026-09-23T11:00:00,30.9,51.3,2.6,307.2,0.0
2,2026-09-23T11:00:00,30.1,48.5,2.2,322.4,0.0
3,2026-09-23T11:00:00,30.1,50.4,2.8,315.2,0.0
4,2026-09-23T11:00:00,30.9,51.9,2.8,316.3,0.0
5,2026-09-23T11:00:00,30.7,52.1,2.8,310.8,0.0
6,2026-09-23T11:00:00,30.7,54.2,2.1,321.2,0.0
7,2026-09-23T11:00:00,31.4,53.2,2.4,305.0,0.0
8,2026-09-23T11:00:00,31.0,48.3,2.6,323.9,0.0
9,2026-09-23T11:00:00,31.2,52.4,2.8,338.3,0.0
10,2026-09-23T11:00:00,30.7,51.5,2.7,305.0,0.0
11,2026-09-23T11:00:00,31.0,48.7,1.9,301.4,0.0
12,2026-09-23T11:00:00,30.5,52.4,2.2,318.4,0.0
13,2026-09-23T11:00:00,29.9,50.3,2.3,311.1,0.0
14,2026-09-23T11:00:00,31.1,50.4,2.4,309.0,0.0
15,2026-09-23T11:00:00,31.5,50.4,2.7,318.7,0.0
1,2026-09-23T12:00:00,31.3,47.2,2.8,334.5,0.0
2,2026-09-23T12:00:00,32.4,47.7,2.8,314.5,0.0
3,2026-09-23T12:00:00,31.1,51.7,2.6,311.3,0.0
4,2026-09-23T12:00:00,32.2,47.5,2.6,314.5,0.0
5,2026-09-23T12:00:00,30.9,45.4,2.4,325.6,0.0
6,2026-09-23T12:00:00,31.3,49.6,3.0,333.5,0.0
7,2026-09-23T12:00:00,32.2,46.7,2.7,323.5,0.0
8,2026-09-23T12:00:00,31.3,47.5,3.1,320.4,0.0
9,2026-09-23T12:00:00,30.9,46.5,3.1,304.3,0.0
10,2026-09-23T12:00:00,31.3,49.7,2.8,316.6,0.0
11,2026-09-23T12:00:00,31.3,48.2,3.2,310.8,0.0
12,2026-09-23T12:00:00,31.7,49.9,3.2,299.0,0.0
13,2026-09-23T12:00:00,31.0,47.6,2.6,313.1,0.0
14,2026-09-23T12:00:00,32.0,46.3,2.9,330.7,0.0
15,2026-09-23T12:00:00,32.2,50.7,2.8,298.5,0.0
1,2026-09-23T13:00:00,32.5,46.6,3.1,328.0,0.0
2,2026-09-23T13:00:00,32.8,43.2,3.0,329.7,0.0
3,2026-09-23T13:00:00,31.9,46.2,3.2,301.4,0.0
4,2026-09-23T13:00:00,31.9,47.4,3.2,318.1,0.0
5,2026-09-23T13:00:00,33.2,44.4,3.0,311.4,0.0
6,2026-09-23T13:00:00,31.5,46.3,3.4,320.9,0.0
7,2026-09-23T13:00:00,32.7,45.7,3.3,314.5,0.0
8,2026-09-23T13:00:00,33.1,45.1,3.3,314.7,0.0
9,2026-09-23T13:00:00,32.3,45.9,3.0,288.0,0.0
10,2026-09-23T13:00:00,31.4,47.2,3.3,311.9,0.0
11,2026-09-23T13:00:00,33.4,44.7,2.7,310.3,0.0
12,2026-09-23T13:00:00,33.1,46.6,3.0,307.8,0.0
13,2026-09-23T13:00:00,32.6,45.4,2.9,316.5,0.0
14,2026-09-23T13:00:00,32.7,47.1,2.5,320.9,0.0
15,2026-09-23T13:00:00,31.7,44.4,3.1,314.3,0.0
1,2026-09-23T14:00:00,33.5,41.7,3.1,314.2,0.0
2,2026-09-23T14:00:00,33.0,43.0,3.1,314.1,0.0
3,2026-09-23T14:00:00,34.0,46.8,3.1,317.7,0.0
4,2026-09-23T14:00:00,33.3,43.7,3.2,295.6,0.0
5,2026-09-23T14:00:00,33.4,49.7,3.2,314.8,0.0
6,2026-09-23T14:00:00,31.9,45.5,3.2,311.9,0.0
7,2026-09-23T14:00:00,33.2,44.2,3.4,317.4,0.0
8,2026-09-23T14:00:00,33.0,44.0,3.6,325.3,0.0
9,2026-09-23T14:00:00,32.5,48.4,3.7,309.6,0.0
10,2026-09-23T14:00:00,32.7,42.0,3.2,313.9,0.0
11,2026-09-23T14:00:00,32.5,46.7,3.2,317.6,0.0
12,2026-09-23T14:00:00,33.0,44.1,2.9,300.3,0.0
13,2026-09-23T14:00:00,32.8,44.0,3.3,309.5,0.0
14,2026-09-23T14:00:00,32.8,47.0,3.5,302.1,0.0
15,2026-09-23T14:00:00,33.3,47.2,3.6,318.8,0.0
1,2026-09-23T15:00:00,33.1,46.0,3.9,338.6,0.0
2,2026-09-23T15:00:00,34.3,44.2,3.6,307.0,0.0
3,2026-09-23T15:00:00,33.7,44.9,3.0,311.1,0.0
4,2026-09-23T15:00:00,32.6,45.7,3.4,300.6,0.0
5,2026-09-23T15:00:00,33.7,47.7,3.3,312.1,0.0
6,2026-09-23T15:00:00,32.2,45.4,3.4,325.2,0.0
7,2026-09-23T15:00:00,33.3,45.6,3.0,302.7,0.0
8,2026-09-23T15:00:00,33.2,44.1,3.7,315.5,0.0
9,2026-09-23T15:00:00,32.5,46.9,3.7,322.4,0.0
10,2026-09-23T15:00:00,33.7,45.5,3.2,316.8,0.0
11,2026-09-23T15:00:00,32.5,44.7,3.2,325.8,0.0
12,2026-09-23T15:00:00,32.8,43.6,3.5,325.9,0.0
13,2026-09-23T15:00:00,32.3,43.8,3.9,311.7,0.0
14,2026-09-23T15:00:00,33.3,49.7,4.0,312.1,0.0
15,2026-09-23T15:00:00,32.8,46.4,3.2,310.7,0.0
1,2026-09-23T16:00:00,31.4,48.3,3.6,319.6,0.0
2,2026-09-23T16:00:00,32.8,44.7,3.8,308.0,0.0
3,2026-09-23T16:00:00,33.2,48.1,3.7,306.9,0.0
4,2026-09-23T16:00:00,32.5,45.5,3.8,298.4,0.0
5,2026-09-23T16:00:00,32.8,45.4,3.7,317.6,0.0
6,2026-09-23T16:00:00,32.6,47.7,3.4,304.9,0.0
7,2026-09-23T16:00:00,32.9,47.7,3.6,313.5,0.0
8,2026-09-23T16:00:00,33.2,47.6,4.0,312.7,0.0
9,2026-09-23T16:00:00,33.6,45.1,3.3,310.6,0.0
10,2026-09-23T16:00:00,33.0,45.3,3.8,314.8,0.0
11,2026-09-23T16:00:00,31.4,47.4,3.9,302.3,0.0
12,2026-09-23T16:00:00,32.6,48.1,3.8,318.6,0.0
13,2026-09-23T16:00:00,32.5,40.7,3.7,312.8,0.0
14,2026-09-23T16:00:00,33.8,45.3,3.7,310.4,0.0
15,2026-09-23T16:00:00,32.4,45.1,3.3,323.3,0.0
1,2026-09-23T17:00:00,31.6,49.9,3.6,313.2,0.0
2,2026-09-23T17:00:00,31.7,50.3,4.1,310.2,0.0
3,2026-09-23T17:00:00,30.7,50.8,3.7,291.6,0.0
4,2026-09-23T17:00:00,32.0,49.1,4.0,312.3,0.0
5,2026-09-23T17:00:00,31.5,48.9,3.6,310.6,0.0
6,2026-09-23T17:00:00,32.6,48.1,3.8,330.3,0.0
7,2026-09-23T17:00:00,32.2,46.4,3.3,302.3,0.0
8,2026-09-23T17:00:00,31.4,49.2,3.9,309.3,0.0
9,2026-09-23T17:00:00,30.4,48.6,3.7,309.2,0.0
10,2026-09-23T17:00:00,30.6,49.5,3.7,328.2,0.0
11,2026-09-23T17:00:00,32.4,52.1,3.7,317.8,0.0
12,2026-09-23T17:00:00,31.4,46.4,3.2,306.0,0.0
13,2026-09-23T17:00:00,31.8,50.5,3.9,326.3,0.0
14,2026-09-23T17:00:00,31.3,47.6,4.3,319.8,0.0
15,2026-09-23T17:00:00,31.6,50.2,3.8,290.1,0.0
1,2026-09-23T18:00:00,30.2,55.3,3.5,304.0,0.0
2,2026-09-23T18:00:00,30.6,50.5,4.0,313.9,0.0
3,2026-09-23T18:00:00,30.6,50.5,3.9,314.3,0.0
4,2026-09-23T18:00:00,30.6,52.6,3.6,312.8,0.0
5,2026-09-23T18:00:00,31.5,49.5,3.6,297.1,0.0
6,2026-09-23T18:00:00,29.8,49.9,3.9,315.9,0.0
7,2026-09-23T18:00:00,30.8,51.8,4.2,305.4,0.0
8,2026-09-23T18:00:00,29.3,53.3,3.6,290.4,0.0
9,2026-09-23T18:00:00,31.1,53.0,4.0,309.1,0.0
10,2026-09-23T18:00:00,29.8,51.7,3.8,303.0,0.0
11,2026-09-23T18:00:00,30.8,53.5,3.8,314.1,0.0
12,2026-09-23T18:00:00,31.6,51.7,4.1,319.3,0.0
13,2026-09-23T18:00:00,30.0,55.1,3.9,305.7,0.0
14,2026-09-23T18:00:00,30.7,52.8,3.6,313.4,0.0
15,2026-09-23T18:00:00,30.4,50.7,3.7,304.2,0.0
1,2026-09-23T19:00:00,28.3,54.3,3.5,295.9,0.0
2,2026-09-23T19:00:00,29.8,54.9,3.6,306.2,0.0
3,2026-09-23T19:00:00,28.4,55.2,3.7,315.0,0.0
4,2026-09-23T19:00:00,29.0,54.5,3.3,298.8,0.0
5,2026-09-23T19:00:00,29.4,50.8,3.7,309.7,0.0
6,2026-09-23T19:00:00,28.4,56.4,4.2,300.1,0.0
7,2026-09-23T19:00:00,29.7,55.0,3.7,303.1,0.0
8,2026-09-23T19:00:00,28.8,55.2,4.0,299.7,0.0
9,2026-09-23T19:00:00,29.7,60.1,3.9,315.8,0.0
10,2026-09-23T19:00:00,28.8,56.6,3.7,304.6,0.0
11,2026-09-23T19:00:00,29.4,55.4,3.7,293.4,0.0
12,2026-09-23T19:00:00,29.4,55.4,4.0,280.4,0.0
13,2026-09-23T19:00:00,29.4,58.5,3.8,305.8,0.0
14,2026-09-23T19:00:00,28.2,56.2,4.1,282.2,0.0
15,2026-09-23T19:00:00,29.7,56.9,3.5,309.6,0.0
1,2026-09-23T20:00:00,26.8,59.9,3.4,310.4,0.0
2,2026-09-23T20:00:00,27.4,60.1,4.2,311.4,0.0
3,2026-09-23T20:00:00,28.0,63.3,3.0,290.8,0.0
4,2026-09-23T20:00:00,26.7,59.7,3.7,309.0,0.0
5,2026-09-23T20:00:00,27.3,61.6,3.9,305.8,0.0
6,2026-09-23T20:00:00,28.0,62.1,3.8,298.8,0.0
7,2026-09-23T20:00:00,26.0,56.1,3.6,298.2,0.0
8,2026-09-23T20:00:00,26.9,58.2,3.8,300.0,0.0
9,2026-09-23T20:00:00,27.9,58.4,3.4,307.8,0.0
10,2026-09-23T20:00:00,27.6,57.2,3.5,295.6,0.0
11,2026-09-23T20:00:00,27.7,61.4,3.6,295.1,0.0
12,2026-09-23T20:00:00,26.8,58.0,3.3,290.1,0.0
13,2026-09-23T20:00:00,27.2,60.0,3.5,301.9,0.0
14,2026-09-23T20:00:00,27.0,60.1,3.9,315.8,0.0
15,2026-09-23T20:00:00,27.5,59.4,4.1,315.8,0.0
1,2026-09-23T21:00:00,25.4,62.7,4.1,310.0,0.0
2,2026-09-23T21:00:00,24.7,66.9,3.6,289.6,0.0
3,2026-09-23T21:00:00,26.1,69.8,3.6,292.9,0.0
4,2026-09-23T21:00:00,25.0,64.8,3.5,304.8,0.0
5,2026-09-23T21:00:00,24.9,63.5,3.5,304.9,0.0
6,2026-09-23T21:00:00,26.3,64.2,3.4,306.3,0.0
7,2026-09-23T21:00:00,26.2,66.2,3.4,288.2,0.0
8,2026-09-23T21:00:00,26.3,62.7,3.1,273.4,0.0
9,2026-09-23T21:00:00,25.6,66.5,3.6,299.8,0.0
10,2026-09-23T21:00:00,25.6,63.6,3.3,312.5,0.0
11,2026-09-23T21:00:00,24.6,66.7,3.7,299.5,0.0
12,2026-09-23T21:00:00,25.6,63.4,3.4,304.4,0.0
13,2026-09-23T21:00:00,25.3,62.3,3.8,296.0,0.0
14,2026-09-23T21:00:00,25.2,64.1,4.1,310.6,0.0
15,2026-09-23T21:00:00,25.9,66.2,3.6,303.3,0.0
1,2026-09-23T22:00:00,24.4,70.9,3.3,296.0,0.0
2,2026-09-23T22:00:00,25.2,68.7,3.4,283.8,0.0
3,2026-09-23T22:00:00,22.9,71.4,3.8,281.8,0.0
4,2026-09-23T22:00:00,24.6,67.7,3.1,305.2,0.0
5,2026-09-23T22:00:00,24.1,68.0,3.1,278.4,0.0
6,2026-09-23T22:00:00,24.6,68.5,3.3,289.4,0.0
7,2026-09-23T22:00:00,24.0,69.1,3.3,275.6,0.0
8,2026-09-23T22:00:00,23.1,72.0,3.9,295.9,0.0
9,2026-09-23T22:00:00,23.4,70.4,2.9,282.0,0.0
10,2026-09-23T22:00:00,23.5,70.2,2.7,295.1,0.0
11,2026-09-23T22:00:00,24.1,71.7,3.4,277.6,0.0
12,2026-09-23T22:00:00,23.7,66.7,3.7,300.4,0.0
13,2026-09-23T22:00:00,23.8,68.7,3.0,298.2,0.0
14,2026-09-23T22:00:00,23.1,66.0,3.3,308.7,0.0
15,2026-09-23T22:00:00,24.6,66.6,3.1,309.5,0.0
1,2026-09-23T23:00:00,23.9,73.9,3.2,286.0,0.0
2,2026-09-23T23:00:00,22.5,74.7,2.9,296.4,0.0
3,2026-09-23T23:00:00,22.7,71.8,3.4,289.9,0.0
4,2026-09-23T23:00:00,21.8,74.1,3.3,287.1,0.0
5,2026-09-23T23:00:00,22.1,76.2,2.6,287.6,0.0
6,2026-09-23T23:00:00,23.9,69.8,2.8,307.9,0.0
7,2026-09-23T23:00:00,23.2,70.1,2.6,304.6,0.0
8,2026-09-23T23:00:00,22.3,70.6,3.0,291.8,0.0
9,2026-09-23T23:00:00,22.8,73.2,2.9,279.4,0.0
10,2026-09-23T23:00:00,22.6,70.8,2.8,275.9,0.0
11,2026-09-23T23:00:00,21.6,72.1,3.0,270.6,0.0
12,2026-09-23T23:00:00,21.8,72.7,3.1,266.7,0.0
13,2026-09-23T23:00:00,22.3,72.0,3.4,312.9,0.0
14,2026-09-23T23:00:00,22.4,72.2,2.9,291.4,0.0
15,2026-09-23T23:00:00,23.3,74.0,3.4,273.3,0.0
1,2026-09-24T00:00:00,22.3,79.9,2.9,291.5,0.0
2,2026-09-24T00:00:00,21.3,74.2,2.6,299.8,0.0
3,2026-09-24T00:00:00,21.4,78.1,3.2,268.8,0.0
4,2026-09-24T00:00:00,20.8,79.0,2.8,288.6,0.0
5,2026-09-24T00:00:00,22.1,80.2,2.9,271.2,0.0
6,2026-09-24T00:00:00,22.1,78.1,3.0,290.2,0.0
7,2026-09-24T00:00:00,21.5,75.1,3.2,283.1,0.0
8,2026-09-24T00:00:00,21.1,76.9,2.7,284.2,0.0
9,2026-09-24T00:00:00,21.5,75.1,2.8,285.9,0.0
10,2026-09-24T00:00:00,21.2,76.4,2.8,287.6,0.0
11,2026-09-24T00:00:00,21.4,77.1,3.2,310.1,0.0
12,2026-09-24T00:00:00,21.3,76.6,2.9,293.4,0.0
13,2026-09-24T00:00:00,21.9,77.1,3.1,292.9,0.0
14,2026-09-24T00:00:00,21.9,75.4,2.8,274.3,0.0
15,2026-09-24T00:00:00,21.3,77.9,2.8,277.2,0.0
1,2026-09-24T01:00:00,20.4,78.5,2.7,282.0,0.0
2,2026-09-24T01:00:00,21.8,79.4,2.6,271.4,0.0
3,2026-09-24T01:00:00,21.1,77.0,2.8,285.3,0.0
4,2026-09-24T01:00:00,20.6,75.5,2.0,298.9,0.0
5,2026-09-24T01:00:00,19.8,78.7,2.6,278.1,0.0
6,2026-09-24T01:00:00,20.6,76.6,2.6,271.2,0.0
7,2026-09-24T01:00:00,20.7,77.2,2.4,268.7,0.0
8,2026-09-24T01:00:00,20.8,80.5,2.8,290.7,0.0
9,2026-09-24T01:00:00,19.7,79.2,3.0,292.1,0.0
10,2026-09-24T01:00:00,20.6,78.5,2.5,275.1,0.0
11,2026-09-24T01:00:00,19.7,76.5,2.2,286.3,0.0
12,2026-09-24T01:00:00,20.0,79.5,2.3,285.7,0.0
13,2026-09-24T01:00:00,21.3,80.0,2.8,271.1,0.0
14,2026-09-24T01:00:00,20.5,78.4,2.5,273.0,0.0
15,2026-09-24T01:00:00,22.6,82.2,2.3,295.1,0.0
1,2026-09-24T02:00:00,19.8,79.9,2.4,275.5,0.0
2,2026-09-24T02:00:00,20.6,78.7,2.0,263.1,0.0
3,2026-09-24T02:00:00,20.0,80.4,2.4,293.0,0.0
4,2026-09-24T02:00:00,20.0,77.0,1.6,268.3,0.0
5,2026-09-24T02:00:00,19.6,78.1,2.4,257.9,0.0
6,2026-09-24T02:00:00,20.4,77.0,2.1,283.9,0.0
7,2026-09-24T02:00:00,19.2,79.9,2.3,267.7,0.0
8,2026-09-24T02:00:00,20.9,81.7,2.3,269.2,0.0
9,2026-09-24T02:00:00,19.6,80.1,2.4,284.8,0.0
10,2026-09-24T02:00:00,20.6,77.8,2.0,289.7,0.0
11,2026-09-24T02:00:00,19.8,83.8,2.3,263.8,0.0
12,2026-09-24T02:00:00,19.7,79.7,2.1,262.2,0.0
13,2026-09-24T02:00:00,19.5,79.3,2.1,265.9,0.0
14,2026-09-24T02:00:00,19.3,81.2,2.4,275.3,0.0
15,2026-09-24T02:00:00,18.9,80.3,2.5,280.3,0.0
1,2026-09-24T03:00:00,20.5,80.3,2.1,262.8,0.0
2,2026-09-24T03:00:00,20.3,82.4,2.3,275.5,0.0
3,2026-09-24T03:00:00,21.3,78.1,1.8,281.3,0.0
4,2026-09-24T03:00:00,19.8,82.4,2.0,273.9,0.0
5,2026-09-24T03:00:00,20.5,79.4,2.1,266.1,0.0
6,2026-09-24T03:00:00,21.0,81.3,2.0,281.4,0.0
7,2026-09-24T03:00:00,20.8,82.7,1.9,266.4,0.0
8,2026-09-24T03:00:00,20.6,79.8,1.9,262.4,0.0
9,2026-09-24T03:00:00,20.4,79.2,2.6,294.5,0.0
10,2026-09-24T03:00:00,19.4,79.3,2.1,268.2,0.0
11,2026-09-24T03:00:00,20.9,79.1,2.1,267.2,0.0
12,2026-09-24T03:00:00,20.1,77.0,2.1,274.4,0.0
13,2026-09-24T03:00:00,20.0,81.2,2.3,273.2,0.0
14,2026-09-24T03:00:00,20.9,78.8,2.0,251.8,0.0
15,2026-09-24T03:00:00,20.2,81.0,2.2,262.9,0.0
1,2026-09-24T04:00:00,20.8,76.4,1.7,258.6,0.0
2,2026-09-24T04:00:00,21.3,76.6,2.0,254.6,0.0
3,2026-09-24T04:00:00,20.6,76.6,1.6,242.9,0.0
4,2026-09-24T04:00:00,20.4,78.9,1.9,266.1,0.0
5,2026-09-24T04:00:00,20.1,80.1,2.0,259.9,0.0
6,2026-09-24T04:00:00,20.5,77.9,1.6,246.1,0.0
7,2026-09-24T04:00:00,19.8,77.5,2.6,282.4,0.0
8,2026-09-24T04:00:00,20.7,79.7,1.8,264.2,0.0
9,2026-09-24T04:00:00,20.6,80.3,1.7,272.5,0.0
10,2026-09-24T04:00:00,19.8,78.4,2.2,265.3,0.0
11,2026-09-24T04:00:00,20.0,80.6,1.6,254.8,0.0
12,2026-09-24T04:00:00,20.8,82.6,2.0,262.1,0.0
13,2026-09-24T04:00:00,20.9,76.4,2.2,270.8,0.0
14,2026-09-24T04:00:00,20.1,76.0,2.1,259.5,0.0
15,2026-09-24T04:00:00,19.4,79.9,2.1,266.0,0.0
1,2026-09-24T05:00:00,22.6,77.3,1.7,264.2,0.0
2,2026-09-24T05:00:00,21.9,77.3,1.8,274.6,0.0
3,2026-09-24T05:00:00,20.7,76.2,1.9,254.3,0.0
4,2026-09-24T05:00:00,20.9,78.4,2.2,271.3,0.0
5,2026-09-24T05:00:00,21.9,75.8,2.2,268.7,0.0
6,2026-09-24T05:00:00,20.5,75.1,2.1,259.1,0.0
7,2026-09-24T05:00:00,21.7,79.1,1.9,244.8,0.0
8,2026-09-24T05:00:00,22.0,77.8,1.8,267.4,0.0
9,2026-09-24T05:00:00,21.6,74.0,2.1,272.7,0.0
10,2026-09-24T05:00:00,22.3,77.6,1.4,259.5,0.0
11,2026-09-24T05:00:00,21.9,75.0,2.2,266.7,0.0
12,2026-09-24T05:00:00,21.3,75.5,2.4,251.9,0.0
13,2026-09-24T05:00:00,21.7,75.7,1.9,249.6,0.0
14,2026-09-24T05:00:00,20.8,76.9,2.2,260.8,0.0
15,2026-09-24T05:00:00,21.8,75.0,1.1,259.8,0.0
1,2026-09-24T06:00:00,22.7,70.2,1.9,262.2,0.0
2,2026-09-24T06:00:00,22.2,71.9,2.0,259.0,0.0
3,2026-09-24T06:00:00,22.6,72.7,1.7,253.5,0.0
4,2026-09-24T06:00:00,22.2,75.3,2.1,245.4,0.0
5,2026-09-24T06:00:00,22.3,72.4,2.2,258.3,0.0
6,2026-09-24T06:00:00,22.2,71.7,2.0,263.5,0.0
7,2026-09-24T06:00:00,23.1,74.6,1.9,247.4,0.0
8,2026-09-24T06:00:00,22.3,74.5,1.7,258.1,0.0
9,2026-09-24T06:00:00,24.0,72.0,1.8,250.8,0.0
10,2026-09-24T06:00:00,23.5,70.7,1.4,272.2,0.0
11,2026-09-24T06:00:00,22.9,74.7,1.7,254.2,0.0
12,2026-09-24T06:00:00,21.4,71.4,2.0,268.7,0.0
13,2026-09-24T06:00:00,23.2,72.8,1.6,259.6,0.0
14,2026-09-24T06:00:00,22.9,69.4,1.7,252.5,0.0
15,2026-09-24T06:00:00,23.0,72.5,1.9,255.0,0.0
1,2026-09-24T07:00:00,23.1,67.8,2.0,257.5,0.0
2,2026-09-24T07:00:00,23.9,71.2,1.7,248.8,0.0
3,2026-09-24T07:00:00,24.4,67.4,1.8,255.1,0.0
4,2026-09-24T07:00:00,25.0,72.2,2.0,249.9,0.0
5,2026-09-24T07:00:00,25.0,67.4,1.9,241.5,0.0
6,2026-09-24T07:00:00,24.5,68.2,2.3,267.7,0.0
7,2026-09-24T07:00:00,23.8,72.6,1.5,273.2,0.0
8,2026-09-24T07:00:00,24.6,73.9,1.7,250.3,0.0
9,2026-09-24T07:00:00,23.6,71.3,1.8,236.7,0.0
10,2026-09-24T07:00:00,25.2,67.0,1.3,243.3,0.0
11,2026-09-24T07:00:00,23.9,70.2,1.9,242.6,0.0
12,2026-09-24T07:00:00,24.4,70.0,1.7,267.8,0.0
13,2026-09-24T07:00:00,23.5,67.6,1.3,252.8,0.0
14,2026-09-24T07:00:00,24.2,69.4,2.2,266.0,0.0
15,2026-09-24T07:00:00,23.6,71.1,1.8,259.8,0.0
1,2026-09-24T08:00:00,25.7,66.4,2.3,255.7,0.0
2,2026-09-24T08:00:00,25.5,62.5,2.0,242.7,0.0
3,2026-09-24T08:00:00,24.5,66.0,1.7,248.9,0.0
4,2026-09-24T08:00:00,26.1,64.2,2.2,245.3,0.0
5,2026-09-24T08:00:00,25.5,61.5,1.9,238.9,0.0
6,2026-09-24T08:00:00,26.5,63.5,1.6,260.9,0.0
7,2026-09-24T08:00:00,25.7,68.0,1.8,251.9,0.0
8,2026-09-24T08:00:00,26.5,68.2,1.8,253.8,0.0
9,2026-09-24T08:00:00,25.9,65.9,1.9,234.8,0.0
10,2026-09-24T08:00:00,26.0,65.6,2.0,258.7,0.0
11,2026-09-24T08:00:00,26.3,67.0,2.0,257.6,0.0
12,2026-09-24T08:00:00,25.6,63.7,2.2,246.9,0.0
13,2026-09-24T08:00:00,25.3,63.9,2.0,246.8,0.0
14,2026-09-24T08:00:00,24.9,65.0,1.4,254.9,0.0
15,2026-09-24T08:00:00,25.8,65.6,1.8,248.8,0.0
1,2026-09-24T09:00:00,27.6,56.5,2.1,271.8,0.0
2,2026-09-24T09:00:00,26.7,60.5,2.0,267.2,0.0
3,2026-09-24T09:00:00,27.9,60.8,1.9,244.4,0.0
4,2026-09-24T09:00:00,27.9,59.2,1.8,245.1,0.0
5,2026-09-24T09:00:00,27.1,60.1,2.3,257.7,0.0
6,2026-09-24T09:00:00,27.2,60.6,2.1,267.1,0.0
7,2026-09-24T09:00:00,27.8,60.0,2.0,224.6,0.0
8,2026-09-24T09:00:00,28.4,59.9,2.2,229.7,0.0
9,2026-09-24T09:00:00,26.7,60.9,2.2,236.2,0.0
10,2026-09-24T09:00:00,27.3,59.9,2.4,247.5,0.0
11,2026-09-24T09:00:00,28.6,60.2,1.9,238.3,0.0
12,2026-09-24T09:00:00,27.1,63.5,1.7,251.7,0.0
13,2026-09-24T09:00:00,27.1,57.5,2.3,253.7,0.0
14,2026-09-24T09:00:00,26.9,61.3,1.9,262.7,0.0
15,2026-09-24T09:00:00,26.1,61.0,2.3,247.3,0.0
1,2026-09-24T10:00:00,28.1,55.6,2.5,251.4,0.0
2,2026-09-24T10:00:00,29.7,55.0,2.2,241.8,0.0
3,2026-09-24T10:00:00,29.3,55.1,2.2,227.5,0.0
4,2026-09-24T10:00:00,28.2,56.0,2.2,238.6,0.0
5,2026-09-24T10:00:00,28.5,52.0,2.1,258.9,0.0
6,2026-09-24T10:00:00,28.8,55.6,2.5,232.5,0.0
7,2026-09-24T10:00:00,29.2,56.4,2.4,241.5,0.0
8,2026-09-24T10:00:00,29.0,58.5,2.1,238.9,0.0
9,2026-09-24T10:00:00,29.7,56.9,2.4,255.8,0.0
10,2026-09-24T10:00:00,28.9,53.3,2.1,259.7,0.0
11,2026-09-24T10:00:00,27.9,56.9,2.1,231.1,0.0
12,2026-09-24T10:00:00,28.7,57.0,2.4,257.7,0.0
13,2026-09-24T10:00:00,28.9,56.1,2.3,231.0,0.0
14,2026-09-24T10:00:00,29.9,52.3,2.3,246.7,0.0
15,2026-09-24T10:00:00,29.3,61.3,2.0,257.8,0.0
1,2026-09-24T11:00:00,31.0,51.1,2.3,248.9,0.0
2,2026-09-24T11:00:00,31.1,52.5,2.1,253.4,0.0
3,2026-09-24T11:00:00,30.2,52.9,2.6,238.2,0.0
4,2026-09-24T11:00:00,30.1,51.5,2.4,248.3,0.0
5,2026-09-24T11:00:00,30.5,51.1,2.6,238.6,0.0
6,2026-09-24T11:00:00,29.9,52.2,2.7,240.8,0.0
7,2026-09-24T11:00:00,30.8,51.0,2.7,236.7,0.0
8,2026-09-24T11:00:00,31.3,54.5,2.2,251.0,0.0
9,2026-09-24T11:00:00,31.3,50.5,2.4,244.1,0.0
10,2026-09-24T11:00:00,30.4,53.5,2.8,256.2,0.0
11,2026-09-24T11:00:00,30.4,52.5,2.6,242.5,0.0
12,2026-09-24T11:00:00,30.1,49.3,2.7,260.0,0.0
13,2026-09-24T11:00:00,30.5,55.5,2.4,244.5,0.0
14,2026-09-24T11:00:00,30.2,53.1,3.0,243.7,0.0
15,2026-09-24T11:00:00,30.8,52.2,2.5,247.6,0.0
1,2026-09-24T12:00:00,31.3,45.6,2.5,245.4,0.0
2,2026-09-24T12:00:00,30.7,47.9,2.9,245.8,0.0
3,2026-09-24T12:00:00,31.3,48.8,2.7,250.7,0.0
4,2026-09-24T12:00:00,31.2,48.0,3.3,249.5,0.0
5,2026-09-24T12:00:00,31.6,45.7,2.8,241.4,0.0
6,2026-09-24T12:00:00,32.0,46.0,3.1,247.7,0.0
7,2026-09-24T12:00:00,31.6,51.3,3.2,249.3,0.0
8,2026-09-24T12:00:00,32.3,47.8,2.8,250.5,0.0
9,2026-09-24T12:00:00,32.5,47.8,2.6,245.8,0.0
10,2026-09-24T12:00:00,32.2,46.4,2.4,244.3,0.0
11,2026-09-24T12:00:00,31.4,50.5,3.0,244.2,0.0
12,2026-09-24T12:00:00,31.5,47.8,2.9,243.1,0.0
13,2026-09-24T12:00:00,32.0,49.7,2.9,247.5,0.0
14,2026-09-24T12:00:00,31.3,49.4,2.4,240.9,0.0
15,2026-09-24T12:00:00,31.4,47.6,2.9,248.5,0.0
1,2026-09-24T13:00:00,32.6,43.6,2.6,248.6,0.0
2,2026-09-24T13:00:00,33.8,50.3,3.0,258.8,0.0
3,2026-09-24T13:00:00,33.6,45.2,3.2,255.7,0.0
4,2026-09-24T13:00:00,32.2,42.8,3.1,224.7,0.0
5,2026-09-24T13:00:00,31.7,45.9,3.5,231.5,0.0
6,2026-09-24T13:00:00,32.7,49.2,3.0,237.2,0.0
7,2026-09-24T13:00:00,32.2,44.8,3.0,259.9,0.0
8,2026-09-24T13:00:00,33.2,44.7,3.1,228.0,0.0
9,2026-09-24T13:00:00,32.2,47.4,3.2,243.8,0.0
10,2026-09-24T13:00:00,32.5,45.7,3.3,220.1,0.0
11,2026-09-24T13:00:00,31.8,46.4,2.9,213.5,0.0
12,2026-09-24T13:00:00,32.0,45.4,2.9,217.8,0.0
13,2026-09-24T13:00:00,32.9,49.5,3.3,242.2,0.0
14,2026-09-24T13:00:00,32.6,47.2,2.9,236.7,0.0
15,2026-09-24T13:00:00,33.1,47.1,3.1,250.8,0.0
1,2026-09-24T14:00:00,32.8,47.5,3.7,255.0,0.0
2,2026-09-24T14:00:00,32.6,44.3,3.3,223.4,0.0
3,2026-09-24T14:00:00,32.5,46.3,3.2,249.4,0.0
4,2026-09-24T14:00:00,33.0,45.8,3.4,255.0,0.0
5,2026-09-24T14:00:00,33.6,43.2,3.2,224.5,0.0
6,2026-09-24T14:00:00,32.3,42.3,3.3,250.9,0.0
7,2026-09-24T14:00:00,32.3,45.3,3.3,243.5,0.0
8,2026-09-24T14:00:00,33.7,45.6,3.3,255.9,0.0
9,2026-09-24T14:00:00,32.1,43.7,2.9,258.9,0.0
10,2026-09-24T14:00:00,33.1,46.2,3.6,255.0,0.0
11,2026-09-24T14:00:00,32.8,45.1,3.0,255.1,0.0
12,2026-09-24T14:00:00,33.2,41.1,3.4,251.8,0.0
13,2026-09-24T14:00:00,33.5,45.1,3.5,255.8,0.0
14,2026-09-24T14:00:00,34.3,43.6,3.7,235.4,0.0
15,2026-09-24T14:00:00,32.8,44.8,3.2,230.8,0.0
1,2026-09-24T15:00:00,33.1,43.4,3.6,244.3,0.0
2,2026-09-24T15:00:00,34.1,44.7,3.6,228.9,0.0
3,2026-09-24T15:00:00,32.6,47.2,4.0,225.4,0.0
4,2026-09-24T15:00:00,32.5,44.3,3.7,251.6,0.0
5,2026-09-24T15:00:00,31.7,46.0,3.7,250.7,0.0
6,2026-09-24T15:00:00,32.4,43.2,3.4,260.4,0.0
7,2026-09-24T15:00:00,34.0,46.5,3.2,227.8,0.0
8,2026-09-24T15:00:00,33.9,46.3,3.8,246.1,0.0
9,2026-09-24T15:00:00,32.8,44.7,3.2,249.4,0.0
10,2026-09-24T15:00:00,32.4,44.4,3.5,227.7,0.0
11,2026-09-24T15:00:00,31.9,42.1,3.3,266.1,0.0
12,2026-09-24T15:00:00,32.2,43.8,3.5,249.7,0.0
13,2026-09-24T15:00:00,33.0,46.1,3.8,248.5,0.0
14,2026-09-24T15:00:00,32.9,47.5,3.6,242.1,0.0
15,2026-09-24T15:00:00,31.9,47.2,3.3,255.0,0.0
1,2026-09-24T16:00:00,32.5,45.1,3.8,264.9,0.0
2,2026-09-24T16:00:00,33.4,45.5,3.3,251.5,0.0
3,2026-09-24T16:00:00,34.0,44.4,3.6,250.9,0.0
4,2026-09-24T16:00:00,32.3,43.0,3.8,238.4,0.0
5,2026-09-24T16:00:00,32.8,46.6,3.7,241.6,0.0
6,2026-09-24T16:00:00,34.4,46.2,3.6,261.4,0.0
7,2026-09-24T16:00:00,32.7,44.7,3.5,222.8,0.0
8,2026-09-24T16:00:00,32.4,43.4,3.4,262.2,0.0
9,2026-09-24T16:00:00,31.9,45.2,3.6,248.1,0.0
10,2026-09-24T16:00:00,32.5,48.8,3.5,252.2,0.0
11,2026-09-24T16:00:00,33.1,48.8,3.5,239.3,0.0
12,2026-09-24T16:00:00,32.4,46.6,3.9,256.5,0.0
13,2026-09-24T16:00:00,32.0,50.4,3.3,261.5,0.0
14,2026-09-24T16:00:00,32.3,45.1,3.0,261.9,0.0
15,2026-09-24T16:00:00,32.1,44.7,3.5,234.1,0.0
1,2026-09-24T17:00:00,31.9,46.4,3.8,244.4,0.0
2,2026-09-24T17:00:00,30.4,51.0,4.1,231.8,0.0
3,2026-09-24T17:00:00,31.5,51.4,3.9,262.8,0.0
4,2026-09-24T17:00:00,31.7,50.1,3.8,248.6,0.0
5,2026-09-24T17:00:00,32.9,47.6,4.0,229.0,0.0
6,2026-09-24T17:00:00,32.4,46.1,4.0,248.1,0.0
7,2026-09-24T17:00:00,30.9,47.1,3.5,252.6,0.0
8,2026-09-24T17:00:00,32.1,49.8,4.1,240.2,0.0
9,2026-09-24T17:00:00,32.1,46.4,4.2,255.1,0.0
10,2026-09-24T17:00:00,31.8,50.3,3.9,261.6,0.0
11,2026-09-24T17:00:00,31.7,50.7,3.8,251.8,0.0
12,2026-09-24T17:00:00,30.9,48.3,4.1,255.2,0.0
13,2026-09-24T17:00:00,31.8,49.7,3.8,227.9,0.0
14,2026-09-24T17:00:00,32.6,48.2,3.6,255.2,0.0
15,2026-09-24T17:00:00,32.5,52.7,3.4,242.9,0.0
1,2026-09-24T18:00:00,30.3,52.7,4.0,262.9,0.0
2,2026-09-24T18:00:00,29.8,53.1,3.3,257.7,0.0
3,2026-09-24T18:00:00,30.4,53.5,4.1,248.6,0.0
4,2026-09-24T18:00:00,30.8,52.1,3.4,270.7,0.0
5,2026-09-24T18:00:00,30.8,51.0,3.6,239.7,0.0
6,2026-09-24T18:00:00,30.4,54.4,3.2,273.6,0.0
7,2026-09-24T18:00:00,30.3,55.7,3.7,268.7,0.0
8,2026-09-24T18:00:00,30.0,50.4,4.0,257.4,0.0
9,2026-09-24T18:00:00,30.9,52.2,3.6,242.1,0.0
10,2026-09-24T18:00:00,31.4,51.5,4.2,240.6,0.0
11,2026-09-24T18:00:00,30.2,53.5,4.1,243.8,0.0
12,2026-09-24T18:00:00,29.6,52.1,3.8,250.6,0.0
13,2026-09-24T18:00:00,30.1,51.5,3.5,258.5,0.0
14,2026-09-24T18:00:00,30.6,51.2,3.6,228.5,0.0
15,2026-09-24T18:00:00,31.3,49.2,4.0,260.0,0.0
1,2026-09-24T19:00:00,28.6,56.7,3.8,257.0,0.0
2,2026-09-24T19:00:00,29.6,56.3,3.6,239.0,0.0
3,2026-09-24T19:00:00,29.3,54.7,3.6,250.8,0.0
4,2026-09-24T19:00:00,27.9,55.5,3.6,251.9,0.0
5,2026-09-24T19:00:00,28.5,53.3,3.4,243.8,0.0
6,2026-09-24T19:00:00,29.3,57.2,3.5,252.9,0.0
7,2026-09-24T19:00:00,28.4,55.4,3.7,266.2,0.0
8,2026-09-24T19:00:00,29.1,56.4,3.7,264.6,0.0
9,2026-09-24T19:00:00,28.8,52.6,3.3,252.6,0.0
10,2026-09-24T19:00:00,29.3,54.3,3.8,258.6,0.0
11,2026-09-24T19:00:00,28.2,58.6,3.6,238.5,0.0
12,2026-09-24T19:00:00,28.1,52.3,3.9,265.6,0.0
13,2026-09-24T19:00:00,29.3,53.4,3.7,263.2,0.0
14,2026-09-24T19:00:00,28.8,53.5,3.5,264.0,0.0
15,2026-09-24T19:00:00,28.5,58.3,3.5,256.1,0.0
1,2026-09-24T20:00:00,25.5,63.1,4.0,256.5,0.0
2,2026-09-24T20:00:00,26.6,61.1,3.3,255.2,0.0
3,2026-09-24T20:00:00,26.6,56.7,3.8,263.0,0.0
4,2026-09-24T20:00:00,27.8,58.2,3.5,263.5,0.0
5,2026-09-24T20:00:00,26.7,60.9,3.8,237.4,0.0
6,2026-09-24T20:00:00,26.5,62.0,3.7,240.3,0.0
7,2026-09-24T20:00:00,27.1,63.5,3.6,285.6,0.0
8,2026-09-24T20:00:00,27.3,61.1,3.6,248.9,0.0
9,2026-09-24T20:00:00,27.3,61.0,4.2,249.4,0.0
10,2026-09-24T20:00:00,28.0,61.6,3.9,259.8,0.0
11,2026-09-24T20:00:00,26.7,61.8,3.5,255.8,0.0
12,2026-09-24T20:00:00,27.6,59.5,3.9,263.5,0.0
13,2026-09-24T20:00:00,27.6,60.2,3.5,262.0,0.0
14,2026-09-24T20:00:00,26.9,59.9,3.9,266.9,0.0
15,2026-09-24T20:00:00,27.6,58.7,4.1,271.5,0.0
1,2026-09-24T21:00:00,26.6,65.4,3.4,260.8,0.0
2,2026-09-24T21:00:00,25.9,61.7,3.5,239.0,0.0
3,2026-09-24T21:00:00,25.6,62.9,3.5,279.8,0.0
4,2026-09-24T21:00:00,26.3,64.6,3.6,260.4,0.0
5,2026-09-24T21:00:00,25.4,67.9,3.8,258.3,0.0
6,2026-09-24T21:00:00,25.7,62.8,3.6,264.3,0.0
7,2026-09-24T21:00:00,25.8,64.2,3.6,252.0,0.0
8,2026-09-24T21:00:00,25.2,66.3,3.6,269.6,0.0
9,2026-09-24T21:00:00,24.5,64.4,3.5,268.9,0.0
10,2026-09-24T21:00:00,26.5,64.0,3.4,262.3,0.0
11,2026-09-24T21:00:00,26.1,65.1,3.3,271.0,0.0
12,2026-09-24T21:00:00,27.4,64.3,3.7,256.4,0.0
13,2026-09-24T21:00:00,27.0,59.7,3.4,262.4,0.0
14,2026-09-24T21:00:00,25.3,64.7,3.4,249.0,0.0
15,2026-09-24T21:00:00,25.4,66.5,3.5,258.6,0.0
1,2026-09-24T22:00:00,23.8,67.9,3.3,271.6,0.0
2,2026-09-24T22:00:00,23.3,68.6,3.3,246.5,0.0
3,2026-09-24T22:00:00,24.1,71.8,3.4,274.6,0.0
4,2026-09-24T22:00:00,24.0,70.1,3.1,270.9,0.0
5,2026-09-24T22:00:00,24.3,66.7,2.8,271.8,0.0
6,2026-09-24T22:00:00,24.7,67.4,3.2,265.4,0.0
7,2026-09-24T22:00:00,24.9,68.6,3.3,263.7,0.0
8,2026-09-24T22:00:00,24.8,68.7,3.4,267.6,0.0
9,2026-09-24T22:00:00,24.5,68.4,2.9,262.3,0.0
10,2026-09-24T22:00:00,24.4,69.8,3.6,263.7,0.0
11,2026-09-24T22:00:00,23.6,71.9,3.5,280.6,0.0
12,2026-09-24T22:00:00,24.2,70.3,3.2,267.8,0.0
13,2026-09-24T22:00:00,23.9,70.0,3.2,280.6,0.0
14,2026-09-24T22:00:00,23.3,66.4,2.9,256.5,0.0
15,2026-09-24T22:00:00,24.2,71.1,3.0,272.8,0.0
1,2026-09-24T23:00:00,23.7,73.4,3.1,288.8,0.0
2,2026-09-24T23:00:00,22.4,70.5,3.2,276.0,0.0
3,2026-09-24T23:00:00,22.5,70.1,3.0,258.2,0.0
4,2026-09-24T23:00:00,22.3,73.5,3.0,265.7,0.0
5,2026-09-24T23:00:00,22.9,68.9,3.1,275.3,0.0
6,2026-09-24T23:00:00,22.8,75.6,2.8,276.1,0.0
7,2026-09-24T23:00:00,23.9,73.6,3.0,287.9,0.0
8,2026-09-24T23:00:00,21.6,75.1,3.4,287.8,0.0
9,2026-09-24T23:00:00,22.4,75.7,2.7,259.9,0.0
10,2026-09-24T23:00:00,23.7,72.0,3.3,260.6,0.0
11,2026-09-24T23:00:00,22.7,74.7,3.2,255.8,0.0
12,2026-09-24T23:00:00,22.1,72.5,3.0,270.0,0.0
13,2026-09-24T23:00:00,23.0,75.3,2.9,250.8,0.0
14,2026-09-24T23:00:00,23.5,74.7,3.1,279.5,0.0
15,2026-09-24T23:00:00,23.2,72.4,3.7,283.8,0.0
1,2026-09-25T00:00:00,21.8,77.2,2.7,292.2,0.0
2,2026-09-25T00:00:00,21.7,73.4,2.6,271.6,0.0
3,2026-09-25T00:00:00,21.4,75.7,3.3,258.2,0.0
4,2026-09-25T00:00:00,21.7,73.6,2.7,269.7,0.0
5,2026-09-25T00:00:00,21.1,77.3,3.0,280.9,0.0
6,2026-09-25T00:00:00,20.5,75.5,2.9,250.7,0.0
7,2026-09-25T00:00:00,21.5,74.0,2.9,267.8,0.0
8,2026-09-25T00:00:00,20.3,76.4,2.3,277.9,0.0
9,2026-09-25T00:00:00,21.1,77.4,2.7,275.4,0.0
10,2026-09-25T00:00:00,21.0,75.4,2.9,286.3,0.0
11,2026-09-25T00:00:00,21.8,78.1,2.9,284.5,0.0
12,2026-09-25T00:00:00,21.0,74.9,3.2,279.2,0.0
13,2026-09-25T00:00:00,22.1,75.0,2.4,272.8,0.0
14,2026-09-25T00:00:00,22.0,76.3,2.7,259.7,0.0
15,2026-09-25T00:00:00,21.9,74.8,2.8,277.6,0.0
1,2026-09-25T01:00:00,21.1,77.4,2.5,274.0,0.0
2,2026-09-25T01:00:00,20.4,80.7,2.2,268.6,0.0
3,2026-09-25T01:00:00,20.9,81.2,2.4,277.3,0.0
4,2026-09-25T01:00:00,20.3,81.3,2.7,310.4,0.0
5,2026-09-25T01:00:00,20.7,76.8,2.9,286.9,0.0
6,2026-09-25T01:00:00,20.1,78.5,2.3,283.5,0.0
7,2026-09-25T01:00:00,19.9,79.4,3.0,275.5,0.0
8,2026-09-25T01:00:00,21.3,78.5,2.1,285.4,0.0
9,2026-09-25T01:00:00,20.5,75.9,2.5,302.7,0.0
10,2026-09-25T01:00:00,21.5,78.0,2.6,271.4,0.0
11,2026-09-25T01:00:00,18.6,79.3,2.8,285.4,0.0
12,2026-09-25T01:00:00,20.1,81.2,2.8,280.1,0.0
13,2026-09-25T01:00:00,19.9,77.4,2.1,289.3,0.0
14,2026-09-25T01:00:00,20.6,78.6,2.7,273.6,0.0
15,2026-09-25T01:00:00,19.4,79.6,2.5,277.4,0.0
1,2026-09-25T02:00:00,19.6,82.8,1.8,283.1,0.0
2,2026-09-25T02:00:00,18.2,80.5,2.2,288.6,0.0
3,2026-09-25T02:00:00,20.4,80.9,2.6,291.8,0.0
4,2026-09-25T02:00:00,19.9,78.9,2.3,278.2,0.0
5,2026-09-25T02:00:00,20.2,77.6,2.6,293.1,0.0
6,2026-09-25T02:00:00,20.0,79.0,2.2,266.8,0.0
7,2026-09-25T02:00:00,20.1,79.9,2.5,277.9,0.0
8,2026-09-25T02:00:00,20.7,79.2,2.3,287.0,0.0
9,2026-09-25T02:00:00,20.0,82.8,2.3,291.2,0.0
10,2026-09-25T02:00:00,20.9,76.7,2.3,277.0,0.0
11,2026-09-25T02:00:00,20.9,79.2,2.0,292.9,0.0
12,2026-09-25T02:00:00,19.2,81.7,2.2,278.9,0.0
13,2026-09-25T02:00:00,19.6,78.0,2.4,272.7,0.0
14,2026-09-25T02:00:00,19.2,83.5,2.3,270.8,0.0
15,2026-09-25T02:00:00,19.4,77.4,2.3,258.2,0.0
1,2026-09-25T03:00:00,20.5,80.5,2.3,300.2,0.0
2,2026-09-25T03:00:00,19.2,81.6,1.9,280.4,0.0
3,2026-09-25T03:00:00,19.7,79.7,1.8,303.6,0.0
4,2026-09-25T03:00:00,20.0,79.5,2.5,283.8,0.0
5,2026-09-25T03:00:00,19.3,80.0,2.3,302.7,0.0
6,2026-09-25T03:00:00,19.8,82.0,2.1,294.0,0.0
7,2026-09-25T03:00:00,20.4,79.0,2.4,301.0,0.0
8,2026-09-25T03:00:00,20.3,79.0,2.0,275.6,0.0
9,2026-09-25T03:00:00,20.4,79.4,2.1,297.0,0.0
10,2026-09-25T03:00:00,20.4,78.1,2.3,283.3,0.0
11,2026-09-25T03:00:00,20.8,80.5,2.0,279.0,0.0
12,2026-09-25T03:00:00,20.8,80.3,1.9,296.4,0.0
13,2026-09-25T03:00:00,19.4,79.6,2.3,319.4,0.0
14,2026-09-25T03:00:00,19.6,82.0,2.4,302.1,0.0
15,2026-09-25T03:00:00,20.0,78.6,2.1,291.5,0.0
1,2026-09-25T04:00:00,20.8,78.3,1.7,293.7,0.0
2,2026-09-25T04:00:00,19.8,79.1,2.0,294.1,0.0
3,2026-09-25T04:00:00,20.8,75.7,1.9,293.0,0.0
4,2026-09-25T04:00:00,20.9,79.3,1.9,288.5,0.0
5,2026-09-25T04:00:00,21.0,79.0,1.9,295.2,0.0
6,2026-09-25T04:00:00,21.0,77.7,1.8,293.7,0.0
7,2026-09-25T04:00:00,20.3,84.6,2.0,288.9,0.0
8,2026-09-25T04:00:00,20.6,79.1,2.0,303.0,0.0
9,2026-09-25T04:00:00,20.0,78.4,1.8,298.4,0.0
10,2026-09-25T04:00:00,20.8,78.5,1.9,289.0,0.0
11,2026-09-25T04:00:00,19.9,78.2,1.9,292.5,0.0
12,2026-09-25T04:00:00,19.7,79.6,2.0,310.3,0.0
13,2026-09-25T04:00:00,19.3,75.3,1.9,293.8,0.0
14,2026-09-25T04:00:00,20.7,77.5,2.3,310.1,0.0
15,2026-09-25T04:00:00,20.7,79.8,2.5,302.8,0.0
1,2026-09-25T05:00:00,21.4,75.2,1.9,290.9,0.0
2,2026-09-25T05:00:00,21.1,78.2,2.1,300.1,0.0
3,2026-09-25T05:00:00,21.5,78.5,2.1,296.0,0.0
4,2026-09-25T05:00:00,21.6,74.7,2.1,300.7,0.0
5,2026-09-25T05:00:00,21.4,78.4,1.6,289.1,0.0
6,2026-09-25T05:00:00,20.7,75.6,1.8,295.3,0.0
7,2026-09-25T05:00:00,21.0,79.6,1.8,314.4,0.0
8,2026-09-25T05:00:00,21.8,79.0,1.7,288.3,0.0
9,2026-09-25T05:00:00,20.9,76.3,2.0,292.7,0.0
10,2026-09-25T05:00:00,21.0,78.8,1.2,280.3,0.0
11,2026-09-25T05:00:00,21.1,78.3,2.1,291.0,0.0
12,2026-09-25T05:00:00,21.3,74.2,1.5,291.3,0.0
13,2026-09-25T05:00:00,21.2,77.4,1.8,303.0,0.0
14,2026-09-25T05:00:00,21.4,79.4,1.8,291.9,0.0
15,2026-09-25T05:00:00,21.2,78.7,1.9,309.4,0.0
1,2026-09-25T06:00:00,22.1,72.5,1.5,278.3,0.0
2,2026-09-25T06:00:00,23.2,75.0,2.0,299.0,0.0
3,2026-09-25T06:00:00,23.3,74.5,1.7,305.2,0.0
4,2026-09-25T06:00:00,21.7,73.6,1.9,304.6,0.0
5,2026-09-25T06:00:00,23.6,73.1,2.1,301.0,0.0
6,2026-09-25T06:00:00,23.6,76.9,1.6,297.1,0.0
7,2026-09-25T06:00:00,21.7,73.3,1.3,313.1,0.0
8,2026-09-25T06:00:00,22.4,70.3,2.2,307.8,0.0
9,2026-09-25T06:00:00,22.6,73.5,1.6,297.2,0.0
10,2026-09-25T06:00:00,22.8,72.6,1.9,299.2,0.0
11,2026-09-25T06:00:00,22.4,72.6,2.2,308.6,0.0
12,2026-09-25T06:00:00,22.3,74.6,2.0,312.8,0.0
13,2026-09-25T06:00:00,22.9,72.6,1.7,291.0,0.0
14,2026-09-25T06:00:00,22.1,73.4,1.8,291.8,0.0
15,2026-09-25T06:00:00,22.4,75.0,1.8,301.9,0.0
1,2026-09-25T07:00:00,24.5,67.1,1.8,294.3,0.0
2,2026-09-25T07:00:00,23.6,71.1,1.6,305.6,0.0
3,2026-09-25T07:00:00,23.8,65.9,2.1,319.6,0.0
4,2026-09-25T07:00:00,24.5,69.1,1.8,305.3,0.0
5,2026-09-25T07:00:00,25.4,67.4,1.7,293.6,0.0
6,2026-09-25T07:00:00,23.7,69.5,1.8,295.4,0.0
7,2026-09-25T07:00:00,25.4,67.4,2.0,292.0,0.0
8,2026-09-25T07:00:00,23.9,69.1,2.0,307.4,0.0
9,2026-09-25T07:00:00,24.8,68.8,1.6,297.8,0.0
10,2026-09-25T07:00:00,23.8,68.8,1.4,318.6,0.0
11,2026-09-25T07:00:00,24.9,68.5,1.5,306.6,0.0
12,2026-09-25T07:00:00,23.7,70.2,1.7,296.6,0.0
13,2026-09-25T07:00:00,24.2,72.5,1.8,315.4,0.0
14,2026-09-25T07:00:00,25.3,69.1,2.0,297.7,0.0
15,2026-09-25T07:00:00,24.0,68.7,2.0,306.6,0.0
1,2026-09-25T08:00:00,26.5,68.1,2.0,294.4,0.0
2,2026-09-25T08:00:00,25.6,67.5,2.0,318.6,0.0
3,2026-09-25T08:00:00,25.7,64.9,2.1,304.2,0.0
4,2026-09-25T08:00:00,26.1,64.5,1.8,310.1,0.0
5,2026-09-25T08:00:00,25.8,63.8,1.8,286.0,0.0
6,2026-09-25T08:00:00,25.7,64.2,1.9,316.6,0.0
7,2026-09-25T08:00:00,25.7,62.3,1.9,318.8,0.0
8,2026-09-25T08:00:00,25.7,66.2,2.0,321.6,0.0
9,2026-09-25T08:00:00,27.0,65.8,2.0,298.6,0.0
10,2026-09-25T08:00:00,25.1,67.1,2.0,302.3,0.0
11,2026-09-25T08:00:00,25.6,63.9,2.3,290.6,0.0
12,2026-09-25T08:00:00,25.0,65.1,2.3,298.1,0.0
13,2026-09-25T08:00:00,26.1,62.9,1.9,299.8,0.0
14,2026-09-25T08:00:00,24.9,64.7,2.0,313.5,0.0
15,2026-09-25T08:00:00,25.8,66.7,2.1,304.7,0.0
1,2026-09-25T09:00:00,27.4,59.2,1.8,313.3,0.0
2,2026-09-25T09:00:00,27.7,59.3,2.0,318.5,0.0
3,2026-09-25T09:00:00,28.1,60.2,2.5,314.6,0.0
4,2026-09-25T09:00:00,26.8,65.2,1.6,292.7,0.0
5,2026-09-25T09:00:00,26.7,59.8,2.3,293.6,0.0
6,2026-09-25T09:00:00,27.7,61.0,2.1,315.8,0.0
7,2026-09-25T09:00:00,27.1,60.5,1.8,311.9,0.0
8,2026-09-25T09:00:00,27.4,58.9,1.8,308.4,0.0
9,2026-09-25T09:00:00,26.1,62.2,2.5,318.4,0.0
10,2026-09-25T09:00:00,28.1,58.3,2.2,312.4,0.0
11,2026-09-25T09:00:00,27.3,57.9,2.1,319.9,0.0
12,2026-09-25T09:00:00,27.8,59.7,2.3,307.6,0.0
13,2026-09-25T09:00:00,26.7,56.4,2.1,298.9,0.0
14,2026-09-25T09:00:00,27.2,60.6,2.1,319.9,0.0
15,2026-09-25T09:00:00,27.0,61.5,1.8,314.8,0.0
1,2026-09-25T10:00:00,28.8,54.9,2.3,305.9,0.0
2,2026-09-25T10:00:00,28.5,54.0,2.3,304.8,0.0
3,2026-09-25T10:00:00,28.6,53.1,2.4,303.3,0.0
4,2026-09-25T10:00:00,28.8,57.5,2.3,325.3,0.0
5,2026-09-25T10:00:00,29.4,56.5,2.2,311.4,0.0
6,2026-09-25T10:00:00,29.3,54.4,2.0,319.3,0.0
7,2026-09-25T10:00:00,29.5,57.4,2.3,300.8,0.0
8,2026-09-25T10:00:00,27.5,54.5,2.0,318.9,0.0
9,2026-09-25T10:00:00,28.7,56.4,2.1,295.6,0.0
10,2026-09-25T10:00:00,28.6,56.8,2.5,317.0,0.0
11,2026-09-25T10:00:00,28.9,56.4,2.3,316.4,0.0
12,2026-09-25T10:00:00,28.2,55.3,2.3,324.2,0.0
13,2026-09-25T10:00:00,29.0,53.2,2.1,302.7,0.0
14,2026-09-25T10:00:00,28.9,55.7,2.1,306.3,0.0
15,2026-09-25T10:00:00,27.9,56.3,1.9,314.3,0.0
1,2026-09-25T11:00:00,29.6,50.3,2.6,299.4,0.0
2,2026-09-25T11:00:00,30.6,52.4,2.9,320.0,0.0
3,2026-09-25T11:00:00,29.7,54.2,2.1,313.2,0.0
4,2026-09-25T11:00:00,31.1,52.5,2.5,299.1,0.0
5,2026-09-25T11:00:00,29.3,50.0,2.8,307.6,0.0
6,2026-09-25T11:00:00,30.7,49.4,3.1,322.4,0.0
7,2026-09-25T11:00:00,30.3,51.5,2.7,321.2,0.0
8,2026-09-25T11:00:00,31.2,52.7,2.5,329.0,0.0
9,2026-09-25T11:00:00,30.0,50.3,2.5,313.1,0.0
10,2026-09-25T11:00:00,30.1,50.6,2.5,310.7,0.0
11,2026-09-25T11:00:00,30.3,55.1,2.6,309.0,0.0
12,2026-09-25T11:00:00,29.9,54.5,3.3,322.0,0.0
13,2026-09-25T11:00:00,30.4,51.0,2.8,313.2,0.0
14,2026-09-25T11:00:00,30.7,52.7,2.3,295.9,0.0
15,2026-09-25T11:00:00,30.0,52.1,2.4,308.6,0.0
1,2026-09-25T12:00:00,31.7,48.1,2.6,321.4,0.0
2,2026-09-25T12:00:00,31.2,47.9,2.9,316.0,0.0
3,2026-09-25T12:00:00,32.2,48.4,3.1,317.3,0.0
4,2026-09-25T12:00:00,31.2,50.3,3.1,302.8,0.0
5,2026-09-25T12:00:00,30.8,51.1,2.7,300.6,0.0
6,2026-09-25T12:00:00,32.3,48.9,3.1,314.3,0.0
7,2026-09-25T12:00:00,31.6,49.1,2.7,333.6,0.0
8,2026-09-25T12:00:00,31.8,45.5,3.0,300.2,0.0
9,2026-09-25T12:00:00,31.0,48.1,2.8,319.5,0.0
10,2026-09-25T12:00:00,30.7,47.7,2.7,316.6,0.0
11,2026-09-25T12:00:00,31.0,48.1,2.9,305.6,0.0
12,2026-09-25T12:00:00,32.5,47.6,2.7,309.1,0.0
13,2026-09-25T12:00:00,31.7,46.6,2.9,284.6,0.0
14,2026-09-25T12:00:00,31.1,48.9,2.9,304.1,0.0
15,2026-09-25T12:00:00,31.7,47.9,2.9,313.7,0.0
1,2026-09-25T13:00:00,33.3,46.5,3.0,320.8,0.0
2,2026-09-25T13:00:00,32.8,46.5,2.9,320.0,0.0
3,2026-09-25T13:00:00,32.0,47.3,3.2,311.2,0.0
4,2026-09-25T13:00:00,32.8,47.4,3.3,315.9,0.0
5,2026-09-25T13:00:00,32.7,46.2,3.0,318.4,0.0
6,2026-09-25T13:00:00,32.8,44.7,3.0,325.6,0.0
7,2026-09-25T13:00:00,34.1,46.8,3.3,309.8,0.0
8,2026-09-25T13:00:00,33.9,43.0,3.5,320.2,0.0
9,2026-09-25T13:00:00,32.3,50.3,2.9,320.8,0.0
10,2026-09-25T13:00:00,32.3,43.1,3.0,316.9,0.0
11,2026-09-25T13:00:00,33.6,46.5,3.4,324.8,0.0
12,2026-09-25T13:00:00,32.7,45.0,3.3,304.8,0.0
13,2026-09-25T13:00:00,33.4,47.6,2.7,312.5,0.0
14,2026-09-25T13:00:00,32.8,45.2,3.3,303.1,0.0
15,2026-09-25T13:00:00,31.9,44.3,3.0,326.9,0.0
1,2026-09-25T14:00:00,33.4,43.7,3.6,310.5,0.0
2,2026-09-25T14:00:00,33.1,45.2,2.8,312.9,0.0
3,2026-09-25T14:00:00,33.6,48.6,3.1,305.4,0.0
4,2026-09-25T14:00:00,33.8,45.2,3.6,304.2,0.0
5,2026-09-25T14:00:00,32.3,45.9,3.3,314.1,0.0
6,2026-09-25T14:00:00,33.0,43.9,3.6,320.6,0.0
7,2026-09-25T14:00:00,32.5,48.5,3.1,320.8,0.0
8,2026-09-25T14:00:00,31.8,42.8,2.7,314.7,0.0
9,2026-09-25T14:00:00,33.9,47.0,3.4,319.8,0.0
10,2026-09-25T14:00:00,31.4,43.6,3.0,341.3,0.0
11,2026-09-25T14:00:00,33.0,45.0,3.4,321.9,0.0
12,2026-09-25T14:00:00,32.0,40.3,3.4,298.3,0.0
13,2026-09-25T14:00:00,33.2,44.6,3.3,320.4,0.0
14,2026-09-25T14:00:00,32.3,45.8,2.8,324.7,0.0
15,2026-09-25T14:00:00,33.0,45.0,3.3,308.7,0.0
1,2026-09-25T15:00:00,33.0,44.2,3.4,290.8,0.0
2,2026-09-25T15:00:00,33.5,46.6,3.7,310.1,0.0
3,2026-09-25T15:00:00,32.6,46.4,3.8,317.9,0.0
4,2026-09-25T15:00:00,34.3,44.9,3.5,329.7,0.0
5,2026-09-25T15:00:00,33.1,48.3,3.5,315.9,0.0
6,2026-09-25T15:00:00,33.3,44.2,3.4,335.5,0.0
7,2026-09-25T15:00:00,32.9,46.6,3.6,337.5,0.0
8,2026-09-25T15:00:00,33.0,44.8,3.2,307.2,0.0
9,2026-09-25T15:00:00,33.9,43.0,3.6,301.9,0.0
10,2026-09-25T15:00:00,32.7,47.7,3.6,300.7,0.0
11,2026-09-25T15:00:00,32.5,47.9,3.6,334.1,0.0
12,2026-09-25T15:00:00,33.2,44.7,3.7,308.2,0.0
13,2026-09-25T15:00:00,33.1,45.6,3.6,320.7,0.0
14,2026-09-25T15:00:00,33.1,43.3,3.3,315.4,0.0
15,2026-09-25T15:00:00,33.4,45.6,3.4,309.6,0.0
1,2026-09-25T16:00:00,33.7,46.3,3.5,299.9,0.0
2,2026-09-25T16:00:00,32.4,49.2,3.8,324.6,0.0
3,2026-09-25T16:00:00,32.4,48.3,4.0,304.1,0.0
4,2026-09-25T16:00:00,31.9,48.4,3.7,311.6,0.0
5,2026-09-25T16:00:00,31.6,46.5,3.6,309.8,0.0
6,2026-09-25T16:00:00,33.2,42.5,3.9,291.5,0.0
7,2026-09-25T16:00:00,32.9,47.0,3.4,317.7,0.0
8,2026-09-25T16:00:00,32.5,44.5,3.2,319.8,0.0
9,2026-09-25T16:00:00,32.3,45.9,3.6,311.1,0.0
10,2026-09-25T16:00:00,31.2,46.5,3.5,320.1,0.0
11,2026-09-25T16:00:00,32.3,47.1,3.8,311.0,0.0
12,2026-09-25T16:00:00,32.1,49.1,4.2,299.8,0.0
13,2026-09-25T16:00:00,32.8,45.2,3.5,321.0,0.0
14,2026-09-25T16:00:00,31.8,46.3,3.8,307.8,0.0
15,2026-09-25T16:00:00,31.9,45.8,4.0,311.6,0.0
1,2026-09-25T17:00:00,32.2,50.0,3.6,311.6,0.0
2,2026-09-25T17:00:00,30.2,48.2,3.8,301.4,0.0
3,2026-09-25T17:00:00,31.6,47.7,3.5,304.0,0.0
4,2026-09-25T17:00:00,32.4,47.1,4.0,310.2,0.0
5,2026-09-25T17:00:00,32.5,48.0,4.0,320.0,0.0
6,2026-09-25T17:00:00,31.4,50.3,4.1,313.5,0.0
7,2026-09-25T17:00:00,30.9,49.9,3.5,311.0,0.0
8,2026-09-25T17:00:00,30.9,49.6,3.8,282.5,0.0
9,2026-09-25T17:00:00,31.3,46.0,3.6,317.4,0.0
10,2026-09-25T17:00:00,32.4,48.2,3.5,317.6,0.0
11,2026-09-25T17:00:00,31.3,50.4,4.2,306.6,0.0
12,2026-09-25T17:00:00,32.3,43.8,4.0,315.7,0.0
13,2026-09-25T17:00:00,31.5,51.2,3.5,303.6,0.0
14,2026-09-25T17:00:00,32.8,46.7,3.7,309.8,0.0
15,2026-09-25T17:00:00,31.7,49.8,3.6,324.0,0.0
1,2026-09-25T18:00:00,29.3,53.6,3.4,301.9,0.0
2,2026-09-25T18:00:00,30.4,52.9,3.7,311.1,0.0
3,2026-09-25T18:00:00,31.3,52.2,3.7,314.7,0.0
4,2026-09-25T18:00:00,30.0,51.1,3.5,298.7,0.0
5,2026-09-25T18:00:00,29.4,53.5,3.7,305.6,0.0
6,2026-09-25T18:00:00,30.5,52.1,3.4,316.3,0.0
7,2026-09-25T18:00:00,30.5,49.4,3.6,312.1,0.0
8,2026-09-25T18:00:00,30.6,51.9,4.0,293.5,0.0
9,2026-09-25T18:00:00,31.1,50.3,3.3,299.3,0.0
10,2026-09-25T18:00:00,30.6,53.4,4.0,296.6,0.0
11,2026-09-25T18:00:00,31.4,53.1,3.7,308.2,0.0
12,2026-09-25T18:00:00,30.4,52.1,3.8,312.8,0.0
13,2026-09-25T18:00:00,31.7,50.1,3.6,312.2,0.0
14,2026-09-25T18:00:00,30.7,48.6,3.7,309.6,0.0
15,2026-09-25T18:00:00,30.2,53.5,4.2,298.0,0.0
1,2026-09-25T19:00:00,28.5,57.1,3.6,296.8,0.0
2,2026-09-25T19:00:00,29.2,57.2,3.1,303.3,0.0
3,2026-09-25T19:00:00,29.2,54.5,3.5,321.7,0.0
4,2026-09-25T19:00:00,28.1,53.0,3.3,315.7,0.0
5,2026-09-25T19:00:00,28.4,56.1,3.9,303.5,0.0
6,2026-09-25T19:00:00,29.8,55.2,4.0,278.8,0.0
7,2026-09-25T19:00:00,28.0,56.4,4.0,308.4,0.0
8,2026-09-25T19:00:00,29.4,54.8,3.4,306.1,0.0
9,2026-09-25T19:00:00,28.7,58.2,3.7,294.6,0.0
10,2026-09-25T19:00:00,29.5,53.5,3.4,299.1,0.0
11,2026-09-25T19:00:00,28.6,52.0,3.9,289.8,0.0
12,2026-09-25T19:00:00,29.4,57.2,4.0,307.8,0.0
13,2026-09-25T19:00:00,28.8,59.7,3.9,311.7,0.0
14,2026-09-25T19:00:00,28.6,54.8,3.8,324.4,0.0
15,2026-09-25T19:00:00,27.1,56.3,3.7,292.3,0.0
1,2026-09-25T20:00:00,26.3,58.1,3.7,301.0,0.0
2,2026-09-25T20:00:00,27.6,57.8,3.8,289.3,0.0
3,2026-09-25T20:00:00,28.4,58.6,3.5,297.7,0.0
4,2026-09-25T20:00:00,28.1,57.3,3.5,305.0,0.0
5,2026-09-25T20:00:00,27.4,60.8,3.4,302.6,0.0
6,2026-09-25T20:00:00,28.5,61.4,4.2,300.4,0.0
7,2026-09-25T20:00:00,27.8,65.9,3.5,291.4,0.0
8,2026-09-25T20:00:00,27.2,59.5,3.9,305.0,0.0
9,2026-09-25T20:00:00,27.8,59.7,3.7,313.0,0.0
10,2026-09-25T20:00:00,27.4,60.0,3.7,305.5,0.0
11,2026-09-25T20:00:00,27.1,61.2,3.7,302.9,0.0
12,2026-09-25T20:00:00,27.7,61.6,3.6,311.7,0.0
13,2026-09-25T20:00:00,27.3,58.9,3.6,314.2,0.0
14,2026-09-25T20:00:00,27.5,60.0,4.2,291.1,0.0
15,2026-09-25T20:00:00,26.8,60.9,3.7,297.6,0.0
1,2026-09-25T21:00:00,24.5,66.7,3.7,288.6,0.0
2,2026-09-25T21:00:00,25.8,64.9,3.7,294.0,0.0
3,2026-09-25T21:00:00,26.4,62.7,3.6,278.7,0.0
4,2026-09-25T21:00:00,26.1,62.9,3.9,311.8,0.0
5,2026-09-25T21:00:00,26.1,67.6,3.5,289.8,0.0
6,2026-09-25T21:00:00,25.4,65.6,3.6,303.3,0.0
7,2026-09-25T21:00:00,26.2,64.6,3.3,288.7,0.0
8,2026-09-25T21:00:00,25.9,63.2,3.7,288.3,0.0
9,2026-09-25T21:00:00,26.0,66.6,3.2,318.3,0.0
10,2026-09-25T21:00:00,26.3,64.0,3.2,283.0,0.0
11,2026-09-25T21:00:00,25.6,64.9,3.5,282.6,0.0
12,2026-09-25T21:00:00,26.0,65.4,3.4,298.3,0.0
13,2026-09-25T21:00:00,25.1,66.8,3.2,322.0,0.0
14,2026-09-25T21:00:00,25.9,62.4,3.2,303.6,0.0
15,2026-09-25T21:00:00,25.1,63.3,3.8,291.8,0.0
1,2026-09-25T22:00:00,24.0,68.3,3.4,291.4,0.0
2,2026-09-25T22:00:00,23.1,71.1,3.2,282.9,0.0
3,2026-09-25T22:00:00,24.2,68.4,3.6,293.1,0.0
4,2026-09-25T22:00:00,24.4,69.7,3.3,295.2,0.0
5,2026-09-25T22:00:00,23.8,70.1,3.5,307.3,0.0
6,2026-09-25T22:00:00,23.8,69.7,3.4,285.5,0.0
7,2026-09-25T22:00:00,23.1,70.1,2.8,273.1,0.0
8,2026-09-25T22:00:00,23.4,70.5,3.2,294.1,0.0
9,2026-09-25T22:00:00,24.7,71.7,3.3,303.5,0.0
10,2026-09-25T22:00:00,24.2,71.0,3.2,284.1,0.0
11,2026-09-25T22:00:00,23.4,67.9,3.3,289.9,0.0
12,2026-09-25T22:00:00,23.3,67.0,3.2,285.3,0.0
13,2026-09-25T22:00:00,24.4,69.2,3.4,291.7,0.0
14,2026-09-25T22:00:00,24.2,68.0,3.3,291.5,0.0
15,2026-09-25T22:00:00,24.3,70.8,3.3,295.7,0.0
1,2026-09-25T23:00:00,23.0,72.2,3.6,288.1,0.0
2,2026-09-25T23:00:00,22.6,72.0,2.7,294.9,0.0
3,2026-09-25T23:00:00,22.9,73.7,3.0,281.5,0.0
4,2026-09-25T23:00:00,21.1,74.4,2.9,292.1,0.0
5,2026-09-25T23:00:00,22.8,72.2,3.5,294.5,0.0
6,2026-09-25T23:00:00,22.5,68.0,2.9,275.2,0.0
7,2026-09-25T23:00:00,22.1,73.2,2.7,292.2,0.0
8,2026-09-25T23:00:00,21.4,73.7,2.8,295.2,0.0
9,2026-09-25T23:00:00,22.0,75.3,2.9,279.3,0.0
10,2026-09-25T23:00:00,23.1,72.8,2.6,315.8,0.0
11,2026-09-25T23:00:00,22.0,74.0,2.7,290.2,0.0
12,2026-09-25T23:00:00,23.7,75.2,3.0,274.4,0.0
13,2026-09-25T23:00:00,23.1,73.5,2.6,285.0,0.0
14,2026-09-25T23:00:00,22.1,72.3,2.7,301.9,0.0
15,2026-09-25T23:00:00,21.7,71.8,2.9,297.1,0.0
1,2026-09-26T00:00:00,20.8,80.4,2.5,298.5,0.0
2,2026-09-26T00:00:00,20.8,77.3,2.8,282.6,0.0
3,2026-09-26T00:00:00,21.8,78.5,2.6,288.5,0.0
4,2026-09-26T00:00:00,21.7,75.8,2.7,287.5,0.0
5,2026-09-26T00:00:00,21.4,76.5,2.9,285.0,0.0
6,2026-09-26T00:00:00,21.6,74.8,3.0,279.5,0.0
7,2026-09-26T00:00:00,22.4,79.6,3.0,283.4,0.0
8,2026-09-26T00:00:00,22.0,78.3,2.5,292.2,0.0
9,2026-09-26T00:00:00,21.1,80.9,2.8,283.2,0.0
10,2026-09-26T00:00:00,22.1,76.5,2.8,287.8,0.0
11,2026-09-26T00:00:00,21.4,75.2,2.8,276.7,0.0
12,2026-09-26T00:00:00,20.6,76.2,2.7,293.4,0.0
13,2026-09-26T00:00:00,22.2,74.3,2.6,288.0,0.0
14,2026-09-26T00:00:00,21.0,76.9,2.8,286.2,0.0
15,2026-09-26T00:00:00,20.7,76.0,3.0,274.5,0.0
1,2026-09-26T01:00:00,21.2,76.9,2.9,275.6,0.0
2,2026-09-26T01:00:00,20.2,78.4,2.7,279.5,0.0
3,2026-09-26T01:00:00,20.3,77.7,2.5,283.0,0.0
4,2026-09-26T01:00:00,19.1,80.1,2.8,269.8,0.0
5,2026-09-26T01:00:00,20.8,79.7,2.3,284.6,0.0
6,2026-09-26T01:00:00,19.6,76.6,2.1,269.9,0.0
7,2026-09-26T01:00:00,20.4,81.1,2.6,277.2,0.0
8,2026-09-26T01:00:00,20.2,79.9,2.6,270.1,0.0
9,2026-09-26T01:00:00,20.0,80.1,2.7,265.8,0.0
10,2026-09-26T01:00:00,21.0,76.7,2.4,277.0,0.0
11,2026-09-26T01:00:00,20.4,76.5,2.2,270.7,0.0
12,2026-09-26T01:00:00,19.9,78.3,2.3,267.7,0.0
13,2026-09-26T01:00:00,21.0,75.6,2.4,279.0,0.0
14,2026-09-26T01:00:00,21.1,81.9,2.7,279.0,0.0
15,2026-09-26T01:00:00,20.9,82.3,2.6,289.8,0.0
1,2026-09-26T02:00:00,20.1,81.3,2.0,277.9,0.0
2,2026-09-26T02:00:00,19.8,79.8,2.1,281.8,0.0
3,2026-09-26T02:00:00,20.1,78.2,2.1,282.0,0.0
4,2026-09-26T02:00:00,19.9,83.2,2.4,286.8,0.0
5,2026-09-26T02:00:00,20.6,77.3,2.6,277.9,0.0
6,2026-09-26T02:00:00,19.9,78.4,2.3,282.4,0.0
7,2026-09-26T02:00:00,20.3,75.4,2.1,302.0,0.0
8,2026-09-26T02:00:00,19.7,79.0,2.2,291.5,0.0
9,2026-09-26T02:00:00,20.6,79.5,2.5,274.6,0.0
10,2026-09-26T02:00:00,20.0,78.4,2.5,276.8,0.0
11,2026-09-26T02:00:00,20.2,81.8,2.5,278.5,0.0
12,2026-09-26T02:00:00,20.2,79.5,2.1,280.7,0.0
13,2026-09-26T02:00:00,19.9,78.2,2.3,269.5,0.0
14,2026-09-26T02:00:00,20.2,77.7,2.3,281.2,0.0
15,2026-09-26T02:00:00,20.0,80.3,2.0,279.8,0.0
1,2026-09-26T03:00:00,20.1,82.3,2.3,270.4,0.0
2,2026-09-26T03:00:00,20.6,77.3,2.4,262.5,0.0
3,2026-09-26T03:00:00,20.5,79.4,1.9,281.0,0.0
4,2026-09-26T03:00:00,20.5,81.2,2.4,283.7,0.0
5,2026-09-26T03:00:00,20.0,80.7,1.8,277.7,0.0
6,2026-09-26T03:00:00,19.6,77.4,1.6,272.5,0.0
7,2026-09-26T03:00:00,20.5,80.5,2.4,275.9,0.0
8,2026-09-26T03:00:00,20.7,79.0,2.5,263.4,0.0
9,2026-09-26T03:00:00,20.0,82.4,1.9,288.6,0.0
10,2026-09-26T03:00:00,21.0,78.6,1.8,273.3,0.0
11,2026-09-26T03:00:00,19.9,78.6,2.0,267.4,0.0
12,2026-09-26T03:00:00,19.4,80.1,1.8,275.6,0.0
13,2026-09-26T03:00:00,20.3,80.1,2.0,275.8,0.0
14,2026-09-26T03:00:00,20.9,80.6,2.3,263.7,0.0
15,2026-09-26T03:00:00,20.0,81.1,2.0,267.2,0.0
1,2026-09-26T04:00:00,19.7,76.9,1.5,277.9,0.0
2,2026-09-26T04:00:00,20.5,77.3,1.7,260.6,0.0
3,2026-09-26T04:00:00,20.4,78.1,1.5,284.5,0.0
4,2026-09-26T04:00:00,20.9,78.5,1.8,267.1,0.0
5,2026-09-26T04:00:00,21.5,80.6,1.8,267.6,0.0
6,2026-09-26T04:00:00,21.4,78.4,1.6,278.8,0.0
7,2026-09-26T04:00:00,19.6,81.4,2.0,255.6,0.0
8,2026-09-26T04:00:00,21.3,77.2,2.1,267.7,0.0
9,2026-09-26T04:00:00,20.0,75.4,1.8,257.9,0.0
10,2026-09-26T04:00:00,20.9,80.8,1.6,250.1,0.0
11,2026-09-26T04:00:00,19.3,79.1,1.9,257.2,0.0
12,2026-09-26T04:00:00,20.5,78.0,2.0,268.4,0.0
13,2026-09-26T04:00:00,20.1,79.6,2.0,264.7,0.0
14,2026-09-26T04:00:00,20.0,76.5,2.0,256.3,0.0
15,2026-09-26T04:00:00,20.8,75.1,1.8,283.1,0.0
1,2026-09-26T05:00:00,21.0,74.3,2.1,263.6,0.0
2,2026-09-26T05:00:00,22.0,77.1,2.4,271.4,0.0
3,2026-09-26T05:00:00,21.8,77.8,1.8,283.9,0.0
4,2026-09-26T05:00:00,20.8,76.5,1.9,275.5,0.0
5,2026-09-26T05:00:00,22.2,75.6,1.9,263.0,0.0
6,2026-09-26T05:00:00,22.1,75.3,1.6,256.8,0.0
7,2026-09-26T05:00:00,20.4,72.3,1.8,243.6,0.0
8,2026-09-26T05:00:00,21.2,76.5,1.8,259.6,0.0
9,2026-09-26T05:00:00,21.7,75.6,1.8,271.6,0.0
10,2026-09-26T05:00:00,20.8,76.7,1.4,245.9,0.0
11,2026-09-26T05:00:00,21.0,77.3,2.1,278.9,0.0
12,2026-09-26T05:00:00,22.7,74.8,1.7,247.0,0.0
13,2026-09-26T05:00:00,21.9,79.0,1.6,257.0,0.0
14,2026-09-26T05:00:00,22.2,77.8,2.1,273.4,0.0
15,2026-09-26T05:00:00,20.8,76.4,1.5,253.1,0.0
1,2026-09-26T06:00:00,23.1,75.5,1.8,249.7,0.0
2,2026-09-26T06:00:00,23.6,71.3,1.7,266.7,0.0
3,2026-09-26T06:00:00,22.6,71.2,1.7,252.1,0.0
4,2026-09-26T06:00:00,21.8,71.9,1.7,238.8,0.0
5,2026-09-26T06:00:00,23.8,73.7,1.8,254.6,0.0
6,2026-09-26T06:00:00,22.6,75.1,1.4,269.1,0.0
7,2026-09-26T06:00:00,23.2,72.5,1.8,253.3,0.0
8,2026-09-26T06:00:00,23.1,75.6,2.1,260.2,0.0
9,2026-09-26T06:00:00,23.3,70.9,2.0,274.0,0.0
10,2026-09-26T06:00:00,22.7,72.3,1.8,249.0,0.0
11,2026-09-26T06:00:00,22.7,74.9,1.9,264.1,0.0
12,2026-09-26T06:00:00,22.3,74.5,1.6,253.0,0.0
13,2026-09-26T06:00:00,22.5,76.2,2.2,263.3,0.0
14,2026-09-26T06:00:00,21.9,74.5,2.1,273.9,0.0
15,2026-09-26T06:00:00,22.8,74.3,1.7,264.7,0.0
1,2026-09-26T07:00:00,23.8,69.4,2.3,243.9,0.0
2,2026-09-26T07:00:00,24.7,65.6,1.9,247.0,0.0
3,2026-09-26T07:00:00,24.5,67.0,1.7,274.2,0.0
4,2026-09-26T07:00:00,23.8,68.4,1.7,272.0,0.0
5,2026-09-26T07:00:00,23.7,67.1,1.2,261.4,0.0
6,2026-09-26T07:00:00,23.9,70.1,1.9,251.1,0.0
7,2026-09-26T07:00:00,23.8,71.0,2.0,265.9,0.0
8,2026-09-26T07:00:00,23.4,69.5,1.9,251.8,0.0
9,2026-09-26T07:00:00,24.0,66.6,1.7,269.2,0.0
10,2026-09-26T07:00:00,23.7,65.9,1.9,242.5,0.0
11,2026-09-26T07:00:00,23.0,65.8,2.2,257.2,0.0
12,2026-09-26T07:00:00,24.1,67.2,1.8,255.5,0.0
13,2026-09-26T07:00:00,23.9,69.3,1.5,252.2,0.0
14,2026-09-26T07:00:00,24.5,70.7,1.9,239.8,0.0
15,2026-09-26T07:00:00,24.3,70.7,2.1,262.8,0.0
1,2026-09-26T08:00:00,25.5,66.4,1.9,259.3,0.0
2,2026-09-26T08:00:00,26.5,68.3,2.5,248.6,0.0
3,2026-09-26T08:00:00,25.4,64.5,1.5,246.0,0.0
4,2026-09-26T08:00:00,25.1,66.6,2.0,251.8,0.0
5,2026-09-26T08:00:00,26.0,63.9,2.2,252.8,0.0
6,2026-09-26T08:00:00,23.9,64.7,2.1,227.2,0.0
7,2026-09-26T08:00:00,25.2,66.6,2.2,253.7,0.0
8,2026-09-26T08:00:00,26.1,64.9,1.8,251.4,0.0
9,2026-09-26T08:00:00,25.9,64.6,2.2,249.9,0.0
10,2026-09-26T08:00:00,25.4,61.5,2.0,240.3,0.0
11,2026-09-26T08:00:00,26.3,64.7,2.2,263.2,0.0
12,2026-09-26T08:00:00,25.5,63.2,2.1,255.9,0.0
13,2026-09-26T08:00:00,25.3,67.1,2.2,253.0,0.0
14,2026-09-26T08:00:00,25.1,60.8,1.8,244.0,0.0
15,2026-09-26T08:00:00,25.3,65.1,1.7,248.1,0.0
1,2026-09-26T09:00:00,27.0,60.4,1.9,250.5,0.0
2,2026-09-26T09:00:00,26.8,60.1,2.1,232.3,0.0
3,2026-09-26T09:00:00,27.0,62.0,2.5,241.4,0.0
4,2026-09-26T09:00:00,27.3,61.1,2.1,230.9,0.0
5,2026-09-26T09:00:00,26.2,58.3,1.6,228.8,0.0
6,2026-09-26T09:00:00,28.2,63.8,2.2,253.3,0.0
7,2026-09-26T09:00:00,28.1,61.1,2.3,229.7,0.0
8,2026-09-26T09:00:00,26.7,64.5,2.3,257.0,0.0
9,2026-09-26T09:00:00,26.9,61.7,2.1,229.4,0.0
10,2026-09-26T09:00:00,28.4,62.3,2.2,260.0,0.0
11,2026-09-26T09:00:00,27.3,62.2,1.9,260.6,0.0
12,2026-09-26T09:00:00,26.0,59.1,2.2,245.4,0.0
13,2026-09-26T09:00:00,27.7,62.8,2.0,265.1,0.0
14,2026-09-26T09:00:00,27.2,60.4,2.4,262.6,0.0
15,2026-09-26T09:00:00,27.0,61.7,2.3,249.0,0.0
1,2026-09-26T10:00:00,28.7,52.3,2.1,249.7,0.0
2,2026-09-26T10:00:00,29.9,53.0,2.3,246.2,0.0
3,2026-09-26T10:00:00,28.9,57.1,2.3,256.0,0.0
4,2026-09-26T10:00:00,28.1,57.0,2.5,242.4,0.0
5,2026-09-26T10:00:00,28.6,55.7,2.1,240.5,0.0
6,2026-09-26T10:00:00,28.0,54.2,2.5,274.0,0.0
7,2026-09-26T10:00:00,29.7,56.7,2.4,241.2,0.0
8,2026-09-26T10:00:00,28.9,52.8,2.2,230.2,0.0
9,2026-09-26T10:00:00,29.2,57.5,2.3,261.8,0.0
10,2026-09-26T10:00:00,29.1,55.3,2.6,244.2,0.0
11,2026-09-26T10:00:00,29.0,56.3,2.4,263.5,0.0
12,2026-09-26T10:00:00,28.4,56.0,2.1,218.6,0.0
13,2026-09-26T10:00:00,28.9,57.0,2.6,264.9,0.0
14,2026-09-26T10:00:00,29.5,58.3,2.0,274.6,0.0
15,2026-09-26T10:00:00,30.1,55.9,2.2,239.5,0.0
1,2026-09-26T11:00:00,30.2,50.8,2.3,242.7,0.0
2,2026-09-26T11:00:00,30.8,50.2,2.7,274.3,0.0
3,2026-09-26T11:00:00,30.2,53.2,2.3,248.7,0.0
4,2026-09-26T11:00:00,30.2,52.0,2.4,236.5,0.0
5,2026-09-26T11:00:00,30.3,57.3,2.4,246.6,0.0
6,2026-09-26T11:00:00,31.1,50.9,2.2,235.2,0.0
7,2026-09-26T11:00:00,30.7,49.7,2.0,254.1,0.0
8,2026-09-26T11:00:00,30.1,51.6,1.8,244.2,0.0
9,2026-09-26T11:00:00,32.1,50.2,2.8,224.3,0.0
10,2026-09-26T11:00:00,29.9,55.6,2.3,240.7,0.0
11,2026-09-26T11:00:00,29.8,52.3,2.2,222.9,0.0
12,2026-09-26T11:00:00,30.8,54.9,2.1,249.4,0.0
13,2026-09-26T11:00:00,31.0,49.9,2.5,231.3,0.0
14,2026-09-26T11:00:00,30.5,51.4,2.7,242.9,0.0
15,2026-09-26T11:00:00,31.1,52.5,2.9,254.5,0.0
1,2026-09-26T12:00:00,31.3,50.7,3.0,250.8,0.0
2,2026-09-26T12:00:00,30.9,51.3,2.9,250.4,0.0
3,2026-09-26T12:00:00,31.6,49.4,3.0,242.2,0.0
4,2026-09-26T12:00:00,32.2,46.2,2.8,251.1,0.0
5,2026-09-26T12:00:00,32.6,48.7,2.9,246.2,0.0
6,2026-09-26T12:00:00,30.6,49.3,2.4,243.8,0.0
7,2026-09-26T12:00:00,31.9,51.1,2.6,250.2,0.0
8,2026-09-26T12:00:00,30.7,49.6,2.7,225.2,0.0
9,2026-09-26T12:00:00,30.3,46.6,2.8,229.9,0.0
10,2026-09-26T12:00:00,30.9,49.2,2.8,266.6,0.0
11,2026-09-26T12:00:00,31.0,54.1,2.5,240.1,0.0
12,2026-09-26T12:00:00,31.8,49.0,2.9,246.5,0.0
13,2026-09-26T12:00:00,31.4,50.7,3.0,223.1,0.0
14,2026-09-26T12:00:00,31.7,44.9,3.0,265.4,0.0
15,2026-09-26T12:00:00,31.6,47.5,2.9,253.7,0.0
1,2026-09-26T13:00:00,32.5,45.1,3.4,249.6,0.0
2,2026-09-26T13:00:00,32.4,51.2,3.3,262.8,0.0
3,2026-09-26T13:00:00,32.8,46.3,3.1,252.8,0.0
4,2026-09-26T13:00:00,32.7,45.3,3.0,271.5,0.0
5,2026-09-26T13:00:00,33.1,46.9,2.9,239.6,0.0
6,2026-09-26T13:00:00,32.4,48.1,3.0,247.6,0.0
7,2026-09-26T13:00:00,33.2,46.5,2.8,265.3,0.0
8,2026-09-26T13:00:00,32.9,47.9,3.0,250.7,0.0
9,2026-09-26T13:00:00,32.8,46.5,3.3,261.6,0.0
10,2026-09-26T13:00:00,32.1,45.6,3.3,242.2,0.0
11,2026-09-26T13:00:00,33.7,42.8,2.9,242.1,0.0
12,2026-09-26T13:00:00,32.7,46.5,3.4,234.4,0.0
13,2026-09-26T13:00:00,31.9,49.8,3.0,251.9,0.0
14,2026-09-26T13:00:00,33.3,45.6,2.9,246.4,0.0
15,2026-09-26T13:00:00,32.7,47.0,3.6,253.7,0.0
1,2026-09-26T14:00:00,33.7,41.2,2.9,263.4,0.0
2,2026-09-26T14:00:00,32.6,45.7,3.4,241.9,0.0
3,2026-09-26T14:00:00,32.3,43.0,3.3,241.8,0.0
4,2026-09-26T14:00:00,34.0,46.1,3.3,251.9,0.0
5,2026-09-26T14:00:00,32.4,40.3,3.5,246.6,0.0
6,2026-09-26T14:00:00,32.7,46.1,3.3,241.0,0.0
7,2026-09-26T14:00:00,34.1,44.3,3.5,230.3,0.0
8,2026-09-26T14:00:00,33.7,47.4,3.5,257.9,0.0
9,2026-09-26T14:00:00,31.3,44.0,3.3,248.6,0.0
10,2026-09-26T14:00:00,34.4,48.3,4.0,238.8,0.0
11,2026-09-26T14:00:00,32.1,44.8,3.5,259.0,0.0
12,2026-09-26T14:00:00,33.1,48.4,3.2,236.0,0.0
13,2026-09-26T14:00:00,33.4,42.8,3.3,240.4,0.0
14,2026-09-26T14:00:00,33.0,43.5,3.2,242.0,0.0
15,2026-09-26T14:00:00,33.5,45.5,3.7,233.2,0.0
1,2026-09-26T15:00:00,33.1,43.3,3.6,250.7,0.0
2,2026-09-26T15:00:00,33.7,48.1,3.6,244.3,0.0
3,2026-09-26T15:00:00,33.5,45.9,2.6,250.3,0.0
4,2026-09-26T15:00:00,33.4,43.7,3.2,258.1,0.0
5,2026-09-26T15:00:00,34.1,44.8,3.0,245.4,0.0
6,2026-09-26T15:00:00,33.2,45.3,3.3,233.2,0.0
7,2026-09-26T15:00:00,33.5,45.8,3.0,252.1,0.0
8,2026-09-26T15:00:00,32.6,46.5,3.2,251.1,0.0
9,2026-09-26T15:00:00,33.6,44.4,3.8,232.3,0.0
10,2026-09-26T15:00:00,33.3,45.5,3.6,235.2,0.0
11,2026-09-26T15:00:00,32.7,47.8,3.5,239.4,0.0
12,2026-09-26T15:00:00,31.1,49.0,3.1,250.0,0.0
13,2026-09-26T15:00:00,33.2,46.2,3.3,247.5,0.0
14,2026-09-26T15:00:00,34.0,44.4,3.7,258.7,0.0
15,2026-09-26T15:00:00,33.5,44.3,4.0,247.0,0.0
1,2026-09-26T16:00:00,31.6,48.3,3.2,264.0,0.0
2,2026-09-26T16:00:00,31.9,43.2,3.9,232.4,0.0
3,2026-09-26T16:00:00,32.4,45.2,4.0,256.4,0.0
4,2026-09-26T16:00:00,31.9,47.5,3.4,245.7,0.0
5,2026-09-26T16:00:00,31.5,44.9,3.8,244.8,0.0
6,2026-09-26T16:00:00,32.6,48.0,3.8,260.6,0.0
7,2026-09-26T16:00:00,32.9,47.2,3.4,256.5,0.0
8,2026-09-26T16:00:00,32.8,45.1,3.9,248.2,0.0
9,2026-09-26T16:00:00,32.3,45.1,3.5,244.6,0.0
10,2026-09-26T16:00:00,32.3,47.0,3.3,248.0,0.0
11,2026-09-26T16:00:00,32.7,47.7,3.2,232.7,0.0
12,2026-09-26T16:00:00,31.7,46.7,4.0,241.6,0.0
13,2026-09-26T16:00:00,32.5,46.6,4.0,232.8,0.0
14,2026-09-26T16:00:00,32.1,49.4,3.3,247.6,0.0
15,2026-09-26T16:00:00,33.3,45.4,3.6,236.7,0.0
1,2026-09-26T17:00:00,32.1,50.8,3.8,260.1,0.0
2,2026-09-26T17:00:00,31.1,51.3,3.6,260.9,0.0
3,2026-09-26T17:00:00,31.4,50.4,3.8,232.5,0.0
4,2026-09-26T17:00:00,32.0,46.2,3.9,253.4,0.0
5,2026-09-26T17:00:00,31.3,50.0,3.4,249.8,0.0
6,2026-09-26T17:00:00,31.4,48.8,3.9,243.9,0.0
7,2026-09-26T17:00:00,30.2,51.6,3.8,257.7,0.0
8,2026-09-26T17:00:00,31.3,46.9,3.8,254.7,0.0
9,2026-09-26T17:00:00,31.5,47.6,3.8,259.3,0.0
10,2026-09-26T17:00:00,31.3,48.2,3.7,256.3,0.0
11,2026-09-26T17:00:00,31.3,50.5,3.3,251.5,0.0
12,2026-09-26T17:00:00,31.9,46.2,4.2,257.9,0.0
13,2026-09-26T17:00:00,31.6,45.7,3.8,236.0,0.0
14,2026-09-26T17:00:00,31.0,48.7,3.9,251.4,0.0
15,2026-09-26T17:00:00,31.7,49.7,3.9,248.5,0.0
1,2026-09-26T18:00:00,30.8,49.6,4.1,244.4,0.0
2,2026-09-26T18:00:00,30.2,52.7,3.6,233.1,0.0
3,2026-09-26T18:00:00,30.5,53.3,3.8,249.4,0.0
4,2026-09-26T18:00:00,29.6,53.4,3.7,243.0,0.0
5,2026-09-26T18:00:00,31.1,51.1,4.0,246.8,0.0
6,2026-09-26T18:00:00,30.7,51.7,3.5,261.1,0.0
7,2026-09-26T18:00:00,30.0,55.1,3.7,249.7,0.0
8,2026-09-26T18:00:00,30.0,52.0,3.8,248.7,0.0
9,2026-09-26T18:00:00,29.9,53.0,4.1,256.4,0.0
10,2026-09-26T18:00:00,30.7,52.2,3.7,248.2,0.0
11,2026-09-26T18:00:00,30.1,53.3,3.9,249.7,0.0
12,2026-09-26T18:00:00,30.8,55.5,3.9,246.4,0.0
13,2026-09-26T18:00:00,30.6,47.7,4.0,245.4,0.0
14,2026-09-26T18:00:00,30.9,52.9,3.7,247.4,0.0
15,2026-09-26T18:00:00,31.2,52.5,4.2,256.2,0.0
1,2026-09-26T19:00:00,28.2,53.5,3.7,264.6,0.0
2,2026-09-26T19:00:00,29.4,56.1,3.8,248.3,0.0
3,2026-09-26T19:00:00,29.0,52.6,3.7,250.7,0.0
4,2026-09-26T19:00:00,29.7,57.3,3.7,268.4,0.0
5,2026-09-26T19:00:00,28.8,58.4,4.0,249.5,0.0
6,2026-09-26T19:00:00,28.9,56.0,4.2,251.7,0.0
7,2026-09-26T19:00:00,28.5,56.6,4.1,257.4,0.0
8,2026-09-26T19:00:00,27.6,56.4,3.8,264.4,0.0
9,2026-09-26T19:00:00,28.8,52.9,3.8,264.0,0.0
10,2026-09-26T19:00:00,28.4,55.7,3.8,249.5,0.0
11,2026-09-26T19:00:00,28.5,56.7,4.1,250.4,0.0
12,2026-09-26T19:00:00,29.2,55.7,3.8,262.6,0.0
13,2026-09-26T19:00:00,29.2,57.6,3.8,266.8,0.0
14,2026-09-26T19:00:00,29.2,54.3,4.1,249.0,0.0
15,2026-09-26T19:00:00,29.1,56.7,3.6,255.1,0.0
1,2026-09-26T20:00:00,28.8,60.5,3.4,274.2,0.0
2,2026-09-26T20:00:00,26.6,61.7,3.5,253.5,0.0
3,2026-09-26T20:00:00,27.8,58.6,3.6,248.9,0.0
4,2026-09-26T20:00:00,27.5,57.6,3.8,254.9,0.0
5,2026-09-26T20:00:00,27.5,60.2,3.7,255.5,0.0
6,2026-09-26T20:00:00,26.7,58.9,4.0,271.4,0.0
7,2026-09-26T20:00:00,28.1,58.4,3.7,279.4,0.0
8,2026-09-26T20:00:00,28.1,60.5,3.7,273.2,0.0
9,2026-09-26T20:00:00,26.8,60.4,4.1,272.4,0.0
10,2026-09-26T20:00:00,27.7,58.6,3.5,261.0,0.0
11,2026-09-26T20:00:00,27.3,63.5,3.7,243.4,0.0
12,2026-09-26T20:00:00,27.2,58.7,4.3,264.2,0.0
13,2026-09-26T20:00:00,27.3,61.3,3.9,263.1,0.0
14,2026-09-26T20:00:00,29.1,65.3,3.8,259.4,0.0
15,2026-09-26T20:00:00,28.2,59.9,3.7,245.2,0.0
1,2026-09-26T21:00:00,26.4,64.4,3.6,283.8,0.0
2,2026-09-26T21:00:00,25.3,64.5,3.8,262.6,0.0
3,2026-09-26T21:00:00,25.7,64.3,3.2,264.4,0.0
4,2026-09-26T21:00:00,25.8,62.3,3.3,239.4,0.0
5,2026-09-26T21:00:00,25.5,62.7,3.5,271.8,0.0
6,2026-09-26T21:00:00,26.5,62.5,3.5,259.1,0.0
7,2026-09-26T21:00:00,25.3,66.2,3.7,261.3,0.0
8,2026-09-26T21:00:00,26.7,64.3,3.7,254.4,0.0
9,2026-09-26T21:00:00,25.3,64.8,3.5,247.7,0.0
10,2026-09-26T21:00:00,25.4,64.0,3.5,256.5,0.0
11,2026-09-26T21:00:00,25.5,64.3,3.6,277.9,0.0
12,2026-09-26T21:00:00,23.8,67.6,3.7,241.7,0.0
13,2026-09-26T21:00:00,26.3,66.1,3.7,258.0,0.0
14,2026-09-26T21:00:00,25.3,62.4,3.5,263.6,0.0
15,2026-09-26T21:00:00,24.9,66.2,3.4,251.5,0.0
1,2026-09-26T22:00:00,25.1,66.9,3.4,267.6,0.0
2,2026-09-26T22:00:00,25.0,68.6,3.4,270.4,0.0
3,2026-09-26T22:00:00,24.4,71.8,3.4,257.9,0.0
4,2026-09-26T22:00:00,24.6,69.1,3.0,278.0,0.0
5,2026-09-26T22:00:00,24.7,73.9,3.0,264.6,0.0
6,2026-09-26T22:00:00,23.4,70.8,3.4,266.1,0.0
7,2026-09-26T22:00:00,23.8,70.1,3.4,253.6,0.0
8,2026-09-26T22:00:00,24.2,69.2,2.7,279.0,0.0
9,2026-09-26T22:00:00,24.0,68.0,3.2,271.2,0.0
10,2026-09-26T22:00:00,24.4,71.2,3.5,265.6,0.0
11,2026-09-26T22:00:00,23.6,69.1,3.5,263.5,0.0
12,2026-09-26T22:00:00,24.3,70.8,3.7,249.5,0.0
13,2026-09-26T22:00:00,24.8,67.6,3.3,264.3,0.0
14,2026-09-26T22:00:00,23.6,69.6,3.1,264.3,0.0
15,2026-09-26T22:00:00,24.2,68.9,3.2,260.1,0.0
1,2026-09-26T23:00:00,23.2,73.4,3.2,271.2,0.0
2,2026-09-26T23:00:00,21.8,72.2,2.6,261.8,0.0
3,2026-09-26T23:00:00,21.9,72.1,2.7,279.4,0.0
4,2026-09-26T23:00:00,22.2,71.7,3.2,266.0,0.0
5,2026-09-26T23:00:00,22.8,70.1,2.8,252.3,0.0
6,2026-09-26T23:00:00,23.1,70.2,2.9,277.9,0.0
7,2026-09-26T23:00:00,22.5,72.0,2.8,274.9,0.0
8,2026-09-26T23:00:00,22.9,77.1,3.2,263.2,0.0
9,2026-09-26T23:00:00,22.6,70.6,2.9,273.4,0.0
10,2026-09-26T23:00:00,23.2,73.5,3.5,269.6,0.0
11,2026-09-26T23:00:00,22.5,72.5,3.1,259.2,0.0
12,2026-09-26T23:00:00,23.3,73.6,2.8,286.1,0.0
13,2026-09-26T23:00:00,22.1,73.7,3.1,259.6,0.0
14,2026-09-26T23:00:00,22.6,74.7,2.9,263.2,0.0
15,2026-09-26T23:00:00,22.7,73.5,2.9,264.7,0.0
1,2026-09-27T00:00:00,21.8,73.8,2.7,261.9,0.0
2,2026-09-27T00:00:00,21.6,78.2,3.0,263.2,0.0
3,2026-09-27T00:00:00,22.1,80.2,2.6,286.0,0.0
4,2026-09-27T00:00:00,20.7,75.2,2.7,282.3,0.0
5,2026-09-27T00:00:00,21.6,76.3,2.9,270.1,0.0
6,2026-09-27T00:00:00,21.7,74.4,2.7,278.4,0.0
7,2026-09-27T00:00:00,21.1,73.3,2.5,270.0,0.0
8,2026-09-27T00:00:00,21.0,75.3,3.0,282.7,0.0
9,2026-09-27T00:00:00,21.5,78.3,2.8,276.4,0.0
10,2026-09-27T00:00:00,21.4,76.0,3.0,275.4,0.0
11,2026-09-27T00:00:00,21.5,78.9,2.9,270.9,0.0
12,2026-09-27T00:00:00,21.5,75.7,2.4,290.4,0.0
13,2026-09-27T00:00:00,22.1,72.8,2.3,280.1,0.0
14,2026-09-27T00:00:00,20.3,75.1,2.9,295.8,0.0
15,2026-09-27T00:00:00,21.4,76.0,2.5,280.8,0.0
1,2026-09-27T01:00:00,19.9,76.4,2.5,296.4,0.0
2,2026-09-27T01:00:00,21.1,78.4,2.6,281.1,0.0
3,2026-09-27T01:00:00,20.4,78.4,3.0,273.4,0.0
4,2026-09-27T01:00:00,20.6,76.9,2.5,273.1,0.0
5,2026-09-27T01:00:00,21.1,77.0,2.5,274.8,0.0
6,2026-09-27T01:00:00,21.1,79.4,2.5,254.3,0.0
7,2026-09-27T01:00:00,21.3,76.9,2.7,283.2,0.0
8,2026-09-27T01:00:00,18.9,79.1,2.5,274.4,0.0
9,2026-09-27T01:00:00,20.8,75.8,2.3,256.9,0.0
10,2026-09-27T01:00:00,20.7,82.0,2.7,275.3,0.0
11,2026-09-27T01:00:00,20.0,78.0,2.1,287.1,0.0
12,2026-09-27T01:00:00,20.4,80.0,2.8,277.0,0.0
13,2026-09-27T01:00:00,20.9,82.6,2.3,276.2,0.0
14,2026-09-27T01:00:00,21.3,81.6,2.6,297.0,0.0
15,2026-09-27T01:00:00,20.0,80.8,2.4,302.2,0.0
1,2026-09-27T02:00:00,20.8,78.9,2.4,291.4,0.0
2,2026-09-27T02:00:00,19.6,81.4,2.3,271.0,0.0
3,2026-09-27T02:00:00,21.0,83.1,2.6,273.0,0.0
4,2026-09-27T02:00:00,20.8,78.0,2.2,294.4,0.0
5,2026-09-27T02:00:00,20.0,78.7,2.2,286.9,0.0
6,2026-09-27T02:00:00,20.5,81.6,2.1,288.3,0.0
7,2026-09-27T02:00:00,20.5,81.1,2.4,282.9,0.0
8,2026-09-27T02:00:00,21.1,81.6,2.1,273.9,0.0
9,2026-09-27T02:00:00,19.6,76.7,2.4,283.7,0.0
10,2026-09-27T02:00:00,19.0,79.5,2.2,280.8,0.0
11,2026-09-27T02:00:00,20.8,78.3,2.1,298.0,0.0
12,2026-09-27T02:00:00,19.7,80.2,2.3,298.9,0.0
13,2026-09-27T02:00:00,19.8,80.4,2.4,298.4,0.0
14,2026-09-27T02:00:00,19.3,76.9,2.5,283.7,0.0
15,2026-09-27T02:00:00,20.1,77.9,1.7,274.0,0.0
1,2026-09-27T03:00:00,20.3,74.2,2.2,289.9,0.0
2,2026-09-27T03:00:00,20.3,78.5,2.1,288.3,0.0
3,2026-09-27T03:00:00,20.7,79.9,2.5,318.9,0.0
4,2026-09-27T03:00:00,20.4,81.6,2.5,280.5,0.0
5,2026-09-27T03:00:00,19.6,77.6,1.9,306.9,0.0
6,2026-09-27T03:00:00,20.7,77.7,2.3,325.0,0.0
7,2026-09-27T03:00:00,20.0,79.9,2.0,282.8,0.0
8,2026-09-27T03:00:00,20.1,79.8,2.0,282.1,0.0
9,2026-09-27T03:00:00,20.3,79.9,2.1,305.2,0.0
10,2026-09-27T03:00:00,20.9,78.3,2.1,280.6,0.0
11,2026-09-27T03:00:00,21.4,78.9,1.9,287.8,0.0
12,2026-09-27T03:00:00,18.9,79.8,1.8,285.0,0.0
13,2026-09-27T03:00:00,18.6,83.2,2.2,295.9,0.0
14,2026-09-27T03:00:00,20.5,81.0,2.0,298.0,0.0
15,2026-09-27T03:00:00,19.8,81.7,2.1,283.5,0.0
1,2026-09-27T04:00:00,20.0,77.4,2.1,280.2,0.0
2,2026-09-27T04:00:00,20.6,77.0,2.3,294.0,0.0
3,2026-09-27T04:00:00,20.6,83.1,1.8,301.0,0.0
4,2026-09-27T04:00:00,19.9,78.4,1.6,271.4,0.0
5,2026-09-27T04:00:00,21.1,78.9,2.1,293.8,0.0
6,2026-09-27T04:00:00,20.7,78.3,2.0,301.5,0.0
7,2026-09-27T04:00:00,20.6,77.4,1.8,297.4,0.0
8,2026-09-27T04:00:00,20.4,79.9,2.0,300.4,0.0
9,2026-09-27T04:00:00,20.2,77.8,2.2,312.2,0.0
10,2026-09-27T04:00:00,20.9,76.5,2.0,285.3,0.0
11,2026-09-27T04:00:00,19.7,79.9,1.7,280.7,0.0
12,2026-09-27T04:00:00,20.8,80.5,2.0,281.8,0.0
13,2026-09-27T04:00:00,19.4,79.0,1.8,299.8,0.0
14,2026-09-27T04:00:00,20.8,78.4,1.7,306.5,0.0
15,2026-09-27T04:00:00,21.4,77.2,2.2,292.1,0.0
1,2026-09-27T05:00:00,21.3,75.6,1.7,304.2,0.0
2,2026-09-27T05:00:00,20.6,75.0,1.5,301.3,0.0
3,2026-09-27T05:00:00,21.6,78.0,1.4,310.2,0.0
4,2026-09-27T05:00:00,22.1,76.9,1.9,301.3,0.0
5,2026-09-27T05:00:00,21.7,73.8,1.8,319.2,0.0
6,2026-09-27T05:00:00,20.5,79.5,1.6,294.4,0.0
7,2026-09-27T05:00:00,21.4,75.0,1.6,288.8,0.0
8,2026-09-27T05:00:00,20.1,78.2,2.5,287.7,0.0
9,2026-09-27T05:00:00,21.6,73.5,2.0,309.8,0.0
10,2026-09-27T05:00:00,21.2,75.9,1.7,286.7,0.0
11,2026-09-27T05:00:00,21.9,78.3,2.1,308.6,0.0
12,2026-09-27T05:00:00,20.7,77.8,1.9,307.7,0.0
13,2026-09-27T05:00:00,21.7,74.0,1.8,302.7,0.0
14,2026-09-27T05:00:00,22.0,72.9,1.6,310.6,0.0
15,2026-09-27T05:00:00,22.1,79.9,1.9,291.7,0.0
1,2026-09-27T06:00:00,22.0,70.5,1.9,322.1,0.0
2,2026-09-27T06:00:00,22.4,73.9,1.8,293.8,0.0
3,2026-09-27T06:00:00,22.3,71.7,1.7,311.7,0.0
4,2026-09-27T06:00:00,23.4,72.8,1.9,289.5,0.0
5,2026-09-27T06:00:00,21.7,76.9,1.9,301.4,0.0
6,2026-09-27T06:00:00,22.6,72.7,1.9,296.4,0.0
7,2026-09-27T06:00:00,22.6,73.3,1.9,306.6,0.0
8,2026-09-27T06:00:00,21.9,71.4,1.7,276.6,0.0
9,2026-09-27T06:00:00,21.9,75.0,2.1,305.7,0.0
10,2026-09-27T06:00:00,22.2,72.5,1.8,305.9,0.0
11,2026-09-27T06:00:00,22.4,71.8,2.1,320.0,0.0
12,2026-09-27T06:00:00,22.3,74.4,1.6,295.4,0.0
13,2026-09-27T06:00:00,21.9,72.3,1.8,315.5,0.0
14,2026-09-27T06:00:00,22.7,73.1,1.9,307.0,0.0
15,2026-09-27T06:00:00,22.9,68.5,1.6,289.1,0.0
1,2026-09-27T07:00:00,24.1,71.6,1.6,310.8,0.0
2,2026-09-27T07:00:00,22.3,68.2,1.6,330.0,0.0
3,2026-09-27T07:00:00,23.7,71.6,1.9,316.1,0.0
4,2026-09-27T07:00:00,24.3,73.4,1.9,290.4,0.0
5,2026-09-27T07:00:00,24.3,67.5,2.1,312.2,0.0
6,2026-09-27T07:00:00,23.0,71.6,1.6,332.0,0.0
7,2026-09-27T07:00:00,23.9,69.7,1.9,298.3,0.0
8,2026-09-27T07:00:00,23.9,66.6,1.6,301.2,0.0
9,2026-09-27T07:00:00,24.4,72.0,2.3,297.9,0.0
10,2026-09-27T07:00:00,24.5,67.0,1.4,300.3,0.0
11,2026-09-27T07:00:00,23.8,66.6,2.2,312.4,0.0
12,2026-09-27T07:00:00,23.9,69.1,1.6,304.6,0.0
13,2026-09-27T07:00:00,24.4,70.3,1.9,307.9,0.0
14,2026-09-27T07:00:00,23.8,68.5,2.0,311.4,0.0
15,2026-09-27T07:00:00,24.3,68.2,1.6,298.9,0.0
1,2026-09-27T08:00:00,26.1,66.9,2.2,299.2,0.0
2,2026-09-27T08:00:00,25.4,63.2,2.2,310.9,0.0
3,2026-09-27T08:00:00,25.9,67.2,2.0,324.2,0.0
4,2026-09-27T08:00:00,25.8,63.9,1.5,301.9,0.0
5,2026-09-27T08:00:00,25.2,64.0,1.8,318.8,0.0
6,2026-09-27T08:00:00,26.1,66.0,1.9,320.8,0.0
7,2026-09-27T08:00:00,26.2,63.1,2.2,331.0,0.0
8,2026-09-27T08:00:00,25.2,64.3,1.7,298.0,0.0
9,2026-09-27T08:00:00,25.7,65.9,1.8,293.5,0.0
10,2026-09-27T08:00:00,25.9,64.5,1.5,304.0,0.0
11,2026-09-27T08:00:00,25.7,63.9,2.3,318.3,0.0
12,2026-09-27T08:00:00,26.1,66.5,2.6,306.2,0.0
13,2026-09-27T08:00:00,26.2,64.1,2.0,304.3,0.0
14,2026-09-27T08:00:00,25.3,64.4,2.0,298.0,0.0
15,2026-09-27T08:00:00,25.4,64.8,2.0,316.1,0.0
1,2026-09-27T09:00:00,28.0,59.2,2.3,321.0,0.0
2,2026-09-27T09:00:00,27.5,62.2,2.5,319.7,0.0
3,2026-09-27T09:00:00,27.8,60.9,2.1,298.7,0.0
4,2026-09-27T09:00:00,27.5,60.4,1.7,316.7,0.0
5,2026-09-27T09:00:00,26.9,60.1,1.9,323.2,0.0
6,2026-09-27T09:00:00,27.6,60.2,2.2,306.4,0.0
7,2026-09-27T09:00:00,27.0,57.6,2.3,303.9,0.0
8,2026-09-27T09:00:00,28.3,60.1,2.3,315.1,0.0
9,2026-09-27T09:00:00,28.4,61.1,2.1,314.4,0.0
10,2026-09-27T09:00:00,26.7,61.1,2.1,313.0,0.0
11,2026-09-27T09:00:00,28.3,60.6,2.5,311.9,0.0
12,2026-09-27T09:00:00,28.0,58.6,2.4,300.4,0.0
13,2026-09-27T09:00:00,27.5,59.3,2.5,306.7,0.0
14,2026-09-27T09:00:00,27.4,63.9,2.3,322.9,0.0
15,2026-09-27T09:00:00,26.8,60.4,2.1,315.6,0.0
1,2026-09-27T10:00:00,29.0,57.4,2.4,306.3,0.0
2,2026-09-27T10:00:00,28.6,53.7,2.5,326.6,0.0
3,2026-09-27T10:00:00,28.8,54.9,2.3,309.4,0.0
4,2026-09-27T10:00:00,29.1,54.7,2.6,312.0,0.0
5,2026-09-27T10:00:00,27.5,57.9,2.8,317.3,0.0
6,2026-09-27T10:00:00,28.6,53.8,2.5,324.1,0.0
7,2026-09-27T10:00:00,29.0,57.3,2.0,305.0,0.0
8,2026-09-27T10:00:00,30.1,56.9,2.1,304.8,0.0
9,2026-09-27T10:00:00,28.7,58.0,2.4,303.0,0.0
10,2026-09-27T10:00:00,29.1,54.1,2.4,296.2,0.0
11,2026-09-27T10:00:00,28.6,58.6,2.2,308.8,0.0
12,2026-09-27T10:00:00,29.2,57.3,2.4,324.7,0.0
13,2026-09-27T10:00:00,28.2,53.0,2.6,302.5,0.0
14,2026-09-27T10:00:00,29.9,55.5,2.5,321.4,0.0
15,2026-09-27T10:00:00,30.1,54.6,2.8,315.1,0.0
1,2026-09-27T11:00:00,30.7,52.9,2.5,308.8,0.0
2,2026-09-27T11:00:00,31.3,51.8,2.6,318.0,0.0
3,2026-09-27T11:00:00,31.8,54.4,2.5,309.0,0.0
4,2026-09-27T11:00:00,29.3,49.8,2.2,327.2,0.0
5,2026-09-27T11:00:00,30.9,54.4,2.7,293.3,0.0
6,2026-09-27T11:00:00,31.1,52.3,2.7,316.2,0.0
7,2026-09-27T11:00:00,30.2,50.9,2.7,314.8,0.0
8,2026-09-27T11:00:00,31.1,54.7,2.4,307.2,0.0
9,2026-09-27T11:00:00,29.4,52.7,2.9,329.3,0.0
10,2026-09-27T11:00:00,30.0,52.0,2.8,328.4,0.0
11,2026-09-27T11:00:00,31.0,51.7,3.2,318.0,0.0
12,2026-09-27T11:00:00,30.4,49.8,2.2,314.8,0.0
13,2026-09-27T11:00:00,30.1,54.7,2.7,316.7,0.0
14,2026-09-27T11:00:00,30.8,50.8,2.6,311.3,0.0
15,2026-09-27T11:00:00,30.1,52.6,2.8,298.6,0.0
1,2026-09-27T12:00:00,31.5,49.2,2.7,310.5,0.0
2,2026-09-27T12:00:00,31.8,49.5,2.4,321.9,0.0
3,2026-09-27T12:00:00,31.1,50.4,2.6,316.2,0.0
4,2026-09-27T12:00:00,31.4,46.4,2.7,313.6,0.0
5,2026-09-27T12:00:00,31.1,46.4,2.3,321.1,0.0
6,2026-09-27T12:00:00,32.0,48.6,3.0,339.3,0.0
7,2026-09-27T12:00:00,31.8,47.4,2.9,289.8,0.0
8,2026-09-27T12:00:00,31.4,47.9,2.8,324.3,0.0
9,2026-09-27T12:00:00,31.0,48.4,2.8,307.6,0.0
10,2026-09-27T12:00:00,31.4,51.6,2.9,317.7,0.0
11,2026-09-27T12:00:00,31.3,48.1,3.3,301.7,0.0
12,2026-09-27T12:00:00,31.4,47.2,2.9,308.7,0.0
13,2026-09-27T12:00:00,31.4,47.6,2.7,325.1,0.0
14,2026-09-27T12:00:00,32.6,50.6,2.4,323.5,0.0
15,2026-09-27T12:00:00,31.8,50.5,2.4,311.7,0.0
1,2026-09-27T13:00:00,32.9,46.1,3.1,321.0,0.0
2,2026-09-27T13:00:00,33.0,46.5,3.0,319.5,0.0
3,2026-09-27T13:00:00,32.6,47.4,3.6,302.2,0.0
4,2026-09-27T13:00:00,31.8,47.7,3.2,305.1,0.0
5,2026-09-27T13:00:00,32.1,46.2,3.2,320.1,0.0
6,2026-09-27T13:00:00,32.2,49.5,2.9,306.5,0.0
7,2026-09-27T13:00:00,31.8,44.5,3.7,312.4,0.0
8,2026-09-27T13:00:00,33.4,50.3,3.3,306.4,0.0
9,2026-09-27T13:00:00,31.7,45.5,3.1,318.7,0.0
10,2026-09-27T13:00:00,32.8,45.1,3.4,311.5,0.0
11,2026-09-27T13:00:00,32.8,46.6,2.7,309.6,0.0
12,2026-09-27T13:00:00,32.8,46.2,3.3,306.5,0.0
13,2026-09-27T13:00:00,32.0,45.7,3.1,315.9,0.0
14,2026-09-27T13:00:00,31.8,46.1,2.9,305.0,0.0
15,2026-09-27T13:00:00,32.2,47.8,3.1,323.9,0.0
1,2026-09-27T14:00:00,32.2,48.3,3.1,288.8,0.0
2,2026-09-27T14:00:00,33.5,47.5,3.4,321.3,0.0
3,2026-09-27T14:00:00,32.1,44.3,3.3,306.5,0.0
4,2026-09-27T14:00:00,33.0,45.6,2.9,314.6,0.0
5,2026-09-27T14:00:00,33.6,46.0,3.1,338.3,0.0
6,2026-09-27T14:00:00,32.9,44.8,3.4,314.9,0.0
7,2026-09-27T14:00:00,33.3,44.9,3.4,326.7,0.0
8,2026-09-27T14:00:00,33.2,43.1,3.6,318.1,0.0
9,2026-09-27T14:00:00,33.1,45.2,3.1,306.9,0.0
10,2026-09-27T14:00:00,32.8,44.7,3.0,314.3,0.0
11,2026-09-27T14:00:00,32.1,43.4,3.3,323.6,0.0
12,2026-09-27T14:00:00,33.0,47.0,3.4,315.4,0.0
13,2026-09-27T14:00:00,33.7,45.6,3.4,326.6,0.0
14,2026-09-27T14:00:00,33.9,46.4,3.5,307.4,0.0
15,2026-09-27T14:00:00,33.3,45.5,3.2,334.5,0.0
1,2026-09-27T15:00:00,31.8,45.3,3.5,309.4,0.0
2,2026-09-27T15:00:00,32.4,45.9,3.2,296.8,0.0
3,2026-09-27T15:00:00,33.4,44.4,3.7,304.0,0.0
4,2026-09-27T15:00:00,33.4,42.0,3.3,320.3,0.0
5,2026-09-27T15:00:00,31.9,47.3,3.6,307.4,0.0
6,2026-09-27T15:00:00,32.8,43.1,3.4,324.3,0.0
7,2026-09-27T15:00:00,34.3,42.7,3.7,311.7,0.0
8,2026-09-27T15:00:00,34.3,43.9,4.0,301.3,0.0
9,2026-09-27T15:00:00,32.7,47.3,3.6,314.2,0.0
10,2026-09-27T15:00:00,32.8,42.4,3.2,309.4,0.0
11,2026-09-27T15:00:00,34.7,46.1,2.8,319.6,0.0
12,2026-09-27T15:00:00,34.3,45.2,3.3,280.2,0.0
13,2026-09-27T15:00:00,33.3,47.2,3.8,323.2,0.0
14,2026-09-27T15:00:00,32.6,45.2,3.3,320.7,0.0
15,2026-09-27T15:00:00,32.7,44.8,3.9,302.9,0.0
1,2026-09-27T16:00:00,32.4,46.2,3.7,313.7,0.0
2,2026-09-27T16:00:00,32.6,43.5,3.7,315.8,0.0
3,2026-09-27T16:00:00,33.0,46.0,3.9,319.5,0.0
4,2026-09-27T16:00:00,32.1,51.1,3.6,314.2,0.0
5,2026-09-27T16:00:00,32.5,46.0,3.5,307.0,0.0
6,2026-09-27T16:00:00,33.3,49.0,3.7,315.9,0.0
7,2026-09-27T16:00:00,32.2,45.6,3.9,305.7,0.0
8,2026-09-27T16:00:00,32.3,49.0,3.3,299.1,0.0
9,2026-09-27T16:00:00,33.0,47.6,4.0,300.8,0.0
10,2026-09-27T16:00:00,33.3,44.6,3.8,309.4,0.0
11,2026-09-27T16:00:00,32.4,48.0,3.7,325.5,0.0
12,2026-09-27T16:00:00,31.7,47.0,3.2,308.8,0.0
13,2026-09-27T16:00:00,33.0,47.0,3.9,314.2,0.0
14,2026-09-27T16:00:00,31.9,44.7,3.8,302.5,0.0
15,2026-09-27T16:00:00,33.3,48.6,3.1,292.5,0.0
1,2026-09-27T17:00:00,31.1,51.2,3.7,312.0,0.0
2,2026-09-27T17:00:00,32.1,46.0,4.1,309.7,0.0
3,2026-09-27T17:00:00,31.6,49.5,3.7,317.6,0.0
4,2026-09-27T17:00:00,31.9,51.8,3.8,314.1,0.0
5,2026-09-27T17:00:00,32.4,45.7,3.6,300.3,0.0
6,2026-09-27T17:00:00,32.0,49.2,3.9,294.4,0.0
7,2026-09-27T17:00:00,32.0,47.1,3.5,308.1,0.0
8,2026-09-27T17:00:00,32.0,50.0,4.0,290.7,0.0
9,2026-09-27T17:00:00,31.6,51.2,3.6,294.6,0.0
10,2026-09-27T17:00:00,31.7,44.0,3.7,308.2,0.0
11,2026-09-27T17:00:00,31.1,49.0,3.6,300.5,0.0
12,2026-09-27T17:00:00,31.2,49.9,3.6,314.2,0.0
13,2026-09-27T17:00:00,31.8,51.9,3.8,304.0,0.0
14,2026-09-27T17:00:00,31.3,52.0,3.6,312.8,0.0
15,2026-09-27T17:00:00,31.3,47.3,3.3,314.3,0.0
1,2026-09-27T18:00:00,29.3,49.1,4.1,296.4,0.0
2,2026-09-27T18:00:00,29.8,50.8,3.3,311.2,0.0
3,2026-09-27T18:00:00,29.9,54.9,4.0,320.6,0.0
4,2026-09-27T18:00:00,31.8,52.8,4.3,319.2,0.0
5,2026-09-27T18:00:00,30.3,53.0,3.6,317.4,0.0
6,2026-09-27T18:00:00,30.6,53.5,3.9,316.0,0.0
7,2026-09-27T18:00:00,30.6,52.5,3.8,316.5,0.0
8,2026-09-27T18:00:00,31.0,53.0,3.7,316.3,0.0
9,2026-09-27T18:00:00,30.5,50.1,4.2,311.9,0.0
10,2026-09-27T18:00:00,30.4,50.8,3.9,307.6,0.0
11,2026-09-27T18:00:00,30.7,52.0,3.5,313.1,0.0
12,2026-09-27T18:00:00,29.7,55.4,3.8,318.0,0.0
13,2026-09-27T18:00:00,29.4,51.8,3.8,302.2,0.0
14,2026-09-27T18:00:00,31.2,50.3,3.9,296.4,0.0
15,2026-09-27T18:00:00,29.8,51.3,3.7,322.1,0.0
1,2026-09-27T19:00:00,29.1,56.7,3.9,317.3,0.0
2,2026-09-27T19:00:00,29.2,57.6,3.9,298.5,0.0
3,2026-09-27T19:00:00,28.6,58.2,4.0,303.4,0.0
4,2026-09-27T19:00:00,28.6,54.2,3.6,292.8,0.0
5,2026-09-27T19:00:00,29.2,53.5,3.5,309.3,0.0
6,2026-09-27T19:00:00,30.1,53.8,3.6,314.3,0.0
7,2026-09-27T19:00:00,30.1,55.6,4.1,301.8,0.0
8,2026-09-27T19:00:00,28.6,54.6,3.7,308.5,0.0
9,2026-09-27T19:00:00,28.7,55.0,3.7,310.1,0.0
10,2026-09-27T19:00:00,29.3,59.3,4.0,304.2,0.0
11,2026-09-27T19:00:00,28.1,56.6,3.6,298.0,0.0
12,2026-09-27T19:00:00,29.9,57.7,3.6,300.8,0.0
13,2026-09-27T19:00:00,28.5,59.1,4.4,303.9,0.0
14,2026-09-27T19:00:00,28.9,56.5,3.6,307.2,0.0
15,2026-09-27T19:00:00,29.2,58.3,3.8,314.4,0.0
1,2026-09-27T20:00:00,29.0,58.2,3.5,293.4,0.0
2,2026-09-27T20:00:00,27.6,62.5,3.6,317.2,0.0
3,2026-09-27T20:00:00,25.7,59.7,3.4,316.9,0.0
4,2026-09-27T20:00:00,27.5,59.2,4.0,293.7,0.0
5,2026-09-27T20:00:00,26.3,58.1,3.7,301.1,0.0
6,2026-09-27T20:00:00,27.7,61.8,3.2,309.9,0.0
7,2026-09-27T20:00:00,27.1,61.1,3.6,303.6,0.0
8,2026-09-27T20:00:00,27.3,61.3,3.7,299.5,0.0
9,2026-09-27T20:00:00,28.0,59.8,3.7,291.7,0.0
10,2026-09-27T20:00:00,26.7,55.2,3.5,295.6,0.0
11,2026-09-27T20:00:00,27.0,59.5,3.5,297.5,0.0
12,2026-09-27T20:00:00,26.2,61.1,3.6,302.6,0.0
13,2026-09-27T20:00:00,28.2,59.5,3.4,294.4,0.0
14,2026-09-27T20:00:00,27.4,58.6,3.8,297.1,0.0
15,2026-09-27T20:00:00,27.1,63.2,4.0,298.4,0.0
1,2026-09-27T21:00:00,26.5,65.2,3.4,307.2,0.0
2,2026-09-27T21:00:00,25.8,63.9,3.4,309.6,0.0
3,2026-09-27T21:00:00,25.4,66.5,3.5,302.8,0.0
4,2026-09-27T21:00:00,25.4,62.7,3.4,299.1,0.0
5,2026-09-27T21:00:00,24.9,64.9,3.2,295.4,0.0
6,2026-09-27T21:00:00,25.9,64.9,3.4,307.8,0.0
7,2026-09-27T21:00:00,25.4,64.6,3.3,295.8,0.0
8,2026-09-27T21:00:00,25.9,62.7,3.8,292.2,0.0
9,2026-09-27T21:00:00,25.5,63.4,3.8,276.0,0.0
10,2026-09-27T21:00:00,25.6,63.5,3.5,294.0,0.0
11,2026-09-27T21:00:00,25.5,64.2,3.0,301.6,0.0
12,2026-09-27T21:00:00,25.5,68.0,3.3,296.0,0.0
13,2026-09-27T21:00:00,25.0,65.0,3.4,296.5,0.0
14,2026-09-27T21:00:00,26.1,63.1,3.3,306.7,0.0
15,2026-09-27T21:00:00,26.7,66.6,3.6,287.6,0.0
1,2026-09-27T22:00:00,22.7,68.3,3.2,303.9,0.0
2,2026-09-27T22:00:00,23.9,69.9,3.5,283.9,0.0
3,2026-09-27T22:00:00,23.2,67.4,3.2,297.9,0.0
4,2026-09-27T22:00:00,23.2,70.0,3.1,285.6,0.0
5,2026-09-27T22:00:00,24.5,67.5,3.7,274.5,0.0
6,2026-09-27T22:00:00,23.6,66.1,3.5,295.5,0.0
7,2026-09-27T22:00:00,23.2,69.4,3.6,285.5,0.0
8,2026-09-27T22:00:00,24.3,68.0,3.3,304.1,0.0
9,2026-09-27T22:00:00,24.6,68.5,2.9,300.7,0.0
10,2026-09-27T22:00:00,23.4,69.8,3.5,291.3,0.0
11,2026-09-27T22:00:00,23.9,68.7,3.6,274.8,0.0
12,2026-09-27T22:00:00,23.7,68.1,3.4,272.5,0.0
13,2026-09-27T22:00:00,24.5,69.9,3.3,275.0,0.0
14,2026-09-27T22:00:00,23.7,67.7,3.4,306.3,0.0
15,2026-09-27T22:00:00,24.2,69.5,3.5,296.3,0.0
1,2026-09-27T23:00:00,22.9,75.5,3.3,280.9,0.0
2,2026-09-27T23:00:00,22.1,72.6,3.1,290.0,0.0
3,2026-09-27T23:00:00,22.1,70.5,2.7,261.0,0.0
4,2026-09-27T23:00:00,22.6,70.7,3.3,288.8,0.0
5,2026-09-27T23:00:00,21.6,77.0,3.2,317.1,0.0
6,2026-09-27T23:00:00,22.9,76.3,3.3,311.0,0.0
7,2026-09-27T23:00:00,22.6,72.1,3.3,284.6,0.0
8,2026-09-27T23:00:00,23.4,69.8,2.9,305.3,0.0
9,2026-09-27T23:00:00,22.3,69.9,2.7,283.1,0.0
10,2026-09-27T23:00:00,22.7,74.5,2.9,290.3,0.0
11,2026-09-27T23:00:00,23.8,74.6,2.9,275.5,0.0
12,2026-09-27T23:00:00,22.9,73.7,3.0,301.2,0.0
13,2026-09-27T23:00:00,22.4,74.8,2.9,283.2,0.0
14,2026-09-27T23:00:00,21.6,74.1,3.2,293.6,0.0
15,2026-09-27T23:00:00,23.0,70.8,3.2,292.2,0.0
1,2026-09-28T00:00:00,20.8,77.3,3.1,280.3,0.0
2,2026-09-28T00:00:00,20.8,79.1,3.1,295.5,0.0
3,2026-09-28T00:00:00,21.7,78.5,2.8,295.5,0.0
4,2026-09-28T00:00:00,21.5,78.6,2.7,268.7,0.0
5,2026-09-28T00:00:00,22.3,75.9,2.6,308.4,0.0
6,2026-09-28T00:00:00,21.5,71.2,2.9,271.0,0.0
7,2026-09-28T00:00:00,22.0,80.4,2.7,288.8,0.0
8,2026-09-28T00:00:00,21.3,75.4,2.9,294.7,0.0
9,2026-09-28T00:00:00,21.6,74.9,2.6,288.4,0.0
10,2026-09-28T00:00:00,20.6,73.4,3.1,273.7,0.0
11,2026-09-28T00:00:00,21.3,78.8,3.1,277.4,0.0
12,2026-09-28T00:00:00,21.8,78.7,3.4,280.9,0.0
13,2026-09-28T00:00:00,20.6,76.3,2.3,281.9,0.0
14,2026-09-28T00:00:00,21.0,74.9,2.9,291.8,0.0
15,2026-09-28T00:00:00,22.2,76.7,2.9,288.2,0.0
1,2026-09-28T01:00:00,20.0,78.8,2.3,272.6,0.0
2,2026-09-28T01:00:00,20.6,81.8,2.8,266.3,0.0
3,2026-09-28T01:00:00,20.0,78.9,2.6,264.5,0.0
4,2026-09-28T01:00:00,20.7,79.9,2.3,295.0,0.0
5,2026-09-28T01:00:00,21.1,80.4,2.5,287.7,0.0
6,2026-09-28T01:00:00,19.7,77.0,2.9,279.2,0.0
7,2026-09-28T01:00:00,20.2,77.2,2.3,278.6,0.0
8,2026-09-28T01:00:00,20.9,77.2,2.5,282.7,0.0
9,2026-09-28T01:00:00,20.7,78.1,2.6,290.0,0.0
10,2026-09-28T01:00:00,20.6,77.0,2.4,278.0,0.0
11,2026-09-28T01:00:00,20.7,80.1,2.3,271.3,0.0
12,2026-09-28T01:00:00,20.9,78.5,2.0,286.2,0.0
13,2026-09-28T01:00:00,19.4,78.2,2.7,297.9,0.0
14,2026-09-28T01:00:00,21.4,78.4,2.6,279.7,0.0
15,2026-09-28T01:00:00,20.1,78.6,2.9,299.6,0.0
1,2026-09-28T02:00:00,20.5,76.3,2.3,286.5,0.0
2,2026-09-28T02:00:00,19.7,77.0,2.4,267.6,0.0
3,2026-09-28T02:00:00,20.1,79.6,2.4,286.4,0.0
4,2026-09-28T02:00:00,19.4,83.2,2.3,259.9,0.0
5,2026-09-28T02:00:00,19.4,81.3,2.2,281.6,0.0
6,2026-09-28T02:00:00,19.7,81.0,2.3,280.9,0.0
7,2026-09-28T02:00:00,19.2,80.8,2.6,280.9,0.0
8,2026-09-28T02:00:00,21.1,79.2,2.3,286.7,0.0
9,2026-09-28T02:00:00,19.3,80.5,2.5,281.7,0.0
10,2026-09-28T02:00:00,20.5,81.6,2.2,276.9,0.0
11,2026-09-28T02:00:00,19.7,80.7,2.2,290.6,0.0
12,2026-09-28T02:00:00,20.5,76.5,2.4,264.2,0.0
13,2026-09-28T02:00:00,20.4,80.6,2.7,271.4,0.0
14,2026-09-28T02:00:00,18.7,81.0,2.1,271.5,0.0
15,2026-09-28T02:00:00,20.3,81.2,2.2,271.0,0.0
1,2026-09-28T03:00:00,19.5,79.6,1.9,250.9,0.0
2,2026-09-28T03:00:00,20.2,79.9,2.1,256.9,0.0
3,2026-09-28T03:00:00,19.6,79.5,2.1,289.2,0.0
4,2026-09-28T03:00:00,19.1,80.9,1.6,276.7,0.0
5,2026-09-28T03:00:00,19.8,79.9,2.5,273.1,0.0
6,2026-09-28T03:00:00,18.8,78.6,1.8,262.3,0.0
7,2026-09-28T03:00:00,20.9,77.6,2.3,284.3,0.0
8,2026-09-28T03:00:00,19.9,81.6,1.4,258.1,0.0
9,2026-09-28T03:00:00,20.6,79.5,2.2,263.2,0.0
10,2026-09-28T03:00:00,20.7,78.2,2.0,268.9,0.0
11,2026-09-28T03:00:00,20.4,78.3,2.2,260.5,0.0
12,2026-09-28T03:00:00,19.2,81.3,2.0,267.3,0.0
13,2026-09-28T03:00:00,19.9,79.3,2.0,260.0,0.0
14,2026-09-28T03:00:00,19.2,81.3,2.4,270.1,0.0
15,2026-09-28T03:00:00,19.7,77.8,2.1,280.2,0.0
1,2026-09-28T04:00:00,20.4,78.8,1.9,267.0,0.0
2,2026-09-28T04:00:00,19.9,76.7,1.9,267.3,0.0
3,2026-09-28T04:00:00,20.8,77.7,1.6,258.3,0.0
4,2026-09-28T04:00:00,20.2,80.4,2.2,265.1,0.0
5,2026-09-28T04:00:00,20.8,77.8,2.3,255.5,0.0
6,2026-09-28T04:00:00,21.3,81.5,1.6,256.7,0.0
7,2026-09-28T04:00:00,20.6,80.0,1.6,268.1,0.0
8,2026-09-28T04:00:00,19.9,77.4,1.4,253.2,0.0
9,2026-09-28T04:00:00,20.6,79.6,2.0,273.9,0.0
10,2026-09-28T04:00:00,20.4,80.1,1.7,263.5,0.0
11,2026-09-28T04:00:00,19.9,77.7,1.7,276.7,0.0
12,2026-09-28T04:00:00,20.4,77.7,1.9,270.8,0.0
13,2026-09-28T04:00:00,21.0,77.9,2.0,272.3,0.0
14,2026-09-28T04:00:00,20.3,78.8,1.5,273.4,0.0
15,2026-09-28T04:00:00,21.2,80.1,2.0,264.1,0.0
1,2026-09-28T05:00:00,21.7,77.8,1.8,265.3,0.0
2,2026-09-28T05:00:00,21.8,80.1,2.2,262.1,0.0
3,2026-09-28T05:00:00,21.1,75.7,1.7,265.4,0.0
4,2026-09-28T05:00:00,20.7,78.0,1.9,262.7,0.0
5,2026-09-28T05:00:00,21.5,76.4,1.5,245.0,0.0
6,2026-09-28T05:00:00,22.3,76.6,1.8,261.7,0.0
7,2026-09-28T05:00:00,21.0,74.0,1.8,272.4,0.0
8,2026-09-28T05:00:00,21.3,77.5,2.4,268.7,0.0
9,2026-09-28T05:00:00,21.5,76.8,1.7,257.2,0.0
10,2026-09-28T05:00:00,21.0,76.9,2.4,249.9,0.0
11,2026-09-28T05:00:00,21.3,78.1,2.0,267.6,0.0
12,2026-09-28T05:00:00,21.5,76.0,2.0,252.0,0.0
13,2026-09-28T05:00:00,21.4,75.7,2.1,247.8,0.0
14,2026-09-28T05:00:00,20.3,76.7,1.6,266.1,0.0
15,2026-09-28T05:00:00,22.0,78.0,2.2,282.4,0.0
1,2026-09-28T06:00:00,22.5,72.0,2.3,273.9,0.0
2,2026-09-28T06:00:00,22.3,75.6,2.0,277.7,0.0
3,2026-09-28T06:00:00,21.5,74.1,1.9,240.7,0.0
4,2026-09-28T06:00:00,22.9,72.4,1.6,273.6,0.0
5,2026-09-28T06:00:00,22.6,71.0,1.3,259.6,0.0
6,2026-09-28T06:00:00,22.6,75.7,1.4,264.8,0.0
7,2026-09-28T06:00:00,23.2,74.1,2.0,252.2,0.0
8,2026-09-28T06:00:00,21.9,70.5,2.0,250.6,0.0
9,2026-09-28T06:00:00,22.3,74.6,1.8,254.2,0.0
10,2026-09-28T06:00:00,22.4,75.0,2.1,262.5,0.0
11,2026-09-28T06:00:00,22.2,71.4,1.4,238.3,0.0
12,2026-09-28T06:00:00,22.2,76.3,1.4,230.0,0.0
13,2026-09-28T06:00:00,23.1,72.7,1.7,259.7,0.0
14,2026-09-28T06:00:00,22.3,73.0,2.1,263.2,0.0
15,2026-09-28T06:00:00,22.8,75.0,1.8,272.9,0.0
1,2026-09-28T07:00:00,23.6,69.8,1.6,258.2,0.0
2,2026-09-28T07:00:00,24.4,69.3,1.8,258.3,0.0
3,2026-09-28T07:00:00,24.1,72.5,1.8,240.9,0.0
4,2026-09-28T07:00:00,24.7,69.3,1.8,248.7,0.0
5,2026-09-28T07:00:00,23.9,67.9,1.9,251.7,0.0
6,2026-09-28T07:00:00,24.5,71.2,1.8,249.6,0.0
7,2026-09-28T07:00:00,24.8,71.4,1.6,251.6,0.0
8,2026-09-28T07:00:00,25.0,70.8,1.8,254.7,0.0
9,2026-09-28T07:00:00,24.9,70.0,1.7,259.2,0.0
10,2026-09-28T07:00:00,24.3,70.6,1.3,254.9,0.0
11,2026-09-28T07:00:00,24.1,67.7,2.2,247.2,0.0
12,2026-09-28T07:00:00,24.2,65.9,1.8,252.5,0.0
13,2026-09-28T07:00:00,24.6,69.6,1.4,250.4,0.0
14,2026-09-28T07:00:00,24.3,69.6,1.6,259.3,0.0
15,2026-09-28T07:00:00,23.8,67.9,2.2,264.8,0.0
1,2026-09-28T08:00:00,25.5,66.6,2.0,264.1,0.0
2,2026-09-28T08:00:00,24.5,63.7,2.1,242.6,0.0
3,2026-09-28T08:00:00,25.4,69.4,2.0,248.1,0.0
4,2026-09-28T08:00:00,26.5,64.9,2.2,256.4,0.0
5,2026-09-28T08:00:00,25.0,65.5,1.8,253.0,0.0
6,2026-09-28T08:00:00,25.4,66.1,1.9,267.5,0.0
7,2026-09-28T08:00:00,25.5,63.3,2.0,246.6,0.0
8,2026-09-28T08:00:00,25.0,64.9,1.3,263.0,0.0
9,2026-09-28T08:00:00,25.8,64.0,1.9,244.7,0.0
10,2026-09-28T08:00:00,26.3,64.5,1.8,249.3,0.0
11,2026-09-28T08:00:00,25.4,65.6,1.9,260.2,0.0
12,2026-09-28T08:00:00,25.4,65.5,2.1,250.3,0.0
13,2026-09-28T08:00:00,25.1,65.8,1.8,269.8,0.0
14,2026-09-28T08:00:00,26.0,63.0,1.7,257.8,0.0
15,2026-09-28T08:00:00,25.3,64.5,1.7,251.8,0.0
1,2026-09-28T09:00:00,27.9,60.4,2.0,249.9,0.0
2,2026-09-28T09:00:00,27.9,59.0,2.1,255.0,0.0
3,2026-09-28T09:00:00,26.8,59.2,2.0,234.2,0.0
4,2026-09-28T09:00:00,26.8,60.8,2.2,244.3,0.0
5,2026-09-28T09:00:00,27.1,59.1,1.8,244.5,0.0
6,2026-09-28T09:00:00,27.4,61.3,2.4,251.1,0.0
7,2026-09-28T09:00:00,26.7,60.1,1.8,249.0,0.0
8,2026-09-28T09:00:00,27.0,59.5,2.3,238.0,0.0
9,2026-09-28T09:00:00,27.0,59.8,2.4,223.8,0.0
10,2026-09-28T09:00:00,26.0,61.7,2.0,250.7,0.0
11,2026-09-28T09:00:00,27.9,60.3,1.9,259.2,0.0
12,2026-09-28T09:00:00,26.7,61.8,1.8,233.0,0.0
13,2026-09-28T09:00:00,26.8,60.7,2.4,244.0,0.0
14,2026-09-28T09:00:00,27.4,58.9,1.9,256.6,0.0
15,2026-09-28T09:00:00,26.8,56.7,2.4,241.6,0.0
1,2026-09-28T10:00:00,29.0,52.6,2.5,231.1,0.0
2,2026-09-28T10:00:00,29.1,57.4,2.0,241.8,0.0
3,2026-09-28T10:00:00,29.1,55.2,1.9,218.7,0.0
4,2026-09-28T10:00:00,29.4,55.0,2.4,255.5,0.0
5,2026-09-28T10:00:00,28.7,56.0,2.3,258.8,0.0
6,2026-09-28T10:00:00,29.6,53.0,2.4,263.4,0.0
7,2026-09-28T10:00:00,29.3,54.8,2.2,242.2,0.0
8,2026-09-28T10:00:00,29.0,55.8,2.1,251.2,0.0
9,2026-09-28T10:00:00,28.6,53.6,2.5,245.3,0.0
10,2026-09-28T10:00:00,29.9,55.0,2.6,265.1,0.0
11,2026-09-28T10:00:00,29.8,55.5,2.1,252.4,0.0
12,2026-09-28T10:00:00,30.3,52.3,2.5,245.6,0.0
13,2026-09-28T10:00:00,29.6,52.2,2.4,255.7,0.0
14,2026-09-28T10:00:00,28.9,56.8,2.2,241.9,0.0
15,2026-09-28T10:00:00,29.2,56.2,2.2,258.0,0.0
1,2026-09-28T11:00:00,29.9,53.2,2.7,246.0,0.0
2,2026-09-28T11:00:00,31.5,52.8,2.5,252.5,0.0
3,2026-09-28T11:00:00,29.5,49.4,2.4,268.0,0.0
4,2026-09-28T11:00:00,30.2,52.2,2.6,247.9,0.0
5,2026-09-28T11:00:00,29.8,53.4,2.5,246.4,0.0
6,2026-09-28T11:00:00,31.8,51.7,2.7,252.2,0.0
7,2026-09-28T11:00:00,30.1,53.8,3.2,219.7,0.0
8,2026-09-28T11:00:00,30.5,54.1,2.8,250.7,0.0
9,2026-09-28T11:00:00,29.8,51.2,2.4,230.0,0.0
10,2026-09-28T11:00:00,31.0,54.1,2.7,247.3,0.0
11,2026-09-28T11:00:00,30.7,49.5,2.6,245.6,0.0
12,2026-09-28T11:00:00,30.5,53.4,3.0,246.9,0.0
13,2026-09-28T11:00:00,30.2,50.2,2.7,254.7,0.0
14,2026-09-28T11:00:00,29.8,52.2,2.8,250.4,0.0
15,2026-09-28T11:00:00,30.7,49.8,2.6,266.4,0.0
1,2026-09-28T12:00:00,32.2,50.2,3.2,229.7,0.0
2,2026-09-28T12:00:00,30.8,49.6,2.9,253.5,0.0
3,2026-09-28T12:00:00,31.6,47.1,2.5,243.2,0.0
4,2026-09-28T12:00:00,31.5,50.4,2.6,245.4,0.0
5,2026-09-28T12:00:00,32.3,48.4,2.7,232.2,0.0
6,2026-09-28T12:00:00,32.4,43.2,3.1,236.8,0.0
7,2026-09-28T12:00:00,31.7,47.0,2.5,246.5,0.0
8,2026-09-28T12:00:00,31.4,48.6,3.1,257.7,0.0
9,2026-09-28T12:00:00,31.3,47.7,2.9,232.7,0.0
10,2026-09-28T12:00:00,32.6,50.8,3.5,250.0,0.0
11,2026-09-28T12:00:00,31.2,47.5,2.8,255.7,0.0
12,2026-09-28T12:00:00,31.6,45.5,2.7,243.2,0.0
13,2026-09-28T12:00:00,30.7,51.6,2.6,256.4,0.0
14,2026-09-28T12:00:00,31.9,49.7,3.0,248.2,0.0
15,2026-09-28T12:00:00,31.8,49.4,2.9,241.9,0.0
1,2026-09-28T13:00:00,31.2,44.8,3.1,262.2,0.0
2,2026-09-28T13:00:00,32.4,45.3,3.1,249.6,0.0
3,2026-09-28T13:00:00,31.6,44.5,3.3,237.4,0.0
4,2026-09-28T13:00:00,32.1,48.6,3.1,265.8,0.0
5,2026-09-28T13:00:00,32.5,49.8,3.1,223.8,0.0
6,2026-09-28T13:00:00,31.9,46.6,3.0,253.2,0.0
7,2026-09-28T13:00:00,32.6,44.1,3.0,235.6,0.0
8,2026-09-28T13:00:00,33.1,48.4,3.2,256.8,0.0
9,2026-09-28T13:00:00,31.8,45.8,2.8,255.6,0.0
10,2026-09-28T13:00:00,32.7,43.2,2.7,264.1,0.0
11,2026-09-28T13:00:00,31.9,46.3,2.5,239.7,0.0
12,2026-09-28T13:00:00,33.0,42.3,3.2,253.6,0.0
13,2026-09-28T13:00:00,32.9,46.8,3.1,242.0,0.0
14,2026-09-28T13:00:00,33.5,48.7,3.3,239.1,0.0
15,2026-09-28T13:00:00,32.2,50.1,3.2,231.8,0.0
1,2026-09-28T14:00:00,32.7,46.5,3.2,240.9,0.0
2,2026-09-28T14:00:00,32.4,46.7,3.1,249.1,0.0
3,2026-09-28T14:00:00,31.4,42.6,3.5,233.4,0.0
4,2026-09-28T14:00:00,33.1,47.2,3.6,250.6,0.0
5,2026-09-28T14:00:00,32.5,43.9,3.3,239.7,0.0
6,2026-09-28T14:00:00,33.3,44.2,3.2,241.0,0.0
7,2026-09-28T14:00:00,33.5,42.1,3.1,254.2,0.0
8,2026-09-28T14:00:00,32.9,44.9,3.2,263.0,0.0
9,2026-09-28T14:00:00,33.4,43.8,3.2,237.3,0.0
10,2026-09-28T14:00:00,32.5,45.9,3.2,245.6,0.0
11,2026-09-28T14:00:00,32.6,47.4,3.3,241.6,0.0
12,2026-09-28T14:00:00,33.2,45.4,3.2,246.4,0.0
13,2026-09-28T14:00:00,32.2,45.4,3.4,242.9,0.0
14,2026-09-28T14:00:00,33.0,46.9,3.4,256.4,0.0
15,2026-09-28T14:00:00,32.9,47.0,3.2,264.9,0.0
1,2026-09-28T15:00:00,33.5,43.0,3.4,243.1,0.0
2,2026-09-28T15:00:00,33.3,47.0,3.4,241.0,0.0
3,2026-09-28T15:00:00,32.0,42.7,3.3,242.3,0.0
4,2026-09-28T15:00:00,33.1,45.9,3.6,243.3,0.0
5,2026-09-28T15:00:00,32.0,46.0,3.8,265.9,0.0
6,2026-09-28T15:00:00,33.4,46.2,3.8,229.1,0.0
7,2026-09-28T15:00:00,33.9,46.9,3.2,235.3,0.0
8,2026-09-28T15:00:00,32.3,46.5,3.3,240.5,0.0
9,2026-09-28T15:00:00,33.4,42.4,3.5,246.0,0.0
10,2026-09-28T15:00:00,33.0,43.1,3.5,235.8,0.0
11,2026-09-28T15:00:00,32.3,46.7,3.2,237.0,0.0
12,2026-09-28T15:00:00,32.4,45.3,3.2,249.3,0.0
13,2026-09-28T15:00:00,33.1,46.0,3.5,259.0,0.0
14,2026-09-28T15:00:00,32.7,45.4,3.2,238.6,0.0
15,2026-09-28T15:00:00,32.7,44.1,3.5,250.6,0.0
1,2026-09-28T16:00:00,32.2,45.6,3.5,264.7,0.0
2,2026-09-28T16:00:00,32.1,48.7,3.5,251.8,0.0
3,2026-09-28T16:00:00,32.8,49.3,4.2,251.0,0.0
4,2026-09-28T16:00:00,33.1,43.5,4.1,249.9,0.0
5,2026-09-28T16:00:00,31.7,46.6,3.4,247.0,0.0
6,2026-09-28T16:00:00,32.3,46.4,3.3,240.9,0.0
7,2026-09-28T16:00:00,32.8,47.6,3.8,233.7,0.0
8,2026-09-28T16:00:00,30.7,45.7,3.5,244.7,0.0
9,2026-09-28T16:00:00,32.4,45.1,3.9,231.5,0.0
10,2026-09-28T16:00:00,32.0,43.6,3.7,262.3,0.0
11,2026-09-28T16:00:00,32.6,44.9,3.7,248.6,0.0
12,2026-09-28T16:00:00,32.3,46.9,4.1,239.6,0.0
13,2026-09-28T16:00:00,32.1,47.7,3.8,248.4,0.0
14,2026-09-28T16:00:00,32.5,45.4,3.3,240.0,0.0
15,2026-09-28T16:00:00,32.6,51.0,3.5,251.6,0.0
1,2026-09-28T17:00:00,31.1,49.7,3.5,257.8,0.0
2,2026-09-28T17:00:00,31.4,46.5,3.7,259.3,0.0
3,2026-09-28T17:00:00,31.7,48.8,3.5,250.3,0.0
4,2026-09-28T17:00:00,31.5,49.4,4.0,235.1,0.0
5,2026-09-28T17:00:00,30.9,46.7,3.6,253.8,0.0
6,2026-09-28T17:00:00,31.9,49.7,4.0,238.5,0.0
7,2026-09-28T17:00:00,30.8,47.7,4.1,257.8,0.0
8,2026-09-28T17:00:00,32.1,47.5,3.9,258.3,0.0
9,2026-09-28T17:00:00,32.2,47.5,3.7,266.4,0.0
10,2026-09-28T17:00:00,30.7,49.5,3.5,259.5,0.0
11,2026-09-28T17:00:00,30.0,47.5,3.9,259.1,0.0
12,2026-09-28T17:00:00,31.0,47.4,3.9,252.5,0.0
13,2026-09-28T17:00:00,31.6,47.8,3.9,251.9,0.0
14,2026-09-28T17:00:00,32.5,48.2,3.4,250.8,0.0
15,2026-09-28T17:00:00,32.1,46.7,3.7,233.0,0.0
1,2026-09-28T18:00:00,30.1,53.4,3.6,251.4,0.0
2,2026-09-28T18:00:00,30.4,55.1,3.7,261.2,0.0
3,2026-09-28T18:00:00,30.9,52.6,4.3,256.5,0.0
4,2026-09-28T18:00:00,30.6,52.3,3.9,235.3,0.0
5,2026-09-28T18:00:00,32.6,51.7,3.9,257.9,0.0
6,2026-09-28T18:00:00,30.7,52.6,4.1,271.3,0.0
7,2026-09-28T18:00:00,31.6,51.2,3.9,258.6,0.0
8,2026-09-28T18:00:00,29.7,53.2,3.8,257.5,0.0
9,2026-09-28T18:00:00,31.2,50.6,3.6,233.6,0.0
10,2026-09-28T18:00:00,30.4,52.4,3.6,250.2,0.0
11,2026-09-28T18:00:00,31.0,54.2,3.7,251.2,0.0
12,2026-09-28T18:00:00,30.6,50.6,3.7,246.3,0.0
13,2026-09-28T18:00:00,31.4,52.3,3.9,259.9,0.0
14,2026-09-28T18:00:00,30.3,52.2,3.8,240.9,0.0
15,2026-09-28T18:00:00,30.9,55.1,3.8,258.9,0.0
1,2026-09-28T19:00:00,28.9,55.2,4.2,271.1,0.0
2,2026-09-28T19:00:00,28.3,56.5,3.9,243.9,0.0
3,2026-09-28T19:00:00,29.2,51.8,3.9,245.3,0.0
4,2026-09-28T19:00:00,29.5,56.5,3.7,255.2,0.0
5,2026-09-28T19:00:00,28.3,59.9,3.8,246.6,0.0
6,2026-09-28T19:00:00,29.6,53.6,3.6,254.5,0.0
7,2026-09-28T19:00:00,28.8,53.7,3.8,241.6,0.0
8,2026-09-28T19:00:00,28.6,55.5,3.6,268.4,0.0
9,2026-09-28T19:00:00,29.1,58.1,3.4,273.3,0.0
10,2026-09-28T19:00:00,29.0,53.7,3.6,271.6,0.0
11,2026-09-28T19:00:00,28.7,57.6,3.7,256.0,0.0
12,2026-09-28T19:00:00,29.7,56.8,3.6,270.0,0.0
13,2026-09-28T19:00:00,29.3,54.2,3.4,244.6,0.0
14,2026-09-28T19:00:00,29.2,54.1,3.6,248.0,0.0
15,2026-09-28T19:00:00,29.1,54.8,3.7,247.9,0.0
1,2026-09-28T20:00:00,27.7,61.1,4.0,259.6,0.0
2,2026-09-28T20:00:00,27.5,61.2,3.5,267.5,0.0
3,2026-09-28T20:00:00,26.7,60.0,4.0,260.9,0.0
4,2026-09-28T20:00:00,27.6,61.6,4.0,250.9,0.0
5,2026-09-28T20:00:00,28.1,57.6,3.2,259.2,0.0
6,2026-09-28T20:00:00,27.3,59.8,3.6,273.4,0.0
7,2026-09-28T20:00:00,27.4,60.0,3.5,257.9,0.0
8,2026-09-28T20:00:00,27.1,63.9,4.3,239.5,0.0
9,2026-09-28T20:00:00,27.1,60.6,3.5,257.7,0.0
10,2026-09-28T20:00:00,26.6,59.6,3.6,264.1,0.0
11,2026-09-28T20:00:00,27.6,58.2,3.9,269.2,0.0
12,2026-09-28T20:00:00,26.7,61.5,3.9,240.5,0.0
13,2026-09-28T20:00:00,27.9,61.2,3.9,266.3,0.0
14,2026-09-28T20:00:00,27.5,61.3,3.5,271.5,0.0
15,2026-09-28T20:00:00,27.0,61.6,3.5,259.1,0.0
1,2026-09-28T21:00:00,25.5,60.5,3.5,266.6,0.0
2,2026-09-28T21:00:00,25.3,66.7,3.5,256.0,0.0
3,2026-09-28T21:00:00,24.5,61.4,3.5,251.3,0.0
4,2026-09-28T21:00:00,25.6,64.1,3.5,292.3,0.0
5,2026-09-28T21:00:00,25.7,63.4,3.8,262.7,0.0
6,2026-09-28T21:00:00,25.6,64.8,3.3,259.7,0.0
7,2026-09-28T21:00:00,25.3,65.0,3.5,273.3,0.0
8,2026-09-28T21:00:00,26.4,63.0,3.1,252.4,0.0
9,2026-09-28T21:00:00,25.8,66.1,3.3,274.6,0.0
10,2026-09-28T21:00:00,25.0,64.8,3.3,253.2,0.0
11,2026-09-28T21:00:00,24.8,64.1,3.8,263.2,0.0
12,2026-09-28T21:00:00,26.6,67.1,3.4,272.5,0.0
13,2026-09-28T21:00:00,25.5,64.4,3.5,253.0,0.0
14,2026-09-28T21:00:00,25.9,62.6,3.7,273.7,0.0
15,2026-09-28T21:00:00,25.7,64.5,3.3,275.7,0.0
1,2026-09-28T22:00:00,23.0,68.7,3.8,278.0,0.0
2,2026-09-28T22:00:00,23.7,69.1,3.5,256.7,0.0
3,2026-09-28T22:00:00,23.4,72.2,3.0,251.4,0.0
4,2026-09-28T22:00:00,23.3,71.2,3.5,273.0,0.0
5,2026-09-28T22:00:00,23.5,69.1,3.7,268.1,0.0
6,2026-09-28T22:00:00,23.2,69.7,3.3,277.0,0.0
7,2026-09-28T22:00:00,24.1,69.2,3.4,270.8,0.0
8,2026-09-28T22:00:00,23.7,71.2,3.4,247.7,0.0
9,2026-09-28T22:00:00,24.5,68.6,3.5,260.8,0.0
10,2026-09-28T22:00:00,24.0,69.6,3.5,259.0,0.0
11,2026-09-28T22:00:00,24.4,70.3,3.2,269.6,0.0
12,2026-09-28T22:00:00,22.9,71.6,3.1,273.4,0.0
13,2026-09-28T22:00:00,24.0,69.9,3.5,277.8,0.0
14,2026-09-28T22:00:00,25.0,70.9,3.5,253.3,0.0
15,2026-09-28T22:00:00,23.8,68.7,2.9,268.1,0.0
1,2026-09-28T23:00:00,22.1,78.5,3.3,253.6,0.0
2,2026-09-28T23:00:00,22.2,73.0,3.2,279.3,0.0
3,2026-09-28T23:00:00,22.4,74.1,2.8,264.4,0.0
4,2026-09-28T23:00:00,23.2,74.9,3.2,262.3,0.0
5,2026-09-28T23:00:00,22.6,71.2,2.7,261.5,0.0
6,2026-09-28T23:00:00,21.7,72.9,2.9,255.2,0.0
7,2026-09-28T23:00:00,22.1,74.3,3.3,285.6,0.0
8,2026-09-28T23:00:00,21.6,75.8,3.0,258.7,0.0
9,2026-09-28T23:00:00,22.1,73.3,2.6,257.8,0.0
10,2026-09-28T23:00:00,23.0,70.2,3.3,285.7,0.0
11,2026-09-28T23:00:00,22.6,71.2,3.1,276.8,0.0
12,2026-09-28T23:00:00,22.8,74.3,3.3,278.9,0.0
13,2026-09-28T23:00:00,22.7,74.2,3.3,271.6,0.0
14,2026-09-28T23:00:00,22.6,71.0,3.5,284.0,0.0
15,2026-09-28T23:00:00,22.8,72.2,3.2,280.0,0.0
1,2026-09-29T00:00:00,20.6,74.5,2.4,285.7,0.0
2,2026-09-29T00:00:00,22.7,76.0,2.9,277.0,0.0
3,2026-09-29T00:00:00,22.4,76.9,2.2,283.9,0.0
4,2026-09-29T00:00:00,21.3,72.9,3.1,279.9,0.0
5,2026-09-29T00:00:00,21.5,77.0,2.9,292.4,0.0
6,2026-09-29T00:00:00,22.0,78.2,3.0,258.3,0.0
7,2026-09-29T00:00:00,21.8,76.2,2.8,275.6,0.0
8,2026-09-29T00:00:00,21.2,75.4,2.9,266.8,0.0
9,2026-09-29T00:00:00,21.9,79.0,3.2,282.3,0.0
10,2026-09-29T00:00:00,22.2,75.6,2.6,267.0,0.0
11,2026-09-29T00:00:00,21.1,76.4,2.7,280.6,0.0
12,2026-09-29T00:00:00,21.6,79.3,2.9,266.4,0.0
13,2026-09-29T00:00:00,21.6,77.8,2.9,270.9,0.0
14,2026-09-29T00:00:00,21.2,73.4,2.5,279.7,0.0
15,2026-09-29T00:00:00,21.9,77.9,3.2,274.0,0.0
1,2026-09-29T01:00:00,21.0,79.6,2.2,270.9,0.0
2,2026-09-29T01:00:00,20.2,79.9,2.6,268.0,0.0
3,2026-09-29T01:00:00,19.8,78.9,2.3,286.5,0.0
4,2026-09-29T01:00:00,20.7,77.5,2.6,281.8,0.0
5,2026-09-29T01:00:00,19.8,76.9,2.5,287.4,0.0
6,2026-09-29T01:00:00,21.3,79.1,2.6,288.5,0.0
7,2026-09-29T01:00:00,20.4,82.3,2.9,264.6,0.0
8,2026-09-29T01:00:00,20.7,78.9,2.1,270.4,0.0
9,2026-09-29T01:00:00,19.6,78.3,2.3,270.8,0.0
10,2026-09-29T01:00:00,21.0,75.3,2.5,283.4,0.0
11,2026-09-29T01:00:00,20.8,78.3,2.3,267.1,0.0
12,2026-09-29T01:00:00,20.3,78.2,2.7,279.6,0.0
13,2026-09-29T01:00:00,19.5,78.3,2.5,277.9,0.0
14,2026-09-29T01:00:00,20.5,79.3,2.4,284.3,0.0
15,2026-09-29T01:00:00,21.0,81.6,2.5,267.7,0.0
1,2026-09-29T02:00:00,20.1,83.9,2.3,289.7,0.0
2,2026-09-29T02:00:00,20.4,81.0,1.8,296.7,0.0
3,2026-09-29T02:00:00,20.0,83.3,2.3,282.4,0.0
4,2026-09-29T02:00:00,19.5,82.0,1.8,281.2,0.0
5,2026-09-29T02:00:00,19.5,78.0,2.3,298.4,0.0
6,2026-09-29T02:00:00,20.4,80.7,2.3,288.6,0.0
7,2026-09-29T02:00:00,19.4,80.6,2.3,289.4,0.0
8,2026-09-29T02:00:00,20.7,79.8,2.2,286.4,0.0
9,2026-09-29T02:00:00,21.4,79.5,2.2,277.0,0.0
10,2026-09-29T02:00:00,19.3,78.6,1.9,287.8,0.0
11,2026-09-29T02:00:00,19.8,81.9,2.3,269.5,0.0
12,2026-09-29T02:00:00,20.1,80.7,2.3,288.7,0.0
13,2026-09-29T02:00:00,21.4,78.5,2.7,288.4,0.0
14,2026-09-29T02:00:00,20.5,76.6,2.2,270.8,0.0
15,2026-09-29T02:00:00,20.3,79.4,2.9,294.1,0.0
1,2026-09-29T03:00:00,20.7,82.5,2.3,287.0,0.0
2,2026-09-29T03:00:00,19.0,80.1,1.9,279.2,0.0
3,2026-09-29T03:00:00,20.5,80.9,1.9,277.4,0.0
4,2026-09-29T03:00:00,19.9,78.6,2.2,290.5,0.0
5,2026-09-29T03:00:00,20.3,82.4,1.6,288.0,0.0
6,2026-09-29T03:00:00,19.7,80.6,1.7,287.6,0.0
7,2026-09-29T03:00:00,19.2,78.4,2.2,293.2,0.0
8,2026-09-29T03:00:00,20.0,80.8,2.3,269.8,0.0
9,2026-09-29T03:00:00,19.7,81.8,2.2,269.1,0.0
10,2026-09-29T03:00:00,21.1,80.5,2.4,277.7,0.0
11,2026-09-29T03:00:00,19.5,81.2,2.2,291.3,0.0
12,2026-09-29T03:00:00,20.5,78.7,1.9,276.2,0.0
13,2026-09-29T03:00:00,19.4,81.5,2.1,298.6,0.0
14,2026-09-29T03:00:00,19.5,84.5,2.2,294.6,0.0
15,2026-09-29T03:00:00,20.8,79.5,1.9,284.6,0.0
1,2026-09-29T04:00:00,20.5,78.5,2.1,299.3,0.0
2,2026-09-29T04:00:00,20.0,80.5,2.1,287.9,0.0
3,2026-09-29T04:00:00,19.8,78.7,2.6,296.5,0.0
4,2026-09-29T04:00:00,21.0,77.8,2.3,272.5,0.0
5,2026-09-29T04:00:00,20.7,77.7,1.6,302.6,0.0
6,2026-09-29T04:00:00,19.5,78.4,1.4,289.3,0.0
7,2026-09-29T04:00:00,20.7,77.4,2.0,293.5,0.0
8,2026-09-29T04:00:00,20.7,79.1,2.2,305.5,0.0
9,2026-09-29T04:00:00,19.9,78.0,2.1,317.1,0.0
10,2026-09-29T04:00:00,20.2,80.4,1.9,282.7,0.0
11,2026-09-29T04:00:00,21.2,80.6,2.3,283.7,0.0
12,2026-09-29T04:00:00,20.8,76.2,1.7,304.0,0.0
13,2026-09-29T04:00:00,20.6,75.9,2.1,299.5,0.0
14,2026-09-29T04:00:00,20.7,78.5,1.9,302.7,0.0
15,2026-09-29T04:00:00,19.6,74.6,2.0,297.4,0.0
1,2026-09-29T05:00:00,21.2,75.7,1.7,301.9,0.0
2,2026-09-29T05:00:00,21.0,77.0,1.9,299.3,0.0
3,2026-09-29T05:00:00,20.9,76.6,2.1,308.2,0.0
4,2026-09-29T05:00:00,21.2,76.6,1.4,304.1,0.0
5,2026-09-29T05:00:00,20.9,79.6,2.3,306.9,0.0
6,2026-09-29T05:00:00,21.0,79.7,1.5,289.0,0.0
7,2026-09-29T05:00:00,21.5,79.9,1.8,301.7,0.0
8,2026-09-29T05:00:00,21.9,73.6,1.8,292.8,0.0
9,2026-09-29T05:00:00,22.6,76.9,2.2,303.2,0.0
10,2026-09-29T05:00:00,21.0,78.5,2.1,288.5,0.0
11,2026-09-29T05:00:00,21.7,76.7,1.8,284.3,0.0
12,2026-09-29T05:00:00,21.3,75.7,2.1,282.6,0.0
13,2026-09-29T05:00:00,21.2,76.1,1.9,294.2,0.0
14,2026-09-29T05:00:00,19.9,78.4,1.5,278.9,0.0
15,2026-09-29T05:00:00,21.0,75.2,2.1,292.6,0.0
1,2026-09-29T06:00:00,21.0,71.3,1.9,313.9,0.0
2,2026-09-29T06:00:00,23.3,71.3,2.1,289.3,0.0
3,2026-09-29T06:00:00,23.4,75.7,1.8,289.0,0.0
4,2026-09-29T06:00:00,21.8,68.7,1.9,295.7,0.0
5,2026-09-29T06:00:00,23.9,74.7,2.1,304.8,0.0
6,2026-09-29T06:00:00,21.4,76.2,1.6,296.5,0.0
7,2026-09-29T06:00:00,22.7,73.3,1.8,294.9,0.0
8,2026-09-29T06:00:00,23.3,68.5,1.8,316.7,0.0
9,2026-09-29T06:00:00,22.7,74.4,2.0,309.9,0.0
10,2026-09-29T06:00:00,22.1,73.3,1.8,291.3,0.0
11,2026-09-29T06:00:00,22.0,73.5,2.3,316.4,0.0
12,2026-09-29T06:00:00,22.6,74.4,1.7,293.9,0.0
13,2026-09-29T06:00:00,22.8,75.7,1.8,299.1,0.0
14,2026-09-29T06:00:00,22.4,71.2,2.1,293.4,0.0
15,2026-09-29T06:00:00,21.6,73.6,1.5,300.1,0.0
1,2026-09-29T07:00:00,24.6,71.5,1.7,324.2,0.0
2,2026-09-29T07:00:00,24.3,70.8,1.4,298.8,0.0
3,2026-09-29T07:00:00,23.4,66.7,1.5,305.8,0.0
4,2026-09-29T07:00:00,24.9,69.5,1.8,322.9,0.0
5,2026-09-29T07:00:00,24.9,68.2,2.1,305.5,0.0
6,2026-09-29T07:00:00,24.1,71.3,2.2,306.3,0.0
7,2026-09-29T07:00:00,23.7,71.0,2.1,304.2,0.0
8,2026-09-29T07:00:00,24.2,66.9,1.8,314.4,0.0
9,2026-09-29T07:00:00,24.5,69.9,1.8,319.5,0.0
10,2026-09-29T07:00:00,23.2,69.9,1.7,301.2,0.0
11,2026-09-29T07:00:00,24.5,65.8,1.8,314.4,0.0
12,2026-09-29T07:00:00,24.1,73.5,1.7,327.0,0.0
13,2026-09-29T07:00:00,24.5,73.0,2.0,301.1,0.0
14,2026-09-29T07:00:00,23.3,70.6,1.9,301.5,0.0
15,2026-09-29T07:00:00,24.4,68.6,2.2,303.4,0.0
1,2026-09-29T08:00:00,26.0,64.1,1.6,309.9,0.0
2,2026-09-29T08:00:00,25.7,64.2,1.3,307.3,0.0
3,2026-09-29T08:00:00,25.6,60.9,1.9,310.4,0.0
4,2026-09-29T08:00:00,24.6,65.4,2.2,304.6,0.0
5,2026-09-29T08:00:00,26.2,62.1,1.6,309.7,0.0
6,2026-09-29T08:00:00,25.7,66.4,2.3,305.1,0.0
7,2026-09-29T08:00:00,25.4,66.2,2.1,296.2,0.0
8,2026-09-29T08:00:00,25.2,60.5,1.9,298.2,0.0
9,2026-09-29T08:00:00,25.9,63.4,1.8,302.5,0.0
10,2026-09-29T08:00:00,26.7,63.5,1.8,307.5,0.0
11,2026-09-29T08:00:00,24.0,64.7,2.0,316.1,0.0
12,2026-09-29T08:00:00,26.8,64.6,2.0,291.3,0.0
13,2026-09-29T08:00:00,25.5,65.5,1.7,301.7,0.0
14,2026-09-29T08:00:00,26.0,63.2,1.6,298.1,0.0
15,2026-09-29T08:00:00,26.5,62.9,1.9,307.8,0.0
1,2026-09-29T09:00:00,28.7,62.7,1.9,302.6,0.0
2,2026-09-29T09:00:00,27.6,62.7,2.4,315.8,0.0
3,2026-09-29T09:00:00,27.7,55.9,2.1,310.9,0.0
4,2026-09-29T09:00:00,27.6,59.3,2.4,323.7,0.0
5,2026-09-29T09:00:00,27.4,60.3,2.0,298.5,0.0
6,2026-09-29T09:00:00,27.4,60.0,1.9,307.0,0.0
7,2026-09-29T09:00:00,27.2,60.6,2.0,307.8,0.0
8,2026-09-29T09:00:00,27.5,62.6,1.2,309.0,0.0
9,2026-09-29T09:00:00,27.1,61.2,2.3,322.2,0.0
10,2026-09-29T09:00:00,27.3,62.9,2.0,298.5,0.0
11,2026-09-29T09:00:00,27.8,58.4,2.2,312.2,0.0
12,2026-09-29T09:00:00,27.0,62.3,2.4,295.4,0.0
13,2026-09-29T09:00:00,26.9,59.7,2.1,311.0,0.0
14,2026-09-29T09:00:00,26.7,59.2,1.7,308.4,0.0
15,2026-09-29T09:00:00,27.8,59.2,1.9,304.9,0.0
1,2026-09-29T10:00:00,29.7,55.5,2.2,304.1,0.0
2,2026-09-29T10:00:00,28.1,53.4,2.2,303.0,0.0
3,2026-09-29T10:00:00,28.1,55.3,2.9,299.3,0.0
4,2026-09-29T10:00:00,29.1,51.2,2.6,309.4,0.0
5,2026-09-29T10:00:00,29.3,58.2,2.2,299.1,0.0
6,2026-09-29T10:00:00,28.4,54.0,2.0,299.2,0.0
7,2026-09-29T10:00:00,29.3,56.0,2.4,311.7,0.0
8,2026-09-29T10:00:00,29.0,56.2,2.3,304.5,0.0
9,2026-09-29T10:00:00,28.5,55.0,2.4,305.0,0.0
10,2026-09-29T10:00:00,28.6,58.9,2.5,319.6,0.0
11,2026-09-29T10:00:00,29.1,54.3,2.2,322.8,0.0
12,2026-09-29T10:00:00,29.4,56.4,2.0,310.1,0.0
13,2026-09-29T10:00:00,28.9,56.8,2.4,318.6,0.0
14,2026-09-29T10:00:00,28.8,56.5,2.4,306.3,0.0
15,2026-09-29T10:00:00,29.2,59.6,2.2,306.5,0.0
1,2026-09-29T11:00:00,30.3,54.5,2.2,299.4,0.0
2,2026-09-29T11:00:00,29.5,49.5,2.7,314.6,0.0
3,2026-09-29T11:00:00,31.5,52.8,2.7,321.6,0.0
4,2026-09-29T11:00:00,30.2,56.1,2.5,318.4,0.0
5,2026-09-29T11:00:00,29.3,50.7,2.9,296.8,0.0
6,2026-09-29T11:00:00,30.3,53.6,2.8,298.8,0.0
7,2026-09-29T11:00:00,30.2,49.7,2.4,308.9,0.0
8,2026-09-29T11:00:00,31.3,49.4,2.9,313.6,0.0
9,2026-09-29T11:00:00,29.7,49.8,2.5,293.9,0.0
10,2026-09-29T11:00:00,30.4,52.7,2.9,306.7,0.0
11,2026-09-29T11:00:00,31.0,52.7,2.6,328.1,0.0
12,2026-09-29T11:00:00,29.9,52.5,2.6,305.3,0.0
13,2026-09-29T11:00:00,29.4,54.6,2.8,0.8,0.0
14,2026-09-29T11:00:00,31.3,51.4,2.1,305.3,0.0
15,2026-09-29T11:00:00,29.3,51.7,2.9,329.5,0.0
1,2026-09-29T12:00:00,31.6,48.0,3.2,321.1,0.0
2,2026-09-29T12:00:00,32.4,50.1,2.6,314.1,0.0
3,2026-09-29T12:00:00,32.3,48.8,2.9,306.9,0.0
4,2026-09-29T12:00:00,30.8,46.1,2.5,322.5,0.0
5,2026-09-29T12:00:00,31.3,51.3,2.6,317.1,0.0
6,2026-09-29T12:00:00,32.0,49.5,2.9,310.4,0.0
7,2026-09-29T12:00:00,32.5,48.1,3.0,312.7,0.0
8,2026-09-29T12:00:00,29.9,47.9,3.1,313.0,0.0
9,2026-09-29T12:00:00,32.1,48.0,3.1,324.5,0.0
10,2026-09-29T12:00:00,31.2,49.6,3.2,328.6,0.0
11,2026-09-29T12:00:00,31.7,47.5,3.1,309.2,0.0
12,2026-09-29T12:00:00,31.7,49.1,3.1,311.6,0.0
13,2026-09-29T12:00:00,30.9,44.6,3.1,309.3,0.0
14,2026-09-29T12:00:00,31.7,46.2,2.7,332.9,0.0
15,2026-09-29T12:00:00,32.6,46.4,3.1,298.9,0.0
1,2026-09-29T13:00:00,32.4,47.0,3.5,311.1,0.0
2,2026-09-29T13:00:00,32.4,46.9,3.2,321.6,0.0
3,2026-09-29T13:00:00,32.2,43.6,3.0,304.0,0.0
4,2026-09-29T13:00:00,31.7,46.2,2.8,297.9,0.0
5,2026-09-29T13:00:00,33.0,48.7,3.2,334.3,0.0
6,2026-09-29T13:00:00,33.1,50.3,3.0,306.6,0.0
7,2026-09-29T13:00:00,33.0,46.1,2.8,326.4,0.0
8,2026-09-29T13:00:00,32.3,44.4,2.9,324.7,0.0
9,2026-09-29T13:00:00,32.4,44.3,3.0,314.0,0.0
10,2026-09-29T13:00:00,33.0,44.7,2.7,322.2,0.0
11,2026-09-29T13:00:00,32.4,46.9,3.4,325.7,0.0
12,2026-09-29T13:00:00,32.4,42.1,3.2,309.6,0.0
13,2026-09-29T13:00:00,32.3,47.6,3.2,326.9,0.0
14,2026-09-29T13:00:00,32.1,44.6,3.2,314.8,0.0
15,2026-09-29T13:00:00,33.6,46.4,2.8,320.8,0.0
1,2026-09-29T14:00:00,31.6,44.4,3.5,313.2,0.0
2,2026-09-29T14:00:00,32.4,43.9,3.3,311.6,0.0
3,2026-09-29T14:00:00,33.1,46.1,3.5,307.3,0.0
4,2026-09-29T14:00:00,32.5,48.3,3.0,307.7,0.0
5,2026-09-29T14:00:00,32.8,42.8,3.3,305.6,0.0
6,2026-09-29T14:00:00,32.9,44.8,3.4,322.6,0.0
7,2026-09-29T14:00:00,32.5,42.9,3.8,323.0,0.0
8,2026-09-29T14:00:00,33.6,47.4,3.1,311.8,0.0
9,2026-09-29T14:00:00,32.2,47.4,3.1,296.8,0.0
10,2026-09-29T14:00:00,33.7,44.2,3.5,323.1,0.0
11,2026-09-29T14:00:00,33.5,46.1,3.3,298.1,0.0
12,2026-09-29T14:00:00,33.9,47.7,3.4,315.9,0.0
13,2026-09-29T14:00:00,33.6,46.2,2.9,317.6,0.0
14,2026-09-29T14:00:00,32.9,43.4,3.4,302.6,0.0
15,2026-09-29T14:00:00,33.7,43.3,2.8,311.2,0.0
1,2026-09-29T15:00:00,32.9,48.8,3.0,319.6,0.0
2,2026-09-29T15:00:00,33.6,45.1,3.3,318.4,0.0
3,2026-09-29T15:00:00,32.3,47.1,3.7,291.9,0.0
4,2026-09-29T15:00:00,32.7,45.0,3.2,319.2,0.0
5,2026-09-29T15:00:00,32.2,44.3,3.9,323.9,0.0
6,2026-09-29T15:00:00,31.3,44.3,3.7,306.8,0.0
7,2026-09-29T15:00:00,33.2,45.6,3.6,314.6,0.0
8,2026-09-29T15:00:00,32.6,43.4,3.2,301.2,0.0
9,2026-09-29T15:00:00,32.3,43.2,3.5,316.1,0.0
10,2026-09-29T15:00:00,32.6,45.8,3.6,337.9,0.0
11,2026-09-29T15:00:00,33.2,44.5,2.8,338.9,0.0
12,2026-09-29T15:00:00,33.3,45.4,3.6,314.6,0.0
13,2026-09-29T15:00:00,33.1,46.3,3.1,307.6,0.0
14,2026-09-29T15:00:00,33.2,46.9,3.7,301.6,0.0
15,2026-09-29T15:00:00,33.0,47.3,3.8,310.6,0.0
1,2026-09-29T16:00:00,31.8,48.4,3.6,310.9,0.0
2,2026-09-29T16:00:00,32.6,45.9,3.8,292.3,0.0
3,2026-09-29T16:00:00,33.2,47.7,3.5,306.0,0.0
4,2026-09-29T16:00:00,32.6,47.3,3.7,304.5,0.0
5,2026-09-29T16:00:00,32.3,47.7,3.4,304.6,0.0
6,2026-09-29T16:00:00,33.2,46.1,4.0,316.8,0.0
7,2026-09-29T16:00:00,33.3,46.3,3.9,307.7,0.0
8,2026-09-29T16:00:00,33.0,45.1,3.4,320.2,0.0
9,2026-09-29T16:00:00,31.9,47.6,3.6,304.3,0.0
10,2026-09-29T16:00:00,31.4,44.6,3.8,311.2,0.0
11,2026-09-29T16:00:00,32.9,46.3,4.0,303.6,0.0
12,2026-09-29T16:00:00,32.9,47.8,3.6,314.8,0.0
13,2026-09-29T16:00:00,33.3,43.1,3.6,300.2,0.0
14,2026-09-29T16:00:00,32.9,49.0,3.6,305.8,0.0
15,2026-09-29T16:00:00,32.6,46.0,3.9,323.6,0.0
1,2026-09-29T17:00:00,31.6,48.0,3.7,296.5,0.0
2,2026-09-29T17:00:00,32.0,48.8,3.0,309.7,0.0
3,2026-09-29T17:00:00,32.1,51.2,3.4,300.5,0.0
4,2026-09-29T17:00:00,32.1,53.4,3.7,305.8,0.0
5,2026-09-29T17:00:00,31.3,49.9,3.8,316.3,0.0
6,2026-09-29T17:00:00,30.3,46.5,4.2,315.4,0.0
7,2026-09-29T17:00:00,30.8,47.7,3.8,300.7,0.0
8,2026-09-29T17:00:00,31.9,46.2,3.8,300.3,0.0
9,2026-09-29T17:00:00,31.6,49.0,4.0,308.2,0.0
10,2026-09-29T17:00:00,31.6,45.5,3.9,307.1,0.0
11,2026-09-29T17:00:00,31.3,48.5,4.0,292.6,0.0
12,2026-09-29T17:00:00,32.3,48.8,4.1,334.7,0.0
13,2026-09-29T17:00:00,30.9,52.1,3.9,307.2,0.0
14,2026-09-29T17:00:00,30.5,48.3,4.0,306.7,0.0
15,2026-09-29T17:00:00,31.7,44.9,3.7,310.9,0.0
1,2026-09-29T18:00:00,30.4,50.6,3.5,308.1,0.0
2,2026-09-29T18:00:00,30.4,52.7,3.6,312.2,0.0
3,2026-09-29T18:00:00,30.5,52.4,3.9,319.1,0.0
4,2026-09-29T18:00:00,30.6,52.4,4.0,304.3,0.0
5,2026-09-29T18:00:00,30.9,53.6,4.0,320.7,0.0
6,2026-09-29T18:00:00,31.1,52.1,4.2,303.7,0.0
7,2026-09-29T18:00:00,29.8,53.0,3.8,314.7,0.0
8,2026-09-29T18:00:00,30.5,50.0,4.0,313.2,0.0
9,2026-09-29T18:00:00,30.5,52.1,3.6,296.1,0.0
10,2026-09-29T18:00:00,29.5,53.6,3.9,329.1,0.0
11,2026-09-29T18:00:00,29.1,52.3,4.1,320.6,0.0
12,2026-09-29T18:00:00,30.2,52.1,3.7,311.1,0.0
13,2026-09-29T18:00:00,30.4,49.7,3.5,312.7,0.0
14,2026-09-29T18:00:00,31.0,49.8,3.8,313.5,0.0
15,2026-09-29T18:00:00,31.0,53.2,3.4,313.8,0.0
1,2026-09-29T19:00:00,29.3,55.5,3.9,302.4,0.0
2,2026-09-29T19:00:00,28.5,55.7,3.7,304.2,0.0
3,2026-09-29T19:00:00,29.4,56.1,3.7,301.5,0.0
4,2026-09-29T19:00:00,28.8,53.9,3.7,309.5,0.0
5,2026-09-29T19:00:00,28.5,57.2,3.4,317.7,0.0
6,2026-09-29T19:00:00,28.7,53.3,3.5,288.2,0.0
7,2026-09-29T19:00:00,28.7,56.1,3.7,312.0,0.0
8,2026-09-29T19:00:00,29.9,56.3,4.0,301.8,0.0
9,2026-09-29T19:00:00,28.3,57.3,3.9,319.9,0.0
10,2026-09-29T19:00:00,28.3,55.8,4.1,304.6,0.0
11,2026-09-29T19:00:00,29.6,55.1,3.3,313.3,0.0
12,2026-09-29T19:00:00,29.6,54.4,3.8,299.9,0.0
13,2026-09-29T19:00:00,28.4,60.6,3.7,314.2,0.0
14,2026-09-29T19:00:00,29.2,54.0,3.9,296.4,0.0
15,2026-09-29T19:00:00,28.4,54.5,4.0,305.0,0.0
1,2026-09-29T20:00:00,27.4,57.8,3.5,298.8,0.0
2,2026-09-29T20:00:00,26.9,62.1,3.4,298.4,0.0
3,2026-09-29T20:00:00,26.4,60.3,3.8,307.7,0.0
4,2026-09-29T20:00:00,27.0,58.9,3.7,285.2,0.0
5,2026-09-29T20:00:00,27.4,58.6,3.5,302.2,0.0
6,2026-09-29T20:00:00,27.4,58.6,3.6,314.6,0.0
7,2026-09-29T20:00:00,28.3,59.7,3.6,276.3,0.0
8,2026-09-29T20:00:00,28.0,59.2,4.1,299.0,0.0
9,2026-09-29T20:00:00,26.3,60.1,3.6,309.2,0.0
10,2026-09-29T20:00:00,27.6,60.2,3.6,297.3,0.0
11,2026-09-29T20:00:00,27.9,58.6,3.5,293.6,0.0
12,2026-09-29T20:00:00,28.1,60.7,3.9,302.7,0.0
13,2026-09-29T20:00:00,27.3,61.4,3.6,298.0,0.0
14,2026-09-29T20:00:00,27.6,60.3,3.5,300.8,0.0
15,2026-09-29T20:00:00,27.2,57.7,3.7,300.1,0.0
1,2026-09-29T21:00:00,25.7,64.4,3.8,306.3,0.0
2,2026-09-29T21:00:00,25.3,62.5,3.3,293.6,0.0
3,2026-09-29T21:00:00,26.3,65.7,4.1,300.0,0.0
4,2026-09-29T21:00:00,25.9,63.4,3.6,303.4,0.0
5,2026-09-29T21:00:00,25.5,64.3,3.0,297.2,0.0
6,2026-09-29T21:00:00,25.8,63.2,3.2,274.5,0.0
7,2026-09-29T21:00:00,25.7,66.0,3.2,295.3,0.0
8,2026-09-29T21:00:00,25.2,67.8,3.4,317.2,0.0
9,2026-09-29T21:00:00,25.5,64.6,3.7,284.5,0.0
10,2026-09-29T21:00:00,25.3,64.1,3.3,300.5,0.0
11,2026-09-29T21:00:00,25.6,62.9,3.1,302.7,0.0
12,2026-09-29T21:00:00,25.2,60.0,3.6,298.0,0.0
13,2026-09-29T21:00:00,25.7,61.0,3.8,313.3,0.0
14,2026-09-29T21:00:00,25.7,60.1,3.5,293.2,0.0
15,2026-09-29T21:00:00,25.0,65.9,3.7,300.7,0.0
1,2026-09-29T22:00:00,23.2,68.4,3.2,307.6,0.0
2,2026-09-29T22:00:00,23.2,71.3,3.0,288.2,0.0
3,2026-09-29T22:00:00,23.1,69.3,3.3,306.3,0.0
4,2026-09-29T22:00:00,24.7,68.0,3.4,312.4,0.0
5,2026-09-29T22:00:00,23.5,68.5,3.5,302.3,0.0
6,2026-09-29T22:00:00,23.9,68.2,3.3,300.1,0.0
7,2026-09-29T22:00:00,23.4,68.3,3.2,296.1,0.0
8,2026-09-29T22:00:00,25.2,72.0,3.0,286.3,0.0
9,2026-09-29T22:00:00,23.2,70.8,3.9,283.9,0.0
10,2026-09-29T22:00:00,22.7,69.0,3.4,296.2,0.0
11,2026-09-29T22:00:00,24.4,68.2,3.1,297.7,0.0
12,2026-09-29T22:00:00,23.7,71.3,3.2,291.7,0.0
13,2026-09-29T22:00:00,22.8,71.0,3.6,299.3,0.0
14,2026-09-29T22:00:00,23.8,68.2,3.4,286.3,0.0
15,2026-09-29T22:00:00,23.6,68.4,3.3,299.6,0.0
1,2026-09-29T23:00:00,22.2,74.2,3.0,296.9,0.0
2,2026-09-29T23:00:00,23.1,69.4,2.5,290.9,0.0
3,2026-09-29T23:00:00,22.8,69.5,3.3,305.7,0.0
4,2026-09-29T23:00:00,22.7,73.6,3.3,270.7,0.0
5,2026-09-29T23:00:00,23.1,74.5,3.3,289.8,0.0
6,2026-09-29T23:00:00,21.9,72.2,3.2,297.1,0.0
7,2026-09-29T23:00:00,22.3,73.6,3.0,279.6,0.0
8,2026-09-29T23:00:00,22.5,73.8,3.1,294.3,0.0
9,2026-09-29T23:00:00,21.8,73.4,2.9,285.5,0.0
10,2026-09-29T23:00:00,22.3,76.8,3.1,284.4,0.0
11,2026-09-29T23:00:00,22.3,74.1,2.8,294.7,0.0
12,2026-09-29T23:00:00,21.8,69.6,2.9,293.4,0.0
13,2026-09-29T23:00:00,22.7,75.4,3.2,296.6,0.0
14,2026-09-29T23:00:00,23.1,74.2,2.9,286.1,0.0
15,2026-09-29T23:00:00,23.2,70.0,3.4,295.0,0.0
1,2026-09-30T00:00:00,22.0,79.9,2.6,287.7,0.0
2,2026-09-30T00:00:00,21.3,77.0,2.8,294.4,0.0
3,2026-09-30T00:00:00,22.7,76.1,3.2,286.9,0.0
4,2026-09-30T00:00:00,21.8,75.3,2.9,296.9,0.0
5,2026-09-30T00:00:00,21.5,74.6,2.9,283.5,0.0
6,2026-09-30T00:00:00,22.0,75.1,2.9,260.8,0.0
7,2026-09-30T00:00:00,19.8,75.5,2.8,264.7,0.0
8,2026-09-30T00:00:00,20.5,76.8,2.9,277.1,0.0
9,2026-09-30T00:00:00,21.5,80.2,2.9,277.7,0.0
10,2026-09-30T00:00:00,21.0,75.1,2.8,282.7,0.0
11,2026-09-30T00:00:00,21.4,75.9,2.6,282.8,0.0
12,2026-09-30T00:00:00,22.2,78.9,2.7,290.7,0.0
13,2026-09-30T00:00:00,21.7,75.1,2.8,274.9,0.0
14,2026-09-30T00:00:00,20.6,74.4,2.5,295.4,0.0
15,2026-09-30T00:00:00,22.1,73.7,3.0,284.5,0.0
1,2026-09-30T01:00:00,21.6,80.4,1.9,278.3,0.0
2,2026-09-30T01:00:00,20.1,81.9,2.1,281.6,0.0
3,2026-09-30T01:00:00,20.8,79.5,2.5,268.6,0.0
4,2026-09-30T01:00:00,20.5,76.3,2.3,263.0,0.0
5,2026-09-30T01:00:00,20.3,76.6,2.5,262.6,0.0
6,2026-09-30T01:00:00,20.6,76.8,2.7,273.0,0.0
7,2026-09-30T01:00:00,20.2,77.6,2.7,280.3,0.0
8,2026-09-30T01:00:00,19.8,78.1,2.4,263.3,0.0
9,2026-09-30T01:00:00,20.8,76.9,2.9,299.3,0.0
10,2026-09-30T01:00:00,20.3,79.6,2.0,263.1,0.0
11,2026-09-30T01:00:00,20.4,80.4,3.1,271.5,0.0
12,2026-09-30T01:00:00,21.4,77.7,2.4,289.7,0.0
13,2026-09-30T01:00:00,19.6,80.8,2.3,273.8,0.0
14,2026-09-30T01:00:00,21.6,76.5,2.3,280.0,0.0
15,2026-09-30T01:00:00,21.2,80.0,2.7,260.5,0.0
1,2026-09-30T02:00:00,19.9,78.9,2.2,273.6,0.0
2,2026-09-30T02:00:00,20.5,77.9,2.5,253.3,0.0
3,2026-09-30T02:00:00,19.5,80.0,2.5,279.6,0.0
4,2026-09-30T02:00:00,20.1,78.2,1.9,275.6,0.0
5,2026-09-30T02:00:00,20.0,81.8,2.3,287.6,0.0
6,2026-09-30T02:00:00,20.7,78.5,2.3,268.0,0.0
7,2026-09-30T02:00:00,20.4,79.1,2.3,278.7,0.0
8,2026-09-30T02:00:00,19.9,78.7,2.4,281.7,0.0
9,2026-09-30T02:00:00,19.8,80.5,2.2,274.8,0.0
10,2026-09-30T02:00:00,19.2,78.7,2.3,292.0,0.0
11,2026-09-30T02:00:00,20.7,79.3,2.4,270.8,0.0
12,2026-09-30T02:00:00,19.8,81.5,2.5,275.0,0.0
13,2026-09-30T02:00:00,18.7,79.3,2.6,262.0,0.0
14,2026-09-30T02:00:00,20.6,79.1,2.0,279.4,0.0
15,2026-09-30T02:00:00,19.8,78.4,2.5,291.2,0.0
1,2026-09-30T03:00:00,18.7,80.0,1.6,279.3,0.0
2,2026-09-30T03:00:00,19.7,76.7,2.1,283.8,0.0
3,2026-09-30T03:00:00,19.6,80.1,2.4,285.2,0.0
4,2026-09-30T03:00:00,20.6,80.3,1.9,277.0,0.0
5,2026-09-30T03:00:00,20.6,82.0,1.8,273.0,0.0
6,2026-09-30T03:00:00,20.6,80.5,1.7,271.1,0.0
7,2026-09-30T03:00:00,20.5,79.6,2.5,288.9,0.0
8,2026-09-30T03:00:00,21.3,81.6,1.6,273.3,0.0
9,2026-09-30T03:00:00,20.4,78.8,1.7,285.6,0.0
10,2026-09-30T03:00:00,20.0,82.0,1.5,285.5,0.0
11,2026-09-30T03:00:00,20.1,77.0,1.8,279.2,0.0
12,2026-09-30T03:00:00,20.0,79.5,1.7,284.8,0.0
13,2026-09-30T03:00:00,19.7,81.1,2.5,288.5,0.0
14,2026-09-30T03:00:00,19.9,80.1,2.0,275.4,0.0
15,2026-09-30T03:00:00,19.3,78.4,2.4,289.2,0.0
1,2026-09-30T04:00:00,21.0,77.6,2.0,255.8,0.0
2,2026-09-30T04:00:00,21.3,79.1,1.8,275.8,0.0
3,2026-09-30T04:00:00,21.5,78.8,1.5,270.3,0.0
4,2026-09-30T04:00:00,20.3,80.7,1.7,268.7,0.0
5,2026-09-30T04:00:00,19.7,79.0,2.1,281.0,0.0
6,2026-09-30T04:00:00,20.8,78.6,2.0,270.9,0.0
7,2026-09-30T04:00:00,21.7,77.5,1.8,262.2,0.0
8,2026-09-30T04:00:00,21.0,78.7,2.2,264.3,0.0
9,2026-09-30T04:00:00,20.6,81.0,1.8,264.8,0.0
10,2026-09-30T04:00:00,20.2,79.3,2.0,264.5,0.0
11,2026-09-30T04:00:00,19.8,77.4,1.6,297.7,0.0
12,2026-09-30T04:00:00,20.6,79.9,2.1,251.7,0.0
13,2026-09-30T04:00:00,20.4,76.6,1.7,247.4,0.0
14,2026-09-30T04:00:00,21.4,80.0,1.9,255.7,0.0
15,2026-09-30T04:00:00,21.4,77.7,1.8,268.4,0.0
1,2026-09-30T05:00:00,21.3,77.6,1.9,254.8,0.0
2,2026-09-30T05:00:00,22.5,77.6,1.8,258.5,0.0
3,2026-09-30T05:00:00,21.3,74.8,2.1,259.8,0.0
4,2026-09-30T05:00:00,22.6,79.2,2.0,252.6,0.0
5,2026-09-30T05:00:00,20.2,74.9,1.9,265.4,0.0
6,2026-09-30T05:00:00,21.7,73.5,2.0,258.9,0.0
7,2026-09-30T05:00:00,21.4,76.0,2.1,258.3,0.0
8,2026-09-30T05:00:00,20.6,75.7,1.8,255.9,0.0
9,2026-09-30T05:00:00,22.2,74.7,2.0,267.1,0.0
10,2026-09-30T05:00:00,21.6,76.3,1.8,246.5,0.0
11,2026-09-30T05:00:00,21.6,72.3,2.2,271.0,0.0
12,2026-09-30T05:00:00,21.4,75.0,1.9,262.0,0.0
13,2026-09-30T05:00:00,21.6,79.4,1.9,269.2,0.0
14,2026-09-30T05:00:00,20.6,77.9,1.7,255.1,0.0
15,2026-09-30T05:00:00,22.0,74.2,1.8,257.2,0.0
1,2026-09-30T06:00:00,22.2,74.0,1.7,278.2,0.0
2,2026-09-30T06:00:00,23.3,73.1,1.9,257.3,0.0
3,2026-09-30T06:00:00,22.9,71.9,1.9,256.9,0.0
4,2026-09-30T06:00:00,21.6,70.3,1.7,261.9,0.0
5,2026-09-30T06:00:00,22.1,72.8,1.7,270.0,0.0
6,2026-09-30T06:00:00,22.6,70.5,1.4,248.5,0.0
7,2026-09-30T06:00:00,21.4,73.1,1.4,263.2,0.0
8,2026-09-30T06:00:00,23.0,73.3,1.6,273.4,0.0
9,2026-09-30T06:00:00,22.6,68.6,1.5,284.8,0.0
10,2026-09-30T06:00:00,22.3,75.4,2.0,260.2,0.0
11,2026-09-30T06:00:00,22.2,73.4,2.6,256.8,0.0
12,2026-09-30T06:00:00,22.2,72.8,2.1,277.7,0.0
13,2026-09-30T06:00:00,22.8,76.6,1.4,268.4,0.0
14,2026-09-30T06:00:00,22.3,73.7,2.0,260.2,0.0
15,2026-09-30T06:00:00,22.3,74.8,1.9,242.4,0.0
1,2026-09-30T07:00:00,23.8,66.0,1.9,244.8,0.0
2,2026-09-30T07:00:00,23.9,69.2,1.8,256.5,0.0
3,2026-09-30T07:00:00,23.1,69.9,1.4,258.9,0.0
4,2026-09-30T07:00:00,23.5,69.2,1.8,250.1,0.0
5,2026-09-30T07:00:00,23.9,70.8,1.8,254.4,0.0
6,2026-09-30T07:00:00,23.5,67.3,1.5,255.1,0.0
7,2026-09-30T07:00:00,24.3,67.7,1.7,262.7,0.0
8,2026-09-30T07:00:00,25.4,71.2,2.0,226.0,0.0
9,2026-09-30T07:00:00,24.6,71.9,2.1,250.6,0.0
10,2026-09-30T07:00:00,24.5,71.1,1.4,230.8,0.0
11,2026-09-30T07:00:00,23.0,70.4,2.0,257.2,0.0
12,2026-09-30T07:00:00,23.9,72.1,2.0,253.5,0.0
13,2026-09-30T07:00:00,25.0,65.7,2.1,257.7,0.0
14,2026-09-30T07:00:00,24.0,67.1,1.9,256.1,0.0
15,2026-09-30T07:00:00,24.0,69.1,2.0,260.8,0.0
1,2026-09-30T08:00:00,25.5,66.7,2.1,234.6,0.0
2,2026-09-30T08:00:00,25.5,64.9,1.8,249.6,0.0
3,2026-09-30T08:00:00,25.2,65.4,1.8,265.0,0.0
4,2026-09-30T08:00:00,25.4,62.2,1.9,249.7,0.0
5,2026-09-30T08:00:00,25.4,64.0,1.6,233.5,0.0
6,2026-09-30T08:00:00,25.5,65.0,2.2,239.4,0.0
7,2026-09-30T08:00:00,25.9,67.3,1.8,253.4,0.0
8,2026-09-30T08:00:00,26.8,63.4,2.0,271.2,0.0
9,2026-09-30T08:00:00,27.0,62.1,2.0,256.2,0.0
10,2026-09-30T08:00:00,24.8,66.0,2.2,258.1,0.0
11,2026-09-30T08:00:00,25.2,64.3,1.6,246.4,0.0
12,2026-09-30T08:00:00,25.8,64.2,1.9,261.0,0.0
13,2026-09-30T08:00:00,25.8,63.9,2.0,265.4,0.0
14,2026-09-30T08:00:00,25.2,63.6,2.0,257.4,0.0
15,2026-09-30T08:00:00,25.7,64.6,2.2,258.2,0.0
1,2026-09-30T09:00:00,27.5,60.0,1.8,255.9,0.0
2,2026-09-30T09:00:00,27.9,58.3,2.3,257.0,0.0
3,2026-09-30T09:00:00,27.3,59.2,1.9,248.4,0.0
4,2026-09-30T09:00:00,26.7,58.6,2.1,245.2,0.0
5,2026-09-30T09:00:00,26.5,58.5,2.0,244.9,0.0
6,2026-09-30T09:00:00,26.6,58.8,2.1,257.3,0.0
7,2026-09-30T09:00:00,26.9,59.9,2.3,261.7,0.0
8,2026-09-30T09:00:00,27.1,61.7,2.0,224.4,0.0
9,2026-09-30T09:00:00,27.5,59.6,2.1,259.2,0.0
10,2026-09-30T09:00:00,27.7,63.5,1.9,249.7,0.0
11,2026-09-30T09:00:00,27.3,58.8,2.0,245.1,0.0
12,2026-09-30T09:00:00,28.1,59.0,1.9,239.3,0.0
13,2026-09-30T09:00:00,28.0,59.6,1.4,249.5,0.0
14,2026-09-30T09:00:00,27.0,59.5,2.0,249.5,0.0
15,2026-09-30T09:00:00,28.0,61.4,2.5,239.7,0.0
1,2026-09-30T10:00:00,28.3,55.0,2.4,245.9,0.0
2,2026-09-30T10:00:00,29.3,56.2,2.3,240.9,0.0
3,2026-09-30T10:00:00,29.3,53.4,2.3,253.7,0.0
4,2026-09-30T10:00:00,28.6,51.4,2.6,243.5,0.0
5,2026-09-30T10:00:00,28.7,54.6,2.3,252.7,0.0
6,2026-09-30T10:00:00,29.5,55.8,2.3,238.0,0.0
7,2026-09-30T10:00:00,30.3,55.7,2.3,258.0,0.0
8,2026-09-30T10:00:00,29.1,59.5,2.4,258.0,0.0
9,2026-09-30T10:00:00,28.4,56.5,2.6,232.4,0.0
10,2026-09-30T10:00:00,30.6,57.4,2.5,253.1,0.0
11,2026-09-30T10:00:00,28.9,56.0,2.5,266.0,0.0
12,2026-09-30T10:00:00,29.2,57.7,2.5,248.8,0.0
13,2026-09-30T10:00:00,29.1,55.7,2.6,239.9,0.0
14,2026-09-30T10:00:00,29.5,58.6,2.1,264.2,0.0
15,2026-09-30T10:00:00,29.3,59.2,1.9,249.4,0.0
1,2026-09-30T11:00:00,31.4,54.3,2.3,244.4,0.0
2,2026-09-30T11:00:00,30.3,53.4,2.7,245.9,0.0
3,2026-09-30T11:00:00,30.4,54.3,2.7,242.3,0.0
4,2026-09-30T11:00:00,29.5,50.9,2.3,246.8,0.0
5,2026-09-30T11:00:00,31.2,51.9,2.5,239.4,0.0
6,2026-09-30T11:00:00,31.3,50.6,2.7,254.1,0.0
7,2026-09-30T11:00:00,30.2,52.9,2.9,243.6,0.0
8,2026-09-30T11:00:00,30.8,51.2,2.7,242.9,0.0
9,2026-09-30T11:00:00,31.4,49.9,2.7,237.9,0.0
10,2026-09-30T11:00:00,30.3,48.5,2.4,254.0,0.0
11,2026-09-30T11:00:00,31.6,50.7,2.5,250.8,0.0
12,2026-09-30T11:00:00,29.3,53.5,2.5,255.8,0.0
13,2026-09-30T11:00:00,30.5,51.4,2.3,255.9,0.0
14,2026-09-30T11:00:00,31.1,51.8,2.7,234.0,0.0
15,2026-09-30T11:00:00,30.4,49.6,2.5,240.5,0.0
1,2026-09-30T12:00:00,31.8,45.8,2.9,265.9,0.0
2,2026-09-30T12:00:00,31.6,49.0,3.0,242.3,0.0
3,2026-09-30T12:00:00,31.5,48.5,3.1,238.7,0.0
4,2026-09-30T12:00:00,31.8,49.7,2.9,264.6,0.0
5,2026-09-30T12:00:00,31.0,45.3,2.9,223.1,0.0
6,2026-09-30T12:00:00,32.0,50.4,3.3,245.5,0.0
7,2026-09-30T12:00:00,30.8,48.8,2.9,256.1,0.0
8,2026-09-30T12:00:00,30.3,50.2,2.7,240.8,0.0
9,2026-09-30T12:00:00,30.7,49.9,2.8,263.1,0.0
10,2026-09-30T12:00:00,30.6,49.0,2.6,242.7,0.0
11,2026-09-30T12:00:00,31.8,46.3,3.1,238.8,0.0
12,2026-09-30T12:00:00,32.0,49.4,2.9,256.6,0.0
13,2026-09-30T12:00:00,32.1,47.1,2.9,260.4,0.0
14,2026-09-30T12:00:00,31.7,49.3,2.9,252.1,0.0
15,2026-09-30T12:00:00,32.3,51.7,2.7,249.5,0.0
1,2026-09-30T13:00:00,32.7,48.7,3.1,261.3,0.0
2,2026-09-30T13:00:00,32.4,48.0,3.2,233.7,0.0
3,2026-09-30T13:00:00,33.0,44.9,3.1,250.4,0.0
4,2026-09-30T13:00:00,32.5,44.5,3.0,261.2,0.0
5,2026-09-30T13:00:00,32.5,43.9,2.4,258.8,0.0
6,2026-09-30T13:00:00,33.3,47.2,3.1,230.8,0.0
7,2026-09-30T13:00:00,32.8,48.2,3.1,241.5,0.0
8,2026-09-30T13:00:00,31.5,46.5,3.1,238.6,0.0
9,2026-09-30T13:00:00,32.7,49.4,3.2,242.4,0.0
10,2026-09-30T13:00:00,32.4,47.1,3.3,254.0,0.0
11,2026-09-30T13:00:00,32.2,48.9,3.0,242.7,0.0
12,2026-09-30T13:00:00,32.6,48.4,2.8,246.7,0.0
13,2026-09-30T13:00:00,32.7,47.6,2.9,235.5,0.0
14,2026-09-30T13:00:00,31.6,43.5,2.8,255.0,0.0
15,2026-09-30T13:00:00,32.7,43.9,3.5,233.3,0.0
1,2026-09-30T14:00:00,33.7,46.8,3.3,248.5,0.0
2,2026-09-30T14:00:00,34.0,47.9,3.1,234.2,0.0
3,2026-09-30T14:00:00,33.7,43.5,3.5,268.4,0.0
4,2026-09-30T14:00:00,33.9,44.6,3.9,239.9,0.0
5,2026-09-30T14:00:00,33.3,46.5,3.6,258.9,0.0
6,2026-09-30T14:00:00,33.1,45.2,3.3,242.4,0.0
7,2026-09-30T14:00:00,33.8,48.4,3.3,247.4,0.0
8,2026-09-30T14:00:00,33.4,45.3,3.5,242.7,0.0
9,2026-09-30T14:00:00,33.1,44.9,3.0,232.2,0.0
10,2026-09-30T14:00:00,34.1,47.1,3.4,248.3,0.0
11,2026-09-30T14:00:00,33.5,43.7,3.6,242.6,0.0
12,2026-09-30T14:00:00,32.6,46.6,3.4,246.3,0.0
13,2026-09-30T14:00:00,33.6,44.8,3.3,232.0,0.0
14,2026-09-30T14:00:00,32.6,46.6,3.4,236.7,0.0
15,2026-09-30T14:00:00,31.9,44.8,2.9,267.6,0.0
1,2026-09-30T15:00:00,33.0,45.5,3.7,235.4,0.0
2,2026-09-30T15:00:00,32.2,45.3,3.0,246.0,0.0
3,2026-09-30T15:00:00,32.4,47.0,4.3,238.5,0.0
4,2026-09-30T15:00:00,33.2,45.0,3.6,254.9,0.0
5,2026-09-30T15:00:00,32.8,47.0,3.5,250.5,0.0
6,2026-09-30T15:00:00,33.0,46.2,3.9,226.2,0.0
7,2026-09-30T15:00:00,32.8,48.3,3.6,239.2,0.0
8,2026-09-30T15:00:00,33.3,44.4,3.5,247.5,0.0
9,2026-09-30T15:00:00,32.6,44.6,3.6,248.7,0.0
10,2026-09-30T15:00:00,33.9,47.1,4.2,241.0,0.0
11,2026-09-30T15:00:00,32.7,46.3,3.0,237.9,0.0
12,2026-09-30T15:00:00,33.1,44.3,3.4,261.3,0.0
13,2026-09-30T15:00:00,33.4,46.4,3.5,241.7,0.0
14,2026-09-30T15:00:00,34.1,46.9,3.1,241.0,0.0
15,2026-09-30T15:00:00,32.6,45.5,3.7,249.3,0.0
1,2026-09-30T16:00:00,32.9,45.2,3.7,238.1,0.0
2,2026-09-30T16:00:00,32.4,44.0,3.6,249.6,0.0
3,2026-09-30T16:00:00,32.0,44.7,3.6,249.9,0.0
4,2026-09-30T16:00:00,32.5,43.5,3.8,263.6,0.0
5,2026-09-30T16:00:00,32.7,46.3,3.7,244.8,0.0
6,2026-09-30T16:00:00,32.2,47.6,3.4,255.0,0.0
7,2026-09-30T16:00:00,32.8,47.4,3.6,251.0,0.0
8,2026-09-30T16:00:00,31.4,45.4,3.5,263.3,0.0
9,2026-09-30T16:00:00,33.0,50.8,3.8,251.7,0.0
10,2026-09-30T16:00:00,32.4,45.7,3.7,252.0,0.0
11,2026-09-30T16:00:00,32.8,46.4,3.3,236.7,0.0
12,2026-09-30T16:00:00,32.5,45.7,3.5,242.9,0.0
13,2026-09-30T16:00:00,31.8,45.7,4.0,245.2,0.0
14,2026-09-30T16:00:00,32.7,44.5,3.2,233.9,0.0
15,2026-09-30T16:00:00,32.6,45.4,3.8,248.6,0.0
1,2026-09-30T17:00:00,32.0,48.0,4.0,251.0,0.0
2,2026-09-30T17:00:00,30.6,49.5,3.9,243.8,0.0
3,2026-09-30T17:00:00,33.1,47.0,3.6,235.6,0.0
4,2026-09-30T17:00:00,31.9,47.6,3.5,234.3,0.0
5,2026-09-30T17:00:00,30.8,49.4,3.9,262.4,0.0
6,2026-09-30T17:00:00,31.8,48.2,3.8,268.6,0.0
7,2026-09-30T17:00:00,31.3,47.7,3.9,259.1,0.0
8,2026-09-30T17:00:00,31.9,45.7,4.1,251.0,0.0
9,2026-09-30T17:00:00,32.5,49.6,3.8,246.8,0.0
10,2026-09-30T17:00:00,30.9,45.4,3.9,237.4,0.0
11,2026-09-30T17:00:00,32.0,47.7,3.7,257.2,0.0
12,2026-09-30T17:00:00,31.3,49.3,3.7,243.0,0.0
13,2026-09-30T17:00:00,31.4,49.2,3.4,263.4,0.0
14,2026-09-30T17:00:00,30.9,52.0,3.5,247.5,0.0
15,2026-09-30T17:00:00,32.9,49.8,3.7,249.2,0.0
1,2026-09-30T18:00:00,30.9,48.7,3.9,246.3,0.0
2,2026-09-30T18:00:00,30.3,51.2,4.0,250.7,0.0
3,2026-09-30T18:00:00,30.9,52.4,3.7,274.7,0.0
4,2026-09-30T18:00:00,30.1,52.5,3.7,270.1,0.0
5,2026-09-30T18:00:00,31.4,49.3,3.9,262.6,0.0
6,2026-09-30T18:00:00,30.5,52.3,3.7,253.6,0.0
7,2026-09-30T18:00:00,30.4,49.5,4.0,249.6,0.0
8,2026-09-30T18:00:00,30.5,52.2,4.0,272.8,0.0
9,2026-09-30T18:00:00,31.1,52.4,3.3,277.7,0.0
10,2026-09-30T18:00:00,29.6,50.8,3.2,253.9,0.0
11,2026-09-30T18:00:00,31.6,50.6,4.0,263.3,0.0
12,2026-09-30T18:00:00,29.9,50.0,3.7,256.6,0.0
13,2026-09-30T18:00:00,30.9,50.1,3.9,251.9,0.0
14,2026-09-30T18:00:00,30.8,52.2,3.8,265.0,0.0
15,2026-09-30T18:00:00,30.4,50.5,3.9,235.8,0.0
1,2026-09-30T19:00:00,28.1,57.8,3.8,256.6,0.0
2,2026-09-30T19:00:00,29.8,56.6,3.2,265.7,0.0
3,2026-09-30T19:00:00,29.7,53.2,3.4,263.8,0.0
4,2026-09-30T19:00:00,29.0,57.0,4.0,242.7,0.0
5,2026-09-30T19:00:00,27.9,56.1,3.7,261.3,0.0
6,2026-09-30T19:00:00,29.0,57.4,4.0,250.4,0.0
7,2026-09-30T19:00:00,29.0,51.7,3.7,250.0,0.0
8,2026-09-30T19:00:00,28.9,55.3,3.9,251.8,0.0
9,2026-09-30T19:00:00,29.1,53.7,3.9,245.4,0.0
10,2026-09-30T19:00:00,28.1,55.9,4.0,252.0,0.0
11,2026-09-30T19:00:00,29.8,54.5,3.6,252.4,0.0
12,2026-09-30T19:00:00,28.3,54.6,3.8,244.1,0.0
13,2026-09-30T19:00:00,29.0,58.4,3.5,254.6,0.0
14,2026-09-30T19:00:00,28.1,54.2,4.0,272.2,0.0
15,2026-09-30T19:00:00,29.4,53.4,4.0,256.2,0.0
1,2026-09-30T20:00:00,27.7,60.1,3.8,262.0,0.0
2,2026-09-30T20:00:00,26.7,60.5,4.0,284.4,0.0
3,2026-09-30T20:00:00,27.8,57.2,3.6,250.8,0.0
4,2026-09-30T20:00:00,27.0,58.2,3.6,273.8,0.0
5,2026-09-30T20:00:00,27.3,58.9,3.8,238.3,0.0
6,2026-09-30T20:00:00,27.9,59.3,3.3,267.0,0.0
7,2026-09-30T20:00:00,26.1,59.3,3.9,271.9,0.0
8,2026-09-30T20:00:00,26.9,57.5,3.5,242.1,0.0
9,2026-09-30T20:00:00,27.1,59.8,3.8,267.0,0.0
10,2026-09-30T20:00:00,26.5,58.9,3.8,264.1,0.0
11,2026-09-30T20:00:00,28.1,61.2,3.9,264.2,0.0
12,2026-09-30T20:00:00,26.0,60.8,3.4,252.4,0.0
13,2026-09-30T20:00:00,27.4,59.8,3.5,274.1,0.0
14,2026-09-30T20:00:00,27.6,58.9,3.4,255.4,0.0
15,2026-09-30T20:00:00,27.3,61.7,3.5,250.7,0.0
1,2026-09-30T21:00:00,25.8,67.0,3.8,261.5,0.0
2,2026-09-30T21:00:00,24.5,65.6,3.2,257.5,0.0
3,2026-09-30T21:00:00,26.1,63.4,3.3,252.1,0.0
4,2026-09-30T21:00:00,25.8,63.0,3.2,258.8,0.0
5,2026-09-30T21:00:00,25.1,69.9,3.3,269.9,0.0
6,2026-09-30T21:00:00,25.7,63.4,3.3,270.1,0.0
7,2026-09-30T21:00:00,26.2,66.6,3.3,271.1,0.0
8,2026-09-30T21:00:00,25.7,60.6,3.8,265.2,0.0
9,2026-09-30T21:00:00,25.0,64.7,3.4,258.9,0.0
10,2026-09-30T21:00:00,25.3,64.2,3.9,266.4,0.0
11,2026-09-30T21:00:00,25.0,64.7,3.0,262.2,0.0
12,2026-09-30T21:00:00,26.1,66.2,3.3,265.8,0.0
13,2026-09-30T21:00:00,25.4,65.6,3.9,276.8,0.0
14,2026-09-30T21:00:00,25.7,64.4,3.5,261.7,0.0
15,2026-09-30T21:00:00,25.5,67.6,3.5,258.7,0.0
1,2026-09-30T22:00:00,23.6,71.2,3.1,277.6,0.0
2,2026-09-30T22:00:00,23.2,64.7,1.3,215.0,0.0
3,2026-09-30T22:00:00,23.2,69.9,3.4,258.6,0.0
4,2026-09-30T22:00:00,23.5,67.4,3.6,268.0,0.0
5,2026-09-30T22:00:00,25.3,68.8,3.2,270.1,0.0
6,2026-09-30T22:00:00,24.4,67.6,3.6,252.7,0.0
7,2026-09-30T22:00:00,23.6,70.3,3.3,270.3,0.0
8,2026-09-30T22:00:00,22.7,67.5,3.4,259.5,0.0
9,2026-09-30T22:00:00,24.4,72.7,1.2,215.0,0.0
10,2026-09-30T22:00:00,23.9,67.5,3.1,269.3,0.0
11,2026-09-30T22:00:00,23.8,71.6,3.5,263.8,0.0
12,2026-09-30T22:00:00,24.2,68.3,1.2,215.0,0.0
13,2026-09-30T22:00:00,23.6,69.4,3.1,280.5,0.0
14,2026-09-30T22:00:00,24.8,69.0,3.1,275.0,0.0
15,2026-09-30T22:00:00,24.0,68.7,3.5,280.7,0.0
1,2026-09-30T23:00:00,21.3,68.8,3.2,274.4,0.0
2,2026-09-30T23:00:00,21.8,72.8,1.0,215.0,0.0
3,2026-09-30T23:00:00,23.1,72.1,3.0,260.7,0.0
4,2026-09-30T23:00:00,22.7,73.0,2.6,276.6,0.0
5,2026-09-30T23:00:00,23.0,73.3,2.9,271.9,0.0
6,2026-09-30T23:00:00,22.5,72.3,2.9,279.4,0.0
7,2026-09-30T23:00:00,21.9,72.6,2.8,265.1,0.0
8,2026-09-30T23:00:00,23.0,72.7,3.1,274.9,0.0
9,2026-09-30T23:00:00,22.9,73.9,1.0,215.0,0.0
10,2026-09-30T23:00:00,23.1,74.2,3.1,278.9,0.0
11,2026-09-30T23:00:00,23.3,77.6,3.1,260.7,0.0
12,2026-09-30T23:00:00,23.6,76.1,1.3,215.0,0.0
13,2026-09-30T23:00:00,22.4,74.8,2.9,271.2,0.0
14,2026-09-30T23:00:00,22.3,73.4,2.8,275.4,0.0
15,2026-09-30T23:00:00,22.2,72.6,3.1,262.3,0.0
1,2026-10-01T00:00:00,20.9,77.0,3.0,264.6,0.0
2,2026-10-01T00:00:00,22.4,75.1,1.2,215.0,0.0
3,2026-10-01T00:00:00,21.6,76.2,2.9,281.5,0.0
4,2026-10-01T00:00:00,22.1,78.9,2.5,274.6,0.0
5,2026-10-01T00:00:00,21.2,77.1,2.8,288.9,0.0
6,2026-10-01T00:00:00,22.5,78.1,2.5,282.2,0.0
7,2026-10-01T00:00:00,21.0,76.8,2.7,284.8,0.0
8,2026-10-01T00:00:00,22.2,76.2,2.9,279.8,0.0
9,2026-10-01T00:00:00,22.2,76.2,1.1,215.0,0.0
10,2026-10-01T00:00:00,20.5,77.6,2.9,277.4,0.0
11,2026-10-01T00:00:00,21.5,77.2,2.9,273.4,0.0
12,2026-10-01T00:00:00,21.3,75.2,1.3,215.0,0.0
13,2026-10-01T00:00:00,21.4,76.7,3.1,253.4,0.0
14,2026-10-01T00:00:00,20.5,77.1,2.8,276.3,0.0
15,2026-10-01T00:00:00,21.3,78.5,3.0,276.2,0.0
